date,sp500,vix,treasury_10y,fed_funds,t_bill_3m
1954-01-04,,,,,1.33
1954-01-05,,,,,1.28
1954-01-06,,,,,1.28
1954-01-07,,,,,1.31
1954-01-08,,,,,1.31
1954-01-11,,,,,1.33
1954-01-12,,,,,1.3
1954-01-13,,,,,1.3
1954-01-14,,,,,1.28
1954-01-15,,,,,1.2
1954-01-18,,,,,1.2
1954-01-20,,,,,1.16
1954-01-21,,,,,1.08
1954-01-22,,,,,1.0
1954-01-25,,,,,1.0
1954-01-26,,,,,1.0
1954-01-27,,,,,1.08
1954-01-28,,,,,0.96
1954-01-29,,,,,1.02
1954-02-01,,,,,1.04
1954-02-02,,,,,1.0
1954-02-03,,,,,1.02
1954-02-04,,,,,1.01
1954-02-05,,,,,0.9
1954-02-08,,,,,0.89
1954-02-09,,,,,0.88
1954-02-10,,,,,0.93
1954-02-11,,,,,0.94
1954-02-15,,,,,0.98
1954-02-16,,,,,0.98
1954-02-17,,,,,1.02
1954-02-18,,,,,0.97
1954-02-19,,,,,0.96
1954-02-23,,,,,0.95
1954-02-24,,,,,0.97
1954-02-25,,,,,1.0
1954-02-26,,,,,1.0
1954-03-01,,,,,1.03
1954-03-02,,,,,1.03
1954-03-03,,,,,1.05
1954-03-04,,,,,1.03
1954-03-05,,,,,1.02
1954-03-08,,,,,1.03
1954-03-09,,,,,1.03
1954-03-10,,,,,1.06
1954-03-11,,,,,1.05
1954-03-12,,,,,1.04
1954-03-15,,,,,1.04
1954-03-16,,,,,1.02
1954-03-17,,,,,1.01
1954-03-18,,,,,1.01
1954-03-19,,,,,1.0
1954-03-22,,,,,1.0
1954-03-23,,,,,1.0
1954-03-24,,,,,1.05
1954-03-25,,,,,1.07
1954-03-26,,,,,1.05
1954-03-29,,,,,1.05
1954-03-30,,,,,1.04
1954-03-31,,,,,1.03
1954-04-01,,,,,1.02
1954-04-02,,,,,1.0
1954-04-05,,,,,0.98
1954-04-06,,,,,0.97
1954-04-07,,,,,1.0
1954-04-08,,,,,1.0
1954-04-09,,,,,1.03
1954-04-12,,,,,1.04
1954-04-13,,,,,1.06
1954-04-14,,,,,1.04
1954-04-15,,,,,1.03
1954-04-16,,,,,1.03
1954-04-19,,,,,1.02
1954-04-20,,,,,1.0
1954-04-21,,,,,1.0
1954-04-22,,,,,0.98
1954-04-23,,,,,0.94
1954-04-26,,,,,0.85
1954-04-27,,,,,0.83
1954-04-28,,,,,0.82
1954-04-29,,,,,0.81
1954-04-30,,,,,0.81
1954-05-03,,,,,0.77
1954-05-04,,,,,0.72
1954-05-05,,,,,0.72
1954-05-06,,,,,0.75
1954-05-07,,,,,0.79
1954-05-10,,,,,0.8
1954-05-11,,,,,0.78
1954-05-12,,,,,0.82
1954-05-13,,,,,0.82
1954-05-14,,,,,0.8
1954-05-17,,,,,0.8
1954-05-18,,,,,0.81
1954-05-19,,,,,0.79
1954-05-20,,,,,0.78
1954-05-21,,,,,0.76
1954-05-24,,,,,0.73
1954-05-25,,,,,0.7
1954-05-26,,,,,0.7
1954-05-27,,,,,0.7
1954-05-28,,,,,0.72
1954-06-01,,,,,0.71
1954-06-02,,,,,0.71
1954-06-03,,,,,0.68
1954-06-04,,,,,0.66
1954-06-07,,,,,0.61
1954-06-08,,,,,0.61
1954-06-09,,,,,0.62
1954-06-10,,,,,0.61
1954-06-11,,,,,0.62
1954-06-14,,,,,0.64
1954-06-15,,,,,0.63
1954-06-16,,,,,0.63
1954-06-17,,,,,0.61
1954-06-18,,,,,0.63
1954-06-21,,,,,0.63
1954-06-22,,,,,0.61
1954-06-23,,,,,0.62
1954-06-24,,,,,0.62
1954-06-25,,,,,0.64
1954-06-28,,,,,0.64
1954-06-29,,,,,0.64
1954-06-30,,,,,0.64
1954-07-01,,,,1.13,0.65
1954-07-02,,,,1.25,0.66
1954-07-03,,,,1.25,
1954-07-04,,,,1.25,
1954-07-05,,,,0.88,
1954-07-06,,,,0.25,0.66
1954-07-07,,,,1.0,0.65
1954-07-08,,,,1.25,0.65
1954-07-09,,,,1.25,0.67
1954-07-10,,,,1.25,
1954-07-11,,,,1.25,
1954-07-12,,,,1.25,0.69
1954-07-13,,,,1.13,0.7
1954-07-14,,,,1.13,0.73
1954-07-15,,,,0.75,0.75
1954-07-16,,,,0.75,0.73
1954-07-17,,,,0.75,
1954-07-18,,,,0.75,
1954-07-19,,,,0.5,0.73
1954-07-20,,,,0.25,0.72
1954-07-21,,,,0.25,0.74
1954-07-22,,,,0.75,0.75
1954-07-23,,,,0.75,0.77
1954-07-24,,,,0.75,
1954-07-25,,,,0.75,
1954-07-26,,,,0.75,0.78
1954-07-27,,,,0.38,0.77
1954-07-28,,,,0.25,0.79
1954-07-29,,,,0.38,0.79
1954-07-30,,,,0.25,0.79
1954-07-31,,,,0.25,
1954-08-01,,,,0.25,
1954-08-02,,,,0.38,0.78
1954-08-03,,,,0.25,0.77
1954-08-04,,,,0.13,0.79
1954-08-05,,,,0.75,0.8
1954-08-06,,,,1.38,0.83
1954-08-07,,,,1.38,
1954-08-08,,,,1.38,
1954-08-09,,,,1.38,0.9
1954-08-10,,,,1.44,0.88
1954-08-11,,,,1.44,0.93
1954-08-12,,,,1.38,0.93
1954-08-13,,,,1.44,0.93
1954-08-14,,,,1.44,
1954-08-15,,,,1.44,
1954-08-16,,,,1.38,0.91
1954-08-17,,,,1.38,0.91
1954-08-18,,,,1.44,0.92
1954-08-19,,,,1.38,0.93
1954-08-20,,,,1.44,0.94
1954-08-21,,,,1.44,
1954-08-22,,,,1.44,
1954-08-23,,,,1.44,1.0
1954-08-24,,,,1.38,1.0
1954-08-25,,,,1.38,0.98
1954-08-26,,,,1.25,0.99
1954-08-27,,,,1.25,1.0
1954-08-28,,,,1.25,
1954-08-29,,,,1.25,
1954-08-30,,,,1.44,1.04
1954-08-31,,,,1.44,1.05
1954-09-01,,,,1.44,1.03
1954-09-02,,,,1.38,1.02
1954-09-03,,,,1.38,1.02
1954-09-04,,,,1.38,
1954-09-05,,,,1.38,
1954-09-06,,,,1.0,
1954-09-07,,,,1.13,1.03
1954-09-08,,,,0.88,1.02
1954-09-09,,,,1.25,1.02
1954-09-10,,,,1.25,1.02
1954-09-11,,,,1.25,
1954-09-12,,,,1.25,
1954-09-13,,,,1.38,1.03
1954-09-14,,,,1.25,1.04
1954-09-15,,,,1.0,1.02
1954-09-16,,,,1.0,1.0
1954-09-17,,,,0.5,1.0
1954-09-18,,,,0.5,
1954-09-19,,,,0.5,
1954-09-20,,,,0.5,0.98
1954-09-21,,,,0.5,0.98
1954-09-22,,,,0.38,0.99
1954-09-23,,,,0.75,0.99
1954-09-24,,,,1.13,0.99
1954-09-25,,,,1.13,
1954-09-26,,,,1.13,
1954-09-27,,,,1.25,1.0
1954-09-28,,,,1.25,0.99
1954-09-29,,,,1.44,1.0
1954-09-30,,,,1.44,0.99
1954-10-01,,,,0.5,0.97
1954-10-02,,,,0.5,
1954-10-03,,,,0.5,
1954-10-04,,,,0.5,0.96
1954-10-05,,,,0.25,0.94
1954-10-06,,,,0.13,0.94
1954-10-07,,,,1.25,0.94
1954-10-08,,,,1.25,0.94
1954-10-09,,,,1.25,
1954-10-10,,,,1.25,
1954-10-11,,,,1.25,0.96
1954-10-12,,,,1.25,
1954-10-13,,,,1.38,0.98
1954-10-14,,,,1.38,0.99
1954-10-15,,,,1.0,1.0
1954-10-16,,,,1.0,
1954-10-17,,,,1.0,
1954-10-18,,,,0.38,1.0
1954-10-19,,,,0.38,0.99
1954-10-20,,,,0.25,1.01
1954-10-21,,,,1.0,1.0
1954-10-22,,,,0.63,1.0
1954-10-23,,,,0.63,
1954-10-24,,,,0.63,
1954-10-25,,,,1.0,1.0
1954-10-26,,,,0.75,1.0
1954-10-27,,,,0.63,1.01
1954-10-28,,,,1.0,1.01
1954-10-29,,,,1.13,1.0
1954-10-30,,,,1.13,
1954-10-31,,,,1.13,
1954-11-01,,,,1.38,1.0
1954-11-02,,,,1.38,
1954-11-03,,,,1.13,1.01
1954-11-04,,,,1.0,1.01
1954-11-05,,,,0.25,0.97
1954-11-06,,,,0.25,
1954-11-07,,,,0.25,
1954-11-08,,,,0.25,0.94
1954-11-09,,,,0.13,0.87
1954-11-10,,,,0.13,0.88
1954-11-11,,,,0.5,
1954-11-12,,,,0.5,0.9
1954-11-13,,,,0.5,
1954-11-14,,,,0.5,
1954-11-15,,,,0.13,0.9
1954-11-16,,,,0.13,0.89
1954-11-17,,,,0.5,0.9
1954-11-18,,,,1.0,0.88
1954-11-19,,,,0.88,0.87
1954-11-20,,,,0.88,
1954-11-21,,,,0.88,
1954-11-22,,,,1.0,0.87
1954-11-23,,,,1.44,0.89
1954-11-24,,,,1.44,0.93
1954-11-25,,,,1.44,
1954-11-26,,,,1.44,0.97
1954-11-27,,,,1.44,
1954-11-28,,,,1.44,
1954-11-29,,,,1.44,1.0
1954-11-30,,,,1.38,1.01
1954-12-01,,,,1.25,1.03
1954-12-02,,,,1.38,1.03
1954-12-03,,,,1.44,1.03
1954-12-04,,,,1.44,
1954-12-05,,,,1.44,
1954-12-06,,,,1.44,1.05
1954-12-07,,,,1.38,1.06
1954-12-08,,,,1.44,1.1
1954-12-09,,,,1.25,1.11
1954-12-10,,,,1.44,1.14
1954-12-11,,,,1.44,
1954-12-12,,,,1.44,
1954-12-13,,,,1.44,1.26
1954-12-14,,,,1.44,1.28
1954-12-15,,,,0.5,1.23
1954-12-16,,,,1.25,1.24
1954-12-17,,,,1.25,1.25
1954-12-18,,,,1.25,
1954-12-19,,,,1.25,
1954-12-20,,,,1.25,1.29
1954-12-21,,,,1.25,1.26
1954-12-22,,,,0.75,1.22
1954-12-23,,,,1.0,1.2
1954-12-24,,,,1.0,1.2
1954-12-25,,,,1.0,
1954-12-26,,,,1.0,
1954-12-27,,,,1.44,1.15
1954-12-28,,,,1.44,1.12
1954-12-29,,,,1.44,1.08
1954-12-30,,,,1.44,1.03
1954-12-31,,,,1.44,1.02
1955-01-01,,,,1.44,
1955-01-02,,,,1.44,
1955-01-03,,,,1.44,1.07
1955-01-04,,,,1.25,1.07
1955-01-05,,,,1.0,1.08
1955-01-06,,,,1.25,1.1
1955-01-07,,,,1.44,1.11
1955-01-08,,,,1.44,
1955-01-09,,,,1.44,
1955-01-10,,,,1.44,1.2
1955-01-11,,,,1.44,1.23
1955-01-12,,,,1.44,1.28
1955-01-13,,,,1.44,1.35
1955-01-14,,,,1.44,1.36
1955-01-15,,,,1.44,
1955-01-16,,,,1.44,
1955-01-17,,,,1.44,1.36
1955-01-18,,,,1.38,1.33
1955-01-19,,,,1.0,
1955-01-20,,,,1.44,1.28
1955-01-21,,,,1.44,1.29
1955-01-22,,,,1.44,
1955-01-23,,,,1.44,
1955-01-24,,,,1.44,1.31
1955-01-25,,,,1.25,1.3
1955-01-26,,,,1.44,1.26
1955-01-27,,,,1.44,1.2
1955-01-28,,,,1.44,1.14
1955-01-29,,,,1.44,
1955-01-30,,,,1.44,
1955-01-31,,,,1.44,1.12
1955-02-01,,,,1.44,1.1
1955-02-02,,,,1.44,1.12
1955-02-03,,,,1.44,1.13
1955-02-04,,,,1.44,1.08
1955-02-05,,,,1.44,
1955-02-06,,,,1.44,
1955-02-07,,,,1.38,1.04
1955-02-08,,,,1.0,1.03
1955-02-09,,,,0.75,1.07
1955-02-10,,,,1.0,1.07
1955-02-11,,,,1.25,1.06
1955-02-12,,,,1.25,
1955-02-13,,,,1.25,
1955-02-14,,,,0.75,1.1
1955-02-15,,,,1.0,1.1
1955-02-16,,,,1.44,1.17
1955-02-17,,,,1.44,1.2
1955-02-18,,,,1.44,1.23
1955-02-19,,,,1.44,
1955-02-20,,,,1.44,
1955-02-21,,,,1.25,1.3
1955-02-22,,,,1.25,
1955-02-23,,,,1.0,1.35
1955-02-24,,,,1.44,1.37
1955-02-25,,,,1.44,1.37
1955-02-26,,,,1.44,
1955-02-27,,,,1.44,
1955-02-28,,,,1.44,1.37
1955-03-01,,,,1.44,1.36
1955-03-02,,,,1.0,1.33
1955-03-03,,,,1.25,1.24
1955-03-04,,,,1.44,1.17
1955-03-05,,,,1.44,
1955-03-06,,,,1.44,
1955-03-07,,,,1.44,1.2
1955-03-08,,,,1.44,1.19
1955-03-09,,,,1.44,1.25
1955-03-10,,,,1.44,1.27
1955-03-11,,,,1.44,1.24
1955-03-12,,,,1.44,
1955-03-13,,,,1.44,
1955-03-14,,,,1.44,1.25
1955-03-15,,,,1.0,1.23
1955-03-16,,,,0.5,1.26
1955-03-17,,,,1.44,1.28
1955-03-18,,,,1.44,1.3
1955-03-19,,,,1.44,
1955-03-20,,,,1.44,
1955-03-21,,,,1.44,1.32
1955-03-22,,,,1.25,1.27
1955-03-23,,,,0.75,1.31
1955-03-24,,,,1.44,1.31
1955-03-25,,,,1.44,1.29
1955-03-26,,,,1.44,
1955-03-27,,,,1.44,
1955-03-28,,,,1.44,1.32
1955-03-29,,,,1.44,1.33
1955-03-30,,,,1.44,1.4
1955-03-31,,,,1.44,1.41
1955-04-01,,,,1.44,1.4
1955-04-02,,,,1.44,
1955-04-03,,,,1.44,
1955-04-04,,,,1.44,1.43
1955-04-05,,,,1.44,1.46
1955-04-06,,,,1.44,1.52
1955-04-07,,,,1.44,1.55
1955-04-08,,,,1.44,1.55
1955-04-09,,,,1.44,
1955-04-10,,,,1.44,
1955-04-11,,,,1.44,1.63
1955-04-12,,,,1.44,1.62
1955-04-13,,,,1.44,1.65
1955-04-14,,,,1.44,1.62
1955-04-15,,,,1.38,1.62
1955-04-16,,,,1.38,
1955-04-17,,,,1.38,
1955-04-18,,,,1.5,1.64
1955-04-19,,,,1.25,1.64
1955-04-20,,,,1.5,1.65
1955-04-21,,,,1.63,1.65
1955-04-22,,,,1.63,1.65
1955-04-23,,,,1.63,
1955-04-24,,,,1.63,
1955-04-25,,,,1.38,1.66
1955-04-26,,,,1.0,1.62
1955-04-27,,,,0.5,1.62
1955-04-28,,,,1.5,1.63
1955-04-29,,,,1.69,1.59
1955-04-30,,,,1.69,
1955-05-01,,,,1.69,
1955-05-02,,,,1.69,1.61
1955-05-03,,,,1.69,1.59
1955-05-04,,,,1.69,1.54
1955-05-05,,,,1.63,1.49
1955-05-06,,,,1.5,1.51
1955-05-07,,,,1.5,
1955-05-08,,,,1.5,
1955-05-09,,,,1.25,1.44
1955-05-10,,,,0.75,1.39
1955-05-11,,,,1.0,1.42
1955-05-12,,,,1.69,1.44
1955-05-13,,,,1.63,1.43
1955-05-14,,,,1.63,
1955-05-15,,,,1.63,
1955-05-16,,,,1.63,1.41
1955-05-17,,,,0.5,1.39
1955-05-18,,,,0.5,1.41
1955-05-19,,,,1.5,1.44
1955-05-20,,,,1.0,1.42
1955-05-21,,,,1.0,
1955-05-22,,,,1.0,
1955-05-23,,,,1.5,1.43
1955-05-24,,,,1.5,1.44
1955-05-25,,,,1.69,1.47
1955-05-26,,,,1.69,1.43
1955-05-27,,,,1.69,1.41
1955-05-28,,,,1.69,
1955-05-29,,,,1.69,
1955-05-30,,,,1.69,
1955-05-31,,,,1.69,1.39
1955-06-01,,,,1.69,1.4
1955-06-02,,,,1.69,1.36
1955-06-03,,,,1.69,1.32
1955-06-04,,,,1.69,
1955-06-05,,,,1.69,
1955-06-06,,,,1.69,1.35
1955-06-07,,,,1.63,1.36
1955-06-08,,,,1.63,1.43
1955-06-09,,,,1.69,1.44
1955-06-10,,,,1.69,1.47
1955-06-11,,,,1.69,
1955-06-12,,,,1.69,
1955-06-13,,,,1.69,1.47
1955-06-14,,,,1.69,1.44
1955-06-15,,,,1.69,1.49
1955-06-16,,,,1.69,1.5
1955-06-17,,,,1.5,1.45
1955-06-18,,,,1.5,
1955-06-19,,,,1.5,
1955-06-20,,,,1.63,1.41
1955-06-21,,,,1.63,1.36
1955-06-22,,,,1.38,1.37
1955-06-23,,,,1.63,1.37
1955-06-24,,,,1.63,1.33
1955-06-25,,,,1.63,
1955-06-26,,,,1.63,
1955-06-27,,,,1.69,1.37
1955-06-28,,,,1.69,1.4
1955-06-29,,,,1.69,1.45
1955-06-30,,,,1.69,1.47
1955-07-01,,,,1.69,1.46
1955-07-02,,,,1.69,
1955-07-03,,,,1.69,
1955-07-04,,,,1.69,
1955-07-05,,,,1.69,1.48
1955-07-06,,,,1.69,1.53
1955-07-07,,,,1.69,1.52
1955-07-08,,,,1.69,1.51
1955-07-09,,,,1.69,
1955-07-10,,,,1.69,
1955-07-11,,,,1.69,1.55
1955-07-12,,,,1.69,1.55
1955-07-13,,,,1.69,1.6
1955-07-14,,,,1.69,1.57
1955-07-15,,,,1.63,1.57
1955-07-16,,,,1.63,
1955-07-17,,,,1.63,
1955-07-18,,,,1.63,1.55
1955-07-19,,,,1.63,1.55
1955-07-20,,,,1.69,1.64
1955-07-21,,,,1.69,1.66
1955-07-22,,,,1.69,1.66
1955-07-23,,,,1.69,
1955-07-24,,,,1.69,
1955-07-25,,,,1.63,1.68
1955-07-26,,,,1.63,1.68
1955-07-27,,,,1.69,1.72
1955-07-28,,,,1.69,1.73
1955-07-29,,,,1.75,1.75
1955-07-30,,,,1.75,
1955-07-31,,,,1.75,
1955-08-01,,,,1.69,1.83
1955-08-02,,,,1.69,1.86
1955-08-03,,,,1.69,1.9
1955-08-04,,,,2.0,1.91
1955-08-05,,,,2.0,1.89
1955-08-06,,,,2.0,
1955-08-07,,,,2.0,
1955-08-08,,,,1.94,1.88
1955-08-09,,,,1.94,1.88
1955-08-10,,,,1.94,1.89
1955-08-11,,,,1.94,1.87
1955-08-12,,,,2.0,1.84
1955-08-13,,,,2.0,
1955-08-14,,,,2.0,
1955-08-15,,,,2.0,1.86
1955-08-16,,,,1.94,1.86
1955-08-17,,,,1.94,1.88
1955-08-18,,,,2.0,1.82
1955-08-19,,,,2.0,1.8
1955-08-20,,,,2.0,
1955-08-21,,,,2.0,
1955-08-22,,,,2.0,1.84
1955-08-23,,,,2.0,1.86
1955-08-24,,,,1.94,1.92
1955-08-25,,,,2.0,1.93
1955-08-26,,,,2.0,1.95
1955-08-27,,,,2.0,
1955-08-28,,,,2.0,
1955-08-29,,,,2.0,2.04
1955-08-30,,,,2.0,2.07
1955-08-31,,,,2.0,2.09
1955-09-01,,,,2.0,2.1
1955-09-02,,,,2.13,2.09
1955-09-03,,,,2.13,
1955-09-04,,,,2.13,
1955-09-05,,,,2.13,
1955-09-06,,,,2.0,2.09
1955-09-07,,,,2.0,2.11
1955-09-08,,,,2.13,2.1
1955-09-09,,,,2.25,2.11
1955-09-10,,,,2.25,
1955-09-11,,,,2.25,
1955-09-12,,,,2.25,2.09
1955-09-13,,,,2.19,2.08
1955-09-14,,,,2.0,2.06
1955-09-15,,,,2.25,2.04
1955-09-16,,,,2.19,2.02
1955-09-17,,,,2.19,
1955-09-18,,,,2.19,
1955-09-19,,,,2.19,1.98
1955-09-20,,,,2.19,1.96
1955-09-21,,,,2.19,1.98
1955-09-22,,,,2.19,2.01
1955-09-23,,,,2.25,2.04
1955-09-24,,,,2.25,
1955-09-25,,,,2.25,
1955-09-26,,,,2.25,2.08
1955-09-27,,,,2.25,2.08
1955-09-28,,,,2.25,2.12
1955-09-29,,,,2.25,2.12
1955-09-30,,,,2.19,2.15
1955-10-01,,,,2.19,
1955-10-02,,,,2.19,
1955-10-03,,,,2.25,2.18
1955-10-04,,,,2.25,2.2
1955-10-05,,,,2.19,2.23
1955-10-06,,,,2.25,2.22
1955-10-07,,,,2.25,2.22
1955-10-08,,,,2.25,
1955-10-09,,,,2.25,
1955-10-10,,,,2.25,2.23
1955-10-11,,,,2.25,2.24
1955-10-12,,,,2.25,
1955-10-13,,,,2.25,2.27
1955-10-14,,,,2.25,2.3
1955-10-15,,,,2.25,
1955-10-16,,,,2.25,
1955-10-17,,,,2.25,2.29
1955-10-18,,,,2.19,2.27
1955-10-19,,,,2.19,2.27
1955-10-20,,,,2.25,2.23
1955-10-21,,,,2.25,2.21
1955-10-22,,,,2.25,
1955-10-23,,,,2.25,
1955-10-24,,,,2.25,2.21
1955-10-25,,,,2.25,2.2
1955-10-26,,,,2.25,2.23
1955-10-27,,,,2.25,2.22
1955-10-28,,,,2.25,2.19
1955-10-29,,,,2.25,
1955-10-30,,,,2.25,
1955-10-31,,,,2.25,2.15
1955-11-01,,,,2.25,2.1
1955-11-02,,,,2.25,2.06
1955-11-03,,,,2.25,2.01
1955-11-04,,,,2.25,1.96
1955-11-05,,,,2.25,
1955-11-06,,,,2.25,
1955-11-07,,,,2.25,2.0
1955-11-08,,,,2.25,2.0
1955-11-09,,,,2.25,2.08
1955-11-10,,,,2.25,2.12
1955-11-11,,,,2.25,
1955-11-12,,,,2.25,
1955-11-13,,,,2.25,
1955-11-14,,,,2.25,2.2
1955-11-15,,,,2.25,2.3
1955-11-16,,,,2.19,2.34
1955-11-17,,,,2.25,2.27
1955-11-18,,,,2.5,2.35
1955-11-19,,,,2.5,
1955-11-20,,,,2.5,
1955-11-21,,,,2.5,2.4
1955-11-22,,,,2.5,2.38
1955-11-23,,,,2.5,2.44
1955-11-24,,,,2.5,
1955-11-25,,,,2.5,2.42
1955-11-26,,,,2.5,
1955-11-27,,,,2.5,
1955-11-28,,,,2.5,2.42
1955-11-29,,,,2.5,2.42
1955-11-30,,,,2.44,2.44
1955-12-01,,,,2.5,2.42
1955-12-02,,,,2.5,2.36
1955-12-03,,,,2.5,
1955-12-04,,,,2.5,
1955-12-05,,,,2.5,2.4
1955-12-06,,,,2.5,2.45
1955-12-07,,,,2.5,2.51
1955-12-08,,,,2.5,2.5
1955-12-09,,,,2.5,2.52
1955-12-10,,,,2.5,
1955-12-11,,,,2.5,
1955-12-12,,,,2.5,2.52
1955-12-13,,,,2.44,2.52
1955-12-14,,,,2.25,2.57
1955-12-15,,,,2.44,2.56
1955-12-16,,,,2.5,2.55
1955-12-17,,,,2.5,
1955-12-18,,,,2.5,
1955-12-19,,,,2.5,2.58
1955-12-20,,,,2.5,2.6
1955-12-21,,,,2.44,2.65
1955-12-22,,,,2.5,2.66
1955-12-23,,,,2.5,2.67
1955-12-24,,,,2.5,
1955-12-25,,,,2.5,
1955-12-26,,,,2.5,
1955-12-27,,,,2.5,2.65
1955-12-28,,,,2.38,2.63
1955-12-29,,,,2.5,2.54
1955-12-30,,,,2.5,2.5
1955-12-31,,,,2.5,
1956-01-01,,,,2.5,
1956-01-02,,,,2.5,
1956-01-03,,,,2.44,2.5
1956-01-04,,,,1.25,2.5
1956-01-05,,,,2.5,2.52
1956-01-06,,,,2.5,2.52
1956-01-07,,,,2.5,
1956-01-08,,,,2.5,
1956-01-09,,,,2.5,2.58
1956-01-10,,,,2.44,2.51
1956-01-11,,,,2.44,2.55
1956-01-12,,,,2.5,2.53
1956-01-13,,,,2.5,2.5
1956-01-14,,,,2.5,
1956-01-15,,,,2.5,
1956-01-16,,,,2.5,2.46
1956-01-17,,,,2.5,2.42
1956-01-18,,,,2.5,2.41
1956-01-19,,,,2.5,2.35
1956-01-20,,,,2.5,2.3
1956-01-21,,,,2.5,
1956-01-22,,,,2.5,
1956-01-23,,,,2.5,2.26
1956-01-24,,,,2.5,2.26
1956-01-25,,,,2.5,2.28
1956-01-26,,,,2.5,2.28
1956-01-27,,,,2.5,2.3
1956-01-28,,,,2.5,
1956-01-29,,,,2.5,
1956-01-30,,,,2.5,2.34
1956-01-31,,,,2.5,2.32
1956-02-01,,,,2.5,2.3
1956-02-02,,,,2.5,2.25
1956-02-03,,,,2.5,2.26
1956-02-04,,,,2.5,
1956-02-05,,,,2.5,
1956-02-06,,,,2.5,2.22
1956-02-07,,,,2.5,2.2
1956-02-08,,,,2.5,2.25
1956-02-09,,,,2.5,2.28
1956-02-10,,,,2.5,2.33
1956-02-11,,,,2.5,
1956-02-12,,,,2.5,
1956-02-13,,,,2.5,2.33
1956-02-14,,,,2.5,2.32
1956-02-15,,,,2.5,2.37
1956-02-16,,,,2.5,2.38
1956-02-17,,,,2.5,2.37
1956-02-18,,,,2.5,
1956-02-19,,,,2.5,
1956-02-20,,,,2.5,2.36
1956-02-21,,,,2.44,2.41
1956-02-22,,,,2.44,
1956-02-23,,,,2.5,2.42
1956-02-24,,,,2.5,2.41
1956-02-25,,,,2.5,
1956-02-26,,,,2.5,
1956-02-27,,,,2.5,2.36
1956-02-28,,,,2.5,2.28
1956-02-29,,,,2.5,2.3
1956-03-01,,,,2.5,2.18
1956-03-02,,,,2.5,2.06
1956-03-03,,,,2.5,
1956-03-04,,,,2.5,
1956-03-05,,,,2.5,2.15
1956-03-06,,,,2.5,2.18
1956-03-07,,,,2.5,2.29
1956-03-08,,,,2.5,2.29
1956-03-09,,,,2.5,2.28
1956-03-10,,,,2.5,
1956-03-11,,,,2.5,
1956-03-12,,,,2.5,2.32
1956-03-13,,,,2.5,2.33
1956-03-14,,,,2.44,2.4
1956-03-15,,,,2.5,2.37
1956-03-16,,,,2.5,2.38
1956-03-17,,,,2.5,
1956-03-18,,,,2.5,
1956-03-19,,,,2.5,2.37
1956-03-20,,,,2.5,2.27
1956-03-21,,,,2.5,2.25
1956-03-22,,,,2.5,2.22
1956-03-23,,,,2.5,2.17
1956-03-24,,,,2.5,
1956-03-25,,,,2.5,
1956-03-26,,,,2.5,2.13
1956-03-27,,,,2.5,2.12
1956-03-28,,,,2.5,2.2
1956-03-29,,,,2.5,2.3
1956-03-30,,,,2.5,2.3
1956-03-31,,,,2.5,
1956-04-01,,,,2.5,
1956-04-02,,,,2.5,2.35
1956-04-03,,,,2.5,2.36
1956-04-04,,,,2.5,2.43
1956-04-05,,,,2.5,2.38
1956-04-06,,,,2.5,2.38
1956-04-07,,,,2.5,
1956-04-08,,,,2.5,
1956-04-09,,,,2.5,2.46
1956-04-10,,,,2.5,2.48
1956-04-11,,,,2.5,2.57
1956-04-12,,,,2.5,2.56
1956-04-13,,,,2.75,2.68
1956-04-14,,,,2.75,
1956-04-15,,,,2.75,
1956-04-16,,,,2.69,2.75
1956-04-17,,,,2.38,2.7
1956-04-18,,,,2.38,2.75
1956-04-19,,,,2.75,2.75
1956-04-20,,,,2.75,2.75
1956-04-21,,,,2.75,
1956-04-22,,,,2.75,
1956-04-23,,,,2.75,2.73
1956-04-24,,,,2.75,2.7
1956-04-25,,,,2.75,2.73
1956-04-26,,,,2.75,2.7
1956-04-27,,,,2.75,2.68
1956-04-28,,,,2.75,
1956-04-29,,,,2.75,
1956-04-30,,,,2.75,2.69
1956-05-01,,,,2.75,2.65
1956-05-02,,,,2.75,2.62
1956-05-03,,,,2.75,2.56
1956-05-04,,,,2.75,2.54
1956-05-05,,,,2.75,
1956-05-06,,,,2.75,
1956-05-07,,,,2.75,2.49
1956-05-08,,,,2.75,2.51
1956-05-09,,,,2.75,2.56
1956-05-10,,,,2.75,2.6
1956-05-11,,,,2.75,2.61
1956-05-12,,,,2.75,
1956-05-13,,,,2.75,
1956-05-14,,,,2.75,2.65
1956-05-15,,,,2.75,2.65
1956-05-16,,,,2.75,2.71
1956-05-17,,,,2.75,2.67
1956-05-18,,,,2.75,2.65
1956-05-19,,,,2.75,
1956-05-20,,,,2.75,
1956-05-21,,,,2.75,2.65
1956-05-22,,,,2.75,2.65
1956-05-23,,,,2.75,2.68
1956-05-24,,,,2.75,2.65
1956-05-25,,,,2.75,2.61
1956-05-26,,,,2.75,
1956-05-27,,,,2.75,
1956-05-28,,,,2.75,2.54
1956-05-29,,,,2.75,2.53
1956-05-30,,,,2.75,
1956-05-31,,,,2.75,2.57
1956-06-01,,,,2.75,2.55
1956-06-02,,,,2.75,
1956-06-03,,,,2.75,
1956-06-04,,,,2.75,2.52
1956-06-05,,,,2.75,2.5
1956-06-06,,,,2.5,2.54
1956-06-07,,,,2.75,2.54
1956-06-08,,,,2.75,2.54
1956-06-09,,,,2.75,
1956-06-10,,,,2.75,
1956-06-11,,,,2.75,2.55
1956-06-12,,,,2.75,2.51
1956-06-13,,,,2.75,2.52
1956-06-14,,,,2.75,2.5
1956-06-15,,,,2.75,2.49
1956-06-16,,,,2.75,
1956-06-17,,,,2.75,
1956-06-18,,,,2.75,2.43
1956-06-19,,,,2.75,2.38
1956-06-20,,,,2.75,2.42
1956-06-21,,,,2.75,2.41
1956-06-22,,,,2.75,2.43
1956-06-23,,,,2.75,
1956-06-24,,,,2.75,
1956-06-25,,,,2.75,2.49
1956-06-26,,,,2.25,2.52
1956-06-27,,,,2.25,2.54
1956-06-28,,,,2.75,2.44
1956-06-29,,,,2.75,2.42
1956-06-30,,,,2.75,
1956-07-01,,,,2.75,
1956-07-02,,,,2.75,2.38
1956-07-03,,,,2.75,2.34
1956-07-04,,,,2.75,
1956-07-05,,,,2.75,2.29
1956-07-06,,,,2.75,2.33
1956-07-07,,,,2.75,
1956-07-08,,,,2.75,
1956-07-09,,,,2.75,2.34
1956-07-10,,,,2.75,2.3
1956-07-11,,,,2.75,2.37
1956-07-12,,,,2.75,2.36
1956-07-13,,,,2.75,2.3
1956-07-14,,,,2.75,
1956-07-15,,,,2.75,
1956-07-16,,,,2.75,2.24
1956-07-17,,,,2.75,2.24
1956-07-18,,,,2.75,2.29
1956-07-19,,,,2.75,2.29
1956-07-20,,,,2.75,2.26
1956-07-21,,,,2.75,
1956-07-22,,,,2.75,
1956-07-23,,,,2.75,2.28
1956-07-24,,,,2.75,2.29
1956-07-25,,,,2.69,2.37
1956-07-26,,,,2.75,2.34
1956-07-27,,,,2.75,2.31
1956-07-28,,,,2.75,
1956-07-29,,,,2.75,
1956-07-30,,,,2.75,2.33
1956-07-31,,,,2.69,2.3
1956-08-01,,,,2.69,2.31
1956-08-02,,,,2.75,2.27
1956-08-03,,,,2.75,2.24
1956-08-04,,,,2.75,
1956-08-05,,,,2.75,
1956-08-06,,,,2.75,2.33
1956-08-07,,,,2.75,2.36
1956-08-08,,,,2.75,2.43
1956-08-09,,,,2.75,2.41
1956-08-10,,,,2.75,2.48
1956-08-11,,,,2.75,
1956-08-12,,,,2.75,
1956-08-13,,,,2.75,2.56
1956-08-14,,,,2.75,2.59
1956-08-15,,,,2.75,2.65
1956-08-16,,,,2.75,2.69
1956-08-17,,,,2.75,2.7
1956-08-18,,,,2.75,
1956-08-19,,,,2.75,
1956-08-20,,,,2.75,2.78
1956-08-21,,,,2.75,2.8
1956-08-22,,,,2.69,2.86
1956-08-23,,,,2.75,2.84
1956-08-24,,,,3.0,2.8
1956-08-25,,,,3.0,
1956-08-26,,,,3.0,
1956-08-27,,,,2.88,2.77
1956-08-28,,,,2.0,2.7
1956-08-29,,,,1.75,2.73
1956-08-30,,,,3.0,2.74
1956-08-31,,,,3.0,2.66
1956-09-01,,,,3.0,
1956-09-02,,,,3.0,
1956-09-03,,,,3.0,
1956-09-04,,,,3.0,2.64
1956-09-05,,,,3.0,2.7
1956-09-06,,,,3.0,2.7
1956-09-07,,,,3.0,2.7
1956-09-08,,,,3.0,
1956-09-09,,,,3.0,
1956-09-10,,,,3.0,2.73
1956-09-11,,,,3.0,2.75
1956-09-12,,,,2.5,2.82
1956-09-13,,,,3.0,2.82
1956-09-14,,,,3.0,2.82
1956-09-15,,,,3.0,
1956-09-16,,,,3.0,
1956-09-17,,,,3.0,2.87
1956-09-18,,,,2.5,2.86
1956-09-19,,,,2.5,2.95
1956-09-20,,,,3.0,2.93
1956-09-21,,,,3.0,2.92
1956-09-22,,,,3.0,
1956-09-23,,,,3.0,
1956-09-24,,,,3.0,2.93
1956-09-25,,,,3.0,2.93
1956-09-26,,,,3.0,2.97
1956-09-27,,,,3.0,2.96
1956-09-28,,,,3.0,2.91
1956-09-29,,,,3.0,
1956-09-30,,,,3.0,
1956-10-01,,,,3.0,2.85
1956-10-02,,,,3.0,2.84
1956-10-03,,,,3.0,2.88
1956-10-04,,,,3.0,2.88
1956-10-05,,,,3.0,2.92
1956-10-06,,,,3.0,
1956-10-07,,,,3.0,
1956-10-08,,,,3.0,2.96
1956-10-09,,,,2.94,2.95
1956-10-10,,,,2.94,3.01
1956-10-11,,,,3.0,2.93
1956-10-12,,,,3.0,
1956-10-13,,,,3.0,
1956-10-14,,,,3.0,
1956-10-15,,,,3.0,2.93
1956-10-16,,,,2.94,2.89
1956-10-17,,,,2.5,2.97
1956-10-18,,,,3.0,2.97
1956-10-19,,,,2.94,2.93
1956-10-20,,,,2.94,
1956-10-21,,,,2.94,
1956-10-22,,,,2.94,2.88
1956-10-23,,,,2.94,2.86
1956-10-24,,,,2.94,2.85
1956-10-25,,,,3.0,2.86
1956-10-26,,,,3.0,2.86
1956-10-27,,,,3.0,
1956-10-28,,,,3.0,
1956-10-29,,,,3.0,2.86
1956-10-30,,,,2.94,2.82
1956-10-31,,,,3.0,2.86
1956-11-01,,,,3.0,2.85
1956-11-02,,,,3.0,2.86
1956-11-03,,,,3.0,
1956-11-04,,,,3.0,
1956-11-05,,,,3.0,2.87
1956-11-06,,,,3.0,2.87
1956-11-07,,,,3.0,2.9
1956-11-08,,,,3.0,2.94
1956-11-09,,,,3.0,2.94
1956-11-10,,,,3.0,
1956-11-11,,,,3.0,
1956-11-12,,,,3.0,
1956-11-13,,,,3.0,2.94
1956-11-14,,,,2.88,3.0
1956-11-15,,,,3.0,3.01
1956-11-16,,,,3.0,3.0
1956-11-17,,,,3.0,
1956-11-18,,,,3.0,
1956-11-19,,,,3.0,3.0
1956-11-20,,,,2.94,3.01
1956-11-21,,,,2.88,3.07
1956-11-22,,,,2.88,
1956-11-23,,,,3.0,3.1
1956-11-24,,,,3.0,
1956-11-25,,,,3.0,
1956-11-26,,,,3.0,3.16
1956-11-27,,,,2.25,3.12
1956-11-28,,,,1.0,3.03
1956-11-29,,,,2.63,3.03
1956-11-30,,,,3.0,3.04
1956-12-01,,,,3.0,
1956-12-02,,,,3.0,
1956-12-03,,,,3.0,3.06
1956-12-04,,,,3.0,3.07
1956-12-05,,,,3.0,3.14
1956-12-06,,,,3.0,3.14
1956-12-07,,,,3.0,3.19
1956-12-08,,,,3.0,
1956-12-09,,,,3.0,
1956-12-10,,,,3.0,3.22
1956-12-11,,,,2.5,3.22
1956-12-12,,,,2.0,3.25
1956-12-13,,,,3.0,3.24
1956-12-14,,,,3.0,3.25
1956-12-15,,,,3.0,
1956-12-16,,,,3.0,
1956-12-17,,,,3.0,3.29
1956-12-18,,,,2.75,3.26
1956-12-19,,,,3.0,3.32
1956-12-20,,,,3.0,3.27
1956-12-21,,,,3.0,3.19
1956-12-22,,,,3.0,
1956-12-23,,,,3.0,
1956-12-24,,,,3.0,3.11
1956-12-25,,,,3.0,
1956-12-26,,,,2.94,3.22
1956-12-27,,,,3.0,3.23
1956-12-28,,,,3.0,3.22
1956-12-29,,,,3.0,
1956-12-30,,,,3.0,
1956-12-31,,,,3.0,3.22
1957-01-01,,,,3.0,3.22
1957-01-02,,,,1.0,3.17
1957-01-03,,,,3.0,3.1
1957-01-04,,,,3.0,3.07
1957-01-05,,,,3.0,
1957-01-06,,,,3.0,
1957-01-07,,,,3.0,3.1
1957-01-08,,,,2.25,3.05
1957-01-09,,,,2.5,3.12
1957-01-10,,,,2.94,3.06
1957-01-11,,,,2.94,3.06
1957-01-12,,,,2.94,
1957-01-13,,,,2.94,
1957-01-14,,,,2.94,3.14
1957-01-15,,,,2.88,3.1
1957-01-16,,,,2.5,3.12
1957-01-17,,,,3.0,3.06
1957-01-18,,,,3.0,3.02
1957-01-19,,,,3.0,
1957-01-20,,,,3.0,
1957-01-21,,,,2.94,3.02
1957-01-22,,,,2.88,3.02
1957-01-23,,,,2.5,3.11
1957-01-24,,,,3.0,3.16
1957-01-25,,,,3.0,3.17
1957-01-26,,,,3.0,
1957-01-27,,,,3.0,
1957-01-28,,,,3.0,3.23
1957-01-29,,,,3.0,3.18
1957-01-30,,,,3.0,3.17
1957-01-31,,,,3.0,3.12
1957-02-01,,,,3.0,3.08
1957-02-02,,,,3.0,
1957-02-03,,,,3.0,
1957-02-04,,,,3.0,3.09
1957-02-05,,,,3.0,3.05
1957-02-06,,,,3.0,3.08
1957-02-07,,,,3.0,3.03
1957-02-08,,,,3.0,3.0
1957-02-09,,,,3.0,
1957-02-10,,,,3.0,
1957-02-11,,,,3.0,3.0
1957-02-12,,,,3.0,3.0
1957-02-13,,,,3.0,2.98
1957-02-14,,,,3.0,3.0
1957-02-15,,,,3.0,3.04
1957-02-16,,,,3.0,
1957-02-17,,,,3.0,
1957-02-18,,,,3.0,3.1
1957-02-19,,,,3.0,3.1
1957-02-20,,,,3.0,3.19
1957-02-21,,,,3.0,3.2
1957-02-22,,,,3.0,
1957-02-23,,,,3.0,
1957-02-24,,,,3.0,
1957-02-25,,,,3.0,3.22
1957-02-26,,,,3.0,3.24
1957-02-27,,,,3.0,3.29
1957-02-28,,,,3.0,3.28
1957-03-01,,,,3.0,3.24
1957-03-02,,,,3.0,
1957-03-03,,,,3.0,
1957-03-04,,,,3.0,3.18
1957-03-05,,,,3.0,3.15
1957-03-06,,,,3.0,3.19
1957-03-07,,,,3.0,3.19
1957-03-08,,,,3.0,3.2
1957-03-09,,,,3.0,
1957-03-10,,,,3.0,
1957-03-11,,,,3.0,3.19
1957-03-12,,,,3.0,3.16
1957-03-13,,,,3.0,3.17
1957-03-14,,,,3.0,3.14
1957-03-15,,,,3.0,3.1
1957-03-16,,,,3.0,
1957-03-17,,,,3.0,
1957-03-18,,,,3.0,3.02
1957-03-19,,,,3.0,3.02
1957-03-20,,,,3.0,3.0
1957-03-21,,,,3.0,2.97
1957-03-22,,,,3.0,2.97
1957-03-23,,,,3.0,
1957-03-24,,,,3.0,
1957-03-25,,,,3.0,2.98
1957-03-26,,,,2.75,2.94
1957-03-27,,,,2.25,2.99
1957-03-28,,,,3.0,2.96
1957-03-29,,,,2.94,2.96
1957-03-30,,,,2.94,
1957-03-31,,,,2.94,
1957-04-01,,,,3.0,2.96
1957-04-02,,,,3.0,2.97
1957-04-03,,,,3.0,3.06
1957-04-04,,,,3.0,3.08
1957-04-05,,,,3.0,3.08
1957-04-06,,,,3.0,
1957-04-07,,,,3.0,
1957-04-08,,,,3.0,3.1
1957-04-09,,,,3.0,3.09
1957-04-10,,,,3.0,3.14
1957-04-11,,,,3.0,3.16
1957-04-12,,,,3.0,3.16
1957-04-13,,,,3.0,
1957-04-14,,,,3.0,
1957-04-15,,,,3.0,3.14
1957-04-16,,,,3.0,3.11
1957-04-17,,,,3.0,3.12
1957-04-18,,,,3.0,3.08
1957-04-19,,,,3.0,3.08
1957-04-20,,,,3.0,
1957-04-21,,,,3.0,
1957-04-22,,,,3.0,3.04
1957-04-23,,,,3.0,3.02
1957-04-24,,,,3.0,3.02
1957-04-25,,,,3.0,3.02
1957-04-26,,,,3.0,3.02
1957-04-27,,,,3.0,
1957-04-28,,,,3.0,
1957-04-29,,,,3.0,3.0
1957-04-30,,,,3.0,3.01
1957-05-01,,,,3.0,3.03
1957-05-02,,,,3.0,3.0
1957-05-03,,,,3.0,2.95
1957-05-04,,,,3.0,
1957-05-05,,,,3.0,
1957-05-06,,,,3.0,2.92
1957-05-07,,,,3.0,2.92
1957-05-08,,,,3.0,2.97
1957-05-09,,,,3.0,2.94
1957-05-10,,,,3.0,2.92
1957-05-11,,,,3.0,
1957-05-12,,,,3.0,
1957-05-13,,,,3.0,2.9
1957-05-14,,,,3.0,2.92
1957-05-15,,,,3.0,2.99
1957-05-16,,,,3.0,3.02
1957-05-17,,,,3.0,3.07
1957-05-18,,,,3.0,
1957-05-19,,,,3.0,
1957-05-20,,,,3.0,3.08
1957-05-21,,,,3.0,3.09
1957-05-22,,,,3.0,3.14
1957-05-23,,,,3.0,3.16
1957-05-24,,,,3.0,3.21
1957-05-25,,,,3.0,
1957-05-26,,,,3.0,
1957-05-27,,,,3.0,3.22
1957-05-28,,,,3.0,3.23
1957-05-29,,,,3.0,3.29
1957-05-30,,,,3.0,
1957-05-31,,,,3.0,3.31
1957-06-01,,,,3.0,
1957-06-02,,,,3.0,
1957-06-03,,,,3.0,3.32
1957-06-04,,,,3.0,3.32
1957-06-05,,,,3.0,3.34
1957-06-06,,,,3.0,3.29
1957-06-07,,,,3.0,3.24
1957-06-08,,,,3.0,
1957-06-09,,,,3.0,
1957-06-10,,,,3.0,3.24
1957-06-11,,,,3.0,3.24
1957-06-12,,,,3.0,3.27
1957-06-13,,,,3.0,3.3
1957-06-14,,,,3.0,3.32
1957-06-15,,,,3.0,
1957-06-16,,,,3.0,
1957-06-17,,,,3.0,3.36
1957-06-18,,,,3.0,3.36
1957-06-19,,,,3.0,3.37
1957-06-20,,,,3.0,3.38
1957-06-21,,,,3.0,3.32
1957-06-22,,,,3.0,
1957-06-23,,,,3.0,
1957-06-24,,,,3.0,3.22
1957-06-25,,,,3.0,3.2
1957-06-26,,,,3.0,3.23
1957-06-27,,,,3.0,3.27
1957-06-28,,,,3.0,3.22
1957-06-29,,,,3.0,
1957-06-30,,,,3.0,
1957-07-01,,,,3.0,3.18
1957-07-02,,,,3.0,3.14
1957-07-03,,,,3.0,3.23
1957-07-04,,,,3.0,
1957-07-05,,,,3.0,3.21
1957-07-06,,,,3.0,
1957-07-07,,,,3.0,
1957-07-08,,,,3.0,3.12
1957-07-09,,,,3.0,3.1
1957-07-10,,,,3.0,3.18
1957-07-11,,,,3.0,3.15
1957-07-12,,,,3.0,3.11
1957-07-13,,,,3.0,
1957-07-14,,,,3.0,
1957-07-15,,,,3.0,3.06
1957-07-16,,,,3.0,3.06
1957-07-17,,,,3.0,3.06
1957-07-18,,,,3.0,3.02
1957-07-19,,,,3.0,3.0
1957-07-20,,,,3.0,
1957-07-21,,,,3.0,
1957-07-22,,,,3.0,3.08
1957-07-23,,,,3.0,3.12
1957-07-24,,,,2.88,3.22
1957-07-25,,,,3.0,3.24
1957-07-26,,,,3.0,3.26
1957-07-27,,,,3.0,
1957-07-28,,,,3.0,
1957-07-29,,,,3.0,3.3
1957-07-30,,,,2.94,3.33
1957-07-31,,,,2.88,3.38
1957-08-01,,,,3.0,3.37
1957-08-02,,,,3.0,3.3
1957-08-03,,,,3.0,
1957-08-04,,,,3.0,
1957-08-05,,,,3.0,3.26
1957-08-06,,,,3.0,3.24
1957-08-07,,,,3.0,3.3
1957-08-08,,,,3.0,3.31
1957-08-09,,,,3.0,3.36
1957-08-10,,,,3.0,
1957-08-11,,,,3.0,
1957-08-12,,,,3.25,3.4
1957-08-13,,,,3.38,3.4
1957-08-14,,,,3.0,3.47
1957-08-15,,,,3.25,3.4
1957-08-16,,,,3.38,3.34
1957-08-17,,,,3.38,
1957-08-18,,,,3.38,
1957-08-19,,,,3.25,3.28
1957-08-20,,,,3.38,3.26
1957-08-21,,,,3.0,3.34
1957-08-22,,,,3.38,3.33
1957-08-23,,,,3.5,3.37
1957-08-24,,,,3.5,
1957-08-25,,,,3.5,
1957-08-26,,,,3.5,3.42
1957-08-27,,,,3.5,3.42
1957-08-28,,,,3.5,3.51
1957-08-29,,,,3.5,3.51
1957-08-30,,,,3.5,3.5
1957-08-31,,,,3.5,
1957-09-01,,,,3.5,
1957-09-02,,,,3.5,3.5
1957-09-03,,,,3.5,
1957-09-04,,,,2.5,3.56
1957-09-05,,,,3.5,3.55
1957-09-06,,,,3.5,3.54
1957-09-07,,,,3.5,
1957-09-08,,,,3.5,
1957-09-09,,,,3.5,3.52
1957-09-10,,,,3.5,3.51
1957-09-11,,,,3.5,3.56
1957-09-12,,,,3.5,3.57
1957-09-13,,,,3.5,3.57
1957-09-14,,,,3.5,
1957-09-15,,,,3.5,
1957-09-16,,,,3.5,3.58
1957-09-17,,,,3.5,3.57
1957-09-18,,,,3.5,3.59
1957-09-19,,,,3.5,3.6
1957-09-20,,,,3.5,3.54
1957-09-21,,,,3.5,
1957-09-22,,,,3.5,
1957-09-23,,,,3.5,3.5
1957-09-24,,,,3.5,3.45
1957-09-25,,,,3.5,3.5
1957-09-26,,,,3.5,3.49
1957-09-27,,,,3.5,3.45
1957-09-28,,,,3.5,
1957-09-29,,,,3.5,
1957-09-30,,,,3.5,3.46
1957-10-01,,,,3.5,3.44
1957-10-02,,,,3.5,3.54
1957-10-03,,,,3.5,3.53
1957-10-04,,,,3.5,3.5
1957-10-05,,,,3.5,
1957-10-06,,,,3.5,
1957-10-07,,,,3.5,3.49
1957-10-08,,,,3.5,3.52
1957-10-09,,,,3.5,3.56
1957-10-10,,,,3.5,3.56
1957-10-11,,,,3.5,3.57
1957-10-12,,,,3.5,
1957-10-13,,,,3.5,
1957-10-14,,,,3.5,3.62
1957-10-15,,,,3.5,3.65
1957-10-16,,,,3.5,3.67
1957-10-17,,,,3.5,3.67
1957-10-18,,,,3.5,3.6
1957-10-19,,,,3.5,
1957-10-20,,,,3.5,
1957-10-21,,,,3.5,3.58
1957-10-22,,,,3.5,3.58
1957-10-23,,,,3.5,3.61
1957-10-24,,,,3.5,3.58
1957-10-25,,,,3.5,3.6
1957-10-26,,,,3.5,
1957-10-27,,,,3.5,
1957-10-28,,,,3.5,3.6
1957-10-29,,,,3.5,3.58
1957-10-30,,,,3.5,3.6
1957-10-31,,,,3.5,3.6
1957-11-01,,,,3.5,3.59
1957-11-02,,,,3.5,
1957-11-03,,,,3.5,
1957-11-04,,,,3.5,3.54
1957-11-05,,,,3.5,3.54
1957-11-06,,,,3.5,3.52
1957-11-07,,,,3.5,3.5
1957-11-08,,,,3.5,3.46
1957-11-09,,,,3.5,
1957-11-10,,,,3.5,
1957-11-11,,,,3.5,
1957-11-12,,,,3.5,3.45
1957-11-13,,,,3.25,3.45
1957-11-14,,,,3.5,3.44
1957-11-15,,,,3.5,3.16
1957-11-16,,,,3.5,
1957-11-17,,,,3.5,
1957-11-18,,,,3.0,3.12
1957-11-19,,,,3.0,3.1
1957-11-20,,,,3.0,3.12
1957-11-21,,,,3.0,3.13
1957-11-22,,,,3.0,3.13
1957-11-23,,,,3.0,
1957-11-24,,,,3.0,
1957-11-25,,,,3.0,3.14
1957-11-26,,,,3.0,3.14
1957-11-27,,,,3.0,3.15
1957-11-28,,,,3.0,
1957-11-29,,,,3.0,3.14
1957-11-30,,,,3.0,
1957-12-01,,,,3.0,
1957-12-02,,,,3.0,3.09
1957-12-03,,,,2.5,3.05
1957-12-04,,,,3.0,3.07
1957-12-05,,,,3.0,3.07
1957-12-06,,,,3.0,3.06
1957-12-07,,,,3.0,
1957-12-08,,,,3.0,
1957-12-09,,,,3.0,2.99
1957-12-10,,,,3.0,2.97
1957-12-11,,,,3.0,3.0
1957-12-12,,,,3.0,3.05
1957-12-13,,,,3.0,3.06
1957-12-14,,,,3.0,
1957-12-15,,,,3.0,
1957-12-16,,,,3.0,3.1
1957-12-17,,,,3.0,3.08
1957-12-18,,,,3.0,3.11
1957-12-19,,,,3.0,3.15
1957-12-20,,,,3.0,3.15
1957-12-21,,,,3.0,
1957-12-22,,,,3.0,
1957-12-23,,,,3.0,3.16
1957-12-24,,,,3.0,3.11
1957-12-25,,,,3.0,
1957-12-26,,,,3.0,3.1
1957-12-27,,,,3.0,3.04
1957-12-28,,,,3.0,
1957-12-29,,,,3.0,
1957-12-30,,,,3.0,2.75
1957-12-31,,,,3.0,2.75
1958-01-01,,,,3.0,
1958-01-02,,,,3.0,2.78
1958-01-03,,,,3.0,2.8
1958-01-04,,,,3.0,
1958-01-05,,,,3.0,
1958-01-06,,,,3.0,2.82
1958-01-07,,,,2.88,2.79
1958-01-08,,,,3.0,2.78
1958-01-09,,,,3.0,2.73
1958-01-10,,,,3.0,2.65
1958-01-11,,,,3.0,
1958-01-12,,,,3.0,
1958-01-13,,,,3.0,2.59
1958-01-14,,,,2.88,2.56
1958-01-15,,,,2.25,2.59
1958-01-16,,,,3.0,2.56
1958-01-17,,,,3.0,2.56
1958-01-18,,,,3.0,
1958-01-19,,,,3.0,
1958-01-20,,,,3.0,2.51
1958-01-21,,,,3.0,2.42
1958-01-22,,,,3.0,2.39
1958-01-23,,,,2.75,2.28
1958-01-24,,,,2.75,2.26
1958-01-25,,,,2.75,
1958-01-26,,,,2.75,
1958-01-27,,,,2.5,2.19
1958-01-28,,,,1.75,2.11
1958-01-29,,,,0.75,2.02
1958-01-30,,,,1.75,1.75
1958-01-31,,,,1.5,1.55
1958-02-01,,,,1.5,
1958-02-02,,,,1.5,
1958-02-03,,,,1.75,1.6
1958-02-04,,,,1.25,1.62
1958-02-05,,,,1.25,1.67
1958-02-06,,,,2.25,1.68
1958-02-07,,,,2.75,1.67
1958-02-08,,,,2.75,
1958-02-09,,,,2.75,
1958-02-10,,,,2.75,1.66
1958-02-11,,,,2.63,1.66
1958-02-12,,,,2.63,
1958-02-13,,,,2.75,1.72
1958-02-14,,,,2.75,1.72
1958-02-15,,,,2.75,
1958-02-16,,,,2.75,
1958-02-17,,,,2.25,1.69
1958-02-18,,,,1.0,
1958-02-19,,,,0.5,1.7
1958-02-20,,,,1.0,1.62
1958-02-21,,,,0.75,1.42
1958-02-22,,,,0.75,
1958-02-23,,,,0.75,
1958-02-24,,,,1.0,1.2
1958-02-25,,,,0.5,1.2
1958-02-26,,,,0.38,1.21
1958-02-27,,,,0.75,1.22
1958-02-28,,,,0.5,1.27
1958-03-01,,,,0.5,
1958-03-02,,,,0.5,
1958-03-03,,,,1.0,1.3
1958-03-04,,,,2.0,1.4
1958-03-05,,,,2.5,1.41
1958-03-06,,,,2.0,1.42
1958-03-07,,,,1.25,1.43
1958-03-08,,,,1.25,
1958-03-09,,,,1.25,
1958-03-10,,,,1.25,1.48
1958-03-11,,,,1.25,1.42
1958-03-12,,,,1.25,1.36
1958-03-13,,,,1.63,1.34
1958-03-14,,,,1.5,1.34
1958-03-15,,,,1.5,
1958-03-16,,,,1.5,
1958-03-17,,,,1.25,1.32
1958-03-18,,,,1.5,1.35
1958-03-19,,,,1.25,1.34
1958-03-20,,,,1.5,1.35
1958-03-21,,,,1.5,1.31
1958-03-22,,,,1.5,
1958-03-23,,,,1.5,
1958-03-24,,,,1.0,1.16
1958-03-25,,,,0.25,1.12
1958-03-26,,,,0.25,1.13
1958-03-27,,,,0.75,1.06
1958-03-28,,,,0.75,1.06
1958-03-29,,,,0.75,
1958-03-30,,,,0.75,
1958-03-31,,,,0.5,1.1
1958-04-01,,,,0.25,1.1
1958-04-02,,,,0.13,1.12
1958-04-03,,,,0.75,1.02
1958-04-04,,,,0.75,
1958-04-05,,,,0.75,
1958-04-06,,,,0.75,
1958-04-07,,,,1.0,1.04
1958-04-08,,,,1.5,1.09
1958-04-09,,,,2.0,1.12
1958-04-10,,,,2.13,1.12
1958-04-11,,,,1.5,1.15
1958-04-12,,,,1.5,
1958-04-13,,,,1.5,
1958-04-14,,,,1.75,1.18
1958-04-15,,,,1.75,1.14
1958-04-16,,,,2.13,1.14
1958-04-17,,,,1.25,1.14
1958-04-18,,,,1.0,1.04
1958-04-19,,,,1.0,
1958-04-20,,,,1.0,
1958-04-21,,,,1.5,1.04
1958-04-22,,,,1.63,1.05
1958-04-23,,,,1.63,1.09
1958-04-24,,,,1.5,1.2
1958-04-25,,,,1.63,1.25
1958-04-26,,,,1.63,
1958-04-27,,,,1.63,
1958-04-28,,,,1.63,1.33
1958-04-29,,,,0.5,1.2
1958-04-30,,,,0.25,1.2
1958-05-01,,,,0.75,1.22
1958-05-02,,,,1.25,1.2
1958-05-03,,,,1.25,
1958-05-04,,,,1.25,
1958-05-05,,,,1.25,1.16
1958-05-06,,,,1.0,1.1
1958-05-07,,,,1.0,1.13
1958-05-08,,,,1.25,1.1
1958-05-09,,,,1.25,1.06
1958-05-10,,,,1.25,
1958-05-11,,,,1.25,
1958-05-12,,,,1.25,1.06
1958-05-13,,,,0.25,1.05
1958-05-14,,,,0.13,1.04
1958-05-15,,,,0.5,0.99
1958-05-16,,,,0.63,0.94
1958-05-17,,,,0.63,
1958-05-18,,,,0.63,
1958-05-19,,,,0.38,0.85
1958-05-20,,,,0.25,0.8
1958-05-21,,,,0.25,0.73
1958-05-22,,,,0.25,0.7
1958-05-23,,,,0.25,0.64
1958-05-24,,,,0.25,
1958-05-25,,,,0.25,
1958-05-26,,,,0.13,0.6
1958-05-27,,,,0.13,0.55
1958-05-28,,,,0.13,0.6
1958-05-29,,,,0.13,0.58
1958-05-30,,,,0.13,
1958-05-31,,,,0.13,
1958-06-01,,,,0.13,
1958-06-02,,,,0.25,0.67
1958-06-03,,,,1.0,0.68
1958-06-04,,,,0.5,0.74
1958-06-05,,,,1.25,0.74
1958-06-06,,,,1.5,0.74
1958-06-07,,,,1.5,
1958-06-08,,,,1.5,
1958-06-09,,,,1.63,0.78
1958-06-10,,,,1.63,0.8
1958-06-11,,,,0.75,0.85
1958-06-12,,,,1.25,0.85
1958-06-13,,,,1.63,0.86
1958-06-14,,,,1.63,
1958-06-15,,,,1.63,
1958-06-16,,,,1.63,0.89
1958-06-17,,,,1.25,0.86
1958-06-18,,,,0.5,0.92
1958-06-19,,,,0.75,0.96
1958-06-20,,,,0.75,0.95
1958-06-21,,,,0.75,
1958-06-22,,,,0.75,
1958-06-23,,,,0.5,0.98
1958-06-24,,,,0.25,0.96
1958-06-25,,,,0.5,0.92
1958-06-26,,,,0.5,0.85
1958-06-27,,,,0.5,0.77
1958-06-28,,,,0.5,
1958-06-29,,,,0.5,
1958-06-30,,,,0.5,0.75
1958-07-01,,,,0.25,0.78
1958-07-02,,,,0.25,0.82
1958-07-03,,,,0.75,0.8
1958-07-04,,,,0.75,
1958-07-05,,,,0.75,
1958-07-06,,,,0.75,
1958-07-07,,,,1.25,0.92
1958-07-08,,,,0.63,0.95
1958-07-09,,,,0.5,0.94
1958-07-10,,,,1.25,0.95
1958-07-11,,,,1.63,0.98
1958-07-12,,,,1.63,
1958-07-13,,,,1.63,
1958-07-14,,,,1.63,1.06
1958-07-15,,,,1.0,0.98
1958-07-16,,,,0.5,0.9
1958-07-17,,,,0.75,0.85
1958-07-18,,,,0.5,0.91
1958-07-19,,,,0.5,
1958-07-20,,,,0.5,
1958-07-21,,,,0.38,0.93
1958-07-22,,,,0.25,0.88
1958-07-23,,,,0.25,0.88
1958-07-24,,,,0.5,0.88
1958-07-25,,,,0.5,0.82
1958-07-26,,,,0.5,
1958-07-27,,,,0.5,
1958-07-28,,,,0.25,0.92
1958-07-29,,,,0.13,0.92
1958-07-30,,,,0.13,0.96
1958-07-31,,,,0.38,0.91
1958-08-01,,,,1.0,0.97
1958-08-02,,,,1.0,
1958-08-03,,,,1.0,
1958-08-04,,,,1.0,1.1
1958-08-05,,,,0.75,1.1
1958-08-06,,,,1.25,1.15
1958-08-07,,,,1.63,1.32
1958-08-08,,,,1.63,1.32
1958-08-09,,,,1.63,
1958-08-10,,,,1.63,
1958-08-11,,,,1.75,1.48
1958-08-12,,,,1.63,1.47
1958-08-13,,,,1.5,1.59
1958-08-14,,,,1.63,1.61
1958-08-15,,,,1.75,1.75
1958-08-16,,,,1.75,
1958-08-17,,,,1.75,
1958-08-18,,,,1.75,1.84
1958-08-19,,,,1.38,1.82
1958-08-20,,,,1.25,1.9
1958-08-21,,,,1.75,1.99
1958-08-22,,,,1.75,1.99
1958-08-23,,,,1.75,
1958-08-24,,,,1.75,
1958-08-25,,,,1.75,2.12
1958-08-26,,,,1.75,2.14
1958-08-27,,,,1.25,2.26
1958-08-28,,,,1.75,2.3
1958-08-29,,,,1.75,2.33
1958-08-30,,,,1.75,
1958-08-31,,,,1.75,
1958-09-01,,,,1.75,
1958-09-02,,,,1.75,2.3
1958-09-03,,,,1.25,2.39
1958-09-04,,,,1.75,2.33
1958-09-05,,,,1.75,2.26
1958-09-06,,,,1.75,
1958-09-07,,,,1.75,
1958-09-08,,,,1.75,2.28
1958-09-09,,,,1.25,2.28
1958-09-10,,,,1.75,2.43
1958-09-11,,,,1.75,2.41
1958-09-12,,,,2.0,2.44
1958-09-13,,,,2.0,
1958-09-14,,,,2.0,
1958-09-15,,,,1.75,2.54
1958-09-16,,,,1.13,2.54
1958-09-17,,,,0.75,2.52
1958-09-18,,,,2.0,2.33
1958-09-19,,,,2.0,2.33
1958-09-20,,,,2.0,
1958-09-21,,,,2.0,
1958-09-22,,,,1.88,2.38
1958-09-23,,,,1.75,2.36
1958-09-24,,,,1.75,2.5
1958-09-25,,,,2.0,2.52
1958-09-26,,,,2.0,2.62
1958-09-27,,,,2.0,
1958-09-28,,,,2.0,
1958-09-29,,,,2.0,2.82
1958-09-30,,,,1.5,2.7
1958-10-01,,,,1.0,2.86
1958-10-02,,,,2.0,2.62
1958-10-03,,,,2.0,2.48
1958-10-04,,,,2.0,
1958-10-05,,,,2.0,
1958-10-06,,,,2.0,2.54
1958-10-07,,,,1.5,2.54
1958-10-08,,,,2.0,2.67
1958-10-09,,,,2.0,2.74
1958-10-10,,,,2.0,2.7
1958-10-11,,,,2.0,
1958-10-12,,,,2.0,
1958-10-13,,,,2.0,
1958-10-14,,,,2.0,2.66
1958-10-15,,,,1.75,2.69
1958-10-16,,,,2.0,2.69
1958-10-17,,,,2.0,2.65
1958-10-18,,,,2.0,
1958-10-19,,,,2.0,
1958-10-20,,,,2.0,2.64
1958-10-21,,,,1.88,2.6
1958-10-22,,,,2.0,2.8
1958-10-23,,,,2.0,2.75
1958-10-24,,,,2.0,2.66
1958-10-25,,,,2.0,
1958-10-26,,,,2.0,
1958-10-27,,,,1.63,2.48
1958-10-28,,,,0.5,2.46
1958-10-29,,,,0.13,2.6
1958-10-30,,,,1.5,2.57
1958-10-31,,,,2.0,2.55
1958-11-01,,,,2.0,
1958-11-02,,,,2.0,
1958-11-03,,,,2.0,2.55
1958-11-04,,,,2.0,
1958-11-05,,,,2.0,2.51
1958-11-06,,,,2.0,2.45
1958-11-07,,,,2.5,2.46
1958-11-08,,,,2.5,
1958-11-09,,,,2.5,
1958-11-10,,,,1.75,2.62
1958-11-11,,,,1.75,
1958-11-12,,,,1.0,2.69
1958-11-13,,,,2.25,2.74
1958-11-14,,,,2.5,2.78
1958-11-15,,,,2.5,
1958-11-16,,,,2.5,
1958-11-17,,,,2.5,2.77
1958-11-18,,,,2.5,2.72
1958-11-19,,,,2.5,2.79
1958-11-20,,,,2.5,2.69
1958-11-21,,,,2.25,2.66
1958-11-22,,,,2.25,
1958-11-23,,,,2.25,
1958-11-24,,,,2.5,2.64
1958-11-25,,,,2.5,2.7
1958-11-26,,,,2.5,2.78
1958-11-27,,,,2.5,
1958-11-28,,,,2.5,2.78
1958-11-29,,,,2.5,
1958-11-30,,,,2.5,
1958-12-01,,,,2.38,2.75
1958-12-02,,,,1.5,2.78
1958-12-03,,,,2.25,2.82
1958-12-04,,,,2.5,2.82
1958-12-05,,,,2.5,2.78
1958-12-06,,,,2.5,
1958-12-07,,,,2.5,
1958-12-08,,,,2.25,2.77
1958-12-09,,,,2.0,2.82
1958-12-10,,,,2.5,2.84
1958-12-11,,,,2.5,2.84
1958-12-12,,,,2.5,2.84
1958-12-13,,,,2.5,
1958-12-14,,,,2.5,
1958-12-15,,,,2.5,2.83
1958-12-16,,,,2.5,2.83
1958-12-17,,,,2.5,2.87
1958-12-18,,,,2.5,2.83
1958-12-19,,,,2.5,2.76
1958-12-20,,,,2.5,
1958-12-21,,,,2.5,
1958-12-22,,,,2.5,2.7
1958-12-23,,,,2.5,2.7
1958-12-24,,,,2.5,2.71
1958-12-25,,,,2.5,
1958-12-26,,,,2.5,2.71
1958-12-27,,,,2.5,
1958-12-28,,,,2.5,
1958-12-29,,,,2.5,2.67
1958-12-30,,,,2.38,2.67
1958-12-31,,,,2.38,2.68
1959-01-01,,,,2.38,
1959-01-02,,,,2.5,2.67
1959-01-03,,,,2.5,
1959-01-04,,,,2.5,
1959-01-05,,,,2.5,2.66
1959-01-06,,,,2.5,2.68
1959-01-07,,,,2.5,2.77
1959-01-08,,,,2.5,2.76
1959-01-09,,,,2.5,2.71
1959-01-10,,,,2.5,
1959-01-11,,,,2.5,
1959-01-12,,,,2.5,2.76
1959-01-13,,,,2.25,2.79
1959-01-14,,,,2.38,2.92
1959-01-15,,,,2.5,2.94
1959-01-16,,,,2.5,2.91
1959-01-17,,,,2.5,
1959-01-18,,,,2.5,
1959-01-19,,,,2.5,3.01
1959-01-20,,,,2.5,3.01
1959-01-21,,,,2.5,2.93
1959-01-22,,,,2.5,2.92
1959-01-23,,,,2.5,2.96
1959-01-24,,,,2.5,
1959-01-25,,,,2.5,
1959-01-26,,,,2.5,2.94
1959-01-27,,,,2.5,2.84
1959-01-28,,,,2.5,2.76
1959-01-29,,,,2.5,2.69
1959-01-30,,,,2.5,2.64
1959-01-31,,,,2.5,
1959-02-01,,,,2.5,
1959-02-02,,,,2.5,2.75
1959-02-03,,,,2.5,2.8
1959-02-04,,,,2.5,2.75
1959-02-05,,,,2.5,2.59
1959-02-06,,,,2.5,2.6
1959-02-07,,,,2.5,
1959-02-08,,,,2.5,
1959-02-09,,,,2.5,2.78
1959-02-10,,,,2.25,2.7
1959-02-11,,,,1.75,2.7
1959-02-12,,,,2.5,
1959-02-13,,,,2.5,2.7
1959-02-14,,,,2.5,
1959-02-15,,,,2.5,
1959-02-16,,,,2.5,2.66
1959-02-17,,,,2.0,2.58
1959-02-18,,,,2.0,2.68
1959-02-19,,,,2.5,2.64
1959-02-20,,,,2.5,2.58
1959-02-21,,,,2.5,
1959-02-22,,,,2.5,
1959-02-23,,,,2.5,
1959-02-24,,,,2.5,2.64
1959-02-25,,,,2.5,2.82
1959-02-26,,,,2.5,2.82
1959-02-27,,,,2.5,2.76
1959-02-28,,,,2.5,
1959-03-01,,,,2.5,
1959-03-02,,,,2.5,2.77
1959-03-03,,,,2.25,2.78
1959-03-04,,,,2.5,2.85
1959-03-05,,,,2.5,2.82
1959-03-06,,,,3.0,2.98
1959-03-07,,,,3.0,
1959-03-08,,,,3.0,
1959-03-09,,,,2.5,2.97
1959-03-10,,,,2.5,2.84
1959-03-11,,,,2.5,2.85
1959-03-12,,,,2.75,2.81
1959-03-13,,,,2.88,2.8
1959-03-14,,,,2.88,
1959-03-15,,,,2.88,
1959-03-16,,,,2.88,2.72
1959-03-17,,,,2.75,2.76
1959-03-18,,,,3.0,2.8
1959-03-19,,,,2.88,2.79
1959-03-20,,,,3.0,2.77
1959-03-21,,,,3.0,
1959-03-22,,,,3.0,
1959-03-23,,,,3.0,2.74
1959-03-24,,,,2.88,2.74
1959-03-25,,,,2.75,2.77
1959-03-26,,,,3.0,2.77
1959-03-27,,,,2.88,
1959-03-28,,,,2.88,
1959-03-29,,,,2.88,
1959-03-30,,,,3.0,2.78
1959-03-31,,,,3.0,2.78
1959-04-01,,,,2.25,2.87
1959-04-02,,,,3.0,2.88
1959-04-03,,,,3.0,2.88
1959-04-04,,,,3.0,
1959-04-05,,,,3.0,
1959-04-06,,,,3.0,2.92
1959-04-07,,,,3.0,2.91
1959-04-08,,,,3.0,2.96
1959-04-09,,,,3.0,2.98
1959-04-10,,,,3.0,3.02
1959-04-11,,,,3.0,
1959-04-12,,,,3.0,
1959-04-13,,,,3.0,3.0
1959-04-14,,,,3.0,3.02
1959-04-15,,,,3.0,3.14
1959-04-16,,,,3.0,3.15
1959-04-17,,,,3.0,3.12
1959-04-18,,,,3.0,
1959-04-19,,,,3.0,
1959-04-20,,,,3.0,3.02
1959-04-21,,,,3.0,2.99
1959-04-22,,,,3.0,3.0
1959-04-23,,,,3.0,2.98
1959-04-24,,,,3.0,2.9
1959-04-25,,,,3.0,
1959-04-26,,,,3.0,
1959-04-27,,,,3.0,2.78
1959-04-28,,,,2.5,2.75
1959-04-29,,,,3.0,2.8
1959-04-30,,,,3.0,2.85
1959-05-01,,,,3.0,2.87
1959-05-02,,,,3.0,
1959-05-03,,,,3.0,
1959-05-04,,,,3.0,2.9
1959-05-05,,,,3.0,2.86
1959-05-06,,,,3.0,2.85
1959-05-07,,,,3.0,2.78
1959-05-08,,,,3.0,2.77
1959-05-09,,,,3.0,
1959-05-10,,,,3.0,
1959-05-11,,,,3.0,2.71
1959-05-12,,,,3.0,2.73
1959-05-13,,,,3.0,2.82
1959-05-14,,,,3.0,2.75
1959-05-15,,,,3.0,2.8
1959-05-16,,,,3.0,
1959-05-17,,,,3.0,
1959-05-18,,,,2.75,2.83
1959-05-19,,,,2.0,2.84
1959-05-20,,,,1.5,2.88
1959-05-21,,,,3.0,2.85
1959-05-22,,,,3.0,2.85
1959-05-23,,,,3.0,
1959-05-24,,,,3.0,
1959-05-25,,,,3.0,2.85
1959-05-26,,,,2.75,2.86
1959-05-27,,,,2.0,2.89
1959-05-28,,,,3.0,2.91
1959-05-29,,,,3.25,3.08
1959-05-30,,,,3.25,
1959-05-31,,,,3.25,
1959-06-01,,,,3.0,3.09
1959-06-02,,,,3.0,3.12
1959-06-03,,,,3.0,3.18
1959-06-04,,,,3.25,3.2
1959-06-05,,,,3.5,3.18
1959-06-06,,,,3.5,
1959-06-07,,,,3.5,
1959-06-08,,,,3.5,3.23
1959-06-09,,,,3.0,3.25
1959-06-10,,,,3.25,3.3
1959-06-11,,,,3.5,3.28
1959-06-12,,,,3.5,3.28
1959-06-13,,,,3.5,
1959-06-14,,,,3.5,
1959-06-15,,,,3.5,3.23
1959-06-16,,,,3.5,3.22
1959-06-17,,,,3.5,3.26
1959-06-18,,,,3.5,3.22
1959-06-19,,,,3.5,3.25
1959-06-20,,,,3.5,
1959-06-21,,,,3.5,
1959-06-22,,,,3.5,3.22
1959-06-23,,,,3.25,3.21
1959-06-24,,,,3.5,3.27
1959-06-25,,,,3.5,3.27
1959-06-26,,,,3.5,3.12
1959-06-27,,,,3.5,
1959-06-28,,,,3.5,
1959-06-29,,,,3.5,3.1
1959-06-30,,,,3.0,3.14
1959-07-01,,,,2.75,3.2
1959-07-02,,,,3.5,3.19
1959-07-03,,,,3.5,3.19
1959-07-04,,,,3.5,
1959-07-05,,,,3.5,
1959-07-06,,,,3.5,3.2
1959-07-07,,,,3.5,3.22
1959-07-08,,,,3.5,3.33
1959-07-09,,,,3.5,3.32
1959-07-10,,,,3.5,3.31
1959-07-11,,,,3.5,
1959-07-12,,,,3.5,
1959-07-13,,,,3.5,3.34
1959-07-14,,,,3.5,3.38
1959-07-15,,,,3.25,3.39
1959-07-16,,,,3.5,3.38
1959-07-17,,,,3.5,3.34
1959-07-18,,,,3.5,
1959-07-19,,,,3.5,
1959-07-20,,,,3.5,3.32
1959-07-21,,,,3.5,3.24
1959-07-22,,,,3.5,3.14
1959-07-23,,,,3.5,3.04
1959-07-24,,,,3.5,3.0
1959-07-25,,,,3.5,
1959-07-26,,,,3.5,
1959-07-27,,,,3.5,3.02
1959-07-28,,,,3.5,2.98
1959-07-29,,,,3.5,3.03
1959-07-30,,,,3.5,3.01
1959-07-31,,,,3.5,3.0
1959-08-01,,,,3.5,
1959-08-02,,,,3.5,
1959-08-03,,,,3.5,2.99
1959-08-04,,,,3.5,2.97
1959-08-05,,,,3.5,3.01
1959-08-06,,,,3.5,3.03
1959-08-07,,,,3.5,3.01
1959-08-08,,,,3.5,
1959-08-09,,,,3.5,
1959-08-10,,,,3.5,3.04
1959-08-11,,,,3.5,3.08
1959-08-12,,,,3.5,3.24
1959-08-13,,,,3.5,3.24
1959-08-14,,,,3.5,3.26
1959-08-15,,,,3.5,
1959-08-16,,,,3.5,
1959-08-17,,,,3.5,3.36
1959-08-18,,,,3.5,3.44
1959-08-19,,,,3.5,3.52
1959-08-20,,,,3.5,3.54
1959-08-21,,,,3.5,3.66
1959-08-22,,,,3.5,
1959-08-23,,,,3.5,
1959-08-24,,,,3.5,3.78
1959-08-25,,,,3.5,3.75
1959-08-26,,,,3.5,3.77
1959-08-27,,,,3.5,3.65
1959-08-28,,,,3.5,3.7
1959-08-29,,,,3.5,
1959-08-30,,,,3.5,
1959-08-31,,,,3.5,3.88
1959-09-01,,,,3.5,3.92
1959-09-02,,,,3.5,4.01
1959-09-03,,,,3.5,3.99
1959-09-04,,,,3.5,3.93
1959-09-05,,,,3.5,
1959-09-06,,,,3.5,
1959-09-07,,,,3.5,
1959-09-08,,,,3.5,4.0
1959-09-09,,,,3.25,4.02
1959-09-10,,,,3.5,4.02
1959-09-11,,,,4.0,4.02
1959-09-12,,,,4.0,
1959-09-13,,,,4.0,
1959-09-14,,,,4.0,4.15
1959-09-15,,,,4.0,4.18
1959-09-16,,,,3.25,4.17
1959-09-17,,,,4.0,4.18
1959-09-18,,,,4.0,3.98
1959-09-19,,,,4.0,
1959-09-20,,,,4.0,
1959-09-21,,,,4.0,3.89
1959-09-22,,,,3.75,3.94
1959-09-23,,,,4.0,4.03
1959-09-24,,,,4.0,4.0
1959-09-25,,,,4.0,4.03
1959-09-26,,,,4.0,
1959-09-27,,,,4.0,
1959-09-28,,,,4.0,4.2
1959-09-29,,,,4.0,4.16
1959-09-30,,,,3.0,4.1
1959-10-01,,,,4.0,4.08
1959-10-02,,,,4.0,3.94
1959-10-03,,,,4.0,
1959-10-04,,,,4.0,
1959-10-05,,,,4.0,3.9
1959-10-06,,,,4.0,3.9
1959-10-07,,,,4.0,4.06
1959-10-08,,,,4.0,4.06
1959-10-09,,,,4.0,4.17
1959-10-10,,,,4.0,
1959-10-11,,,,4.0,
1959-10-12,,,,4.0,
1959-10-13,,,,4.0,4.24
1959-10-14,,,,3.75,4.3
1959-10-15,,,,4.0,4.25
1959-10-16,,,,4.0,4.18
1959-10-17,,,,4.0,
1959-10-18,,,,4.0,
1959-10-19,,,,4.0,4.06
1959-10-20,,,,3.75,4.0
1959-10-21,,,,4.0,3.97
1959-10-22,,,,4.0,3.99
1959-10-23,,,,4.0,3.92
1959-10-24,,,,4.0,
1959-10-25,,,,4.0,
1959-10-26,,,,4.0,3.99
1959-10-27,,,,4.0,3.99
1959-10-28,,,,4.0,4.02
1959-10-29,,,,4.0,4.01
1959-10-30,,,,4.0,4.0
1959-10-31,,,,4.0,
1959-11-01,,,,4.0,
1959-11-02,,,,4.0,4.14
1959-11-03,,,,4.0,
1959-11-04,,,,4.0,4.06
1959-11-05,,,,4.0,4.0
1959-11-06,,,,4.0,3.93
1959-11-07,,,,4.0,
1959-11-08,,,,4.0,
1959-11-09,,,,4.0,4.04
1959-11-10,,,,4.0,4.0
1959-11-11,,,,4.0,
1959-11-12,,,,4.0,4.05
1959-11-13,,,,4.0,4.05
1959-11-14,,,,4.0,
1959-11-15,,,,4.0,
1959-11-16,,,,4.0,4.26
1959-11-17,,,,4.0,4.18
1959-11-18,,,,4.0,4.24
1959-11-19,,,,4.0,4.18
1959-11-20,,,,4.0,4.13
1959-11-21,,,,4.0,
1959-11-22,,,,4.0,
1959-11-23,,,,4.0,4.18
1959-11-24,,,,4.0,4.2
1959-11-25,,,,4.0,4.28
1959-11-26,,,,4.0,
1959-11-27,,,,4.0,4.32
1959-11-28,,,,4.0,
1959-11-29,,,,4.0,
1959-11-30,,,,4.0,4.44
1959-12-01,,,,4.0,4.44
1959-12-02,,,,3.75,4.56
1959-12-03,,,,4.0,4.55
1959-12-04,,,,4.0,4.53
1959-12-05,,,,4.0,
1959-12-06,,,,4.0,
1959-12-07,,,,4.0,4.52
1959-12-08,,,,4.0,4.48
1959-12-09,,,,4.0,4.46
1959-12-10,,,,4.0,4.47
1959-12-11,,,,4.0,4.48
1959-12-12,,,,4.0,
1959-12-13,,,,4.0,
1959-12-14,,,,4.0,4.45
1959-12-15,,,,4.0,4.44
1959-12-16,,,,4.0,4.48
1959-12-17,,,,4.0,4.55
1959-12-18,,,,4.0,4.55
1959-12-19,,,,4.0,
1959-12-20,,,,4.0,
1959-12-21,,,,4.0,4.61
1959-12-22,,,,4.0,4.6
1959-12-23,,,,4.0,4.63
1959-12-24,,,,4.0,4.46
1959-12-25,,,,4.0,
1959-12-26,,,,4.0,
1959-12-27,,,,4.0,
1959-12-28,,,,4.0,4.44
1959-12-29,,,,4.0,4.37
1959-12-30,,,,4.0,4.37
1959-12-31,,,,4.0,4.4
1960-01-01,,,,4.0,
1960-01-02,,,,4.0,
1960-01-03,,,,4.0,
1960-01-04,,,,4.0,4.52
1960-01-05,,,,4.0,4.55
1960-01-06,,,,4.0,4.68
1960-01-07,,,,4.0,4.63
1960-01-08,,,,4.0,4.59
1960-01-09,,,,4.0,
1960-01-10,,,,4.0,
1960-01-11,,,,4.0,4.54
1960-01-12,,,,4.0,4.54
1960-01-13,,,,4.0,4.56
1960-01-14,,,,4.0,4.51
1960-01-15,,,,4.0,4.49
1960-01-16,,,,4.0,
1960-01-17,,,,4.0,
1960-01-18,,,,4.0,4.37
1960-01-19,,,,4.0,4.31
1960-01-20,,,,4.0,4.3
1960-01-21,,,,4.0,4.27
1960-01-22,,,,4.0,4.12
1960-01-23,,,,4.0,
1960-01-24,,,,4.0,
1960-01-25,,,,4.0,4.12
1960-01-26,,,,4.0,4.04
1960-01-27,,,,3.75,3.99
1960-01-28,,,,4.0,3.92
1960-01-29,,,,4.0,3.99
1960-01-30,,,,4.0,
1960-01-31,,,,4.0,
1960-02-01,,,,4.0,4.0
1960-02-02,,,,4.0,3.96
1960-02-03,,,,4.0,4.0
1960-02-04,,,,4.0,3.95
1960-02-05,,,,4.0,3.8
1960-02-06,,,,4.0,
1960-02-07,,,,4.0,
1960-02-08,,,,4.0,3.55
1960-02-09,,,,3.75,3.58
1960-02-10,,,,4.0,3.7
1960-02-11,,,,4.0,3.85
1960-02-12,,,,4.0,
1960-02-13,,,,4.0,
1960-02-14,,,,4.0,
1960-02-15,,,,4.0,3.96
1960-02-16,,,,4.0,4.04
1960-02-17,,,,4.0,4.07
1960-02-18,,,,4.0,4.04
1960-02-19,,,,4.0,4.08
1960-02-20,,,,4.0,
1960-02-21,,,,4.0,
1960-02-22,,,,4.0,
1960-02-23,,,,3.75,4.06
1960-02-24,,,,3.5,4.13
1960-02-25,,,,4.0,4.17
1960-02-26,,,,4.0,4.19
1960-02-27,,,,4.0,
1960-02-28,,,,4.0,
1960-02-29,,,,4.0,4.19
1960-03-01,,,,4.0,4.09
1960-03-02,,,,4.0,3.98
1960-03-03,,,,4.0,3.7
1960-03-04,,,,4.0,3.64
1960-03-05,,,,4.0,
1960-03-06,,,,4.0,
1960-03-07,,,,3.75,3.54
1960-03-08,,,,4.0,3.56
1960-03-09,,,,4.0,3.64
1960-03-10,,,,4.0,3.66
1960-03-11,,,,4.0,3.59
1960-03-12,,,,4.0,
1960-03-13,,,,4.0,
1960-03-14,,,,4.0,3.44
1960-03-15,,,,4.0,3.46
1960-03-16,,,,3.75,3.43
1960-03-17,,,,4.0,3.44
1960-03-18,,,,4.0,3.3
1960-03-19,,,,4.0,
1960-03-20,,,,4.0,
1960-03-21,,,,4.0,3.05
1960-03-22,,,,3.25,2.9
1960-03-23,,,,1.5,2.77
1960-03-24,,,,3.75,2.82
1960-03-25,,,,4.0,2.68
1960-03-26,,,,4.0,
1960-03-27,,,,4.0,
1960-03-28,,,,4.0,2.78
1960-03-29,,,,3.25,2.83
1960-03-30,,,,3.75,2.92
1960-03-31,,,,4.0,3.02
1960-04-01,,,,4.0,2.84
1960-04-02,,,,4.0,
1960-04-03,,,,4.0,
1960-04-04,,,,3.75,2.72
1960-04-05,,,,3.75,2.8
1960-04-06,,,,4.0,2.92
1960-04-07,,,,4.0,3.05
1960-04-08,,,,4.0,3.3
1960-04-09,,,,4.0,
1960-04-10,,,,4.0,
1960-04-11,,,,4.0,3.55
1960-04-12,,,,4.0,3.6
1960-04-13,,,,3.75,3.57
1960-04-14,,,,4.0,3.52
1960-04-15,,,,4.0,
1960-04-16,,,,4.0,
1960-04-17,,,,4.0,
1960-04-18,,,,3.75,3.28
1960-04-19,,,,3.5,3.34
1960-04-20,,,,3.5,3.34
1960-04-21,,,,4.0,3.35
1960-04-22,,,,4.0,3.37
1960-04-23,,,,4.0,
1960-04-24,,,,4.0,
1960-04-25,,,,4.0,3.26
1960-04-26,,,,3.5,3.25
1960-04-27,,,,4.0,3.25
1960-04-28,,,,4.0,3.16
1960-04-29,,,,4.0,3.04
1960-04-30,,,,4.0,
1960-05-01,,,,4.0,
1960-05-02,,,,4.0,3.03
1960-05-03,,,,4.0,3.14
1960-05-04,,,,4.0,3.12
1960-05-05,,,,4.0,3.09
1960-05-06,,,,4.0,3.04
1960-05-07,,,,4.0,
1960-05-08,,,,4.0,
1960-05-09,,,,4.0,3.22
1960-05-10,,,,4.0,3.25
1960-05-11,,,,4.0,3.31
1960-05-12,,,,4.0,3.36
1960-05-13,,,,4.0,3.44
1960-05-14,,,,4.0,
1960-05-15,,,,4.0,
1960-05-16,,,,4.0,3.62
1960-05-17,,,,4.0,3.54
1960-05-18,,,,3.25,3.67
1960-05-19,,,,4.0,3.42
1960-05-20,,,,4.0,3.25
1960-05-21,,,,4.0,
1960-05-22,,,,4.0,
1960-05-23,,,,4.0,3.42
1960-05-24,,,,3.5,3.36
1960-05-25,,,,3.0,3.32
1960-05-26,,,,4.0,3.26
1960-05-27,,,,3.5,3.09
1960-05-28,,,,3.5,
1960-05-29,,,,3.5,
1960-05-30,,,,3.5,
1960-05-31,,,,3.5,3.12
1960-06-01,,,,2.0,3.06
1960-06-02,,,,3.75,2.92
1960-06-03,,,,4.0,2.65
1960-06-04,,,,4.0,
1960-06-05,,,,4.0,
1960-06-06,,,,3.5,2.62
1960-06-07,,,,3.5,2.68
1960-06-08,,,,4.0,2.75
1960-06-09,,,,4.0,2.63
1960-06-10,,,,3.5,2.38
1960-06-11,,,,3.5,
1960-06-12,,,,3.5,
1960-06-13,,,,3.25,2.29
1960-06-14,,,,3.0,2.29
1960-06-15,,,,3.0,2.27
1960-06-16,,,,3.5,2.32
1960-06-17,,,,3.5,2.37
1960-06-18,,,,3.5,
1960-06-19,,,,3.5,
1960-06-20,,,,3.5,2.55
1960-06-21,,,,3.5,2.32
1960-06-22,,,,3.5,2.36
1960-06-23,,,,3.5,2.39
1960-06-24,,,,3.5,2.35
1960-06-25,,,,3.5,
1960-06-26,,,,3.5,
1960-06-27,,,,3.0,2.31
1960-06-28,,,,1.5,2.2
1960-06-29,,,,0.5,2.14
1960-06-30,,,,3.5,2.19
1960-07-01,,,,3.25,2.05
1960-07-02,,,,3.25,
1960-07-03,,,,3.25,
1960-07-04,,,,3.25,
1960-07-05,,,,3.5,2.1
1960-07-06,,,,3.5,2.25
1960-07-07,,,,3.5,2.34
1960-07-08,,,,3.5,2.39
1960-07-09,,,,3.5,
1960-07-10,,,,3.5,
1960-07-11,,,,3.25,2.49
1960-07-12,,,,2.0,2.42
1960-07-13,,,,1.25,2.46
1960-07-14,,,,3.5,2.37
1960-07-15,,,,3.5,2.31
1960-07-16,,,,3.5,
1960-07-17,,,,3.5,
1960-07-18,,,,3.5,2.26
1960-07-19,,,,3.5,2.28
1960-07-20,,,,3.5,2.34
1960-07-21,,,,3.5,2.34
1960-07-22,,,,3.5,2.35
1960-07-23,,,,3.5,
1960-07-24,,,,3.5,
1960-07-25,,,,3.5,2.31
1960-07-26,,,,3.0,2.23
1960-07-27,,,,1.5,2.23
1960-07-28,,,,3.25,2.23
1960-07-29,,,,3.25,2.19
1960-07-30,,,,3.25,
1960-07-31,,,,3.25,
1960-08-01,,,,3.5,2.1
1960-08-02,,,,3.25,2.12
1960-08-03,,,,3.25,2.17
1960-08-04,,,,3.5,2.15
1960-08-05,,,,3.5,2.13
1960-08-06,,,,3.5,
1960-08-07,,,,3.5,
1960-08-08,,,,3.5,2.18
1960-08-09,,,,2.5,2.16
1960-08-10,,,,1.75,2.19
1960-08-11,,,,3.5,2.24
1960-08-12,,,,3.0,2.15
1960-08-13,,,,3.0,
1960-08-14,,,,3.0,
1960-08-15,,,,3.0,2.2
1960-08-16,,,,3.0,2.22
1960-08-17,,,,3.0,2.33
1960-08-18,,,,3.0,2.38
1960-08-19,,,,3.0,2.4
1960-08-20,,,,3.0,
1960-08-21,,,,3.0,
1960-08-22,,,,2.5,2.37
1960-08-23,,,,2.0,2.35
1960-08-24,,,,2.25,2.46
1960-08-25,,,,3.0,2.49
1960-08-26,,,,3.0,2.46
1960-08-27,,,,3.0,
1960-08-28,,,,3.0,
1960-08-29,,,,2.75,2.48
1960-08-30,,,,2.5,2.53
1960-08-31,,,,3.0,2.57
1960-09-01,,,,3.0,2.58
1960-09-02,,,,3.0,2.49
1960-09-03,,,,3.0,
1960-09-04,,,,3.0,
1960-09-05,,,,3.0,
1960-09-06,,,,3.0,2.54
1960-09-07,,,,2.75,2.54
1960-09-08,,,,3.0,2.55
1960-09-09,,,,3.0,2.59
1960-09-10,,,,3.0,
1960-09-11,,,,3.0,
1960-09-12,,,,3.0,2.61
1960-09-13,,,,2.0,2.63
1960-09-14,,,,2.5,2.63
1960-09-15,,,,3.0,2.53
1960-09-16,,,,2.5,2.48
1960-09-17,,,,2.5,
1960-09-18,,,,2.5,
1960-09-19,,,,1.0,2.4
1960-09-20,,,,0.75,2.39
1960-09-21,,,,1.0,2.46
1960-09-22,,,,2.75,2.5
1960-09-23,,,,2.25,2.4
1960-09-24,,,,2.25,
1960-09-25,,,,2.25,
1960-09-26,,,,3.0,2.34
1960-09-27,,,,3.0,2.4
1960-09-28,,,,3.0,2.37
1960-09-29,,,,3.0,2.33
1960-09-30,,,,3.0,2.3
1960-10-01,,,,3.0,
1960-10-02,,,,3.0,
1960-10-03,,,,2.75,2.31
1960-10-04,,,,2.5,2.27
1960-10-05,,,,2.75,2.45
1960-10-06,,,,3.0,2.47
1960-10-07,,,,3.0,2.53
1960-10-08,,,,3.0,
1960-10-09,,,,3.0,
1960-10-10,,,,3.0,2.61
1960-10-11,,,,3.0,2.53
1960-10-12,,,,3.0,
1960-10-13,,,,3.0,2.6
1960-10-14,,,,2.75,2.44
1960-10-15,,,,2.75,
1960-10-16,,,,2.75,
1960-10-17,,,,1.5,2.33
1960-10-18,,,,0.5,2.25
1960-10-19,,,,0.25,2.3
1960-10-20,,,,1.5,2.12
1960-10-21,,,,1.25,2.15
1960-10-22,,,,1.25,
1960-10-23,,,,1.25,
1960-10-24,,,,2.75,2.11
1960-10-25,,,,3.0,2.12
1960-10-26,,,,3.0,2.17
1960-10-27,,,,3.0,2.1
1960-10-28,,,,2.75,2.07
1960-10-29,,,,2.75,
1960-10-30,,,,2.75,
1960-10-31,,,,2.75,2.12
1960-11-01,,,,3.0,2.25
1960-11-02,,,,3.0,2.2
1960-11-03,,,,3.0,2.21
1960-11-04,,,,3.0,2.22
1960-11-05,,,,3.0,
1960-11-06,,,,3.0,
1960-11-07,,,,3.0,2.34
1960-11-08,,,,3.0,
1960-11-09,,,,2.75,2.41
1960-11-10,,,,3.0,2.45
1960-11-11,,,,3.0,
1960-11-12,,,,3.0,
1960-11-13,,,,3.0,
1960-11-14,,,,3.0,2.52
1960-11-15,,,,2.5,2.52
1960-11-16,,,,2.25,2.49
1960-11-17,,,,3.0,2.4
1960-11-18,,,,2.25,2.37
1960-11-19,,,,2.25,
1960-11-20,,,,2.25,
1960-11-21,,,,2.5,2.35
1960-11-22,,,,2.0,2.38
1960-11-23,,,,2.0,2.41
1960-11-24,,,,2.0,
1960-11-25,,,,2.25,2.39
1960-11-26,,,,2.25,
1960-11-27,,,,2.25,
1960-11-28,,,,1.25,2.32
1960-11-29,,,,0.25,2.4
1960-11-30,,,,0.25,2.4
1960-12-01,,,,1.5,2.33
1960-12-02,,,,1.5,2.3
1960-12-03,,,,1.5,
1960-12-04,,,,1.5,
1960-12-05,,,,2.0,2.28
1960-12-06,,,,1.75,2.3
1960-12-07,,,,2.0,2.32
1960-12-08,,,,1.75,2.26
1960-12-09,,,,2.25,2.26
1960-12-10,,,,2.25,
1960-12-11,,,,2.25,
1960-12-12,,,,2.25,2.28
1960-12-13,,,,1.25,2.26
1960-12-14,,,,0.5,2.23
1960-12-15,,,,2.0,2.25
1960-12-16,,,,2.0,2.24
1960-12-17,,,,2.0,
1960-12-18,,,,2.0,
1960-12-19,,,,2.0,2.23
1960-12-20,,,,2.25,2.3
1960-12-21,,,,2.75,2.26
1960-12-22,,,,2.25,2.22
1960-12-23,,,,1.75,2.18
1960-12-24,,,,1.75,
1960-12-25,,,,1.75,
1960-12-26,,,,1.75,
1960-12-27,,,,2.0,2.21
1960-12-28,,,,2.0,2.16
1960-12-29,,,,3.0,2.17
1960-12-30,,,,3.0,2.2
1960-12-31,,,,3.0,
1961-01-01,,,,3.0,
1961-01-02,,,,3.0,
1961-01-03,,,,1.5,2.3
1961-01-04,,,,1.0,2.26
1961-01-05,,,,2.0,2.27
1961-01-06,,,,1.75,2.28
1961-01-07,,,,1.75,
1961-01-08,,,,1.75,
1961-01-09,,,,2.25,2.31
1961-01-10,,,,1.25,2.27
1961-01-11,,,,0.5,2.26
1961-01-12,,,,1.75,2.27
1961-01-13,,,,2.5,2.27
1961-01-14,,,,2.5,
1961-01-15,,,,2.5,
1961-01-16,,,,2.25,2.25
1961-01-17,,,,1.25,2.2
1961-01-18,,,,1.0,2.29
1961-01-19,,,,1.75,2.27
1961-01-20,,,,0.75,2.22
1961-01-21,,,,0.75,
1961-01-22,,,,0.75,
1961-01-23,,,,0.25,2.16
1961-01-24,,,,0.25,2.15
1961-01-25,,,,0.13,2.2
1961-01-26,,,,0.75,2.17
1961-01-27,,,,0.75,2.18
1961-01-28,,,,0.75,
1961-01-29,,,,0.75,
1961-01-30,,,,1.5,2.24
1961-01-31,,,,2.25,2.28
1961-02-01,,,,2.75,2.35
1961-02-02,,,,2.5,2.31
1961-02-03,,,,1.75,2.28
1961-02-04,,,,1.75,
1961-02-05,,,,1.75,
1961-02-06,,,,2.0,2.32
1961-02-07,,,,3.0,2.33
1961-02-08,,,,3.0,2.36
1961-02-09,,,,3.0,2.36
1961-02-10,,,,2.5,2.39
1961-02-11,,,,2.5,
1961-02-12,,,,2.5,
1961-02-13,,,,3.0,
1961-02-14,,,,3.0,2.4
1961-02-15,,,,3.0,2.44
1961-02-16,,,,2.75,2.38
1961-02-17,,,,2.5,2.4
1961-02-18,,,,2.5,
1961-02-19,,,,2.5,
1961-02-20,,,,2.5,2.45
1961-02-21,,,,2.5,2.52
1961-02-22,,,,2.5,
1961-02-23,,,,2.75,2.54
1961-02-24,,,,2.75,2.52
1961-02-25,,,,2.75,
1961-02-26,,,,2.75,
1961-02-27,,,,2.5,2.56
1961-02-28,,,,2.0,2.58
1961-03-01,,,,2.0,2.6
1961-03-02,,,,2.0,2.54
1961-03-03,,,,2.5,2.51
1961-03-04,,,,2.5,
1961-03-05,,,,2.5,
1961-03-06,,,,3.0,2.45
1961-03-07,,,,2.75,2.46
1961-03-08,,,,3.0,2.44
1961-03-09,,,,2.75,2.43
1961-03-10,,,,2.25,2.42
1961-03-11,,,,2.25,
1961-03-12,,,,2.25,
1961-03-13,,,,1.5,2.38
1961-03-14,,,,1.25,2.37
1961-03-15,,,,1.75,2.36
1961-03-16,,,,2.0,2.33
1961-03-17,,,,1.75,2.3
1961-03-18,,,,1.75,
1961-03-19,,,,1.75,
1961-03-20,,,,2.0,2.29
1961-03-21,,,,1.75,2.27
1961-03-22,,,,1.75,2.24
1961-03-23,,,,1.5,2.29
1961-03-24,,,,2.0,2.32
1961-03-25,,,,2.0,
1961-03-26,,,,2.0,
1961-03-27,,,,2.0,2.32
1961-03-28,,,,1.25,2.35
1961-03-29,,,,0.5,2.41
1961-03-30,,,,2.5,2.42
1961-03-31,,,,2.0,
1961-04-01,,,,2.0,
1961-04-02,,,,2.0,
1961-04-03,,,,2.0,2.4
1961-04-04,,,,1.5,2.39
1961-04-05,,,,0.5,2.39
1961-04-06,,,,1.75,2.32
1961-04-07,,,,2.0,2.3
1961-04-08,,,,2.0,
1961-04-09,,,,2.0,
1961-04-10,,,,2.5,2.3
1961-04-11,,,,2.0,2.3
1961-04-12,,,,2.5,2.34
1961-04-13,,,,2.75,2.33
1961-04-14,,,,2.0,2.3
1961-04-15,,,,2.0,
1961-04-16,,,,2.0,
1961-04-17,,,,1.75,2.28
1961-04-18,,,,0.5,2.26
1961-04-19,,,,0.5,2.26
1961-04-20,,,,1.5,2.22
1961-04-21,,,,1.5,2.23
1961-04-22,,,,1.5,
1961-04-23,,,,1.5,
1961-04-24,,,,0.5,2.18
1961-04-25,,,,0.5,2.2
1961-04-26,,,,1.0,2.24
1961-04-27,,,,1.0,2.27
1961-04-28,,,,0.5,2.27
1961-04-29,,,,0.5,
1961-04-30,,,,0.5,
1961-05-01,,,,0.5,2.27
1961-05-02,,,,0.5,2.25
1961-05-03,,,,0.25,2.21
1961-05-04,,,,0.75,2.19
1961-05-05,,,,1.0,2.18
1961-05-06,,,,1.0,
1961-05-07,,,,1.0,
1961-05-08,,,,2.25,2.21
1961-05-09,,,,2.75,2.24
1961-05-10,,,,2.75,2.23
1961-05-11,,,,2.5,2.23
1961-05-12,,,,1.75,2.22
1961-05-13,,,,1.75,
1961-05-14,,,,1.75,
1961-05-15,,,,2.5,2.24
1961-05-16,,,,2.75,2.25
1961-05-17,,,,3.0,2.33
1961-05-18,,,,3.0,2.32
1961-05-19,,,,2.25,2.29
1961-05-20,,,,2.25,
1961-05-21,,,,2.25,
1961-05-22,,,,2.25,2.32
1961-05-23,,,,2.75,2.36
1961-05-24,,,,2.75,2.44
1961-05-25,,,,2.75,2.42
1961-05-26,,,,2.25,2.39
1961-05-27,,,,2.25,
1961-05-28,,,,2.25,
1961-05-29,,,,2.25,2.36
1961-05-30,,,,2.25,
1961-05-31,,,,1.0,2.34
1961-06-01,,,,2.0,2.37
1961-06-02,,,,3.0,2.47
1961-06-03,,,,3.0,
1961-06-04,,,,3.0,
1961-06-05,,,,2.75,2.49
1961-06-06,,,,2.0,2.42
1961-06-07,,,,1.75,2.39
1961-06-08,,,,1.75,2.36
1961-06-09,,,,1.25,2.35
1961-06-10,,,,1.25,
1961-06-11,,,,1.25,
1961-06-12,,,,1.0,2.31
1961-06-13,,,,0.25,2.33
1961-06-14,,,,0.25,2.32
1961-06-15,,,,2.0,2.32
1961-06-16,,,,2.25,2.33
1961-06-17,,,,2.25,
1961-06-18,,,,2.25,
1961-06-19,,,,2.25,2.33
1961-06-20,,,,2.25,2.31
1961-06-21,,,,2.75,2.32
1961-06-22,,,,2.5,2.31
1961-06-23,,,,1.5,2.28
1961-06-24,,,,1.5,
1961-06-25,,,,1.5,
1961-06-26,,,,0.5,2.24
1961-06-27,,,,0.25,2.28
1961-06-28,,,,0.5,2.29
1961-06-29,,,,2.5,2.27
1961-06-30,,,,0.5,2.27
1961-07-01,,,,0.5,
1961-07-02,,,,0.5,
1961-07-03,,,,1.25,2.3
1961-07-04,,,,1.25,
1961-07-05,,,,0.75,2.32
1961-07-06,,,,2.0,2.31
1961-07-07,,,,1.75,2.3
1961-07-08,,,,1.75,
1961-07-09,,,,1.75,
1961-07-10,,,,1.25,2.28
1961-07-11,,,,0.5,2.25
1961-07-12,,,,0.5,2.26
1961-07-13,,,,1.25,2.24
1961-07-14,,,,1.0,2.2
1961-07-15,,,,1.0,
1961-07-16,,,,1.0,
1961-07-17,,,,1.0,2.18
1961-07-18,,,,1.0,2.2
1961-07-19,,,,2.0,2.2
1961-07-20,,,,1.5,2.19
1961-07-21,,,,1.0,2.16
1961-07-22,,,,1.0,
1961-07-23,,,,1.0,
1961-07-24,,,,0.75,2.19
1961-07-25,,,,0.5,2.21
1961-07-26,,,,0.25,2.25
1961-07-27,,,,1.25,2.2
1961-07-28,,,,1.5,2.24
1961-07-29,,,,1.5,
1961-07-30,,,,1.5,
1961-07-31,,,,2.5,2.26
1961-08-01,,,,1.75,2.25
1961-08-02,,,,1.5,2.3
1961-08-03,,,,2.5,2.29
1961-08-04,,,,1.75,2.29
1961-08-05,,,,1.75,
1961-08-06,,,,1.75,
1961-08-07,,,,2.25,2.31
1961-08-08,,,,2.75,2.34
1961-08-09,,,,3.0,2.39
1961-08-10,,,,2.75,2.42
1961-08-11,,,,2.75,2.44
1961-08-12,,,,2.75,
1961-08-13,,,,2.75,
1961-08-14,,,,2.75,2.48
1961-08-15,,,,2.75,2.49
1961-08-16,,,,2.75,2.54
1961-08-17,,,,2.75,2.5
1961-08-18,,,,1.75,2.47
1961-08-19,,,,1.75,
1961-08-20,,,,1.75,
1961-08-21,,,,1.5,2.46
1961-08-22,,,,1.25,2.46
1961-08-23,,,,0.75,2.49
1961-08-24,,,,1.75,2.39
1961-08-25,,,,1.25,2.34
1961-08-26,,,,1.25,
1961-08-27,,,,1.25,
1961-08-28,,,,1.0,2.3
1961-08-29,,,,2.0,2.36
1961-08-30,,,,2.0,2.36
1961-08-31,,,,1.75,2.35
1961-09-01,,,,1.5,2.35
1961-09-02,,,,1.5,
1961-09-03,,,,1.5,
1961-09-04,,,,1.5,
1961-09-05,,,,0.5,2.35
1961-09-06,,,,0.75,2.33
1961-09-07,,,,1.75,2.3
1961-09-08,,,,2.25,2.31
1961-09-09,,,,2.25,
1961-09-10,,,,2.25,
1961-09-11,,,,2.75,2.29
1961-09-12,,,,2.5,2.29
1961-09-13,,,,2.75,2.31
1961-09-14,,,,2.0,2.29
1961-09-15,,,,1.5,2.27
1961-09-16,,,,1.5,
1961-09-17,,,,1.5,
1961-09-18,,,,1.5,2.25
1961-09-19,,,,2.0,2.26
1961-09-20,,,,3.0,2.29
1961-09-21,,,,2.5,2.26
1961-09-22,,,,1.75,2.25
1961-09-23,,,,1.75,
1961-09-24,,,,1.75,
1961-09-25,,,,2.0,2.25
1961-09-26,,,,1.75,2.25
1961-09-27,,,,2.25,2.26
1961-09-28,,,,2.75,2.25
1961-09-29,,,,1.5,2.23
1961-09-30,,,,1.5,
1961-10-01,,,,1.5,
1961-10-02,,,,1.5,2.24
1961-10-03,,,,0.75,2.24
1961-10-04,,,,2.0,2.33
1961-10-05,,,,2.25,2.29
1961-10-06,,,,2.25,2.31
1961-10-07,,,,2.25,
1961-10-08,,,,2.25,
1961-10-09,,,,2.75,2.33
1961-10-10,,,,2.25,2.31
1961-10-11,,,,3.0,2.37
1961-10-12,,,,2.75,
1961-10-13,,,,3.0,2.37
1961-10-14,,,,3.0,
1961-10-15,,,,3.0,
1961-10-16,,,,3.0,2.32
1961-10-17,,,,2.25,2.26
1961-10-18,,,,1.5,2.29
1961-10-19,,,,2.0,2.29
1961-10-20,,,,2.25,2.3
1961-10-21,,,,2.25,
1961-10-22,,,,2.25,
1961-10-23,,,,2.5,2.3
1961-10-24,,,,2.25,2.28
1961-10-25,,,,3.0,2.3
1961-10-26,,,,2.5,2.3
1961-10-27,,,,2.0,2.29
1961-10-28,,,,2.0,
1961-10-29,,,,2.0,
1961-10-30,,,,1.75,2.27
1961-10-31,,,,2.0,2.28
1961-11-01,,,,2.75,2.28
1961-11-02,,,,2.25,2.27
1961-11-03,,,,2.75,2.28
1961-11-04,,,,2.75,
1961-11-05,,,,2.75,
1961-11-06,,,,2.75,2.32
1961-11-07,,,,2.75,
1961-11-08,,,,3.0,2.39
1961-11-09,,,,3.0,2.41
1961-11-10,,,,2.5,2.47
1961-11-11,,,,2.5,
1961-11-12,,,,2.5,
1961-11-13,,,,2.75,2.49
1961-11-14,,,,3.0,2.52
1961-11-15,,,,3.0,2.58
1961-11-16,,,,3.0,2.54
1961-11-17,,,,2.75,2.53
1961-11-18,,,,2.75,
1961-11-19,,,,2.75,
1961-11-20,,,,2.5,2.52
1961-11-21,,,,2.75,2.52
1961-11-22,,,,3.0,2.56
1961-11-23,,,,3.0,
1961-11-24,,,,2.75,2.55
1961-11-25,,,,2.75,
1961-11-26,,,,2.75,
1961-11-27,,,,2.5,2.58
1961-11-28,,,,1.75,2.57
1961-11-29,,,,0.5,2.59
1961-11-30,,,,1.75,2.55
1961-12-01,,,,2.25,2.53
1961-12-02,,,,2.25,
1961-12-03,,,,2.25,
1961-12-04,,,,2.5,2.56
1961-12-05,,,,2.25,2.58
1961-12-06,,,,2.5,2.61
1961-12-07,,,,1.75,2.58
1961-12-08,,,,2.0,2.57
1961-12-09,,,,2.0,
1961-12-10,,,,2.0,
1961-12-11,,,,2.0,2.56
1961-12-12,,,,1.0,2.57
1961-12-13,,,,0.5,2.6
1961-12-14,,,,2.0,2.61
1961-12-15,,,,2.5,2.63
1961-12-16,,,,2.5,
1961-12-17,,,,2.5,
1961-12-18,,,,2.25,2.63
1961-12-19,,,,2.0,2.6
1961-12-20,,,,2.75,2.6
1961-12-21,,,,3.0,2.6
1961-12-22,,,,2.75,2.6
1961-12-23,,,,2.75,
1961-12-24,,,,2.75,
1961-12-25,,,,2.75,
1961-12-26,,,,3.0,2.64
1961-12-27,,,,3.0,2.66
1961-12-28,,,,3.0,2.66
1961-12-29,,,,2.5,2.67
1961-12-30,,,,2.5,
1961-12-31,,,,2.5,
1962-01-01,,,,2.5,
1962-01-02,,,4.06,2.75,2.7
1962-01-03,,,4.03,2.5,2.73
1962-01-04,,,3.99,2.75,2.72
1962-01-05,,,4.02,2.5,2.74
1962-01-06,,,,2.5,
1962-01-07,,,,2.5,
1962-01-08,,,4.03,2.0,2.78
1962-01-09,,,4.05,1.25,2.78
1962-01-10,,,4.07,0.5,2.81
1962-01-11,,,4.08,2.75,2.78
1962-01-12,,,4.08,2.75,2.76
1962-01-13,,,,2.75,
1962-01-14,,,,2.75,
1962-01-15,,,4.1,3.0,2.74
1962-01-16,,,4.13,2.5,2.73
1962-01-17,,,4.12,3.0,2.74
1962-01-18,,,4.11,2.25,2.71
1962-01-19,,,4.11,2.0,2.71
1962-01-20,,,,2.0,
1962-01-21,,,,2.0,
1962-01-22,,,4.09,1.25,2.68
1962-01-23,,,4.11,0.5,2.66
1962-01-24,,,4.1,0.25,2.66
1962-01-25,,,4.11,2.0,2.66
1962-01-26,,,4.11,2.5,2.67
1962-01-27,,,,2.5,
1962-01-28,,,,2.5,
1962-01-29,,,4.12,2.5,2.67
1962-01-30,,,4.11,1.5,2.67
1962-01-31,,,4.1,1.5,2.73
1962-02-01,,,4.09,2.25,2.69
1962-02-02,,,4.08,1.5,2.67
1962-02-03,,,,1.5,
1962-02-04,,,,1.5,
1962-02-05,,,4.07,2.0,2.67
1962-02-06,,,4.06,2.75,2.68
1962-02-07,,,4.07,2.75,2.73
1962-02-08,,,4.07,2.75,2.72
1962-02-09,,,4.05,2.75,2.72
1962-02-10,,,,2.75,
1962-02-11,,,,2.75,
1962-02-12,,,,2.75,
1962-02-13,,,4.03,1.75,2.76
1962-02-14,,,4.03,2.75,2.82
1962-02-15,,,4.02,2.75,2.84
1962-02-16,,,4.02,2.5,2.83
1962-02-17,,,,2.5,
1962-02-18,,,,2.5,
1962-02-19,,,4.01,2.5,2.8
1962-02-20,,,4.05,1.75,2.75
1962-02-21,,,4.03,2.0,2.73
1962-02-22,,,,2.0,
1962-02-23,,,4.02,2.5,2.69
1962-02-24,,,,2.5,
1962-02-25,,,,2.5,
1962-02-26,,,4.0,2.5,2.66
1962-02-27,,,4.01,2.5,2.72
1962-02-28,,,4.0,2.75,2.71
1962-03-01,,,3.98,2.5,2.68
1962-03-02,,,3.98,2.75,2.69
1962-03-03,,,,2.75,
1962-03-04,,,,2.75,
1962-03-05,,,4.0,2.75,2.7
1962-03-06,,,4.01,2.75,2.72
1962-03-07,,,4.0,3.0,2.75
1962-03-08,,,3.98,2.75,2.75
1962-03-09,,,3.96,3.0,2.76
1962-03-10,,,,3.0,
1962-03-11,,,,3.0,
1962-03-12,,,3.94,3.0,2.75
1962-03-13,,,3.92,2.75,2.75
1962-03-14,,,3.93,2.75,2.75
1962-03-15,,,3.96,2.75,2.73
1962-03-16,,,3.96,2.75,2.72
1962-03-17,,,,2.75,
1962-03-18,,,,2.75,
1962-03-19,,,3.93,3.0,2.7
1962-03-20,,,3.91,2.75,2.7
1962-03-21,,,3.86,3.0,2.71
1962-03-22,,,3.83,3.0,2.69
1962-03-23,,,3.87,3.0,2.7
1962-03-24,,,,3.0,
1962-03-25,,,,3.0,
1962-03-26,,,3.89,3.0,2.71
1962-03-27,,,3.9,2.75,2.72
1962-03-28,,,3.9,3.0,2.73
1962-03-29,,,3.9,3.0,2.75
1962-03-30,,,3.86,2.75,2.75
1962-03-31,,,,2.75,
1962-04-01,,,,2.75,
1962-04-02,,,3.86,2.75,2.74
1962-04-03,,,3.83,2.75,2.73
1962-04-04,,,3.78,2.25,2.7
1962-04-05,,,3.84,2.75,2.72
1962-04-06,,,3.81,2.75,2.7
1962-04-07,,,,2.75,
1962-04-08,,,,2.75,
1962-04-09,,,3.83,2.75,2.71
1962-04-10,,,3.83,2.75,2.74
1962-04-11,,,3.87,3.0,2.78
1962-04-12,,,3.86,3.0,2.73
1962-04-13,,,3.85,3.0,2.74
1962-04-14,,,,3.0,
1962-04-15,,,,3.0,
1962-04-16,,,3.83,2.75,2.71
1962-04-17,,,3.82,2.75,2.72
1962-04-18,,,3.81,3.0,2.73
1962-04-19,,,3.82,3.0,2.73
1962-04-20,,,,2.75,
1962-04-21,,,,2.75,
1962-04-22,,,,2.75,
1962-04-23,,,3.86,3.0,2.73
1962-04-24,,,3.87,2.75,2.73
1962-04-25,,,3.88,3.0,2.74
1962-04-26,,,3.89,3.0,2.73
1962-04-27,,,3.86,2.5,2.74
1962-04-28,,,,2.5,
1962-04-29,,,,2.5,
1962-04-30,,,3.86,2.5,2.74
1962-05-01,,,3.85,2.5,2.74
1962-05-02,,,3.86,2.75,2.74
1962-05-03,,,3.86,2.75,2.73
1962-05-04,,,3.87,2.75,2.73
1962-05-05,,,,2.75,
1962-05-06,,,,2.75,
1962-05-07,,,3.86,2.75,2.7
1962-05-08,,,3.85,2.75,2.68
1962-05-09,,,3.82,2.5,2.67
1962-05-10,,,3.83,2.75,2.66
1962-05-11,,,3.82,2.25,2.63
1962-05-12,,,,2.25,
1962-05-13,,,,2.25,
1962-05-14,,,3.85,2.25,2.64
1962-05-15,,,3.87,2.5,2.66
1962-05-16,,,3.86,3.0,2.67
1962-05-17,,,3.87,2.5,2.68
1962-05-18,,,3.93,2.25,2.68
1962-05-19,,,,2.25,
1962-05-20,,,,2.25,
1962-05-21,,,3.94,2.5,2.68
1962-05-22,,,3.93,2.75,2.68
1962-05-23,,,3.91,2.5,2.7
1962-05-24,,,3.9,2.5,2.7
1962-05-25,,,3.88,2.25,2.69
1962-05-26,,,,2.25,
1962-05-27,,,,2.25,
1962-05-28,,,3.87,1.25,2.65
1962-05-29,,,3.89,0.75,2.66
1962-05-30,,,,0.75,
1962-05-31,,,3.9,2.75,2.7
1962-06-01,,,3.89,2.75,2.69
1962-06-02,,,,2.75,
1962-06-03,,,,2.75,
1962-06-04,,,3.88,2.5,2.66
1962-06-05,,,3.89,2.0,2.65
1962-06-06,,,3.89,1.75,2.66
1962-06-07,,,3.87,2.25,2.64
1962-06-08,,,3.86,2.25,2.65
1962-06-09,,,,2.25,
1962-06-10,,,,2.25,
1962-06-11,,,3.87,2.75,2.65
1962-06-12,,,3.86,2.75,2.67
1962-06-13,,,3.87,2.75,2.71
1962-06-14,,,3.9,2.75,2.73
1962-06-15,,,3.89,2.75,2.71
1962-06-16,,,,2.75,
1962-06-17,,,,2.75,
1962-06-18,,,3.91,3.0,2.72
1962-06-19,,,3.93,3.0,2.75
1962-06-20,,,3.92,3.0,2.73
1962-06-21,,,3.9,3.0,2.72
1962-06-22,,,3.9,2.75,2.74
1962-06-23,,,,2.75,
1962-06-24,,,,2.75,
1962-06-25,,,3.95,3.0,2.79
1962-06-26,,,3.97,3.0,2.83
1962-06-27,,,3.96,3.0,2.83
1962-06-28,,,3.98,3.0,2.86
1962-06-29,,,4.0,2.75,2.9
1962-06-30,,,,2.75,
1962-07-01,,,,2.75,
1962-07-02,,,4.0,3.0,2.92
1962-07-03,,,4.0,2.75,2.9
1962-07-04,,,,2.75,
1962-07-05,,,4.0,2.75,2.92
1962-07-06,,,4.02,2.75,2.93
1962-07-07,,,,2.75,
1962-07-08,,,,2.75,
1962-07-09,,,4.05,2.75,2.96
1962-07-10,,,4.02,2.75,2.96
1962-07-11,,,3.99,2.5,2.97
1962-07-12,,,4.0,2.75,2.98
1962-07-13,,,4.0,2.75,2.96
1962-07-14,,,,2.75,
1962-07-15,,,,2.75,
1962-07-16,,,4.01,3.0,2.97
1962-07-17,,,4.03,3.0,2.97
1962-07-18,,,4.02,3.0,2.97
1962-07-19,,,4.02,3.0,2.93
1962-07-20,,,4.01,2.75,2.91
1962-07-21,,,,2.75,
1962-07-22,,,,2.75,
1962-07-23,,,4.0,2.75,2.87
1962-07-24,,,4.01,2.5,2.86
1962-07-25,,,4.02,1.0,2.89
1962-07-26,,,4.01,2.5,2.89
1962-07-27,,,4.02,2.75,2.88
1962-07-28,,,,2.75,
1962-07-29,,,,2.75,
1962-07-30,,,4.03,2.75,2.86
1962-07-31,,,4.04,2.75,2.86
1962-08-01,,,4.03,3.0,2.87
1962-08-02,,,4.0,3.0,2.83
1962-08-03,,,4.01,2.75,2.82
1962-08-04,,,,2.75,
1962-08-05,,,,2.75,
1962-08-06,,,4.01,3.0,2.8
1962-08-07,,,4.02,3.0,2.83
1962-08-08,,,4.01,3.0,2.84
1962-08-09,,,3.99,3.0,2.83
1962-08-10,,,3.99,3.0,2.83
1962-08-11,,,,3.0,
1962-08-12,,,,3.0,
1962-08-13,,,3.99,3.0,2.82
1962-08-14,,,3.98,3.0,2.83
1962-08-15,,,3.98,3.0,2.86
1962-08-16,,,3.96,3.0,2.83
1962-08-17,,,3.96,2.75,2.84
1962-08-18,,,,2.75,
1962-08-19,,,,2.75,
1962-08-20,,,3.94,3.0,2.82
1962-08-21,,,3.94,3.0,2.82
1962-08-22,,,3.95,3.0,2.82
1962-08-23,,,3.95,3.0,2.82
1962-08-24,,,3.95,3.0,2.82
1962-08-25,,,,3.0,
1962-08-26,,,,3.0,
1962-08-27,,,3.95,3.0,2.8
1962-08-28,,,3.96,2.75,2.78
1962-08-29,,,3.96,2.75,2.81
1962-08-30,,,3.95,2.75,2.8
1962-08-31,,,3.96,3.0,2.81
1962-09-01,,,,3.0,
1962-09-02,,,,3.0,
1962-09-03,,,,3.0,
1962-09-04,,,3.96,3.0,2.83
1962-09-05,,,3.97,3.0,2.85
1962-09-06,,,3.99,3.0,2.79
1962-09-07,,,4.01,3.0,2.79
1962-09-08,,,,3.0,
1962-09-09,,,,3.0,
1962-09-10,,,4.0,3.0,2.77
1962-09-11,,,4.0,3.0,2.77
1962-09-12,,,4.0,3.0,2.78
1962-09-13,,,3.99,3.0,2.78
1962-09-14,,,3.99,3.0,2.78
1962-09-15,,,,3.0,
1962-09-16,,,,3.0,
1962-09-17,,,3.99,2.75,2.78
1962-09-18,,,3.98,2.75,2.77
1962-09-19,,,3.99,2.75,2.77
1962-09-20,,,3.98,2.75,2.75
1962-09-21,,,3.98,2.75,2.76
1962-09-22,,,,2.75,
1962-09-23,,,,2.75,
1962-09-24,,,3.97,2.75,2.75
1962-09-25,,,3.96,2.75,2.76
1962-09-26,,,3.95,3.0,2.76
1962-09-27,,,3.95,3.0,2.76
1962-09-28,,,3.94,2.75,2.74
1962-09-29,,,,2.75,
1962-09-30,,,,2.75,
1962-10-01,,,3.93,3.0,2.73
1962-10-02,,,3.92,3.0,2.74
1962-10-03,,,3.9,3.0,2.77
1962-10-04,,,3.9,3.0,2.76
1962-10-05,,,3.92,2.75,2.76
1962-10-06,,,,2.75,
1962-10-07,,,,2.75,
1962-10-08,,,3.93,2.75,2.76
1962-10-09,,,3.95,3.0,2.75
1962-10-10,,,3.93,2.75,2.76
1962-10-11,,,3.94,3.0,2.77
1962-10-12,,,,3.0,
1962-10-13,,,,3.0,
1962-10-14,,,,3.0,
1962-10-15,,,3.94,3.0,2.75
1962-10-16,,,3.94,3.0,2.74
1962-10-17,,,3.94,3.0,2.75
1962-10-18,,,3.92,3.0,2.74
1962-10-19,,,3.88,2.88,2.72
1962-10-20,,,,2.88,
1962-10-21,,,,2.88,
1962-10-22,,,3.91,2.88,2.73
1962-10-23,,,3.94,2.88,2.74
1962-10-24,,,3.94,2.88,2.74
1962-10-25,,,3.94,2.75,2.74
1962-10-26,,,3.93,2.75,2.73
1962-10-27,,,,2.75,
1962-10-28,,,,2.75,
1962-10-29,,,3.92,2.75,2.69
1962-10-30,,,3.92,3.0,2.72
1962-10-31,,,3.92,3.0,2.72
1962-11-01,,,3.92,3.0,2.72
1962-11-02,,,3.91,2.88,2.83
1962-11-03,,,,2.88,
1962-11-04,,,,2.88,
1962-11-05,,,3.91,3.0,2.84
1962-11-06,,,,3.0,
1962-11-07,,,3.91,3.0,2.84
1962-11-08,,,3.9,3.0,2.8
1962-11-09,,,3.89,3.0,2.8
1962-11-10,,,,3.0,
1962-11-11,,,,3.0,
1962-11-12,,,,3.0,
1962-11-13,,,3.9,3.0,2.81
1962-11-14,,,3.91,3.0,2.82
1962-11-15,,,3.91,3.0,2.84
1962-11-16,,,3.93,3.0,2.83
1962-11-17,,,,3.0,
1962-11-18,,,,3.0,
1962-11-19,,,3.93,3.0,2.83
1962-11-20,,,3.93,2.88,2.83
1962-11-21,,,3.92,2.88,2.84
1962-11-22,,,,2.88,
1962-11-23,,,3.92,2.88,2.84
1962-11-24,,,,2.88,
1962-11-25,,,,2.88,
1962-11-26,,,3.93,3.0,2.85
1962-11-27,,,3.92,3.0,2.87
1962-11-28,,,3.92,2.75,2.87
1962-11-29,,,3.92,2.75,2.86
1962-11-30,,,3.92,2.88,2.86
1962-12-01,,,,2.88,
1962-12-02,,,,2.88,
1962-12-03,,,3.93,2.88,2.86
1962-12-04,,,3.94,2.75,2.86
1962-12-05,,,3.93,2.5,2.85
1962-12-06,,,3.92,2.88,2.84
1962-12-07,,,3.91,2.88,2.83
1962-12-08,,,,2.88,
1962-12-09,,,,2.88,
1962-12-10,,,3.9,2.88,2.82
1962-12-11,,,3.89,2.88,2.84
1962-12-12,,,3.88,2.88,2.85
1962-12-13,,,3.88,2.88,2.85
1962-12-14,,,3.87,3.0,2.85
1962-12-15,,,,3.0,
1962-12-16,,,,3.0,
1962-12-17,,,3.85,3.0,2.86
1962-12-18,,,3.83,3.0,2.87
1962-12-19,,,3.84,3.0,2.88
1962-12-20,,,3.83,3.0,2.89
1962-12-21,,,3.81,3.0,2.88
1962-12-22,,,,3.0,
1962-12-23,,,,3.0,
1962-12-24,,,3.79,3.0,2.88
1962-12-25,,,,3.0,
1962-12-26,,,3.79,3.0,2.86
1962-12-27,,,3.81,3.0,2.9
1962-12-28,,,3.84,3.0,2.93
1962-12-29,,,,3.0,
1962-12-30,,,,3.0,
1962-12-31,,,3.85,3.0,2.92
1963-01-01,,,,3.0,
1963-01-02,,,3.82,2.5,2.88
1963-01-03,,,3.81,2.88,2.86
1963-01-04,,,3.84,3.0,2.9
1963-01-05,,,,3.0,
1963-01-06,,,,3.0,
1963-01-07,,,3.83,3.0,2.91
1963-01-08,,,3.81,2.5,2.9
1963-01-09,,,3.82,2.0,2.89
1963-01-10,,,3.81,3.0,2.89
1963-01-11,,,3.8,3.0,2.89
1963-01-12,,,,3.0,
1963-01-13,,,,3.0,
1963-01-14,,,3.81,3.0,2.88
1963-01-15,,,3.8,3.0,2.88
1963-01-16,,,3.8,3.0,2.89
1963-01-17,,,3.82,3.0,2.91
1963-01-18,,,3.84,2.88,2.92
1963-01-19,,,,2.88,
1963-01-20,,,,2.88,
1963-01-21,,,3.85,3.0,2.92
1963-01-22,,,3.86,3.0,2.93
1963-01-23,,,3.86,3.0,2.95
1963-01-24,,,3.86,3.0,2.94
1963-01-25,,,3.85,3.0,2.93
1963-01-26,,,,3.0,
1963-01-27,,,,3.0,
1963-01-28,,,3.86,2.88,2.92
1963-01-29,,,3.86,3.0,2.93
1963-01-30,,,3.86,3.0,2.93
1963-01-31,,,3.87,3.0,2.93
1963-02-01,,,3.88,3.0,2.94
1963-02-02,,,,3.0,
1963-02-03,,,,3.0,
1963-02-04,,,3.89,3.0,2.94
1963-02-05,,,3.9,3.0,2.96
1963-02-06,,,3.91,3.0,2.96
1963-02-07,,,3.91,3.0,2.95
1963-02-08,,,3.91,3.0,2.95
1963-02-09,,,,3.0,
1963-02-10,,,,3.0,
1963-02-11,,,3.92,3.0,2.94
1963-02-12,,,,3.0,
1963-02-13,,,3.92,3.0,2.93
1963-02-14,,,3.91,3.0,2.92
1963-02-15,,,3.91,3.0,2.92
1963-02-16,,,,3.0,
1963-02-17,,,,3.0,
1963-02-18,,,3.91,3.0,2.91
1963-02-19,,,3.93,3.0,2.9
1963-02-20,,,3.94,3.0,2.9
1963-02-21,,,3.95,3.0,2.87
1963-02-22,,,,3.0,
1963-02-23,,,,3.0,
1963-02-24,,,,3.0,
1963-02-25,,,3.95,3.0,2.88
1963-02-26,,,3.95,3.0,2.9
1963-02-27,,,3.95,3.0,2.91
1963-02-28,,,3.94,3.0,2.9
1963-03-01,,,3.93,3.0,2.9
1963-03-02,,,,3.0,
1963-03-03,,,,3.0,
1963-03-04,,,3.92,3.0,2.89
1963-03-05,,,3.92,3.0,2.9
1963-03-06,,,3.91,3.0,2.9
1963-03-07,,,3.92,3.0,2.88
1963-03-08,,,3.92,3.0,2.86
1963-03-09,,,,3.0,
1963-03-10,,,,3.0,
1963-03-11,,,3.92,3.0,2.87
1963-03-12,,,3.92,3.0,2.87
1963-03-13,,,3.92,3.0,2.88
1963-03-14,,,3.92,3.0,2.88
1963-03-15,,,3.92,3.0,2.88
1963-03-16,,,,3.0,
1963-03-17,,,,3.0,
1963-03-18,,,3.92,3.0,2.89
1963-03-19,,,3.92,2.88,2.89
1963-03-20,,,3.92,2.75,2.91
1963-03-21,,,3.92,2.88,2.9
1963-03-22,,,3.93,3.0,2.9
1963-03-23,,,,3.0,
1963-03-24,,,,3.0,
1963-03-25,,,3.94,3.0,2.9
1963-03-26,,,3.96,3.0,2.9
1963-03-27,,,3.96,3.0,2.92
1963-03-28,,,3.96,3.0,2.92
1963-03-29,,,3.95,3.0,2.91
1963-03-30,,,,3.0,
1963-03-31,,,,3.0,
1963-04-01,,,3.95,3.0,2.9
1963-04-02,,,3.96,2.75,2.9
1963-04-03,,,3.96,1.5,2.91
1963-04-04,,,3.95,2.88,2.91
1963-04-05,,,3.95,3.0,2.91
1963-04-06,,,,3.0,
1963-04-07,,,,3.0,
1963-04-08,,,3.97,3.0,2.9
1963-04-09,,,3.98,3.0,2.89
1963-04-10,,,4.0,3.0,2.9
1963-04-11,,,4.0,3.0,2.92
1963-04-12,,,,3.0,
1963-04-13,,,,3.0,
1963-04-14,,,,3.0,
1963-04-15,,,4.01,3.0,2.91
1963-04-16,,,4.0,3.0,2.9
1963-04-17,,,4.0,2.25,2.9
1963-04-18,,,3.99,3.0,2.89
1963-04-19,,,3.97,3.0,2.88
1963-04-20,,,,3.0,
1963-04-21,,,,3.0,
1963-04-22,,,3.97,3.0,2.88
1963-04-23,,,3.97,3.0,2.89
1963-04-24,,,3.96,3.0,2.89
1963-04-25,,,3.95,3.0,2.89
1963-04-26,,,3.95,2.88,2.89
1963-04-27,,,,2.88,
1963-04-28,,,,2.88,
1963-04-29,,,3.95,3.0,2.89
1963-04-30,,,3.95,3.0,2.9
1963-05-01,,,3.94,3.0,2.9
1963-05-02,,,3.94,3.0,2.9
1963-05-03,,,3.93,3.0,2.9
1963-05-04,,,,3.0,
1963-05-05,,,,3.0,
1963-05-06,,,3.92,3.0,2.9
1963-05-07,,,3.91,3.0,2.9
1963-05-08,,,3.92,3.0,2.91
1963-05-09,,,3.93,3.0,2.91
1963-05-10,,,3.93,3.0,2.91
1963-05-11,,,,3.0,
1963-05-12,,,,3.0,
1963-05-13,,,3.92,3.0,2.9
1963-05-14,,,3.91,3.0,2.89
1963-05-15,,,3.91,3.0,2.9
1963-05-16,,,3.9,3.0,2.9
1963-05-17,,,3.92,3.0,2.91
1963-05-18,,,,3.0,
1963-05-19,,,,3.0,
1963-05-20,,,3.93,3.0,2.92
1963-05-21,,,3.92,3.0,2.92
1963-05-22,,,3.92,3.0,2.94
1963-05-23,,,3.93,3.0,2.95
1963-05-24,,,3.95,3.0,2.96
1963-05-25,,,,3.0,
1963-05-26,,,,3.0,
1963-05-27,,,3.95,3.0,2.97
1963-05-28,,,3.96,3.0,2.97
1963-05-29,,,3.96,3.0,2.99
1963-05-30,,,,3.0,
1963-05-31,,,3.96,3.0,3.0
1963-06-01,,,,3.0,
1963-06-02,,,,3.0,
1963-06-03,,,3.98,3.0,3.03
1963-06-04,,,3.98,3.0,3.02
1963-06-05,,,3.98,3.0,3.0
1963-06-06,,,3.99,3.0,2.99
1963-06-07,,,3.99,3.0,2.98
1963-06-08,,,,3.0,
1963-06-09,,,,3.0,
1963-06-10,,,3.99,3.0,2.97
1963-06-11,,,3.98,3.0,2.98
1963-06-12,,,3.99,3.0,2.99
1963-06-13,,,3.99,3.0,2.98
1963-06-14,,,3.99,3.0,2.99
1963-06-15,,,,3.0,
1963-06-16,,,,3.0,
1963-06-17,,,4.0,3.0,2.98
1963-06-18,,,4.0,3.0,2.98
1963-06-19,,,4.0,3.0,2.98
1963-06-20,,,4.0,3.0,2.98
1963-06-21,,,4.0,3.0,2.98
1963-06-22,,,,3.0,
1963-06-23,,,,3.0,
1963-06-24,,,4.0,3.0,2.98
1963-06-25,,,4.0,2.75,2.99
1963-06-26,,,4.0,3.0,2.99
1963-06-27,,,4.0,3.0,2.99
1963-06-28,,,4.0,3.0,2.99
1963-06-29,,,,3.0,
1963-06-30,,,,3.0,
1963-07-01,,,4.01,3.0,3.0
1963-07-02,,,4.03,3.0,3.02
1963-07-03,,,4.03,3.0,3.04
1963-07-04,,,,3.0,
1963-07-05,,,4.04,3.0,3.07
1963-07-06,,,,3.0,
1963-07-07,,,,3.0,
1963-07-08,,,4.05,3.0,3.21
1963-07-09,,,4.04,2.88,3.22
1963-07-10,,,4.03,3.0,3.23
1963-07-11,,,4.04,3.0,3.24
1963-07-12,,,4.03,3.0,3.18
1963-07-13,,,,3.0,
1963-07-14,,,,3.0,
1963-07-15,,,4.02,3.0,3.17
1963-07-16,,,4.02,3.0,3.17
1963-07-17,,,4.03,3.25,3.24
1963-07-18,,,4.02,3.25,3.2
1963-07-19,,,4.02,3.25,3.18
1963-07-20,,,,3.25,
1963-07-21,,,,3.25,
1963-07-22,,,4.02,2.75,3.17
1963-07-23,,,4.02,2.0,3.15
1963-07-24,,,4.01,0.75,3.22
1963-07-25,,,4.01,3.25,3.21
1963-07-26,,,3.99,3.38,3.2
1963-07-27,,,,3.38,
1963-07-28,,,,3.38,
1963-07-29,,,3.99,3.5,3.24
1963-07-30,,,4.0,3.5,3.25
1963-07-31,,,4.0,3.5,3.27
1963-08-01,,,3.99,3.5,3.25
1963-08-02,,,3.99,3.5,3.21
1963-08-03,,,,3.5,
1963-08-04,,,,3.5,
1963-08-05,,,3.99,3.5,3.21
1963-08-06,,,4.0,3.5,3.22
1963-08-07,,,4.01,3.5,3.28
1963-08-08,,,4.0,3.5,3.29
1963-08-09,,,4.0,3.5,3.3
1963-08-10,,,,3.5,
1963-08-11,,,,3.5,
1963-08-12,,,4.01,3.5,3.3
1963-08-13,,,4.02,3.38,3.31
1963-08-14,,,4.02,3.38,3.32
1963-08-15,,,4.01,3.5,3.33
1963-08-16,,,4.0,3.5,3.34
1963-08-17,,,,3.5,
1963-08-18,,,,3.5,
1963-08-19,,,3.99,3.5,3.33
1963-08-20,,,3.99,3.5,3.33
1963-08-21,,,4.0,3.5,3.37
1963-08-22,,,4.0,3.5,3.37
1963-08-23,,,4.0,3.5,3.38
1963-08-24,,,,3.5,
1963-08-25,,,,3.5,
1963-08-26,,,4.0,3.5,3.38
1963-08-27,,,4.0,3.5,3.39
1963-08-28,,,4.0,3.38,3.4
1963-08-29,,,4.01,3.5,3.39
1963-08-30,,,4.02,3.5,3.39
1963-08-31,,,,3.5,
1963-09-01,,,,3.5,
1963-09-02,,,,3.5,
1963-09-03,,,4.03,3.5,3.38
1963-09-04,,,4.04,3.5,3.37
1963-09-05,,,4.08,3.5,3.35
1963-09-06,,,4.09,3.5,3.34
1963-09-07,,,,3.5,
1963-09-08,,,,3.5,
1963-09-09,,,4.09,3.5,3.34
1963-09-10,,,4.09,3.5,3.36
1963-09-11,,,4.09,3.5,3.36
1963-09-12,,,4.09,3.5,3.37
1963-09-13,,,4.09,3.5,3.38
1963-09-14,,,,3.5,
1963-09-15,,,,3.5,
1963-09-16,,,4.09,3.5,3.41
1963-09-17,,,4.09,3.5,3.4
1963-09-18,,,4.08,3.0,3.41
1963-09-19,,,4.08,3.5,3.41
1963-09-20,,,4.07,3.5,3.4
1963-09-21,,,,3.5,
1963-09-22,,,,3.5,
1963-09-23,,,4.07,3.5,3.39
1963-09-24,,,4.08,3.38,3.39
1963-09-25,,,4.08,3.5,3.37
1963-09-26,,,4.08,3.5,3.37
1963-09-27,,,4.07,3.5,3.36
1963-09-28,,,,3.5,
1963-09-29,,,,3.5,
1963-09-30,,,4.07,3.5,3.37
1963-10-01,,,4.07,3.5,3.37
1963-10-02,,,4.07,3.5,3.43
1963-10-03,,,4.07,3.5,3.44
1963-10-04,,,4.08,3.5,3.45
1963-10-05,,,,3.5,
1963-10-06,,,,3.5,
1963-10-07,,,4.08,3.5,3.46
1963-10-08,,,4.09,3.38,3.45
1963-10-09,,,4.1,3.5,3.44
1963-10-10,,,4.1,3.5,3.44
1963-10-11,,,4.1,3.5,3.44
1963-10-12,,,,3.5,
1963-10-13,,,,3.5,
1963-10-14,,,4.1,3.5,3.45
1963-10-15,,,4.11,3.5,3.46
1963-10-16,,,4.11,3.5,3.46
1963-10-17,,,4.12,3.5,3.49
1963-10-18,,,4.12,3.5,3.48
1963-10-19,,,,3.5,
1963-10-20,,,,3.5,
1963-10-21,,,4.12,3.5,3.46
1963-10-22,,,4.11,3.5,3.43
1963-10-23,,,4.12,3.5,3.44
1963-10-24,,,4.11,3.5,3.45
1963-10-25,,,4.12,3.5,3.44
1963-10-26,,,,3.5,
1963-10-27,,,,3.5,
1963-10-28,,,4.12,3.5,3.44
1963-10-29,,,4.13,3.5,3.46
1963-10-30,,,4.14,3.5,3.48
1963-10-31,,,4.15,3.5,3.48
1963-11-01,,,4.15,3.5,3.49
1963-11-02,,,,3.5,
1963-11-03,,,,3.5,
1963-11-04,,,4.15,3.5,3.51
1963-11-05,,,,3.5,
1963-11-06,,,4.17,3.5,3.54
1963-11-07,,,4.17,3.5,3.55
1963-11-08,,,4.16,3.5,3.55
1963-11-09,,,,3.5,
1963-11-10,,,,3.5,
1963-11-11,,,,3.5,
1963-11-12,,,4.16,3.5,3.55
1963-11-13,,,4.15,3.0,3.58
1963-11-14,,,4.12,3.5,3.54
1963-11-15,,,4.11,3.5,3.53
1963-11-16,,,,3.5,
1963-11-17,,,,3.5,
1963-11-18,,,4.11,3.5,3.52
1963-11-19,,,4.1,3.5,3.52
1963-11-20,,,4.09,3.5,3.51
1963-11-21,,,4.1,3.5,3.5
1963-11-22,,,4.09,3.5,3.49
1963-11-23,,,,3.5,
1963-11-24,,,,3.5,
1963-11-25,,,,3.5,
1963-11-26,,,4.08,3.5,3.46
1963-11-27,,,4.08,3.5,3.49
1963-11-28,,,,3.5,
1963-11-29,,,4.08,3.5,3.5
1963-11-30,,,,3.5,
1963-12-01,,,,3.5,
1963-12-02,,,4.09,3.5,3.53
1963-12-03,,,4.1,3.5,3.54
1963-12-04,,,4.1,2.25,3.53
1963-12-05,,,4.11,3.25,3.52
1963-12-06,,,4.11,3.38,3.5
1963-12-07,,,,3.38,
1963-12-08,,,,3.38,
1963-12-09,,,4.1,3.0,3.49
1963-12-10,,,4.1,2.25,3.49
1963-12-11,,,4.12,3.5,3.51
1963-12-12,,,4.12,3.5,3.51
1963-12-13,,,4.13,3.5,3.52
1963-12-14,,,,3.5,
1963-12-15,,,,3.5,
1963-12-16,,,4.15,3.5,3.53
1963-12-17,,,4.15,3.5,3.53
1963-12-18,,,4.15,3.5,3.53
1963-12-19,,,4.14,3.5,3.53
1963-12-20,,,4.15,3.5,3.52
1963-12-21,,,,3.5,
1963-12-22,,,,3.5,
1963-12-23,,,4.15,3.5,3.52
1963-12-24,,,4.15,3.5,3.52
1963-12-25,,,,3.5,
1963-12-26,,,4.15,3.5,3.53
1963-12-27,,,4.15,3.5,3.52
1963-12-28,,,,3.5,
1963-12-29,,,,3.5,
1963-12-30,,,4.14,3.5,3.52
1963-12-31,,,4.14,3.25,3.51
1964-01-01,,,,3.25,
1964-01-02,,,4.14,3.5,3.53
1964-01-03,,,4.15,3.5,3.53
1964-01-04,,,,3.5,
1964-01-05,,,,3.5,
1964-01-06,,,4.16,3.5,3.53
1964-01-07,,,4.15,3.5,3.53
1964-01-08,,,4.18,3.5,3.54
1964-01-09,,,4.18,3.5,3.53
1964-01-10,,,4.18,3.5,3.53
1964-01-11,,,,3.5,
1964-01-12,,,,3.5,
1964-01-13,,,4.18,3.5,3.54
1964-01-14,,,4.18,3.5,3.54
1964-01-15,,,4.18,3.5,3.55
1964-01-16,,,4.17,3.5,3.54
1964-01-17,,,4.17,3.5,3.54
1964-01-18,,,,3.5,
1964-01-19,,,,3.5,
1964-01-20,,,4.16,3.5,3.52
1964-01-21,,,4.16,3.25,3.52
1964-01-22,,,4.16,3.5,3.52
1964-01-23,,,4.16,3.5,3.51
1964-01-24,,,4.18,3.5,3.51
1964-01-25,,,,3.5,
1964-01-26,,,,3.5,
1964-01-27,,,4.18,3.5,3.5
1964-01-28,,,4.17,3.5,3.5
1964-01-29,,,4.17,3.5,3.5
1964-01-30,,,4.16,3.5,3.5
1964-01-31,,,4.15,3.5,3.5
1964-02-01,,,,3.5,
1964-02-02,,,,3.5,
1964-02-03,,,4.15,3.5,3.5
1964-02-04,,,4.15,3.5,3.51
1964-02-05,,,4.15,3.5,3.51
1964-02-06,,,4.14,3.5,3.5
1964-02-07,,,4.14,3.5,3.52
1964-02-08,,,,3.5,
1964-02-09,,,,3.5,
1964-02-10,,,4.14,3.5,3.53
1964-02-11,,,4.14,3.5,3.52
1964-02-12,,,,3.5,
1964-02-13,,,4.13,3.5,3.52
1964-02-14,,,4.13,3.5,3.52
1964-02-15,,,,3.5,
1964-02-16,,,,3.5,
1964-02-17,,,4.13,3.5,3.52
1964-02-18,,,4.14,3.5,3.52
1964-02-19,,,4.14,3.0,3.54
1964-02-20,,,4.14,3.5,3.54
1964-02-21,,,,3.5,
1964-02-22,,,,3.5,
1964-02-23,,,,3.5,
1964-02-24,,,4.15,3.5,3.53
1964-02-25,,,4.15,3.5,3.53
1964-02-26,,,4.15,3.5,3.55
1964-02-27,,,4.17,3.5,3.59
1964-02-28,,,4.18,3.5,3.6
1964-02-29,,,,3.5,
1964-03-01,,,,3.5,
1964-03-02,,,4.17,3.5,3.58
1964-03-03,,,4.18,3.5,3.56
1964-03-04,,,4.19,2.0,3.57
1964-03-05,,,4.19,3.5,3.55
1964-03-06,,,4.19,3.5,3.54
1964-03-07,,,,3.5,
1964-03-08,,,,3.5,
1964-03-09,,,4.2,3.5,3.53
1964-03-10,,,4.2,3.5,3.54
1964-03-11,,,4.21,3.5,3.56
1964-03-12,,,4.21,3.5,3.55
1964-03-13,,,4.22,3.5,3.54
1964-03-14,,,,3.5,
1964-03-15,,,,3.5,
1964-03-16,,,4.21,3.5,3.53
1964-03-17,,,4.22,3.5,3.53
1964-03-18,,,4.23,3.0,3.55
1964-03-19,,,4.24,3.5,3.55
1964-03-20,,,4.25,3.5,3.55
1964-03-21,,,,3.5,
1964-03-22,,,,3.5,
1964-03-23,,,4.25,3.5,3.54
1964-03-24,,,4.26,3.38,3.53
1964-03-25,,,4.26,3.38,3.55
1964-03-26,,,4.25,3.5,3.54
1964-03-27,,,,3.5,
1964-03-28,,,,3.5,
1964-03-29,,,,3.5,
1964-03-30,,,4.25,3.5,3.52
1964-03-31,,,4.23,3.5,3.51
1964-04-01,,,4.23,3.5,3.53
1964-04-02,,,4.24,3.5,3.53
1964-04-03,,,4.25,3.5,3.52
1964-04-04,,,,3.5,
1964-04-05,,,,3.5,
1964-04-06,,,4.25,3.5,3.5
1964-04-07,,,4.25,3.38,3.49
1964-04-08,,,4.22,3.25,3.48
1964-04-09,,,4.22,3.5,3.46
1964-04-10,,,4.22,3.5,3.46
1964-04-11,,,,3.5,
1964-04-12,,,,3.5,
1964-04-13,,,4.23,3.5,3.47
1964-04-14,,,4.24,3.5,3.48
1964-04-15,,,4.23,3.5,3.49
1964-04-16,,,4.23,3.5,3.47
1964-04-17,,,4.24,3.5,3.46
1964-04-18,,,,3.5,
1964-04-19,,,,3.5,
1964-04-20,,,4.24,3.5,3.45
1964-04-21,,,4.23,3.38,3.44
1964-04-22,,,4.23,3.38,3.46
1964-04-23,,,4.23,3.5,3.45
1964-04-24,,,4.23,3.5,3.45
1964-04-25,,,,3.5,
1964-04-26,,,,3.5,
1964-04-27,,,4.23,3.5,3.44
1964-04-28,,,4.23,3.38,3.44
1964-04-29,,,4.22,3.25,3.45
1964-04-30,,,4.22,3.5,3.45
1964-05-01,,,4.22,3.5,3.46
1964-05-02,,,,3.5,
1964-05-03,,,,3.5,
1964-05-04,,,4.22,3.5,3.47
1964-05-05,,,4.22,3.5,3.48
1964-05-06,,,4.22,3.5,3.5
1964-05-07,,,4.22,3.5,3.49
1964-05-08,,,4.2,3.5,3.49
1964-05-09,,,,3.5,
1964-05-10,,,,3.5,
1964-05-11,,,4.19,3.5,3.47
1964-05-12,,,4.19,3.5,3.47
1964-05-13,,,4.19,3.5,3.48
1964-05-14,,,4.19,3.5,3.48
1964-05-15,,,4.19,3.5,3.47
1964-05-16,,,,3.5,
1964-05-17,,,,3.5,
1964-05-18,,,4.19,3.5,3.46
1964-05-19,,,4.19,3.5,3.47
1964-05-20,,,4.2,3.5,3.49
1964-05-21,,,4.2,3.5,3.48
1964-05-22,,,4.2,3.5,3.47
1964-05-23,,,,3.5,
1964-05-24,,,,3.5,
1964-05-25,,,4.19,3.5,3.46
1964-05-26,,,4.19,3.5,3.46
1964-05-27,,,4.2,3.38,3.48
1964-05-28,,,4.19,3.5,3.47
1964-05-29,,,,3.5,
1964-05-30,,,,3.5,
1964-05-31,,,,3.5,
1964-06-01,,,4.19,3.5,3.47
1964-06-02,,,4.19,3.5,3.47
1964-06-03,,,4.19,3.5,3.48
1964-06-04,,,4.19,3.5,3.47
1964-06-05,,,4.18,3.5,3.47
1964-06-06,,,,3.5,
1964-06-07,,,,3.5,
1964-06-08,,,4.18,3.5,3.46
1964-06-09,,,4.17,3.5,3.46
1964-06-10,,,4.17,3.5,3.47
1964-06-11,,,4.18,3.5,3.48
1964-06-12,,,4.18,3.5,3.48
1964-06-13,,,,3.5,
1964-06-14,,,,3.5,
1964-06-15,,,4.18,3.5,3.49
1964-06-16,,,4.18,3.5,3.49
1964-06-17,,,4.18,3.5,3.5
1964-06-18,,,4.17,3.5,3.49
1964-06-19,,,4.16,3.5,3.48
1964-06-20,,,,3.5,
1964-06-21,,,,3.5,
1964-06-22,,,4.15,3.5,3.48
1964-06-23,,,4.15,3.5,3.47
1964-06-24,,,4.15,3.5,3.47
1964-06-25,,,4.15,3.5,3.47
1964-06-26,,,4.15,3.5,3.47
1964-06-27,,,,3.5,
1964-06-28,,,,3.5,
1964-06-29,,,4.15,3.5,3.47
1964-06-30,,,4.15,3.5,3.47
1964-07-01,,,4.15,3.5,3.48
1964-07-02,,,4.15,3.5,3.48
1964-07-03,,,,3.5,3.48
1964-07-04,,,,3.5,
1964-07-05,,,,3.5,
1964-07-06,,,4.16,3.5,3.48
1964-07-07,,,4.15,3.5,3.49
1964-07-08,,,4.15,3.5,3.5
1964-07-09,,,4.18,3.5,3.48
1964-07-10,,,4.19,3.5,3.43
1964-07-11,,,,3.5,
1964-07-12,,,,3.5,
1964-07-13,,,4.19,3.5,3.43
1964-07-14,,,4.19,3.5,3.44
1964-07-15,,,4.19,3.5,3.44
1964-07-16,,,4.19,3.5,3.42
1964-07-17,,,4.2,3.5,3.44
1964-07-18,,,,3.5,
1964-07-19,,,,3.5,
1964-07-20,,,4.21,3.5,3.46
1964-07-21,,,4.2,3.0,3.46
1964-07-22,,,4.21,1.5,3.48
1964-07-23,,,4.2,3.5,3.45
1964-07-24,,,4.2,3.5,3.45
1964-07-25,,,,3.5,
1964-07-26,,,,3.5,
1964-07-27,,,4.2,3.5,3.45
1964-07-28,,,4.2,3.5,3.46
1964-07-29,,,4.2,3.5,3.47
1964-07-30,,,4.19,3.5,3.47
1964-07-31,,,4.19,3.5,3.47
1964-08-01,,,,3.5,
1964-08-02,,,,3.5,
1964-08-03,,,4.19,3.5,3.47
1964-08-04,,,4.19,3.5,3.47
1964-08-05,,,4.19,3.5,3.5
1964-08-06,,,4.18,3.5,3.49
1964-08-07,,,4.19,3.5,3.49
1964-08-08,,,,3.5,
1964-08-09,,,,3.5,
1964-08-10,,,4.19,3.5,3.5
1964-08-11,,,4.2,3.5,3.5
1964-08-12,,,4.2,3.5,3.51
1964-08-13,,,4.19,3.5,3.51
1964-08-14,,,4.19,3.5,3.51
1964-08-15,,,,3.5,
1964-08-16,,,,3.5,
1964-08-17,,,4.19,3.5,3.5
1964-08-18,,,4.19,3.5,3.49
1964-08-19,,,4.19,3.5,3.5
1964-08-20,,,4.19,3.5,3.5
1964-08-21,,,4.19,3.5,3.5
1964-08-22,,,,3.5,
1964-08-23,,,,3.5,
1964-08-24,,,4.19,3.5,3.5
1964-08-25,,,4.2,3.5,3.5
1964-08-26,,,4.2,3.5,3.51
1964-08-27,,,4.2,3.5,3.49
1964-08-28,,,4.21,3.5,3.49
1964-08-29,,,,3.5,
1964-08-30,,,,3.5,
1964-08-31,,,4.21,3.5,3.5
1964-09-01,,,4.21,3.5,3.5
1964-09-02,,,4.22,3.5,3.51
1964-09-03,,,4.22,3.5,3.5
1964-09-04,,,4.22,3.5,3.51
1964-09-05,,,,3.5,
1964-09-06,,,,3.5,
1964-09-07,,,,3.5,
1964-09-08,,,4.22,3.5,3.51
1964-09-09,,,4.22,3.0,3.53
1964-09-10,,,4.22,3.5,3.52
1964-09-11,,,4.22,3.5,3.52
1964-09-12,,,,3.5,
1964-09-13,,,,3.5,
1964-09-14,,,4.22,3.5,3.53
1964-09-15,,,4.22,3.5,3.54
1964-09-16,,,4.21,3.25,3.55
1964-09-17,,,4.2,3.5,3.54
1964-09-18,,,4.2,3.5,3.54
1964-09-19,,,,3.5,
1964-09-20,,,,3.5,
1964-09-21,,,4.19,3.5,3.54
1964-09-22,,,4.19,3.5,3.54
1964-09-23,,,4.19,3.5,3.55
1964-09-24,,,4.19,3.5,3.55
1964-09-25,,,4.19,3.5,3.54
1964-09-26,,,,3.5,
1964-09-27,,,,3.5,
1964-09-28,,,4.17,3.5,3.55
1964-09-29,,,4.18,3.5,3.55
1964-09-30,,,4.18,2.75,3.55
1964-10-01,,,4.18,3.5,3.55
1964-10-02,,,4.18,3.5,3.56
1964-10-03,,,,3.5,
1964-10-04,,,,3.5,
1964-10-05,,,4.2,3.5,3.56
1964-10-06,,,4.19,3.5,3.56
1964-10-07,,,4.19,2.5,3.58
1964-10-08,,,4.19,3.5,3.58
1964-10-09,,,4.19,3.5,3.58
1964-10-10,,,,3.5,
1964-10-11,,,,3.5,
1964-10-12,,,,3.5,
1964-10-13,,,4.19,3.0,3.57
1964-10-14,,,4.19,1.0,3.59
1964-10-15,,,4.2,3.5,3.59
1964-10-16,,,4.21,3.5,3.59
1964-10-17,,,,3.5,
1964-10-18,,,,3.5,
1964-10-19,,,4.21,3.5,3.59
1964-10-20,,,4.2,3.38,3.59
1964-10-21,,,4.19,3.5,3.59
1964-10-22,,,4.19,3.5,3.58
1964-10-23,,,4.19,3.5,3.57
1964-10-24,,,,3.5,
1964-10-25,,,,3.5,
1964-10-26,,,4.19,3.5,3.56
1964-10-27,,,4.18,3.25,3.56
1964-10-28,,,4.17,3.5,3.56
1964-10-29,,,4.16,3.5,3.55
1964-10-30,,,4.16,3.5,3.55
1964-10-31,,,,3.5,
1964-11-01,,,,3.5,
1964-11-02,,,4.15,3.5,3.55
1964-11-03,,,,3.5,
1964-11-04,,,4.15,3.5,3.57
1964-11-05,,,4.15,3.5,3.57
1964-11-06,,,4.15,3.5,3.57
1964-11-07,,,,3.5,
1964-11-08,,,,3.5,
1964-11-09,,,4.15,3.5,3.57
1964-11-10,,,4.14,3.5,3.56
1964-11-11,,,,3.5,
1964-11-12,,,4.12,3.63,3.58
1964-11-13,,,4.13,3.63,3.59
1964-11-14,,,,3.63,
1964-11-15,,,,3.63,
1964-11-16,,,4.13,3.63,3.6
1964-11-17,,,4.14,3.5,3.6
1964-11-18,,,4.14,3.5,3.61
1964-11-19,,,4.13,3.63,3.61
1964-11-20,,,4.13,3.5,3.62
1964-11-21,,,,3.5,
1964-11-22,,,,3.5,
1964-11-23,,,4.18,3.5,3.73
1964-11-24,,,4.18,3.25,3.78
1964-11-25,,,4.19,2.5,3.82
1964-11-26,,,,2.5,
1964-11-27,,,4.19,4.0,3.81
1964-11-28,,,,4.0,
1964-11-29,,,,4.0,
1964-11-30,,,4.2,4.0,3.84
1964-12-01,,,4.2,4.0,3.85
1964-12-02,,,4.19,3.5,3.84
1964-12-03,,,4.18,4.0,3.79
1964-12-04,,,4.18,3.75,3.78
1964-12-05,,,,3.75,
1964-12-06,,,,3.75,
1964-12-07,,,4.17,3.5,3.76
1964-12-08,,,4.16,2.5,3.8
1964-12-09,,,4.16,2.5,3.84
1964-12-10,,,4.15,4.0,3.83
1964-12-11,,,4.15,4.0,3.82
1964-12-12,,,,4.0,
1964-12-13,,,,4.0,
1964-12-14,,,4.16,4.0,3.84
1964-12-15,,,4.17,4.0,3.85
1964-12-16,,,4.18,4.0,3.87
1964-12-17,,,4.18,4.0,3.87
1964-12-18,,,4.19,4.0,3.86
1964-12-19,,,,4.0,
1964-12-20,,,,4.0,
1964-12-21,,,4.18,4.0,3.86
1964-12-22,,,4.18,4.0,3.86
1964-12-23,,,4.19,4.0,3.86
1964-12-24,,,4.19,4.0,3.86
1964-12-25,,,,4.0,
1964-12-26,,,,4.0,
1964-12-27,,,,4.0,
1964-12-28,,,4.19,4.0,3.85
1964-12-29,,,4.19,4.0,3.82
1964-12-30,,,4.2,4.0,3.84
1964-12-31,,,4.21,4.0,3.82
1965-01-01,,,,4.0,
1965-01-02,,,,4.0,
1965-01-03,,,,4.0,
1965-01-04,,,4.2,4.0,3.81
1965-01-05,,,4.2,4.0,3.8
1965-01-06,,,4.2,4.0,3.82
1965-01-07,,,4.2,4.0,3.8
1965-01-08,,,4.2,4.0,3.78
1965-01-09,,,,4.0,
1965-01-10,,,,4.0,
1965-01-11,,,4.2,4.0,3.77
1965-01-12,,,4.19,4.0,3.76
1965-01-13,,,4.19,4.0,3.77
1965-01-14,,,4.19,4.0,3.77
1965-01-15,,,4.19,4.0,3.77
1965-01-16,,,,4.0,
1965-01-17,,,,4.0,
1965-01-18,,,4.19,4.0,3.77
1965-01-19,,,4.18,3.0,3.77
1965-01-20,,,4.18,2.0,3.83
1965-01-21,,,4.17,4.0,3.83
1965-01-22,,,4.17,4.0,3.83
1965-01-23,,,,4.0,
1965-01-24,,,,4.0,
1965-01-25,,,4.18,4.0,3.84
1965-01-26,,,4.19,4.0,3.84
1965-01-27,,,4.19,4.0,3.85
1965-01-28,,,4.19,4.0,3.86
1965-01-29,,,4.19,4.0,3.87
1965-01-30,,,,4.0,
1965-01-31,,,,4.0,
1965-02-01,,,4.2,4.0,3.88
1965-02-02,,,4.2,4.0,3.88
1965-02-03,,,4.2,4.0,3.89
1965-02-04,,,4.21,4.13,3.9
1965-02-05,,,4.22,4.13,3.91
1965-02-06,,,,4.13,
1965-02-07,,,,4.13,
1965-02-08,,,4.21,4.0,3.89
1965-02-09,,,4.21,4.0,3.89
1965-02-10,,,4.21,3.5,3.91
1965-02-11,,,4.21,4.0,3.92
1965-02-12,,,,4.0,
1965-02-13,,,,4.0,
1965-02-14,,,,4.0,
1965-02-15,,,4.22,4.0,3.91
1965-02-16,,,4.21,4.0,3.92
1965-02-17,,,4.21,4.0,3.96
1965-02-18,,,4.21,4.0,3.96
1965-02-19,,,4.22,4.0,3.96
1965-02-20,,,,4.0,
1965-02-21,,,,4.0,
1965-02-22,,,,4.0,
1965-02-23,,,4.21,4.0,3.98
1965-02-24,,,4.22,3.5,4.0
1965-02-25,,,4.21,4.0,4.0
1965-02-26,,,4.22,4.0,3.99
1965-02-27,,,,4.0,
1965-02-28,,,,4.0,
1965-03-01,,,4.22,4.0,3.97
1965-03-02,,,4.24,4.0,3.96
1965-03-03,,,4.23,4.0,3.97
1965-03-04,,,4.22,4.0,3.96
1965-03-05,,,4.23,4.13,3.95
1965-03-06,,,,4.13,
1965-03-07,,,,4.13,
1965-03-08,,,4.23,4.0,3.94
1965-03-09,,,4.23,4.0,3.94
1965-03-10,,,4.23,4.0,3.95
1965-03-11,,,4.22,4.13,3.94
1965-03-12,,,4.22,4.0,3.93
1965-03-13,,,,4.0,
1965-03-14,,,,4.0,
1965-03-15,,,4.21,4.13,3.92
1965-03-16,,,4.21,4.0,3.91
1965-03-17,,,4.2,4.0,3.92
1965-03-18,,,4.2,4.13,3.92
1965-03-19,,,4.2,4.13,3.92
1965-03-20,,,,4.13,
1965-03-21,,,,4.13,
1965-03-22,,,4.19,4.13,3.92
1965-03-23,,,4.19,4.0,3.91
1965-03-24,,,4.18,4.0,3.91
1965-03-25,,,4.19,4.13,3.89
1965-03-26,,,4.2,4.0,3.9
1965-03-27,,,,4.0,
1965-03-28,,,,4.0,
1965-03-29,,,4.2,4.0,3.9
1965-03-30,,,4.2,4.0,3.92
1965-03-31,,,4.2,4.0,3.93
1965-04-01,,,4.2,4.13,3.93
1965-04-02,,,4.2,4.13,3.94
1965-04-03,,,,4.13,
1965-04-04,,,,4.13,
1965-04-05,,,4.2,4.13,3.93
1965-04-06,,,4.2,4.13,3.92
1965-04-07,,,4.2,4.0,3.94
1965-04-08,,,4.19,4.13,3.92
1965-04-09,,,4.2,4.13,3.93
1965-04-10,,,,4.13,
1965-04-11,,,,4.13,
1965-04-12,,,4.2,4.13,3.93
1965-04-13,,,4.2,4.13,3.92
1965-04-14,,,4.19,4.13,3.94
1965-04-15,,,4.2,4.13,3.94
1965-04-16,,,,4.13,
1965-04-17,,,,4.13,
1965-04-18,,,,4.13,
1965-04-19,,,4.21,4.0,3.94
1965-04-20,,,4.21,4.13,3.93
1965-04-21,,,4.21,4.0,3.94
1965-04-22,,,4.21,4.13,3.94
1965-04-23,,,4.21,4.0,3.92
1965-04-24,,,,4.0,
1965-04-25,,,,4.0,
1965-04-26,,,4.21,4.0,3.9
1965-04-27,,,4.21,4.0,3.9
1965-04-28,,,4.21,4.0,3.92
1965-04-29,,,4.21,4.13,3.92
1965-04-30,,,4.21,4.13,3.91
1965-05-01,,,,4.13,
1965-05-02,,,,4.13,
1965-05-03,,,4.21,4.13,3.9
1965-05-04,,,4.2,4.13,3.88
1965-05-05,,,4.2,4.13,3.9
1965-05-06,,,4.2,4.13,3.89
1965-05-07,,,4.2,4.13,3.89
1965-05-08,,,,4.13,
1965-05-09,,,,4.13,
1965-05-10,,,4.2,4.0,3.88
1965-05-11,,,4.2,4.0,3.88
1965-05-12,,,4.2,4.0,3.9
1965-05-13,,,4.21,4.13,3.9
1965-05-14,,,4.21,4.13,3.9
1965-05-15,,,,4.13,
1965-05-16,,,,4.13,
1965-05-17,,,4.21,4.0,3.89
1965-05-18,,,4.22,4.0,3.89
1965-05-19,,,4.22,4.0,3.9
1965-05-20,,,4.22,4.13,3.9
1965-05-21,,,4.22,4.13,3.9
1965-05-22,,,,4.13,
1965-05-23,,,,4.13,
1965-05-24,,,4.22,4.0,3.88
1965-05-25,,,4.22,4.13,3.88
1965-05-26,,,4.22,4.13,3.89
1965-05-27,,,4.22,4.13,3.88
1965-05-28,,,4.23,4.13,3.87
1965-05-29,,,,4.13,
1965-05-30,,,,4.13,
1965-05-31,,,,4.13,
1965-06-01,,,4.23,4.13,3.88
1965-06-02,,,4.23,4.0,3.87
1965-06-03,,,4.23,4.13,3.84
1965-06-04,,,4.23,4.13,3.81
1965-06-05,,,,4.13,
1965-06-06,,,,4.13,
1965-06-07,,,4.23,4.13,3.78
1965-06-08,,,4.23,4.0,3.81
1965-06-09,,,4.23,4.13,3.82
1965-06-10,,,4.23,4.13,3.81
1965-06-11,,,4.23,4.13,3.81
1965-06-12,,,,4.13,
1965-06-13,,,,4.13,
1965-06-14,,,4.21,4.13,3.8
1965-06-15,,,4.21,4.13,3.8
1965-06-16,,,4.21,4.13,3.79
1965-06-17,,,4.21,4.13,3.8
1965-06-18,,,4.21,4.13,3.8
1965-06-19,,,,4.13,
1965-06-20,,,,4.13,
1965-06-21,,,4.2,4.13,3.78
1965-06-22,,,4.2,4.0,3.78
1965-06-23,,,4.2,2.0,3.78
1965-06-24,,,4.19,4.13,3.77
1965-06-25,,,4.19,4.13,3.77
1965-06-26,,,,4.13,
1965-06-27,,,,4.13,
1965-06-28,,,4.19,4.13,3.78
1965-06-29,,,4.2,4.13,3.81
1965-06-30,,,4.2,4.13,3.81
1965-07-01,,,4.2,4.13,3.82
1965-07-02,,,4.21,4.13,3.83
1965-07-03,,,,4.13,
1965-07-04,,,,4.13,
1965-07-05,,,,4.13,
1965-07-06,,,4.21,4.13,3.87
1965-07-07,,,4.21,4.13,3.86
1965-07-08,,,4.2,4.13,3.87
1965-07-09,,,4.21,4.13,3.87
1965-07-10,,,,4.13,
1965-07-11,,,,4.13,
1965-07-12,,,4.21,4.13,3.87
1965-07-13,,,4.21,4.0,3.88
1965-07-14,,,4.21,4.0,3.87
1965-07-15,,,4.2,4.13,3.85
1965-07-16,,,4.2,4.13,3.84
1965-07-17,,,,4.13,
1965-07-18,,,,4.13,
1965-07-19,,,4.2,4.0,3.82
1965-07-20,,,4.2,4.0,3.82
1965-07-21,,,4.2,3.75,3.82
1965-07-22,,,4.2,4.13,3.81
1965-07-23,,,4.2,4.13,3.81
1965-07-24,,,,4.13,
1965-07-25,,,,4.13,
1965-07-26,,,4.2,4.0,3.8
1965-07-27,,,4.2,4.0,3.81
1965-07-28,,,4.2,4.13,3.81
1965-07-29,,,4.21,4.13,3.8
1965-07-30,,,4.22,4.13,3.81
1965-07-31,,,,4.13,
1965-08-01,,,,4.13,
1965-08-02,,,4.22,4.13,3.82
1965-08-03,,,4.22,4.13,3.85
1965-08-04,,,4.23,4.0,3.85
1965-08-05,,,4.23,4.13,3.85
1965-08-06,,,4.24,4.13,3.84
1965-08-07,,,,4.13,
1965-08-08,,,,4.13,
1965-08-09,,,4.24,4.13,3.83
1965-08-10,,,4.24,4.13,3.85
1965-08-11,,,4.25,4.13,3.84
1965-08-12,,,4.25,4.13,3.83
1965-08-13,,,4.25,4.13,3.8
1965-08-14,,,,4.13,
1965-08-15,,,,4.13,
1965-08-16,,,4.26,4.13,3.8
1965-08-17,,,4.27,4.13,3.83
1965-08-18,,,4.26,4.13,3.83
1965-08-19,,,4.26,4.13,3.83
1965-08-20,,,4.26,4.13,3.83
1965-08-21,,,,4.13,
1965-08-22,,,,4.13,
1965-08-23,,,4.26,4.13,3.84
1965-08-24,,,4.27,4.13,3.87
1965-08-25,,,4.26,4.13,3.87
1965-08-26,,,4.27,4.13,3.86
1965-08-27,,,4.27,4.13,3.86
1965-08-28,,,,4.13,
1965-08-29,,,,4.13,
1965-08-30,,,4.27,4.13,3.86
1965-08-31,,,4.27,4.0,3.9
1965-09-01,,,4.28,3.75,3.89
1965-09-02,,,4.28,4.13,3.86
1965-09-03,,,4.27,4.13,3.87
1965-09-04,,,,4.13,
1965-09-05,,,,4.13,
1965-09-06,,,,4.13,
1965-09-07,,,4.27,4.13,3.91
1965-09-08,,,4.27,4.0,3.91
1965-09-09,,,4.27,4.13,3.9
1965-09-10,,,4.28,4.13,3.88
1965-09-11,,,,4.13,
1965-09-12,,,,4.13,
1965-09-13,,,4.28,4.13,3.88
1965-09-14,,,4.28,4.13,3.88
1965-09-15,,,4.28,4.13,3.88
1965-09-16,,,4.27,4.13,3.88
1965-09-17,,,4.27,4.13,3.88
1965-09-18,,,,4.13,
1965-09-19,,,,4.13,
1965-09-20,,,4.27,4.13,3.89
1965-09-21,,,4.28,4.13,3.93
1965-09-22,,,4.29,4.13,3.94
1965-09-23,,,4.3,4.13,3.96
1965-09-24,,,4.31,4.25,3.98
1965-09-25,,,,4.25,
1965-09-26,,,,4.25,
1965-09-27,,,4.31,4.13,3.99
1965-09-28,,,4.33,4.0,4.02
1965-09-29,,,4.36,1.0,4.05
1965-09-30,,,4.35,4.13,4.02
1965-10-01,,,4.36,4.13,4.0
1965-10-02,,,,4.13,
1965-10-03,,,,4.13,
1965-10-04,,,4.35,4.13,3.98
1965-10-05,,,4.33,4.0,4.05
1965-10-06,,,4.32,4.0,4.04
1965-10-07,,,4.31,4.13,4.0
1965-10-08,,,4.32,4.13,4.0
1965-10-09,,,,4.13,
1965-10-10,,,,4.13,
1965-10-11,,,4.31,4.13,3.98
1965-10-12,,,,4.13,
1965-10-13,,,4.3,4.13,4.01
1965-10-14,,,4.31,4.13,4.01
1965-10-15,,,4.34,4.13,4.02
1965-10-16,,,,4.13,
1965-10-17,,,,4.13,
1965-10-18,,,4.34,4.13,4.02
1965-10-19,,,4.35,3.75,4.04
1965-10-20,,,4.36,4.13,4.04
1965-10-21,,,4.37,4.13,4.04
1965-10-22,,,4.36,4.13,4.04
1965-10-23,,,,4.13,
1965-10-24,,,,4.13,
1965-10-25,,,4.38,4.0,4.03
1965-10-26,,,4.38,3.75,4.05
1965-10-27,,,4.39,3.75,4.05
1965-10-28,,,4.4,4.13,4.06
1965-10-29,,,4.41,4.13,4.06
1965-10-30,,,,4.13,
1965-10-31,,,,4.13,
1965-11-01,,,4.43,4.13,4.07
1965-11-02,,,,4.13,
1965-11-03,,,4.43,4.13,4.09
1965-11-04,,,4.43,4.13,4.07
1965-11-05,,,4.43,4.13,4.04
1965-11-06,,,,4.13,
1965-11-07,,,,4.13,
1965-11-08,,,4.45,4.13,4.04
1965-11-09,,,4.47,3.5,4.07
1965-11-10,,,4.46,4.13,4.08
1965-11-11,,,,4.13,
1965-11-12,,,4.44,4.13,4.07
1965-11-13,,,,4.13,
1965-11-14,,,,4.13,
1965-11-15,,,4.45,4.13,4.08
1965-11-16,,,4.44,4.13,4.09
1965-11-17,,,4.45,4.13,4.09
1965-11-18,,,4.45,4.13,4.1
1965-11-19,,,4.46,4.13,4.1
1965-11-20,,,,4.13,
1965-11-21,,,,4.13,
1965-11-22,,,4.45,4.13,4.1
1965-11-23,,,4.45,4.0,4.12
1965-11-24,,,4.45,4.13,4.12
1965-11-25,,,,4.13,
1965-11-26,,,4.45,4.13,4.11
1965-11-27,,,,4.13,
1965-11-28,,,,4.13,
1965-11-29,,,4.46,4.13,4.1
1965-11-30,,,4.48,4.13,4.13
1965-12-01,,,4.52,4.13,4.13
1965-12-02,,,4.52,4.13,4.12
1965-12-03,,,4.52,4.13,4.12
1965-12-04,,,,4.13,
1965-12-05,,,,4.13,
1965-12-06,,,4.61,4.25,4.3
1965-12-07,,,4.59,4.0,4.36
1965-12-08,,,4.6,1.0,4.36
1965-12-09,,,4.6,4.5,4.34
1965-12-10,,,4.6,4.5,4.33
1965-12-11,,,,4.5,
1965-12-12,,,,4.5,
1965-12-13,,,4.65,4.5,4.36
1965-12-14,,,4.67,4.5,4.41
1965-12-15,,,4.67,4.5,4.4
1965-12-16,,,4.66,4.5,4.42
1965-12-17,,,4.65,4.5,4.46
1965-12-18,,,,4.5,
1965-12-19,,,,4.5,
1965-12-20,,,4.61,4.5,4.5
1965-12-21,,,4.64,4.0,4.48
1965-12-22,,,4.65,4.5,4.47
1965-12-23,,,4.65,4.63,4.47
1965-12-24,,,,4.63,
1965-12-25,,,,4.63,
1965-12-26,,,,4.63,
1965-12-27,,,4.62,4.63,4.47
1965-12-28,,,4.61,4.63,4.47
1965-12-29,,,4.62,4.63,4.48
1965-12-30,,,4.63,4.63,4.48
1965-12-31,,,4.65,4.63,4.49
1966-01-01,,,,4.63,
1966-01-02,,,,4.63,
1966-01-03,,,4.63,4.63,4.51
1966-01-04,,,4.65,4.63,4.56
1966-01-05,,,4.63,4.5,4.56
1966-01-06,,,4.6,4.63,4.54
1966-01-07,,,4.6,4.63,4.54
1966-01-08,,,,4.63,
1966-01-09,,,,4.63,
1966-01-10,,,4.61,4.63,4.55
1966-01-11,,,4.6,4.5,4.6
1966-01-12,,,4.56,4.5,4.61
1966-01-13,,,4.58,4.63,4.6
1966-01-14,,,4.59,4.63,4.63
1966-01-15,,,,4.63,
1966-01-16,,,,4.63,
1966-01-17,,,4.61,4.5,4.63
1966-01-18,,,4.61,2.5,4.66
1966-01-19,,,4.61,1.5,4.62
1966-01-20,,,4.6,4.63,4.59
1966-01-21,,,4.59,4.63,4.59
1966-01-22,,,,4.63,
1966-01-23,,,,4.63,
1966-01-24,,,4.6,4.5,4.57
1966-01-25,,,4.61,4.25,4.6
1966-01-26,,,4.61,4.63,4.6
1966-01-27,,,4.63,4.63,4.56
1966-01-28,,,4.65,4.63,4.57
1966-01-29,,,,4.63,
1966-01-30,,,,4.63,
1966-01-31,,,4.69,4.5,4.63
1966-02-01,,,4.69,4.25,4.66
1966-02-02,,,4.7,4.5,4.64
1966-02-03,,,4.7,4.63,4.63
1966-02-04,,,4.71,4.63,4.62
1966-02-05,,,,4.63,
1966-02-06,,,,4.63,
1966-02-07,,,4.73,4.63,4.61
1966-02-08,,,4.72,4.63,4.64
1966-02-09,,,4.74,4.63,4.64
1966-02-10,,,4.78,4.63,4.65
1966-02-11,,,4.86,4.63,4.65
1966-02-12,,,,4.63,
1966-02-13,,,,4.63,
1966-02-14,,,4.87,4.5,4.65
1966-02-15,,,4.88,4.5,4.68
1966-02-16,,,4.89,4.63,4.7
1966-02-17,,,4.88,4.63,4.66
1966-02-18,,,4.9,4.63,4.66
1966-02-19,,,,4.63,
1966-02-20,,,,4.63,
1966-02-21,,,4.92,4.63,4.66
1966-02-22,,,,4.63,
1966-02-23,,,4.92,4.63,4.69
1966-02-24,,,4.93,4.63,4.67
1966-02-25,,,4.97,4.63,4.63
1966-02-26,,,,4.63,
1966-02-27,,,,4.63,
1966-02-28,,,5.02,4.63,4.64
1966-03-01,,,5.01,4.63,4.65
1966-03-02,,,5.0,4.63,4.64
1966-03-03,,,5.0,4.75,4.61
1966-03-04,,,4.98,4.75,4.57
1966-03-05,,,,4.75,
1966-03-06,,,,4.75,
1966-03-07,,,4.96,4.63,4.57
1966-03-08,,,4.93,4.5,4.63
1966-03-09,,,4.93,4.63,4.63
1966-03-10,,,4.95,4.63,4.65
1966-03-11,,,4.96,4.63,4.69
1966-03-12,,,,4.63,
1966-03-13,,,,4.63,
1966-03-14,,,4.94,4.63,4.67
1966-03-15,,,4.91,4.63,4.65
1966-03-16,,,4.9,4.25,4.65
1966-03-17,,,4.86,4.75,4.64
1966-03-18,,,4.84,4.63,4.59
1966-03-19,,,,4.63,
1966-03-20,,,,4.63,
1966-03-21,,,4.81,4.63,4.52
1966-03-22,,,4.78,4.75,4.55
1966-03-23,,,4.73,4.75,4.49
1966-03-24,,,4.76,4.75,4.46
1966-03-25,,,4.82,4.75,4.53
1966-03-26,,,,4.75,
1966-03-27,,,,4.75,
1966-03-28,,,4.81,4.63,4.5
1966-03-29,,,4.8,4.63,4.55
1966-03-30,,,4.7,4.5,4.53
1966-03-31,,,4.71,4.75,4.52
1966-04-01,,,4.7,4.75,4.5
1966-04-02,,,,4.75,
1966-04-03,,,,4.75,
1966-04-04,,,4.69,4.75,4.48
1966-04-05,,,4.66,4.75,4.54
1966-04-06,,,4.71,4.75,4.56
1966-04-07,,,4.73,4.75,4.58
1966-04-08,,,,4.75,
1966-04-09,,,,4.75,
1966-04-10,,,,4.75,
1966-04-11,,,4.73,4.75,4.59
1966-04-12,,,4.73,4.63,4.66
1966-04-13,,,4.74,4.5,4.67
1966-04-14,,,4.76,4.75,4.66
1966-04-15,,,4.77,4.75,4.66
1966-04-16,,,,4.75,
1966-04-17,,,,4.75,
1966-04-18,,,4.76,4.75,4.65
1966-04-19,,,4.76,4.75,4.66
1966-04-20,,,4.8,4.88,4.67
1966-04-21,,,4.77,4.88,4.66
1966-04-22,,,4.77,4.75,4.63
1966-04-23,,,,4.75,
1966-04-24,,,,4.75,
1966-04-25,,,4.78,4.75,4.63
1966-04-26,,,4.79,4.5,4.64
1966-04-27,,,4.78,3.0,4.64
1966-04-28,,,4.78,4.75,4.63
1966-04-29,,,4.79,4.63,4.65
1966-04-30,,,,4.63,
1966-05-01,,,,4.63,
1966-05-02,,,4.8,4.75,4.65
1966-05-03,,,4.81,4.88,4.68
1966-05-04,,,4.81,4.88,4.67
1966-05-05,,,4.81,4.88,4.67
1966-05-06,,,4.79,5.0,4.66
1966-05-07,,,,5.0,
1966-05-08,,,,5.0,
1966-05-09,,,4.75,4.88,4.61
1966-05-10,,,4.75,4.5,4.61
1966-05-11,,,4.77,4.25,4.61
1966-05-12,,,4.77,4.88,4.61
1966-05-13,,,4.77,5.0,4.61
1966-05-14,,,,5.0,
1966-05-15,,,,5.0,
1966-05-16,,,4.77,5.0,4.6
1966-05-17,,,4.75,5.0,4.64
1966-05-18,,,4.75,5.0,4.65
1966-05-19,,,4.75,5.13,4.65
1966-05-20,,,4.75,5.13,4.64
1966-05-21,,,,5.13,
1966-05-22,,,,5.13,
1966-05-23,,,4.77,4.88,4.62
1966-05-24,,,4.79,4.25,4.65
1966-05-25,,,4.78,4.25,4.65
1966-05-26,,,4.8,5.13,4.64
1966-05-27,,,4.81,5.13,4.62
1966-05-28,,,,5.13,
1966-05-29,,,,5.13,
1966-05-30,,,,5.13,
1966-05-31,,,4.8,4.75,4.64
1966-06-01,,,4.79,4.25,4.63
1966-06-02,,,4.77,5.13,4.56
1966-06-03,,,4.78,5.25,4.54
1966-06-04,,,,5.25,
1966-06-05,,,,5.25,
1966-06-06,,,4.79,4.75,4.54
1966-06-07,,,4.81,4.25,4.6
1966-06-08,,,4.83,5.0,4.59
1966-06-09,,,4.83,5.25,4.58
1966-06-10,,,4.83,5.25,4.57
1966-06-11,,,,5.25,
1966-06-12,,,,5.25,
1966-06-13,,,4.83,5.0,4.56
1966-06-14,,,4.83,5.0,4.58
1966-06-15,,,4.79,5.25,4.54
1966-06-16,,,4.81,5.25,4.5
1966-06-17,,,4.8,5.13,4.46
1966-06-18,,,,5.13,
1966-06-19,,,,5.13,
1966-06-20,,,4.76,5.0,4.43
1966-06-21,,,4.75,5.25,4.47
1966-06-22,,,4.76,5.38,4.4
1966-06-23,,,4.77,5.38,4.34
1966-06-24,,,4.8,5.5,4.38
1966-06-25,,,,5.5,
1966-06-26,,,,5.5,
1966-06-27,,,4.83,5.38,4.33
1966-06-28,,,4.89,5.38,4.38
1966-06-29,,,4.9,5.38,4.43
1966-06-30,,,4.97,5.5,4.58
1966-07-01,,,4.99,5.5,4.64
1966-07-02,,,,5.5,
1966-07-03,,,,5.5,
1966-07-04,,,,5.5,
1966-07-05,,,4.96,5.25,4.77
1966-07-06,,,4.95,4.75,4.66
1966-07-07,,,4.95,5.5,4.66
1966-07-08,,,4.97,5.63,4.68
1966-07-09,,,,5.63,
1966-07-10,,,,5.63,
1966-07-11,,,5.03,5.63,4.74
1966-07-12,,,5.05,5.63,4.89
1966-07-13,,,5.07,4.5,4.88
1966-07-14,,,5.1,5.63,4.92
1966-07-15,,,5.09,5.25,4.93
1966-07-16,,,,5.25,
1966-07-17,,,,5.25,
1966-07-18,,,5.04,4.0,4.93
1966-07-19,,,5.03,4.5,4.96
1966-07-20,,,5.02,3.0,4.9
1966-07-21,,,5.04,5.0,4.88
1966-07-22,,,5.02,5.5,4.84
1966-07-23,,,,5.5,
1966-07-24,,,,5.5,
1966-07-25,,,4.99,5.5,4.78
1966-07-26,,,4.99,5.5,4.77
1966-07-27,,,4.99,5.75,4.66
1966-07-28,,,5.03,5.75,4.69
1966-07-29,,,5.05,5.75,4.77
1966-07-30,,,,5.75,
1966-07-31,,,,5.75,
1966-08-01,,,5.05,5.63,4.75
1966-08-02,,,5.04,5.5,4.84
1966-08-03,,,5.06,5.25,4.87
1966-08-04,,,5.07,5.75,4.84
1966-08-05,,,5.07,5.88,4.79
1966-08-06,,,,5.88,
1966-08-07,,,,5.88,
1966-08-08,,,5.08,5.75,4.78
1966-08-09,,,5.1,5.63,4.86
1966-08-10,,,5.1,5.5,4.89
1966-08-11,,,5.11,5.88,4.91
1966-08-12,,,5.11,5.88,4.94
1966-08-13,,,,5.88,
1966-08-14,,,,5.88,
1966-08-15,,,5.15,5.75,5.0
1966-08-16,,,5.18,4.75,5.09
1966-08-17,,,5.24,3.5,5.08
1966-08-18,,,5.29,5.88,5.09
1966-08-19,,,5.31,5.88,5.06
1966-08-20,,,,5.88,
1966-08-21,,,,5.88,
1966-08-22,,,5.29,5.25,4.97
1966-08-23,,,5.33,5.5,5.05
1966-08-24,,,5.36,5.75,5.02
1966-08-25,,,5.39,5.88,5.03
1966-08-26,,,5.48,5.5,5.03
1966-08-27,,,,5.5,
1966-08-28,,,,5.5,
1966-08-29,,,5.51,5.25,5.04
1966-08-30,,,5.48,5.25,5.09
1966-08-31,,,5.36,4.5,5.06
1966-09-01,,,5.3,5.88,5.08
1966-09-02,,,5.23,5.88,5.09
1966-09-03,,,,5.88,
1966-09-04,,,,5.88,
1966-09-05,,,,5.88,
1966-09-06,,,5.19,5.88,5.17
1966-09-07,,,5.2,6.0,5.19
1966-09-08,,,5.18,6.0,5.21
1966-09-09,,,5.17,6.13,5.22
1966-09-10,,,,6.13,
1966-09-11,,,,6.13,
1966-09-12,,,5.18,5.88,5.29
1966-09-13,,,5.16,5.88,5.43
1966-09-14,,,5.21,4.5,5.45
1966-09-15,,,5.25,6.0,5.46
1966-09-16,,,5.24,5.5,5.46
1966-09-17,,,,5.5,
1966-09-18,,,,5.5,
1966-09-19,,,5.32,5.25,5.47
1966-09-20,,,5.27,4.75,5.57
1966-09-21,,,5.21,4.5,5.59
1966-09-22,,,5.15,5.25,5.55
1966-09-23,,,5.17,4.75,5.51
1966-09-24,,,,4.75,
1966-09-25,,,,4.75,
1966-09-26,,,5.17,4.5,5.45
1966-09-27,,,5.13,4.0,5.44
1966-09-28,,,5.09,3.5,5.41
1966-09-29,,,4.99,5.75,5.34
1966-09-30,,,5.02,5.75,5.34
1966-10-01,,,,5.75,
1966-10-02,,,,5.75,
1966-10-03,,,5.08,6.0,5.33
1966-10-04,,,5.06,6.0,5.44
1966-10-05,,,5.05,6.0,5.42
1966-10-06,,,5.03,5.75,5.38
1966-10-07,,,5.02,6.0,5.36
1966-10-08,,,,6.0,
1966-10-09,,,,6.0,
1966-10-10,,,5.05,5.25,5.4
1966-10-11,,,5.05,4.75,5.47
1966-10-12,,,,4.75,
1966-10-13,,,5.07,5.75,5.48
1966-10-14,,,5.06,6.0,5.44
1966-10-15,,,,6.0,
1966-10-16,,,,6.0,
1966-10-17,,,5.04,5.75,5.39
1966-10-18,,,4.99,5.0,5.41
1966-10-19,,,5.0,5.0,5.4
1966-10-20,,,5.02,5.75,5.38
1966-10-21,,,4.94,5.25,5.27
1966-10-22,,,,5.25,
1966-10-23,,,,5.25,
1966-10-24,,,4.94,5.5,5.19
1966-10-25,,,4.94,4.0,5.23
1966-10-26,,,4.96,4.25,5.24
1966-10-27,,,4.99,5.75,5.25
1966-10-28,,,4.97,5.75,5.23
1966-10-29,,,,5.75,
1966-10-30,,,,5.75,
1966-10-31,,,4.97,5.75,5.22
1966-11-01,,,4.99,6.0,5.27
1966-11-02,,,5.04,6.25,5.33
1966-11-03,,,5.06,6.0,5.33
1966-11-04,,,5.11,6.0,5.36
1966-11-05,,,,6.0,
1966-11-06,,,,6.0,
1966-11-07,,,5.11,5.75,5.37
1966-11-08,,,,5.5,
1966-11-09,,,5.12,5.5,5.42
1966-11-10,,,5.17,6.0,5.45
1966-11-11,,,,6.0,
1966-11-12,,,,6.0,
1966-11-13,,,,6.0,
1966-11-14,,,5.19,5.75,5.41
1966-11-15,,,5.21,6.0,5.45
1966-11-16,,,5.22,6.0,5.44
1966-11-17,,,5.23,5.75,5.36
1966-11-18,,,5.22,5.5,5.29
1966-11-19,,,,5.5,
1966-11-20,,,,5.5,
1966-11-21,,,5.17,5.5,5.21
1966-11-22,,,5.2,5.25,5.28
1966-11-23,,,5.22,5.5,5.28
1966-11-24,,,,5.5,
1966-11-25,,,5.23,5.75,5.27
1966-11-26,,,,5.75,
1966-11-27,,,,5.75,
1966-11-28,,,5.19,6.0,5.2
1966-11-29,,,5.15,5.0,5.19
1966-11-30,,,5.12,5.75,5.16
1966-12-01,,,5.09,5.5,5.16
1966-12-02,,,5.03,5.5,5.16
1966-12-03,,,,5.5,
1966-12-04,,,,5.5,
1966-12-05,,,5.06,5.25,5.17
1966-12-06,,,5.07,5.0,5.15
1966-12-07,,,5.07,5.25,5.19
1966-12-08,,,5.1,5.75,5.18
1966-12-09,,,5.05,5.5,5.11
1966-12-10,,,,5.5,
1966-12-11,,,,5.5,
1966-12-12,,,4.93,5.5,5.03
1966-12-13,,,4.86,5.25,5.04
1966-12-14,,,4.83,5.0,5.01
1966-12-15,,,4.76,5.5,4.92
1966-12-16,,,4.78,5.25,4.85
1966-12-17,,,,5.25,
1966-12-18,,,,5.25,
1966-12-19,,,4.72,5.0,4.85
1966-12-20,,,4.69,5.5,4.82
1966-12-21,,,4.66,5.0,4.82
1966-12-22,,,4.68,5.5,4.81
1966-12-23,,,4.67,5.5,4.78
1966-12-24,,,,5.5,
1966-12-25,,,,5.5,
1966-12-26,,,,5.5,
1966-12-27,,,4.71,5.75,4.78
1966-12-28,,,4.64,5.75,4.8
1966-12-29,,,4.66,6.0,4.82
1966-12-30,,,4.64,5.0,4.81
1966-12-31,,,,5.0,
1967-01-01,,,,5.0,
1967-01-02,,,,5.0,
1967-01-03,,,4.69,5.5,4.84
1967-01-04,,,4.65,4.5,4.81
1967-01-05,,,4.63,5.5,4.78
1967-01-06,,,4.64,5.75,4.78
1967-01-07,,,,5.75,
1967-01-08,,,,5.75,
1967-01-09,,,4.71,5.0,4.79
1967-01-10,,,4.69,5.0,4.85
1967-01-11,,,4.54,5.0,4.79
1967-01-12,,,4.55,5.5,4.83
1967-01-13,,,4.51,5.0,4.79
1967-01-14,,,,5.0,
1967-01-15,,,,5.0,
1967-01-16,,,4.49,4.25,4.72
1967-01-17,,,4.51,4.25,4.69
1967-01-18,,,4.53,4.75,4.7
1967-01-19,,,4.58,5.25,4.72
1967-01-20,,,4.6,5.5,4.71
1967-01-21,,,,5.5,
1967-01-22,,,,5.5,
1967-01-23,,,4.6,4.75,4.68
1967-01-24,,,4.65,4.75,4.69
1967-01-25,,,4.62,5.0,4.7
1967-01-26,,,4.5,4.75,4.64
1967-01-27,,,4.47,4.25,4.59
1967-01-28,,,,4.25,
1967-01-29,,,,4.25,
1967-01-30,,,4.48,4.0,4.51
1967-01-31,,,4.52,4.0,4.51
1967-02-01,,,4.52,4.0,4.5
1967-02-02,,,4.51,4.5,4.47
1967-02-03,,,4.52,4.75,4.46
1967-02-04,,,,4.75,
1967-02-05,,,,4.75,
1967-02-06,,,4.53,5.25,4.53
1967-02-07,,,4.54,5.5,4.55
1967-02-08,,,4.54,5.0,4.53
1967-02-09,,,4.53,5.0,4.52
1967-02-10,,,4.59,5.25,4.56
1967-02-11,,,,5.25,
1967-02-12,,,,5.25,
1967-02-13,,,,5.25,
1967-02-14,,,4.64,5.0,4.6
1967-02-15,,,4.69,5.25,4.62
1967-02-16,,,4.67,5.25,4.61
1967-02-17,,,4.68,5.25,4.62
1967-02-18,,,,5.25,
1967-02-19,,,,5.25,
1967-02-20,,,4.7,5.25,4.6
1967-02-21,,,4.71,5.0,4.62
1967-02-22,,,,5.0,
1967-02-23,,,4.74,5.25,4.64
1967-02-24,,,4.73,4.75,4.59
1967-02-25,,,,4.75,
1967-02-26,,,,4.75,
1967-02-27,,,4.72,4.75,4.54
1967-02-28,,,4.72,4.75,4.54
1967-03-01,,,4.66,3.75,4.45
1967-03-02,,,4.63,4.5,4.41
1967-03-03,,,4.62,4.75,4.37
1967-03-04,,,,4.75,
1967-03-05,,,,4.75,
1967-03-06,,,4.61,4.75,4.36
1967-03-07,,,4.6,4.75,4.38
1967-03-08,,,4.61,4.75,4.39
1967-03-09,,,4.57,4.75,4.37
1967-03-10,,,4.58,4.5,4.36
1967-03-11,,,,4.5,
1967-03-12,,,,4.5,
1967-03-13,,,4.56,4.5,4.33
1967-03-14,,,4.53,4.5,4.31
1967-03-15,,,4.49,4.5,4.28
1967-03-16,,,4.45,4.5,4.24
1967-03-17,,,4.47,4.75,4.24
1967-03-18,,,,4.75,
1967-03-19,,,,4.75,
1967-03-20,,,4.45,4.75,4.1
1967-03-21,,,4.51,4.75,4.16
1967-03-22,,,4.52,4.75,4.17
1967-03-23,,,4.5,4.75,4.15
1967-03-24,,,,4.5,
1967-03-25,,,,4.5,
1967-03-26,,,,4.5,
1967-03-27,,,4.52,4.5,4.17
1967-03-28,,,4.52,4.5,4.17
1967-03-29,,,4.52,2.5,4.17
1967-03-30,,,4.5,4.75,4.11
1967-03-31,,,4.5,4.5,4.01
1967-04-01,,,,4.5,
1967-04-02,,,,4.5,
1967-04-03,,,4.5,4.5,3.97
1967-04-04,,,4.49,4.63,4.0
1967-04-05,,,4.5,4.5,3.98
1967-04-06,,,4.49,4.5,3.95
1967-04-07,,,4.48,4.0,3.87
1967-04-08,,,,4.0,
1967-04-09,,,,4.0,
1967-04-10,,,4.5,3.5,3.81
1967-04-11,,,4.51,3.5,3.82
1967-04-12,,,4.51,4.0,3.84
1967-04-13,,,4.54,4.0,3.87
1967-04-14,,,4.56,4.0,3.89
1967-04-15,,,,4.0,
1967-04-16,,,,4.0,
1967-04-17,,,4.61,4.0,3.89
1967-04-18,,,4.63,4.0,3.88
1967-04-19,,,4.63,3.5,3.82
1967-04-20,,,4.63,4.0,3.79
1967-04-21,,,4.66,4.0,3.75
1967-04-22,,,,4.0,
1967-04-23,,,,4.0,
1967-04-24,,,4.68,4.0,3.73
1967-04-25,,,4.71,4.0,3.73
1967-04-26,,,4.73,4.0,3.72
1967-04-27,,,4.73,4.0,3.71
1967-04-28,,,4.78,4.0,3.73
1967-04-29,,,,4.0,
1967-04-30,,,,4.0,
1967-05-01,,,4.77,4.0,3.75
1967-05-02,,,4.75,4.0,3.74
1967-05-03,,,4.75,4.0,3.74
1967-05-04,,,4.76,4.13,3.69
1967-05-05,,,4.77,4.0,3.69
1967-05-06,,,,4.0,
1967-05-07,,,,4.0,
1967-05-08,,,4.83,3.75,3.65
1967-05-09,,,4.87,3.75,3.66
1967-05-10,,,4.87,3.25,3.67
1967-05-11,,,4.84,4.0,3.65
1967-05-12,,,4.82,4.0,3.65
1967-05-13,,,,4.0,
1967-05-14,,,,4.0,
1967-05-15,,,4.86,4.0,3.6
1967-05-16,,,4.87,4.13,3.63
1967-05-17,,,4.88,4.0,3.63
1967-05-18,,,4.88,4.0,3.55
1967-05-19,,,4.89,4.0,3.54
1967-05-20,,,,4.0,
1967-05-21,,,,4.0,
1967-05-22,,,4.94,3.75,3.5
1967-05-23,,,4.94,4.0,3.53
1967-05-24,,,4.93,3.75,3.51
1967-05-25,,,4.92,4.0,3.49
1967-05-26,,,4.86,4.0,3.48
1967-05-27,,,,4.0,
1967-05-28,,,,4.0,
1967-05-29,,,4.84,3.75,3.46
1967-05-30,,,,3.75,
1967-05-31,,,4.81,4.13,3.46
1967-06-01,,,4.81,4.0,3.4
1967-06-02,,,4.82,4.0,3.39
1967-06-03,,,,4.0,
1967-06-04,,,,4.0,
1967-06-05,,,4.85,3.75,3.37
1967-06-06,,,4.84,4.0,3.4
1967-06-07,,,4.84,3.75,3.41
1967-06-08,,,4.86,4.0,3.43
1967-06-09,,,4.89,4.0,3.45
1967-06-10,,,,4.0,
1967-06-11,,,,4.0,
1967-06-12,,,4.94,4.0,3.5
1967-06-13,,,4.95,4.0,3.55
1967-06-14,,,5.02,4.0,3.61
1967-06-15,,,5.02,4.13,3.59
1967-06-16,,,5.07,4.0,3.61
1967-06-17,,,,4.0,
1967-06-18,,,,4.0,
1967-06-19,,,5.07,3.75,3.58
1967-06-20,,,5.14,4.0,3.55
1967-06-21,,,5.14,4.0,3.49
1967-06-22,,,5.13,4.13,3.38
1967-06-23,,,5.14,4.13,3.33
1967-06-24,,,,4.13,
1967-06-25,,,,4.13,
1967-06-26,,,5.16,4.0,3.44
1967-06-27,,,5.21,4.0,3.67
1967-06-28,,,5.18,4.0,3.76
1967-06-29,,,5.2,4.13,3.88
1967-06-30,,,5.22,3.5,4.0
1967-07-01,,,,3.5,
1967-07-02,,,,3.5,
1967-07-03,,,5.22,4.0,4.1
1967-07-04,,,,4.0,
1967-07-05,,,5.17,3.5,4.29
1967-07-06,,,5.11,4.13,4.21
1967-07-07,,,5.15,4.0,4.21
1967-07-08,,,,4.0,
1967-07-09,,,,4.0,
1967-07-10,,,5.16,4.0,4.18
1967-07-11,,,5.09,4.0,4.22
1967-07-12,,,5.06,3.75,4.18
1967-07-13,,,5.08,4.0,4.16
1967-07-14,,,5.08,3.75,4.18
1967-07-15,,,,3.75,
1967-07-16,,,,3.75,
1967-07-17,,,5.09,3.75,4.17
1967-07-18,,,5.16,3.75,4.2
1967-07-19,,,5.18,2.0,4.19
1967-07-20,,,5.2,3.75,4.21
1967-07-21,,,5.2,4.0,4.22
1967-07-22,,,,4.0,
1967-07-23,,,,4.0,
1967-07-24,,,5.23,3.75,4.35
1967-07-25,,,5.23,4.0,4.32
1967-07-26,,,5.23,4.0,4.28
1967-07-27,,,5.2,4.0,4.17
1967-07-28,,,5.18,3.75,4.15
1967-07-29,,,,3.75,
1967-07-30,,,,3.75,
1967-07-31,,,5.16,3.75,4.12
1967-08-01,,,5.18,3.75,4.16
1967-08-02,,,5.21,3.5,4.18
1967-08-03,,,5.2,4.0,4.15
1967-08-04,,,5.26,4.0,4.19
1967-08-05,,,,4.0,
1967-08-06,,,,4.0,
1967-08-07,,,5.3,4.0,4.15
1967-08-08,,,5.28,4.0,4.2
1967-08-09,,,5.27,4.13,4.18
1967-08-10,,,5.28,4.13,4.17
1967-08-11,,,5.29,4.0,4.17
1967-08-12,,,,4.0,
1967-08-13,,,,4.0,
1967-08-14,,,5.29,4.0,4.16
1967-08-15,,,5.29,4.13,4.2
1967-08-16,,,5.28,4.13,4.21
1967-08-17,,,5.28,4.0,4.21
1967-08-18,,,5.28,4.0,4.25
1967-08-19,,,,4.0,
1967-08-20,,,,4.0,
1967-08-21,,,5.3,3.88,4.29
1967-08-22,,,5.3,4.0,4.36
1967-08-23,,,5.31,4.0,4.39
1967-08-24,,,5.31,3.88,4.37
1967-08-25,,,5.32,3.75,4.4
1967-08-26,,,,3.75,
1967-08-27,,,,3.75,
1967-08-28,,,5.29,3.5,4.45
1967-08-29,,,5.27,3.5,4.45
1967-08-30,,,5.28,3.0,4.44
1967-08-31,,,5.27,4.0,4.38
1967-09-01,,,5.25,4.0,4.34
1967-09-02,,,,4.0,
1967-09-03,,,,4.0,
1967-09-04,,,,4.0,
1967-09-05,,,5.22,4.0,4.29
1967-09-06,,,5.2,4.13,4.31
1967-09-07,,,5.2,4.0,4.3
1967-09-08,,,5.26,4.0,4.31
1967-09-09,,,,4.0,
1967-09-10,,,,4.0,
1967-09-11,,,5.28,4.13,4.34
1967-09-12,,,5.29,4.0,4.37
1967-09-13,,,5.27,3.75,4.36
1967-09-14,,,5.28,4.0,4.39
1967-09-15,,,5.29,4.0,4.4
1967-09-16,,,,4.0,
1967-09-17,,,,4.0,
1967-09-18,,,5.3,4.0,4.47
1967-09-19,,,5.35,4.0,4.5
1967-09-20,,,5.34,4.0,4.57
1967-09-21,,,5.36,4.0,4.58
1967-09-22,,,5.36,4.0,4.6
1967-09-23,,,,4.0,
1967-09-24,,,,4.0,
1967-09-25,,,5.38,4.0,4.59
1967-09-26,,,5.37,4.0,4.54
1967-09-27,,,5.37,4.0,4.44
1967-09-28,,,5.36,4.13,4.4
1967-09-29,,,5.31,3.75,4.39
1967-09-30,,,,3.75,
1967-10-01,,,,3.75,
1967-10-02,,,5.35,4.13,4.4
1967-10-03,,,5.35,4.13,4.52
1967-10-04,,,5.37,4.13,4.54
1967-10-05,,,5.37,4.13,4.51
1967-10-06,,,5.37,4.0,4.5
1967-10-07,,,,4.0,
1967-10-08,,,,4.0,
1967-10-09,,,5.39,4.0,4.52
1967-10-10,,,5.42,4.13,4.54
1967-10-11,,,5.42,4.0,4.6
1967-10-12,,,,4.0,
1967-10-13,,,5.45,4.13,4.61
1967-10-14,,,,4.13,
1967-10-15,,,,4.13,
1967-10-16,,,5.47,4.13,4.64
1967-10-17,,,5.49,4.0,4.67
1967-10-18,,,5.52,3.75,4.62
1967-10-19,,,5.53,4.0,4.57
1967-10-20,,,5.52,3.75,4.58
1967-10-21,,,,3.75,
1967-10-22,,,,3.75,
1967-10-23,,,5.56,3.5,4.58
1967-10-24,,,5.56,3.75,4.57
1967-10-25,,,5.57,2.0,4.58
1967-10-26,,,5.58,3.75,4.54
1967-10-27,,,5.57,3.75,4.53
1967-10-28,,,,3.75,
1967-10-29,,,,3.75,
1967-10-30,,,5.6,4.0,4.53
1967-10-31,,,5.64,4.13,4.56
1967-11-01,,,5.7,4.13,4.58
1967-11-02,,,5.71,4.0,4.57
1967-11-03,,,5.75,4.0,4.61
1967-11-04,,,,4.0,
1967-11-05,,,,4.0,
1967-11-06,,,5.77,4.0,4.64
1967-11-07,,,,4.0,
1967-11-08,,,5.74,3.75,4.66
1967-11-09,,,5.78,4.0,4.63
1967-11-10,,,5.83,4.13,4.61
1967-11-11,,,,4.13,
1967-11-12,,,,4.13,
1967-11-13,,,5.87,4.13,4.62
1967-11-14,,,5.81,4.13,4.64
1967-11-15,,,5.78,4.0,4.63
1967-11-16,,,5.72,4.13,4.6
1967-11-17,,,5.75,4.0,4.67
1967-11-18,,,,4.0,
1967-11-19,,,,4.0,
1967-11-20,,,5.85,4.25,4.9
1967-11-21,,,5.71,4.0,4.87
1967-11-22,,,5.7,3.75,4.77
1967-11-23,,,,3.75,
1967-11-24,,,5.78,4.5,4.91
1967-11-25,,,,4.5,
1967-11-26,,,,4.5,
1967-11-27,,,5.76,4.63,4.9
1967-11-28,,,5.65,4.5,4.88
1967-11-29,,,5.67,4.25,4.9
1967-11-30,,,5.74,4.5,4.95
1967-12-01,,,5.78,4.5,5.01
1967-12-02,,,,4.5,
1967-12-03,,,,4.5,
1967-12-04,,,5.76,4.25,4.92
1967-12-05,,,5.74,4.25,4.96
1967-12-06,,,5.69,4.0,4.9
1967-12-07,,,5.71,4.5,4.91
1967-12-08,,,5.72,4.5,4.89
1967-12-09,,,,4.5,
1967-12-10,,,,4.5,
1967-12-11,,,5.74,4.5,4.9
1967-12-12,,,5.75,4.63,4.95
1967-12-13,,,5.71,4.5,4.96
1967-12-14,,,5.7,4.63,4.98
1967-12-15,,,5.71,4.5,5.07
1967-12-16,,,,4.5,
1967-12-17,,,,4.5,
1967-12-18,,,5.68,4.5,5.05
1967-12-19,,,5.66,4.38,5.02
1967-12-20,,,5.62,4.38,4.97
1967-12-21,,,5.64,4.63,4.91
1967-12-22,,,5.69,4.63,4.96
1967-12-23,,,,4.63,
1967-12-24,,,,4.63,
1967-12-25,,,,4.63,
1967-12-26,,,5.64,4.63,4.98
1967-12-27,,,5.64,4.63,4.99
1967-12-28,,,5.7,4.88,5.01
1967-12-29,,,5.7,4.5,5.04
1967-12-30,,,,4.5,
1967-12-31,,,,4.5,
1968-01-01,,,,4.5,
1968-01-02,,,5.63,4.63,5.04
1968-01-03,,,5.63,4.25,5.04
1968-01-04,,,5.51,4.63,4.99
1968-01-05,,,5.48,4.75,4.96
1968-01-06,,,,4.75,
1968-01-07,,,,4.75,
1968-01-08,,,5.5,4.63,5.02
1968-01-09,,,5.52,4.63,5.1
1968-01-10,,,5.46,4.25,5.08
1968-01-11,,,5.46,4.63,5.07
1968-01-12,,,5.43,4.5,5.08
1968-01-13,,,,4.5,
1968-01-14,,,,4.5,
1968-01-15,,,5.49,4.5,5.02
1968-01-16,,,5.52,4.75,5.01
1968-01-17,,,5.48,4.88,4.99
1968-01-18,,,5.55,4.75,5.01
1968-01-19,,,5.59,4.75,5.07
1968-01-20,,,,4.75,
1968-01-21,,,,4.75,
1968-01-22,,,5.61,4.63,5.03
1968-01-23,,,5.56,4.63,5.03
1968-01-24,,,5.56,4.63,5.01
1968-01-25,,,5.52,4.63,4.91
1968-01-26,,,5.53,4.5,4.88
1968-01-27,,,,4.5,
1968-01-28,,,,4.5,
1968-01-29,,,5.53,4.5,4.82
1968-01-30,,,5.53,4.5,4.87
1968-01-31,,,5.54,4.75,4.88
1968-02-01,,,5.58,4.75,4.84
1968-02-02,,,5.58,4.75,4.86
1968-02-03,,,,4.75,
1968-02-04,,,,4.75,
1968-02-05,,,5.6,4.75,4.91
1968-02-06,,,5.61,4.75,5.02
1968-02-07,,,5.59,4.63,5.03
1968-02-08,,,5.6,4.75,5.03
1968-02-09,,,5.59,4.75,5.01
1968-02-10,,,,4.75,
1968-02-11,,,,4.75,
1968-02-12,,,,4.75,
1968-02-13,,,5.55,4.63,5.01
1968-02-14,,,5.54,4.25,5.0
1968-02-15,,,5.51,4.75,4.96
1968-02-16,,,5.5,4.75,4.92
1968-02-17,,,,4.75,
1968-02-18,,,,4.75,
1968-02-19,,,5.53,4.63,4.9
1968-02-20,,,5.54,4.63,4.97
1968-02-21,,,5.54,4.63,4.99
1968-02-22,,,,4.63,
1968-02-23,,,5.56,4.88,5.01
1968-02-24,,,,4.88,
1968-02-25,,,,4.88,
1968-02-26,,,5.58,4.75,5.04
1968-02-27,,,5.58,4.75,5.06
1968-02-28,,,5.57,4.5,5.02
1968-02-29,,,5.56,4.75,5.02
1968-03-01,,,5.56,4.75,5.01
1968-03-02,,,,4.75,
1968-03-03,,,,4.75,
1968-03-04,,,5.57,4.88,4.99
1968-03-05,,,5.59,4.88,5.0
1968-03-06,,,5.61,5.0,5.03
1968-03-07,,,5.67,5.0,5.09
1968-03-08,,,5.75,5.0,5.09
1968-03-09,,,,5.0,
1968-03-10,,,,5.0,
1968-03-11,,,5.75,5.0,5.09
1968-03-12,,,5.79,4.5,5.14
1968-03-13,,,5.86,3.0,5.25
1968-03-14,,,5.95,5.5,5.45
1968-03-15,,,5.84,5.13,5.37
1968-03-16,,,,5.13,
1968-03-17,,,,5.13,
1968-03-18,,,5.76,5.25,5.26
1968-03-19,,,5.77,5.5,5.31
1968-03-20,,,5.73,4.25,5.26
1968-03-21,,,5.76,5.5,5.25
1968-03-22,,,5.74,5.5,5.19
1968-03-23,,,,5.5,
1968-03-24,,,,5.5,
1968-03-25,,,5.74,5.38,5.15
1968-03-26,,,5.78,5.0,5.1
1968-03-27,,,5.78,5.38,5.13
1968-03-28,,,5.78,5.75,5.15
1968-03-29,,,5.76,5.25,5.17
1968-03-30,,,,5.25,
1968-03-31,,,,5.25,
1968-04-01,,,5.64,5.5,5.13
1968-04-02,,,5.62,5.75,5.19
1968-04-03,,,5.49,5.88,5.19
1968-04-04,,,5.52,5.88,5.27
1968-04-05,,,5.52,5.75,5.24
1968-04-06,,,,5.75,
1968-04-07,,,,5.75,
1968-04-08,,,5.54,5.5,5.26
1968-04-09,,,,5.5,
1968-04-10,,,5.53,5.5,5.34
1968-04-11,,,5.54,5.75,5.44
1968-04-12,,,,5.75,
1968-04-13,,,,5.75,
1968-04-14,,,,5.75,
1968-04-15,,,5.6,5.75,5.41
1968-04-16,,,5.62,5.75,5.37
1968-04-17,,,5.62,5.5,5.33
1968-04-18,,,5.64,5.75,5.34
1968-04-19,,,5.76,5.75,5.53
1968-04-20,,,,5.75,
1968-04-21,,,,5.75,
1968-04-22,,,5.78,5.88,5.51
1968-04-23,,,5.73,5.5,5.49
1968-04-24,,,5.72,5.0,5.5
1968-04-25,,,5.72,5.88,5.5
1968-04-26,,,5.71,6.13,5.51
1968-04-27,,,,6.13,
1968-04-28,,,,6.13,
1968-04-29,,,5.73,6.13,5.48
1968-04-30,,,5.74,6.25,5.51
1968-05-01,,,5.73,6.38,5.48
1968-05-02,,,5.76,6.25,5.48
1968-05-03,,,5.8,6.13,5.54
1968-05-04,,,,6.13,
1968-05-05,,,,6.13,
1968-05-06,,,5.78,6.13,5.48
1968-05-07,,,5.79,6.0,5.52
1968-05-08,,,5.8,5.5,5.53
1968-05-09,,,5.79,6.25,5.55
1968-05-10,,,5.79,6.25,5.55
1968-05-11,,,,6.25,
1968-05-12,,,,6.25,
1968-05-13,,,5.79,6.38,5.53
1968-05-14,,,5.82,6.5,5.6
1968-05-15,,,5.85,6.5,5.67
1968-05-16,,,5.9,6.38,5.78
1968-05-17,,,5.92,6.38,5.8
1968-05-18,,,,6.38,
1968-05-19,,,,6.38,
1968-05-20,,,5.96,6.13,5.82
1968-05-21,,,6.02,5.88,5.92
1968-05-22,,,6.02,5.0,5.86
1968-05-23,,,5.98,6.25,5.8
1968-05-24,,,5.96,6.13,5.72
1968-05-25,,,,6.13,
1968-05-26,,,,6.13,
1968-05-27,,,5.92,6.0,5.67
1968-05-28,,,5.94,5.75,5.72
1968-05-29,,,5.95,5.75,5.73
1968-05-30,,,,5.75,
1968-05-31,,,5.86,6.13,5.68
1968-06-01,,,,6.13,
1968-06-02,,,,6.13,
1968-06-03,,,5.79,6.13,5.65
1968-06-04,,,5.78,5.75,5.66
1968-06-05,,,5.81,5.5,5.65
1968-06-06,,,5.83,6.25,5.66
1968-06-07,,,5.82,6.13,5.66
1968-06-08,,,,6.13,
1968-06-09,,,,6.13,
1968-06-10,,,5.8,6.25,5.68
1968-06-11,,,5.79,6.38,5.72
1968-06-12,,,5.77,6.0,5.71
1968-06-13,,,5.76,6.25,5.69
1968-06-14,,,5.72,6.13,5.63
1968-06-15,,,,6.13,
1968-06-16,,,,6.13,
1968-06-17,,,5.71,6.0,5.58
1968-06-18,,,5.71,6.13,5.6
1968-06-19,,,5.67,6.5,5.47
1968-06-20,,,5.62,6.38,5.4
1968-06-21,,,5.6,6.38,5.2
1968-06-22,,,,6.38,
1968-06-23,,,,6.38,
1968-06-24,,,5.61,6.5,5.2
1968-06-25,,,5.64,5.75,5.34
1968-06-26,,,5.64,5.25,5.35
1968-06-27,,,5.65,6.5,5.32
1968-06-28,,,5.64,5.5,5.3
1968-06-29,,,,5.5,
1968-06-30,,,,5.5,
1968-07-01,,,5.62,6.13,5.3
1968-07-02,,,5.58,5.5,5.34
1968-07-03,,,5.57,5.5,5.39
1968-07-04,,,,5.5,
1968-07-05,,,5.56,6.0,5.36
1968-07-06,,,,6.0,
1968-07-07,,,,6.0,
1968-07-08,,,5.53,6.0,5.33
1968-07-09,,,5.51,6.13,5.38
1968-07-10,,,5.52,6.0,5.38
1968-07-11,,,5.52,6.0,5.39
1968-07-12,,,5.53,6.0,5.38
1968-07-13,,,,6.0,
1968-07-14,,,,6.0,
1968-07-15,,,5.56,6.25,5.42
1968-07-16,,,5.57,6.38,5.47
1968-07-17,,,5.55,6.25,5.39
1968-07-18,,,5.56,6.13,5.34
1968-07-19,,,5.53,6.13,5.29
1968-07-20,,,,6.13,
1968-07-21,,,,6.13,
1968-07-22,,,5.45,6.13,5.27
1968-07-23,,,5.38,6.0,5.26
1968-07-24,,,5.39,6.13,5.24
1968-07-25,,,5.37,6.13,5.2
1968-07-26,,,5.39,6.13,5.2
1968-07-27,,,,6.13,
1968-07-28,,,,6.13,
1968-07-29,,,5.41,6.0,5.19
1968-07-30,,,5.41,5.88,5.2
1968-07-31,,,5.39,6.0,5.17
1968-08-01,,,5.38,6.0,4.97
1968-08-02,,,5.34,6.13,4.9
1968-08-03,,,,6.13,
1968-08-04,,,,6.13,
1968-08-05,,,5.37,6.13,4.89
1968-08-06,,,5.38,6.25,4.98
1968-08-07,,,5.36,6.0,4.96
1968-08-08,,,5.37,6.13,4.96
1968-08-09,,,5.39,6.13,4.99
1968-08-10,,,,6.13,
1968-08-11,,,,6.13,
1968-08-12,,,5.42,6.13,5.05
1968-08-13,,,5.43,6.25,5.11
1968-08-14,,,5.43,6.0,5.14
1968-08-15,,,5.45,6.13,5.17
1968-08-16,,,5.42,6.13,5.11
1968-08-17,,,,6.13,
1968-08-18,,,,6.13,
1968-08-19,,,5.43,6.0,5.11
1968-08-20,,,5.43,6.0,5.14
1968-08-21,,,5.46,5.88,5.17
1968-08-22,,,5.5,6.0,5.17
1968-08-23,,,5.47,5.88,5.15
1968-08-24,,,,5.88,
1968-08-25,,,,5.88,
1968-08-26,,,5.46,5.88,5.16
1968-08-27,,,5.46,6.0,5.19
1968-08-28,,,5.45,6.0,5.2
1968-08-29,,,5.43,5.88,5.21
1968-08-30,,,5.42,5.75,5.18
1968-08-31,,,,5.75,
1968-09-01,,,,5.75,
1968-09-02,,,,5.75,
1968-09-03,,,5.41,5.75,5.18
1968-09-04,,,5.43,6.0,5.19
1968-09-05,,,5.46,6.0,5.22
1968-09-06,,,5.48,6.0,5.23
1968-09-07,,,,6.0,
1968-09-08,,,,6.0,
1968-09-09,,,5.49,6.0,5.24
1968-09-10,,,5.51,5.88,5.3
1968-09-11,,,5.5,5.0,5.3
1968-09-12,,,5.49,5.75,5.3
1968-09-13,,,5.48,5.75,5.24
1968-09-14,,,,5.75,
1968-09-15,,,,5.75,
1968-09-16,,,5.46,5.75,5.22
1968-09-17,,,5.46,5.63,5.2
1968-09-18,,,5.42,5.38,5.15
1968-09-19,,,5.43,5.5,5.16
1968-09-20,,,5.45,5.63,5.17
1968-09-21,,,,5.63,
1968-09-22,,,,5.63,
1968-09-23,,,5.45,5.75,5.17
1968-09-24,,,5.44,5.88,5.13
1968-09-25,,,5.44,5.88,5.11
1968-09-26,,,5.45,6.0,5.09
1968-09-27,,,5.46,6.0,5.12
1968-09-28,,,,6.0,
1968-09-29,,,,6.0,
1968-09-30,,,5.49,5.5,5.16
1968-10-01,,,5.49,6.0,5.16
1968-10-02,,,5.49,6.0,5.22
1968-10-03,,,5.5,6.0,5.21
1968-10-04,,,5.52,5.88,5.23
1968-10-05,,,,5.88,
1968-10-06,,,,5.88,
1968-10-07,,,5.55,6.0,5.26
1968-10-08,,,5.57,5.88,5.35
1968-10-09,,,5.6,5.75,5.37
1968-10-10,,,5.61,6.0,5.34
1968-10-11,,,5.61,6.13,5.26
1968-10-12,,,,6.13,
1968-10-13,,,,6.13,
1968-10-14,,,5.62,6.13,5.32
1968-10-15,,,5.65,6.0,5.38
1968-10-16,,,5.62,5.25,5.37
1968-10-17,,,5.58,5.88,5.33
1968-10-18,,,5.57,5.75,5.33
1968-10-19,,,,5.75,
1968-10-20,,,,5.75,
1968-10-21,,,5.58,5.75,5.36
1968-10-22,,,5.58,5.88,5.42
1968-10-23,,,5.58,6.13,5.4
1968-10-24,,,5.61,6.0,5.4
1968-10-25,,,5.6,6.0,5.42
1968-10-26,,,,6.0,
1968-10-27,,,,6.0,
1968-10-28,,,5.61,5.88,5.46
1968-10-29,,,5.62,5.88,5.51
1968-10-30,,,5.63,5.63,5.5
1968-10-31,,,5.61,6.0,5.48
1968-11-01,,,5.61,6.0,5.46
1968-11-02,,,,6.0,
1968-11-03,,,,6.0,
1968-11-04,,,5.63,6.13,5.52
1968-11-05,,,,6.13,
1968-11-06,,,5.62,6.25,5.51
1968-11-07,,,5.63,6.13,5.45
1968-11-08,,,5.65,6.13,5.46
1968-11-09,,,,6.13,
1968-11-10,,,,6.13,
1968-11-11,,,,6.13,
1968-11-12,,,5.68,6.13,5.46
1968-11-13,,,5.66,5.25,5.41
1968-11-14,,,5.66,6.0,5.4
1968-11-15,,,5.68,6.0,5.42
1968-11-16,,,,6.0,
1968-11-17,,,,6.0,
1968-11-18,,,5.71,6.0,5.44
1968-11-19,,,5.74,5.63,5.45
1968-11-20,,,5.74,2.5,5.42
1968-11-21,,,5.73,5.5,5.42
1968-11-22,,,5.74,5.75,5.42
1968-11-23,,,,5.75,
1968-11-24,,,,5.75,
1968-11-25,,,5.75,5.88,5.42
1968-11-26,,,5.76,5.75,5.46
1968-11-27,,,5.76,5.75,5.49
1968-11-28,,,,5.75,
1968-11-29,,,5.78,6.0,5.52
1968-11-30,,,,6.0,
1968-12-01,,,,6.0,
1968-12-02,,,5.89,6.13,5.61
1968-12-03,,,5.96,5.88,5.67
1968-12-04,,,5.95,4.25,5.7
1968-12-05,,,5.93,5.88,5.66
1968-12-06,,,5.91,5.88,5.66
1968-12-07,,,,5.88,
1968-12-08,,,,5.88,
1968-12-09,,,5.92,5.88,5.73
1968-12-10,,,5.93,5.88,5.84
1968-12-11,,,5.93,5.63,5.88
1968-12-12,,,5.94,5.88,5.89
1968-12-13,,,5.93,6.13,5.88
1968-12-14,,,,6.13,
1968-12-15,,,,6.13,
1968-12-16,,,5.96,6.0,5.94
1968-12-17,,,5.97,5.88,5.96
1968-12-18,,,6.0,5.88,6.0
1968-12-19,,,6.07,6.13,6.08
1968-12-20,,,6.14,6.25,6.19
1968-12-21,,,,6.25,
1968-12-22,,,,6.25,
1968-12-23,,,6.23,6.38,6.28
1968-12-24,,,6.27,6.25,6.29
1968-12-25,,,,6.25,
1968-12-26,,,6.17,6.5,6.19
1968-12-27,,,6.2,6.88,6.12
1968-12-28,,,,6.88,
1968-12-29,,,,6.88,
1968-12-30,,,6.21,6.5,6.26
1968-12-31,,,6.16,4.0,6.25
1969-01-01,,,,4.0,
1969-01-02,,,6.04,6.5,6.14
1969-01-03,,,6.01,6.75,6.13
1969-01-04,,,,6.75,
1969-01-05,,,,6.75,
1969-01-06,,,6.04,6.63,6.18
1969-01-07,,,6.14,6.63,6.25
1969-01-08,,,6.09,5.0,6.19
1969-01-09,,,6.04,6.5,6.15
1969-01-10,,,6.03,6.5,6.11
1969-01-11,,,,6.5,
1969-01-12,,,,6.5,
1969-01-13,,,6.04,6.63,6.13
1969-01-14,,,6.04,6.38,6.18
1969-01-15,,,6.02,5.5,6.13
1969-01-16,,,5.98,6.63,6.05
1969-01-17,,,5.97,6.63,6.07
1969-01-18,,,,6.63,
1969-01-19,,,,6.63,
1969-01-20,,,5.95,6.25,6.01
1969-01-21,,,5.97,6.25,6.09
1969-01-22,,,6.03,6.25,6.13
1969-01-23,,,6.02,6.5,6.16
1969-01-24,,,6.01,6.38,6.17
1969-01-25,,,,6.38,
1969-01-26,,,,6.38,
1969-01-27,,,6.03,6.38,6.13
1969-01-28,,,6.05,6.13,6.16
1969-01-29,,,6.09,5.75,6.16
1969-01-30,,,6.14,6.25,6.17
1969-01-31,,,6.19,6.38,6.19
1969-02-01,,,,6.38,
1969-02-02,,,,6.38,
1969-02-03,,,6.22,6.38,6.19
1969-02-04,,,6.2,6.25,6.2
1969-02-05,,,6.19,6.25,6.2
1969-02-06,,,6.2,6.75,6.2
1969-02-07,,,6.14,6.75,6.15
1969-02-08,,,,6.75,
1969-02-09,,,,6.75,
1969-02-10,,,6.14,6.75,6.14
1969-02-11,,,6.1,6.75,6.08
1969-02-12,,,,6.75,
1969-02-13,,,6.09,6.75,6.08
1969-02-14,,,6.11,7.25,6.05
1969-02-15,,,,7.25,
1969-02-16,,,,7.25,
1969-02-17,,,6.14,7.0,6.06
1969-02-18,,,6.16,6.75,6.15
1969-02-19,,,6.2,5.0,6.14
1969-02-20,,,6.23,6.75,6.07
1969-02-21,,,6.24,6.63,6.02
1969-02-22,,,,6.63,
1969-02-23,,,,6.63,
1969-02-24,,,6.22,6.5,6.0
1969-02-25,,,6.24,6.5,6.09
1969-02-26,,,6.24,5.75,6.1
1969-02-27,,,6.27,6.63,6.19
1969-02-28,,,6.26,7.0,6.19
1969-03-01,,,,7.0,
1969-03-02,,,,7.0,
1969-03-03,,,6.25,6.75,6.17
1969-03-04,,,6.24,6.63,6.16
1969-03-05,,,6.24,6.25,6.09
1969-03-06,,,6.26,6.88,6.08
1969-03-07,,,6.27,6.88,6.06
1969-03-08,,,,6.88,
1969-03-09,,,,6.88,
1969-03-10,,,6.27,6.63,6.01
1969-03-11,,,6.3,6.63,6.01
1969-03-12,,,6.31,6.5,5.99
1969-03-13,,,6.32,6.88,6.03
1969-03-14,,,6.31,6.88,6.02
1969-03-15,,,,6.88,
1969-03-16,,,,6.88,
1969-03-17,,,6.35,6.88,6.08
1969-03-18,,,6.35,6.75,5.99
1969-03-19,,,6.32,6.63,5.99
1969-03-20,,,6.31,7.0,5.99
1969-03-21,,,6.29,7.0,5.96
1969-03-22,,,,7.0,
1969-03-23,,,,7.0,
1969-03-24,,,6.28,6.75,5.91
1969-03-25,,,6.3,6.75,5.92
1969-03-26,,,6.32,6.63,5.94
1969-03-27,,,6.33,6.88,5.94
1969-03-28,,,6.3,6.88,5.99
1969-03-29,,,,6.88,
1969-03-30,,,,6.88,
1969-03-31,,,,6.25,
1969-04-01,,,6.25,6.63,5.99
1969-04-02,,,6.25,6.25,6.08
1969-04-03,,,6.26,6.88,6.09
1969-04-04,,,,7.0,
1969-04-05,,,,7.0,
1969-04-06,,,,7.0,
1969-04-07,,,6.28,7.13,6.15
1969-04-08,,,6.25,7.38,6.16
1969-04-09,,,6.19,6.88,6.13
1969-04-10,,,6.18,7.38,6.16
1969-04-11,,,6.15,7.63,6.17
1969-04-12,,,,7.63,
1969-04-13,,,,7.63,
1969-04-14,,,6.06,7.5,6.16
1969-04-15,,,6.11,7.88,6.23
1969-04-16,,,6.1,7.75,6.22
1969-04-17,,,6.13,7.75,6.2
1969-04-18,,,6.16,7.88,6.19
1969-04-19,,,,7.88,
1969-04-20,,,,7.88,
1969-04-21,,,6.14,7.5,6.17
1969-04-22,,,6.12,6.75,6.17
1969-04-23,,,6.12,6.75,6.15
1969-04-24,,,6.14,7.75,6.1
1969-04-25,,,6.15,7.75,6.08
1969-04-26,,,,7.75,
1969-04-27,,,,7.75,
1969-04-28,,,6.19,7.75,6.0
1969-04-29,,,6.21,7.75,5.92
1969-04-30,,,6.2,8.0,5.87
1969-05-01,,,6.25,8.25,5.92
1969-05-02,,,6.23,8.5,5.96
1969-05-03,,,,8.5,
1969-05-04,,,,8.5,
1969-05-05,,,6.19,8.25,5.94
1969-05-06,,,6.22,7.88,6.02
1969-05-07,,,6.22,7.75,6.01
1969-05-08,,,6.2,8.38,5.96
1969-05-09,,,6.23,9.0,5.96
1969-05-10,,,,9.0,
1969-05-11,,,,9.0,
1969-05-12,,,6.27,8.0,6.04
1969-05-13,,,6.25,7.75,6.09
1969-05-14,,,6.24,7.0,6.07
1969-05-15,,,6.26,8.5,6.09
1969-05-16,,,6.31,9.25,6.1
1969-05-17,,,,9.25,
1969-05-18,,,,9.25,
1969-05-19,,,6.36,8.88,6.09
1969-05-20,,,6.36,8.75,6.12
1969-05-21,,,6.36,8.5,6.08
1969-05-22,,,6.36,9.0,6.02
1969-05-23,,,6.38,9.25,6.01
1969-05-24,,,,9.25,
1969-05-25,,,,9.25,
1969-05-26,,,6.44,8.75,6.07
1969-05-27,,,6.54,8.75,6.14
1969-05-28,,,6.56,8.25,6.12
1969-05-29,,,6.56,9.38,6.08
1969-05-30,,,,9.38,
1969-05-31,,,,9.38,
1969-06-01,,,,9.38,
1969-06-02,,,6.56,9.38,6.12
1969-06-03,,,6.55,9.0,6.18
1969-06-04,,,6.56,8.5,6.26
1969-06-05,,,6.54,9.63,6.39
1969-06-06,,,6.52,9.88,6.34
1969-06-07,,,,9.88,
1969-06-08,,,,9.88,
1969-06-09,,,6.59,9.5,6.45
1969-06-10,,,6.56,9.13,6.62
1969-06-11,,,6.56,6.0,6.69
1969-06-12,,,6.54,9.5,6.81
1969-06-13,,,6.51,9.25,6.76
1969-06-14,,,,9.25,
1969-06-15,,,,9.25,
1969-06-16,,,6.49,8.5,6.63
1969-06-17,,,6.52,7.75,6.52
1969-06-18,,,6.53,6.25,6.55
1969-06-19,,,6.57,9.0,6.6
1969-06-20,,,6.59,8.75,6.52
1969-06-21,,,,8.75,
1969-06-22,,,,8.75,
1969-06-23,,,6.6,9.13,6.37
1969-06-24,,,6.63,8.0,6.5
1969-06-25,,,6.63,6.0,6.4
1969-06-26,,,6.62,9.75,6.07
1969-06-27,,,6.66,10.5,6.15
1969-06-28,,,,10.5,
1969-06-29,,,,10.5,
1969-06-30,,,6.73,7.5,6.29
1969-07-01,,,6.75,8.75,6.67
1969-07-02,,,6.77,5.5,6.74
1969-07-03,,,6.75,9.5,6.81
1969-07-04,,,,9.5,
1969-07-05,,,,9.5,
1969-07-06,,,,9.5,
1969-07-07,,,6.76,9.0,6.88
1969-07-08,,,6.79,9.0,6.98
1969-07-09,,,6.82,7.5,7.04
1969-07-10,,,6.78,9.25,7.0
1969-07-11,,,6.64,9.0,6.89
1969-07-12,,,,9.0,
1969-07-13,,,,9.0,
1969-07-14,,,6.69,9.0,6.94
1969-07-15,,,6.72,9.5,7.09
1969-07-16,,,6.67,9.88,6.99
1969-07-17,,,6.69,9.75,7.04
1969-07-18,,,6.7,8.75,7.05
1969-07-19,,,,8.75,
1969-07-20,,,,8.75,
1969-07-21,,,,8.75,
1969-07-22,,,6.66,8.25,7.08
1969-07-23,,,6.68,6.5,7.13
1969-07-24,,,6.7,8.75,7.12
1969-07-25,,,6.71,8.5,7.13
1969-07-26,,,,8.5,
1969-07-27,,,,8.5,
1969-07-28,,,6.73,8.13,7.12
1969-07-29,,,6.72,8.0,7.14
1969-07-30,,,6.72,6.0,7.11
1969-07-31,,,6.66,8.75,7.06
1969-08-01,,,6.66,9.5,7.0
1969-08-02,,,,9.5,
1969-08-03,,,,9.5,
1969-08-04,,,6.63,9.5,6.93
1969-08-05,,,6.6,10.0,6.98
1969-08-06,,,6.62,10.25,6.99
1969-08-07,,,6.63,10.0,6.97
1969-08-08,,,6.64,10.5,7.02
1969-08-09,,,,10.5,
1969-08-10,,,,10.5,
1969-08-11,,,6.69,9.75,7.01
1969-08-12,,,6.7,7.5,7.1
1969-08-13,,,6.7,5.5,7.08
1969-08-14,,,6.68,9.75,6.97
1969-08-15,,,6.68,9.75,6.85
1969-08-16,,,,9.75,
1969-08-17,,,,9.75,
1969-08-18,,,6.66,9.5,6.78
1969-08-19,,,6.65,7.5,6.84
1969-08-20,,,6.66,5.5,6.86
1969-08-21,,,6.68,9.5,6.93
1969-08-22,,,6.71,8.25,6.96
1969-08-23,,,,8.25,
1969-08-24,,,,8.25,
1969-08-25,,,6.72,8.0,7.0
1969-08-26,,,6.76,9.75,7.16
1969-08-27,,,6.79,9.75,7.15
1969-08-28,,,6.83,9.75,7.09
1969-08-29,,,6.83,9.75,6.95
1969-08-30,,,,9.75,
1969-08-31,,,,9.75,
1969-09-01,,,,9.75,
1969-09-02,,,6.87,9.25,7.03
1969-09-03,,,6.94,9.0,7.0
1969-09-04,,,6.96,9.25,7.04
1969-09-05,,,6.99,9.25,7.06
1969-09-06,,,,9.25,
1969-09-07,,,,9.25,
1969-09-08,,,7.03,9.0,7.09
1969-09-09,,,7.04,8.5,7.16
1969-09-10,,,7.02,5.5,7.12
1969-09-11,,,7.05,8.75,7.09
1969-09-12,,,7.08,8.75,7.1
1969-09-13,,,,8.75,
1969-09-14,,,,8.75,
1969-09-15,,,7.09,9.0,7.1
1969-09-16,,,7.14,10.0,7.13
1969-09-17,,,7.14,9.5,7.13
1969-09-18,,,7.27,9.75,7.14
1969-09-19,,,7.28,9.75,7.16
1969-09-20,,,,9.75,
1969-09-21,,,,9.75,
1969-09-22,,,7.26,9.5,7.14
1969-09-23,,,7.26,9.5,7.1
1969-09-24,,,7.27,9.25,7.1
1969-09-25,,,7.3,9.5,7.09
1969-09-26,,,7.4,9.5,7.06
1969-09-27,,,,9.5,
1969-09-28,,,,9.5,
1969-09-29,,,7.45,9.25,6.91
1969-09-30,,,7.51,8.5,7.14
1969-10-01,,,7.52,8.0,7.17
1969-10-02,,,7.45,9.5,7.08
1969-10-03,,,7.38,9.5,7.0
1969-10-04,,,,9.5,
1969-10-05,,,,9.5,
1969-10-06,,,7.35,9.5,6.94
1969-10-07,,,7.31,9.75,6.99
1969-10-08,,,7.29,8.75,7.0
1969-10-09,,,7.3,9.5,7.03
1969-10-10,,,7.22,9.75,6.98
1969-10-11,,,,9.75,
1969-10-12,,,,9.75,
1969-10-13,,,,9.75,
1969-10-14,,,7.1,9.5,7.04
1969-10-15,,,7.12,9.75,7.04
1969-10-16,,,7.04,9.75,7.02
1969-10-17,,,6.99,9.75,6.97
1969-10-18,,,,9.75,
1969-10-19,,,,9.75,
1969-10-20,,,6.83,8.25,6.91
1969-10-21,,,6.77,7.5,6.9
1969-10-22,,,6.8,6.0,6.91
1969-10-23,,,6.9,9.0,6.98
1969-10-24,,,6.9,8.75,7.0
1969-10-25,,,,8.75,
1969-10-26,,,,8.75,
1969-10-27,,,6.93,8.0,6.99
1969-10-28,,,7.0,8.0,7.0
1969-10-29,,,7.0,7.5,7.01
1969-10-30,,,6.96,8.75,7.02
1969-10-31,,,6.94,9.0,6.99
1969-11-01,,,,9.0,
1969-11-02,,,,9.0,
1969-11-03,,,6.9,9.25,6.97
1969-11-04,,,,9.25,
1969-11-05,,,6.97,9.25,7.07
1969-11-06,,,7.01,9.25,7.12
1969-11-07,,,6.99,9.5,7.13
1969-11-08,,,,9.5,
1969-11-09,,,,9.5,
1969-11-10,,,6.99,9.5,7.12
1969-11-11,,,,9.5,
1969-11-12,,,7.06,8.5,7.17
1969-11-13,,,7.12,9.25,7.2
1969-11-14,,,7.08,9.25,7.09
1969-11-15,,,,9.25,
1969-11-16,,,,9.25,
1969-11-17,,,7.13,9.25,7.07
1969-11-18,,,7.22,9.25,7.2
1969-11-19,,,7.25,6.0,7.23
1969-11-20,,,7.31,9.0,7.35
1969-11-21,,,7.28,8.75,7.38
1969-11-22,,,,8.75,
1969-11-23,,,,8.75,
1969-11-24,,,7.27,8.5,7.42
1969-11-25,,,7.28,7.5,7.52
1969-11-26,,,7.3,7.0,7.55
1969-11-27,,,,7.0,
1969-11-28,,,7.29,9.25,7.51
1969-11-29,,,,9.25,
1969-11-30,,,,9.25,
1969-12-01,,,7.29,9.63,7.5
1969-12-02,,,7.35,9.5,7.55
1969-12-03,,,7.39,8.5,7.62
1969-12-04,,,7.35,9.5,7.64
1969-12-05,,,7.35,9.5,7.67
1969-12-06,,,,9.5,
1969-12-07,,,,9.5,
1969-12-08,,,7.4,8.75,7.68
1969-12-09,,,7.5,8.5,7.84
1969-12-10,,,7.59,6.0,7.91
1969-12-11,,,7.62,9.25,7.85
1969-12-12,,,7.6,9.25,7.81
1969-12-13,,,,9.25,
1969-12-14,,,,9.25,
1969-12-15,,,7.63,9.0,7.92
1969-12-16,,,7.72,9.25,7.91
1969-12-17,,,7.76,8.75,7.92
1969-12-18,,,7.81,9.25,7.88
1969-12-19,,,7.79,9.25,7.79
1969-12-20,,,,9.25,
1969-12-21,,,,9.25,
1969-12-22,,,7.76,9.25,7.82
1969-12-23,,,7.82,9.25,7.82
1969-12-24,,,7.89,8.75,7.85
1969-12-25,,,,8.75,
1969-12-26,,,7.87,9.25,7.86
1969-12-27,,,,9.25,
1969-12-28,,,,9.25,
1969-12-29,,,8.05,9.75,8.08
1969-12-30,,,7.97,9.75,8.05
1969-12-31,,,7.88,5.0,8.01
1970-01-01,,,,5.0,
1970-01-02,,,7.86,9.63,7.92
1970-01-03,,,,9.63,
1970-01-04,,,,9.63,
1970-01-05,,,7.88,9.75,7.91
1970-01-06,,,7.96,9.5,7.93
1970-01-07,,,7.99,6.0,7.9
1970-01-08,,,7.96,9.25,7.91
1970-01-09,,,7.86,9.5,7.89
1970-01-10,,,,9.5,
1970-01-11,,,,9.5,
1970-01-12,,,7.82,8.5,7.8
1970-01-13,,,7.81,8.5,7.82
1970-01-14,,,7.86,8.0,7.87
1970-01-15,,,7.85,9.63,7.84
1970-01-16,,,7.75,9.5,7.8
1970-01-17,,,,9.5,
1970-01-18,,,,9.5,
1970-01-19,,,7.69,9.5,7.79
1970-01-20,,,7.72,9.0,7.82
1970-01-21,,,7.69,8.5,7.83
1970-01-22,,,7.67,9.5,7.87
1970-01-23,,,7.69,9.25,7.86
1970-01-24,,,,9.25,
1970-01-25,,,,9.25,
1970-01-26,,,7.71,8.75,7.88
1970-01-27,,,7.7,8.0,7.91
1970-01-28,,,7.7,9.25,7.91
1970-01-29,,,7.77,9.25,7.91
1970-01-30,,,7.75,9.38,7.86
1970-01-31,,,,9.38,
1970-02-01,,,,9.38,
1970-02-02,,,7.65,9.38,7.72
1970-02-03,,,7.58,9.25,7.7
1970-02-04,,,7.5,8.5,7.66
1970-02-05,,,7.45,9.5,7.56
1970-02-06,,,7.36,9.25,7.42
1970-02-07,,,,9.25,
1970-02-08,,,,9.25,
1970-02-09,,,7.28,9.0,7.3
1970-02-10,,,7.32,8.75,7.28
1970-02-11,,,7.33,9.25,7.25
1970-02-12,,,,9.5,
1970-02-13,,,7.15,9.5,6.95
1970-02-14,,,,9.5,
1970-02-15,,,,9.5,
1970-02-16,,,7.17,9.5,6.83
1970-02-17,,,7.15,9.25,6.77
1970-02-18,,,7.12,9.0,6.77
1970-02-19,,,7.09,9.38,6.79
1970-02-20,,,7.12,8.5,6.8
1970-02-21,,,,8.5,
1970-02-22,,,,8.5,
1970-02-23,,,,8.5,
1970-02-24,,,7.14,8.0,6.88
1970-02-25,,,7.04,7.5,6.89
1970-02-26,,,6.94,9.0,6.88
1970-02-27,,,6.9,8.5,6.85
1970-02-28,,,,8.5,
1970-03-01,,,,8.5,
1970-03-02,,,6.95,8.5,6.87
1970-03-03,,,6.99,7.75,6.92
1970-03-04,,,6.97,7.5,6.93
1970-03-05,,,6.98,8.25,6.88
1970-03-06,,,6.96,8.0,6.85
1970-03-07,,,,8.0,
1970-03-08,,,,8.0,
1970-03-09,,,6.99,7.5,6.86
1970-03-10,,,7.04,7.5,6.71
1970-03-11,,,7.11,6.75,6.72
1970-03-12,,,7.16,7.75,6.75
1970-03-13,,,7.23,7.75,6.77
1970-03-14,,,,7.75,
1970-03-15,,,,7.75,
1970-03-16,,,7.24,8.0,6.82
1970-03-17,,,7.36,8.0,6.81
1970-03-18,,,7.28,7.75,6.75
1970-03-19,,,7.07,7.75,6.65
1970-03-20,,,7.06,7.5,6.52
1970-03-21,,,,7.5,
1970-03-22,,,,7.5,
1970-03-23,,,7.05,7.5,6.15
1970-03-24,,,7.02,7.13,6.08
1970-03-25,,,6.96,7.25,6.15
1970-03-26,,,6.98,8.0,6.26
1970-03-27,,,,8.0,
1970-03-28,,,,8.0,
1970-03-29,,,,8.0,
1970-03-30,,,7.05,8.0,6.32
1970-03-31,,,7.08,7.5,6.38
1970-04-01,,,7.04,8.0,6.34
1970-04-02,,,7.08,8.0,6.35
1970-04-03,,,7.14,7.75,6.36
1970-04-04,,,,7.75,
1970-04-05,,,,7.75,
1970-04-06,,,7.17,7.5,6.39
1970-04-07,,,7.18,7.5,6.44
1970-04-08,,,7.17,7.5,6.43
1970-04-09,,,7.18,7.63,6.38
1970-04-10,,,7.17,8.0,6.36
1970-04-11,,,,8.0,
1970-04-12,,,,8.0,
1970-04-13,,,7.2,8.25,6.34
1970-04-14,,,7.22,8.25,6.32
1970-04-15,,,7.27,8.0,6.38
1970-04-16,,,7.34,8.5,6.4
1970-04-17,,,7.4,8.25,6.4
1970-04-18,,,,8.25,
1970-04-19,,,,8.25,
1970-04-20,,,7.44,7.75,6.48
1970-04-21,,,7.5,8.0,6.54
1970-04-22,,,7.61,8.5,6.74
1970-04-23,,,7.64,8.5,6.58
1970-04-24,,,7.72,8.5,6.6
1970-04-25,,,,8.5,
1970-04-26,,,,8.5,
1970-04-27,,,7.74,8.38,6.65
1970-04-28,,,7.79,8.25,6.96
1970-04-29,,,7.78,8.38,6.91
1970-04-30,,,7.82,8.5,6.93
1970-05-01,,,7.85,8.63,6.84
1970-05-02,,,,8.63,
1970-05-03,,,,8.63,
1970-05-04,,,7.94,8.5,6.91
1970-05-05,,,7.92,8.63,7.09
1970-05-06,,,7.86,7.75,6.91
1970-05-07,,,7.82,8.25,6.64
1970-05-08,,,7.78,8.13,6.56
1970-05-09,,,,8.13,
1970-05-10,,,,8.13,
1970-05-11,,,7.82,8.0,6.74
1970-05-12,,,7.84,7.88,6.92
1970-05-13,,,7.85,7.25,6.82
1970-05-14,,,7.86,8.25,6.76
1970-05-15,,,7.83,8.13,6.76
1970-05-16,,,,8.13,
1970-05-17,,,,8.13,
1970-05-18,,,7.8,8.0,6.68
1970-05-19,,,7.8,7.5,6.72
1970-05-20,,,7.85,6.75,6.67
1970-05-21,,,7.9,8.0,6.71
1970-05-22,,,7.99,7.88,6.86
1970-05-23,,,,7.88,
1970-05-24,,,,7.88,
1970-05-25,,,8.15,7.88,7.01
1970-05-26,,,8.22,7.25,7.08
1970-05-27,,,8.02,6.75,7.04
1970-05-28,,,7.98,7.75,6.95
1970-05-29,,,7.95,7.88,6.93
1970-05-30,,,,7.88,
1970-05-31,,,,7.88,
1970-06-01,,,7.84,7.75,6.85
1970-06-02,,,7.78,8.0,6.82
1970-06-03,,,7.76,7.75,6.81
1970-06-04,,,7.8,8.0,6.81
1970-06-05,,,7.88,8.0,6.8
1970-06-06,,,,8.0,
1970-06-07,,,,8.0,
1970-06-08,,,7.89,8.0,6.75
1970-06-09,,,7.88,8.13,6.77
1970-06-10,,,7.87,7.75,6.76
1970-06-11,,,7.92,8.0,6.74
1970-06-12,,,7.98,8.0,6.79
1970-06-13,,,,8.0,
1970-06-14,,,,8.0,
1970-06-15,,,7.98,8.0,6.71
1970-06-16,,,7.87,7.88,6.71
1970-06-17,,,7.9,6.75,6.72
1970-06-18,,,7.9,7.75,6.73
1970-06-19,,,7.9,7.5,6.7
1970-06-20,,,,7.5,
1970-06-21,,,,7.5,
1970-06-22,,,7.86,7.75,6.54
1970-06-23,,,7.79,7.0,6.6
1970-06-24,,,7.74,5.5,6.62
1970-06-25,,,7.76,7.75,6.41
1970-06-26,,,7.78,7.63,6.38
1970-06-27,,,,7.63,
1970-06-28,,,,7.63,
1970-06-29,,,7.76,7.25,6.37
1970-06-30,,,7.68,5.75,6.49
1970-07-01,,,7.64,7.0,6.48
1970-07-02,,,7.55,7.5,6.48
1970-07-03,,,,7.5,
1970-07-04,,,,7.5,
1970-07-05,,,,7.5,
1970-07-06,,,7.49,7.25,6.58
1970-07-07,,,7.46,7.13,6.71
1970-07-08,,,7.49,7.0,6.67
1970-07-09,,,7.49,7.5,6.61
1970-07-10,,,7.54,7.63,6.52
1970-07-11,,,,7.63,
1970-07-12,,,,7.63,
1970-07-13,,,7.55,7.5,6.5
1970-07-14,,,7.53,7.63,6.51
1970-07-15,,,7.49,7.63,6.49
1970-07-16,,,7.46,7.75,6.38
1970-07-17,,,7.45,7.5,6.4
1970-07-18,,,,7.5,
1970-07-19,,,,7.5,
1970-07-20,,,7.46,7.13,6.37
1970-07-21,,,7.45,6.75,6.38
1970-07-22,,,7.43,6.0,6.35
1970-07-23,,,7.32,7.25,6.28
1970-07-24,,,7.34,7.25,6.32
1970-07-25,,,,7.25,
1970-07-26,,,,7.25,
1970-07-27,,,7.36,6.75,6.34
1970-07-28,,,7.41,6.5,6.38
1970-07-29,,,7.39,6.0,6.38
1970-07-30,,,7.38,7.0,6.39
1970-07-31,,,7.38,6.75,6.38
1970-08-01,,,,6.75,
1970-08-02,,,,6.75,
1970-08-03,,,7.39,7.0,6.4
1970-08-04,,,7.4,7.0,6.46
1970-08-05,,,7.42,7.25,6.5
1970-08-06,,,7.43,7.0,6.49
1970-08-07,,,7.45,6.88,6.47
1970-08-08,,,,6.88,
1970-08-09,,,,6.88,
1970-08-10,,,7.5,6.88,6.48
1970-08-11,,,7.54,6.88,6.54
1970-08-12,,,7.56,6.38,6.55
1970-08-13,,,7.58,6.75,6.53
1970-08-14,,,7.67,6.75,6.54
1970-08-15,,,,6.75,
1970-08-16,,,,6.75,
1970-08-17,,,7.71,6.63,6.53
1970-08-18,,,7.68,6.63,6.47
1970-08-19,,,7.65,6.25,6.41
1970-08-20,,,7.64,6.63,6.38
1970-08-21,,,7.6,6.38,6.29
1970-08-22,,,,6.38,
1970-08-23,,,,6.38,
1970-08-24,,,7.48,6.25,6.23
1970-08-25,,,7.46,6.13,6.23
1970-08-26,,,7.45,6.25,6.25
1970-08-27,,,7.48,6.38,6.27
1970-08-28,,,7.49,6.25,6.28
1970-08-29,,,,6.25,
1970-08-30,,,,6.25,
1970-08-31,,,7.49,6.5,6.33
1970-09-01,,,7.47,6.75,6.39
1970-09-02,,,7.48,6.88,6.4
1970-09-03,,,7.48,6.88,6.39
1970-09-04,,,7.47,6.63,6.32
1970-09-05,,,,6.63,
1970-09-06,,,,6.63,
1970-09-07,,,,6.63,
1970-09-08,,,7.5,6.63,6.38
1970-09-09,,,7.54,6.5,6.4
1970-09-10,,,7.52,6.63,6.41
1970-09-11,,,7.5,6.75,6.39
1970-09-12,,,,6.75,
1970-09-13,,,,6.75,
1970-09-14,,,7.48,6.38,6.33
1970-09-15,,,7.46,6.25,6.32
1970-09-16,,,7.4,5.75,6.2
1970-09-17,,,7.32,6.25,6.15
1970-09-18,,,7.31,5.75,6.08
1970-09-19,,,,5.75,
1970-09-20,,,,5.75,
1970-09-21,,,7.29,5.75,5.96
1970-09-22,,,7.28,5.88,5.74
1970-09-23,,,7.24,5.75,5.71
1970-09-24,,,7.26,6.0,5.76
1970-09-25,,,7.28,6.13,5.82
1970-09-26,,,,6.13,
1970-09-27,,,,6.13,
1970-09-28,,,7.31,6.5,5.81
1970-09-29,,,7.3,6.5,5.82
1970-09-30,,,7.29,5.0,5.84
1970-10-01,,,7.29,6.5,5.86
1970-10-02,,,7.26,6.5,5.86
1970-10-03,,,,6.5,
1970-10-04,,,,6.5,
1970-10-05,,,7.26,6.38,5.9
1970-10-06,,,7.24,6.38,6.05
1970-10-07,,,7.23,5.75,6.06
1970-10-08,,,7.25,6.25,6.07
1970-10-09,,,7.25,6.25,6.05
1970-10-10,,,,6.25,
1970-10-11,,,,6.25,
1970-10-12,,,,6.0,
1970-10-13,,,7.25,6.13,6.01
1970-10-14,,,7.3,6.38,5.96
1970-10-15,,,7.3,6.38,5.91
1970-10-16,,,7.31,6.25,5.93
1970-10-17,,,,6.25,
1970-10-18,,,,6.25,
1970-10-19,,,7.35,6.13,5.94
1970-10-20,,,7.37,6.13,5.86
1970-10-21,,,7.42,5.88,5.82
1970-10-22,,,7.46,6.25,5.78
1970-10-23,,,7.44,6.13,5.76
1970-10-24,,,,6.13,
1970-10-25,,,,6.13,
1970-10-26,,,7.44,6.0,5.8
1970-10-27,,,7.42,6.13,5.85
1970-10-28,,,7.38,6.0,5.88
1970-10-29,,,7.31,6.0,5.85
1970-10-30,,,7.33,6.13,5.84
1970-10-31,,,,6.13,
1970-11-01,,,,6.13,
1970-11-02,,,7.24,6.13,5.69
1970-11-03,,,,6.0,
1970-11-04,,,7.23,6.0,5.56
1970-11-05,,,7.2,6.13,5.49
1970-11-06,,,7.15,6.0,5.5
1970-11-07,,,,6.0,
1970-11-08,,,,6.0,
1970-11-09,,,7.06,5.75,5.49
1970-11-10,,,7.06,5.25,5.48
1970-11-11,,,,5.5,
1970-11-12,,,7.03,5.75,5.49
1970-11-13,,,7.0,5.75,5.44
1970-11-14,,,,5.75,
1970-11-15,,,,5.75,
1970-11-16,,,6.96,5.75,5.3
1970-11-17,,,6.93,5.75,5.22
1970-11-18,,,6.86,5.38,5.24
1970-11-19,,,6.72,5.63,5.17
1970-11-20,,,6.48,5.0,5.02
1970-11-21,,,,5.0,
1970-11-22,,,,5.0,
1970-11-23,,,6.32,5.0,4.8
1970-11-24,,,6.45,5.0,4.93
1970-11-25,,,6.48,5.5,5.06
1970-11-26,,,,5.5,
1970-11-27,,,6.48,5.38,5.16
1970-11-28,,,,5.38,
1970-11-29,,,,5.38,
1970-11-30,,,6.49,5.5,5.04
1970-12-01,,,6.48,5.63,4.98
1970-12-02,,,6.41,5.75,4.97
1970-12-03,,,6.31,5.5,4.94
1970-12-04,,,6.21,5.13,4.91
1970-12-05,,,,5.13,
1970-12-06,,,,5.13,
1970-12-07,,,6.27,5.0,4.92
1970-12-08,,,6.29,4.5,4.96
1970-12-09,,,6.34,4.0,4.96
1970-12-10,,,6.34,4.75,4.9
1970-12-11,,,6.31,4.88,4.86
1970-12-12,,,,4.88,
1970-12-13,,,,4.88,
1970-12-14,,,6.26,5.25,4.8
1970-12-15,,,6.29,5.5,4.78
1970-12-16,,,6.29,5.38,4.76
1970-12-17,,,6.3,5.25,4.74
1970-12-18,,,6.33,4.75,4.75
1970-12-19,,,,4.75,
1970-12-20,,,,4.75,
1970-12-21,,,6.45,4.88,4.8
1970-12-22,,,6.52,4.75,4.81
1970-12-23,,,6.57,4.75,4.86
1970-12-24,,,6.53,5.25,4.83
1970-12-25,,,,5.25,
1970-12-26,,,,5.25,
1970-12-27,,,,5.25,
1970-12-28,,,6.54,5.25,4.84
1970-12-29,,,6.56,4.5,4.93
1970-12-30,,,6.51,3.0,4.89
1970-12-31,,,6.5,3.0,4.85
1971-01-01,,,,3.0,
1971-01-02,,,,3.0,
1971-01-03,,,,3.0,
1971-01-04,,,6.46,5.5,4.89
1971-01-05,,,6.47,5.5,4.89
1971-01-06,,,6.47,3.75,4.84
1971-01-07,,,6.45,4.5,4.81
1971-01-08,,,6.44,4.5,4.75
1971-01-09,,,,4.5,
1971-01-10,,,,4.5,
1971-01-11,,,6.39,4.38,4.66
1971-01-12,,,6.35,4.25,4.63
1971-01-13,,,6.29,3.25,4.56
1971-01-14,,,6.22,4.13,4.38
1971-01-15,,,6.22,4.0,4.32
1971-01-16,,,,4.0,
1971-01-17,,,,4.0,
1971-01-18,,,6.16,3.88,4.26
1971-01-19,,,6.17,4.13,4.25
1971-01-20,,,6.15,4.75,4.18
1971-01-21,,,6.09,4.63,4.12
1971-01-22,,,6.06,4.25,4.18
1971-01-23,,,,4.25,
1971-01-24,,,,4.25,
1971-01-25,,,6.05,4.13,4.18
1971-01-26,,,6.07,3.88,4.25
1971-01-27,,,6.09,4.25,4.22
1971-01-28,,,6.08,4.25,4.18
1971-01-29,,,6.09,4.0,4.15
1971-01-30,,,,4.0,
1971-01-31,,,,4.0,
1971-02-01,,,6.09,4.38,4.12
1971-02-02,,,6.11,4.25,4.1
1971-02-03,,,6.11,3.75,4.09
1971-02-04,,,6.1,4.25,4.03
1971-02-05,,,6.1,3.88,3.96
1971-02-06,,,,3.88,
1971-02-07,,,,3.88,
1971-02-08,,,6.09,3.5,3.82
1971-02-09,,,6.07,2.75,3.64
1971-02-10,,,6.08,3.0,3.7
1971-02-11,,,6.08,4.0,3.64
1971-02-12,,,,4.0,
1971-02-13,,,,4.0,
1971-02-14,,,,4.0,
1971-02-15,,,,4.0,
1971-02-16,,,6.11,4.0,3.63
1971-02-17,,,6.11,5.0,3.6
1971-02-18,,,6.11,4.13,3.52
1971-02-19,,,6.12,3.88,3.49
1971-02-20,,,,3.88,
1971-02-21,,,,3.88,
1971-02-22,,,6.15,3.25,3.48
1971-02-23,,,6.18,3.0,3.48
1971-02-24,,,6.16,2.25,3.41
1971-02-25,,,6.11,3.25,3.4
1971-02-26,,,6.14,3.38,3.4
1971-02-27,,,,3.38,
1971-02-28,,,,3.38,
1971-03-01,,,6.12,3.63,3.36
1971-03-02,,,6.09,3.63,3.36
1971-03-03,,,6.05,3.25,3.34
1971-03-04,,,6.05,3.5,3.34
1971-03-05,,,6.03,3.25,3.33
1971-03-06,,,,3.25,
1971-03-07,,,,3.25,
1971-03-08,,,5.99,3.13,3.32
1971-03-09,,,5.9,3.13,3.32
1971-03-10,,,5.8,3.5,3.3
1971-03-11,,,5.69,3.5,3.22
1971-03-12,,,5.72,4.13,3.24
1971-03-13,,,,4.13,
1971-03-14,,,,4.13,
1971-03-15,,,5.7,4.13,3.3
1971-03-16,,,5.68,4.0,3.34
1971-03-17,,,5.61,3.5,3.52
1971-03-18,,,5.55,4.13,3.45
1971-03-19,,,5.51,3.75,3.35
1971-03-20,,,,3.75,
1971-03-21,,,,3.75,
1971-03-22,,,5.42,3.38,3.3
1971-03-23,,,5.38,3.38,3.36
1971-03-24,,,5.41,3.75,3.39
1971-03-25,,,5.43,3.75,3.39
1971-03-26,,,5.48,3.75,3.43
1971-03-27,,,,3.75,
1971-03-28,,,,3.75,
1971-03-29,,,5.54,4.13,3.48
1971-03-30,,,5.5,4.5,3.6
1971-03-31,,,5.53,4.5,3.64
1971-04-01,,,5.58,4.0,3.65
1971-04-02,,,5.6,3.88,3.67
1971-04-03,,,,3.88,
1971-04-04,,,,3.88,
1971-04-05,,,5.63,4.0,3.69
1971-04-06,,,5.6,4.25,3.73
1971-04-07,,,5.58,4.0,3.82
1971-04-08,,,5.62,4.13,3.9
1971-04-09,,,,4.25,
1971-04-10,,,,4.25,
1971-04-11,,,,4.25,
1971-04-12,,,5.73,4.25,4.03
1971-04-13,,,5.72,4.5,4.04
1971-04-14,,,5.77,3.75,4.0
1971-04-15,,,5.8,4.38,3.9
1971-04-16,,,5.82,4.25,3.82
1971-04-17,,,,4.25,
1971-04-18,,,,4.25,
1971-04-19,,,5.88,4.25,3.8
1971-04-20,,,5.97,4.13,3.82
1971-04-21,,,6.04,4.38,3.86
1971-04-22,,,6.02,4.25,3.79
1971-04-23,,,6.01,4.13,3.8
1971-04-24,,,,4.13,
1971-04-25,,,,4.13,
1971-04-26,,,6.0,4.0,3.82
1971-04-27,,,6.0,4.0,3.96
1971-04-28,,,5.99,4.38,4.04
1971-04-29,,,6.07,4.25,4.02
1971-04-30,,,6.08,4.25,3.93
1971-05-01,,,,4.25,
1971-05-02,,,,4.25,
1971-05-03,,,6.15,4.38,3.84
1971-05-04,,,6.25,4.63,3.88
1971-05-05,,,6.26,4.88,3.92
1971-05-06,,,6.28,4.75,3.82
1971-05-07,,,6.25,4.63,3.78
1971-05-08,,,,4.63,
1971-05-09,,,,4.63,
1971-05-10,,,6.22,4.5,3.83
1971-05-11,,,6.26,4.5,3.86
1971-05-12,,,6.35,4.5,3.94
1971-05-13,,,6.47,4.5,4.06
1971-05-14,,,6.49,4.38,4.12
1971-05-15,,,,4.38,
1971-05-16,,,,4.38,
1971-05-17,,,6.57,4.63,4.3
1971-05-18,,,6.65,4.88,4.43
1971-05-19,,,6.6,4.75,4.38
1971-05-20,,,6.49,4.75,4.37
1971-05-21,,,6.53,4.63,4.38
1971-05-22,,,,4.63,
1971-05-23,,,,4.63,
1971-05-24,,,6.49,4.75,4.41
1971-05-25,,,6.44,4.75,4.45
1971-05-26,,,6.37,4.63,4.4
1971-05-27,,,6.35,4.88,4.35
1971-05-28,,,6.38,4.88,4.34
1971-05-29,,,,4.88,
1971-05-30,,,,4.88,
1971-05-31,,,,4.88,
1971-06-01,,,6.36,4.75,4.36
1971-06-02,,,6.24,4.63,4.26
1971-06-03,,,6.19,4.75,4.24
1971-06-04,,,6.26,4.75,4.32
1971-06-05,,,,4.75,
1971-06-06,,,,4.75,
1971-06-07,,,6.34,4.75,4.44
1971-06-08,,,6.38,4.75,4.56
1971-06-09,,,6.44,4.88,4.6
1971-06-10,,,6.48,4.75,4.62
1971-06-11,,,6.5,4.88,4.71
1971-06-12,,,,4.88,
1971-06-13,,,,4.88,
1971-06-14,,,6.63,5.0,4.93
1971-06-15,,,6.73,5.0,5.02
1971-06-16,,,6.68,4.88,4.97
1971-06-17,,,6.68,4.88,4.9
1971-06-18,,,6.58,4.88,4.93
1971-06-19,,,,4.88,
1971-06-20,,,,4.88,
1971-06-21,,,6.53,5.13,4.89
1971-06-22,,,6.62,5.25,4.96
1971-06-23,,,6.61,4.88,4.82
1971-06-24,,,6.61,5.13,4.8
1971-06-25,,,6.62,5.13,4.88
1971-06-26,,,,5.13,
1971-06-27,,,,5.13,
1971-06-28,,,6.64,5.13,4.96
1971-06-29,,,6.67,5.13,5.19
1971-06-30,,,6.7,4.75,5.22
1971-07-01,,,6.69,5.25,5.21
1971-07-02,,,6.69,5.25,5.36
1971-07-03,,,,5.25,
1971-07-04,,,,5.25,
1971-07-05,,,,5.25,
1971-07-06,,,6.68,5.13,5.48
1971-07-07,,,6.66,4.88,5.42
1971-07-08,,,6.67,5.25,5.41
1971-07-09,,,6.68,5.13,5.36
1971-07-10,,,,5.13,
1971-07-11,,,,5.13,
1971-07-12,,,6.6,5.13,5.32
1971-07-13,,,6.61,5.0,5.33
1971-07-14,,,6.6,5.13,5.35
1971-07-15,,,6.59,5.25,5.39
1971-07-16,,,6.66,5.5,5.5
1971-07-17,,,,5.5,
1971-07-18,,,,5.5,
1971-07-19,,,6.71,5.63,5.53
1971-07-20,,,6.7,5.38,5.5
1971-07-21,,,6.7,5.5,5.44
1971-07-22,,,6.79,5.5,5.34
1971-07-23,,,6.84,5.38,5.47
1971-07-24,,,,5.38,
1971-07-25,,,,5.38,
1971-07-26,,,6.86,5.25,5.46
1971-07-27,,,6.91,5.38,5.46
1971-07-28,,,6.95,5.38,5.43
1971-07-29,,,6.88,5.5,5.34
1971-07-30,,,6.85,5.5,5.31
1971-07-31,,,,5.5,
1971-08-01,,,,5.5,
1971-08-02,,,6.86,5.63,5.24
1971-08-03,,,6.91,5.63,5.32
1971-08-04,,,6.89,5.75,5.33
1971-08-05,,,6.86,5.63,5.3
1971-08-06,,,6.86,5.63,5.28
1971-08-07,,,,5.63,
1971-08-08,,,,5.63,
1971-08-09,,,6.88,5.5,5.32
1971-08-10,,,6.89,5.63,5.37
1971-08-11,,,6.86,5.5,5.22
1971-08-12,,,6.8,5.63,5.21
1971-08-13,,,6.68,5.63,5.15
1971-08-14,,,,5.63,
1971-08-15,,,,5.63,
1971-08-16,,,6.41,5.5,4.83
1971-08-17,,,6.3,5.63,4.77
1971-08-18,,,6.35,5.5,4.78
1971-08-19,,,6.34,5.5,4.54
1971-08-20,,,6.37,5.5,4.65
1971-08-21,,,,5.5,
1971-08-22,,,,5.5,
1971-08-23,,,6.48,5.5,4.75
1971-08-24,,,6.38,5.5,4.6
1971-08-25,,,6.4,5.38,4.73
1971-08-26,,,6.37,5.5,4.68
1971-08-27,,,6.33,5.5,4.63
1971-08-28,,,,5.5,
1971-08-29,,,,5.5,
1971-08-30,,,6.32,5.63,4.44
1971-08-31,,,6.28,5.75,4.44
1971-09-01,,,6.22,5.75,4.5
1971-09-02,,,6.17,5.63,4.53
1971-09-03,,,6.12,5.75,4.54
1971-09-04,,,,5.75,
1971-09-05,,,,5.75,
1971-09-06,,,,5.75,
1971-09-07,,,6.07,5.75,4.58
1971-09-08,,,6.08,5.75,4.6
1971-09-09,,,6.13,5.75,4.65
1971-09-10,,,6.12,5.75,4.68
1971-09-11,,,,5.75,
1971-09-12,,,,5.75,
1971-09-13,,,6.2,5.63,4.76
1971-09-14,,,6.18,5.38,4.87
1971-09-15,,,6.17,5.13,4.85
1971-09-16,,,6.14,5.5,4.82
1971-09-17,,,6.13,5.44,4.72
1971-09-18,,,,5.44,
1971-09-19,,,,5.44,
1971-09-20,,,6.15,5.38,4.72
1971-09-21,,,6.17,5.5,4.78
1971-09-22,,,6.19,5.5,4.77
1971-09-23,,,6.2,5.5,4.75
1971-09-24,,,6.16,5.5,4.73
1971-09-25,,,,5.5,
1971-09-26,,,,5.5,
1971-09-27,,,6.13,5.38,4.72
1971-09-28,,,6.12,5.38,4.67
1971-09-29,,,6.08,5.25,4.67
1971-09-30,,,6.0,5.38,4.6
1971-10-01,,,6.0,5.38,4.55
1971-10-02,,,,5.38,
1971-10-03,,,,5.38,
1971-10-04,,,5.98,5.38,4.46
1971-10-05,,,6.01,5.38,4.57
1971-10-06,,,5.98,5.0,4.54
1971-10-07,,,5.97,5.25,4.56
1971-10-08,,,5.94,5.25,4.53
1971-10-09,,,,5.25,
1971-10-10,,,,5.25,
1971-10-11,,,,5.25,
1971-10-12,,,5.88,5.25,4.46
1971-10-13,,,5.86,5.5,4.44
1971-10-14,,,5.88,5.38,4.43
1971-10-15,,,5.9,5.25,4.44
1971-10-16,,,,5.25,
1971-10-17,,,,5.25,
1971-10-18,,,5.95,5.13,4.45
1971-10-19,,,5.96,5.0,4.5
1971-10-20,,,5.92,4.75,4.46
1971-10-21,,,5.88,5.0,4.48
1971-10-22,,,5.9,5.0,4.46
1971-10-23,,,,5.0,
1971-10-24,,,,5.0,
1971-10-25,,,,5.0,
1971-10-26,,,5.89,5.0,4.38
1971-10-27,,,5.92,5.75,4.37
1971-10-28,,,5.9,5.13,4.36
1971-10-29,,,5.87,5.13,4.31
1971-10-30,,,,5.13,
1971-10-31,,,,5.13,
1971-11-01,,,5.8,5.13,4.26
1971-11-02,,,,5.13,
1971-11-03,,,5.72,5.38,4.16
1971-11-04,,,5.72,5.0,4.14
1971-11-05,,,5.72,5.0,4.15
1971-11-06,,,,5.0,
1971-11-07,,,,5.0,
1971-11-08,,,5.77,4.88,4.18
1971-11-09,,,5.77,4.88,4.17
1971-11-10,,,5.82,4.75,4.19
1971-11-11,,,5.79,4.75,4.18
1971-11-12,,,5.77,4.88,4.17
1971-11-13,,,,4.88,
1971-11-14,,,,4.88,
1971-11-15,,,5.77,5.0,4.16
1971-11-16,,,5.76,5.0,4.1
1971-11-17,,,5.75,4.75,4.14
1971-11-18,,,5.77,4.75,4.14
1971-11-19,,,5.79,4.75,4.17
1971-11-20,,,,4.75,
1971-11-21,,,,4.75,
1971-11-22,,,5.82,4.88,4.24
1971-11-23,,,5.89,5.0,4.32
1971-11-24,,,5.95,5.13,4.4
1971-11-25,,,,5.13,
1971-11-26,,,5.94,5.0,4.4
1971-11-27,,,,5.0,
1971-11-28,,,,5.0,
1971-11-29,,,5.95,4.63,4.34
1971-11-30,,,5.93,4.25,4.34
1971-12-01,,,5.92,3.75,4.31
1971-12-02,,,5.9,4.5,4.28
1971-12-03,,,5.88,4.5,4.15
1971-12-04,,,,4.5,
1971-12-05,,,,4.5,
1971-12-06,,,5.88,4.63,4.1
1971-12-07,,,5.92,4.75,4.13
1971-12-08,,,5.92,4.75,4.1
1971-12-09,,,5.94,4.5,4.11
1971-12-10,,,5.93,4.5,4.09
1971-12-11,,,,4.5,
1971-12-12,,,,4.5,
1971-12-13,,,5.9,4.25,3.96
1971-12-14,,,5.94,4.13,4.06
1971-12-15,,,5.96,3.0,4.12
1971-12-16,,,5.95,4.13,4.06
1971-12-17,,,5.93,4.13,4.0
1971-12-18,,,,4.13,
1971-12-19,,,,4.13,
1971-12-20,,,5.97,3.75,4.12
1971-12-21,,,6.0,3.5,4.08
1971-12-22,,,6.01,3.5,4.04
1971-12-23,,,5.97,3.75,3.83
1971-12-24,,,,4.0,
1971-12-25,,,,4.0,
1971-12-26,,,,4.0,
1971-12-27,,,5.91,3.75,3.78
1971-12-28,,,5.86,3.88,3.75
1971-12-29,,,5.9,5.0,3.76
1971-12-30,,,5.9,4.38,3.7
1971-12-31,,,5.89,3.0,3.68
1972-01-01,,,,3.0,
1972-01-02,,,,3.0,
1972-01-03,,,5.94,4.25,3.69
1972-01-04,,,5.93,3.75,3.72
1972-01-05,,,5.91,3.63,3.69
1972-01-06,,,5.9,3.75,3.55
1972-01-07,,,5.88,3.88,3.33
1972-01-08,,,,3.88,
1972-01-09,,,,3.88,
1972-01-10,,,5.86,3.75,3.02
1972-01-11,,,5.88,3.63,3.22
1972-01-12,,,5.88,3.25,3.23
1972-01-13,,,5.86,3.63,3.2
1972-01-14,,,5.85,3.5,3.19
1972-01-15,,,,3.5,
1972-01-16,,,,3.5,
1972-01-17,,,5.89,3.5,3.24
1972-01-18,,,5.92,3.63,3.26
1972-01-19,,,5.96,3.5,3.3
1972-01-20,,,5.98,3.5,3.35
1972-01-21,,,5.99,3.5,3.43
1972-01-22,,,,3.5,
1972-01-23,,,,3.5,
1972-01-24,,,6.02,3.38,3.52
1972-01-25,,,6.02,3.38,3.52
1972-01-26,,,6.01,3.25,3.46
1972-01-27,,,6.05,3.38,3.44
1972-01-28,,,6.08,3.25,3.36
1972-01-29,,,,3.25,
1972-01-30,,,,3.25,
1972-01-31,,,6.09,3.13,3.35
1972-02-01,,,6.09,3.25,3.43
1972-02-02,,,6.08,3.13,3.4
1972-02-03,,,6.08,3.25,3.37
1972-02-04,,,6.08,3.25,3.24
1972-02-05,,,,3.25,
1972-02-06,,,,3.25,
1972-02-07,,,6.09,3.25,3.1
1972-02-08,,,6.11,3.25,3.19
1972-02-09,,,6.12,3.25,3.16
1972-02-10,,,6.11,3.25,3.06
1972-02-11,,,6.12,3.38,2.99
1972-02-12,,,,3.38,
1972-02-13,,,,3.38,
1972-02-14,,,6.1,3.38,3.0
1972-02-15,,,6.1,3.5,3.06
1972-02-16,,,6.08,3.75,3.06
1972-02-17,,,6.06,3.5,3.04
1972-02-18,,,6.06,3.38,3.1
1972-02-19,,,,3.38,
1972-02-20,,,,3.38,
1972-02-21,,,,3.38,
1972-02-22,,,6.06,3.25,3.17
1972-02-23,,,6.07,3.13,3.18
1972-02-24,,,6.07,3.25,3.2
1972-02-25,,,6.06,3.13,3.36
1972-02-26,,,,3.13,
1972-02-27,,,,3.13,
1972-02-28,,,6.04,3.13,3.37
1972-02-29,,,6.04,3.25,3.46
1972-03-01,,,6.04,3.25,3.47
1972-03-02,,,6.03,3.38,3.48
1972-03-03,,,6.02,3.38,3.49
1972-03-04,,,,3.38,
1972-03-05,,,,3.38,
1972-03-06,,,6.01,3.5,3.5
1972-03-07,,,6.02,3.5,3.56
1972-03-08,,,6.02,3.5,3.56
1972-03-09,,,6.02,3.63,3.59
1972-03-10,,,6.03,3.88,3.64
1972-03-11,,,,3.88,
1972-03-12,,,,3.88,
1972-03-13,,,6.07,3.88,3.75
1972-03-14,,,6.06,4.13,3.89
1972-03-15,,,6.11,3.88,3.94
1972-03-16,,,6.08,3.88,3.9
1972-03-17,,,6.08,3.88,3.88
1972-03-18,,,,3.88,
1972-03-19,,,,3.88,
1972-03-20,,,6.09,3.88,3.87
1972-03-21,,,6.08,4.0,3.87
1972-03-22,,,6.08,4.0,3.77
1972-03-23,,,6.1,4.0,3.78
1972-03-24,,,6.12,4.0,3.8
1972-03-25,,,,4.0,
1972-03-26,,,,4.0,
1972-03-27,,,6.1,4.0,3.77
1972-03-28,,,6.11,4.13,3.84
1972-03-29,,,6.12,4.5,3.87
1972-03-30,,,6.12,4.25,3.83
1972-03-31,,,,4.0,
1972-04-01,,,,4.0,
1972-04-02,,,,4.0,
1972-04-03,,,6.14,4.25,3.79
1972-04-04,,,6.18,4.25,3.84
1972-04-05,,,6.18,4.38,3.82
1972-04-06,,,6.18,4.25,3.8
1972-04-07,,,6.18,4.31,3.8
1972-04-08,,,,4.31,
1972-04-09,,,,4.31,
1972-04-10,,,6.17,4.31,3.75
1972-04-11,,,6.18,4.25,3.82
1972-04-12,,,6.21,3.5,3.82
1972-04-13,,,6.25,4.13,3.86
1972-04-14,,,6.25,4.25,3.84
1972-04-15,,,,4.25,
1972-04-16,,,,4.25,
1972-04-17,,,6.24,4.06,3.85
1972-04-18,,,6.24,3.88,3.68
1972-04-19,,,6.22,3.5,3.64
1972-04-20,,,6.21,4.13,3.57
1972-04-21,,,6.2,4.0,3.47
1972-04-22,,,,4.0,
1972-04-23,,,,4.0,
1972-04-24,,,6.21,4.0,3.46
1972-04-25,,,6.21,4.25,3.55
1972-04-26,,,6.19,5.0,3.58
1972-04-27,,,6.11,4.38,3.54
1972-04-28,,,6.14,4.31,3.63
1972-04-29,,,,4.31,
1972-04-30,,,,4.31,
1972-05-01,,,6.14,4.25,3.62
1972-05-02,,,6.16,4.19,3.65
1972-05-03,,,6.17,4.0,3.6
1972-05-04,,,6.17,4.25,3.54
1972-05-05,,,6.17,4.25,3.42
1972-05-06,,,,4.25,
1972-05-07,,,,4.25,
1972-05-08,,,6.17,4.13,3.44
1972-05-09,,,6.2,4.0,3.65
1972-05-10,,,6.19,4.25,3.62
1972-05-11,,,6.19,4.25,3.62
1972-05-12,,,6.16,4.31,3.6
1972-05-13,,,,4.31,
1972-05-14,,,,4.31,
1972-05-15,,,6.16,4.25,3.65
1972-05-16,,,6.16,4.31,3.76
1972-05-17,,,6.15,4.5,3.78
1972-05-18,,,6.13,4.31,3.79
1972-05-19,,,6.1,4.25,3.8
1972-05-20,,,,4.25,
1972-05-21,,,,4.25,
1972-05-22,,,6.07,4.25,3.79
1972-05-23,,,6.05,4.25,3.84
1972-05-24,,,6.06,4.13,3.84
1972-05-25,,,6.04,4.31,3.76
1972-05-26,,,6.04,4.31,3.75
1972-05-27,,,,4.31,
1972-05-28,,,,4.31,
1972-05-29,,,,4.31,
1972-05-30,,,6.05,4.31,3.8
1972-05-31,,,6.05,4.75,3.81
1972-06-01,,,6.07,4.44,3.83
1972-06-02,,,6.09,4.5,3.86
1972-06-03,,,,4.5,
1972-06-04,,,,4.5,
1972-06-05,,,6.1,4.44,3.83
1972-06-06,,,6.13,4.5,3.89
1972-06-07,,,6.12,4.5,3.88
1972-06-08,,,6.12,4.5,3.86
1972-06-09,,,6.11,4.5,3.86
1972-06-10,,,,4.5,
1972-06-11,,,,4.5,
1972-06-12,,,6.1,4.44,3.82
1972-06-13,,,6.1,4.38,3.84
1972-06-14,,,6.1,4.38,3.86
1972-06-15,,,6.1,4.44,3.9
1972-06-16,,,6.1,4.38,3.95
1972-06-17,,,,4.38,
1972-06-18,,,,4.38,
1972-06-19,,,6.08,4.44,3.92
1972-06-20,,,6.08,4.38,3.95
1972-06-21,,,6.09,4.38,3.97
1972-06-22,,,6.11,4.44,4.02
1972-06-23,,,6.1,4.44,4.0
1972-06-24,,,,4.44,
1972-06-25,,,,4.44,
1972-06-26,,,6.12,4.5,3.98
1972-06-27,,,6.12,4.56,3.99
1972-06-28,,,6.12,4.63,3.87
1972-06-29,,,6.14,4.63,3.96
1972-06-30,,,6.15,4.5,4.06
1972-07-01,,,,4.5,
1972-07-02,,,,4.5,
1972-07-03,,,6.14,4.75,4.14
1972-07-04,,,,4.75,
1972-07-05,,,6.13,4.63,4.08
1972-07-06,,,6.13,4.63,4.02
1972-07-07,,,6.13,4.75,4.02
1972-07-08,,,,4.75,
1972-07-09,,,,4.75,
1972-07-10,,,6.13,4.69,4.04
1972-07-11,,,6.13,4.5,4.13
1972-07-12,,,6.12,4.25,4.07
1972-07-13,,,6.11,4.63,4.04
1972-07-14,,,6.1,4.56,3.95
1972-07-15,,,,4.56,
1972-07-16,,,,4.56,
1972-07-17,,,6.11,4.56,3.92
1972-07-18,,,6.11,4.63,3.97
1972-07-19,,,6.09,3.75,3.91
1972-07-20,,,6.09,4.56,3.91
1972-07-21,,,6.1,4.63,3.94
1972-07-22,,,,4.63,
1972-07-23,,,,4.63,
1972-07-24,,,6.1,4.56,3.97
1972-07-25,,,6.09,4.5,4.03
1972-07-26,,,6.08,4.25,3.96
1972-07-27,,,6.13,4.56,3.91
1972-07-28,,,6.12,4.5,3.85
1972-07-29,,,,4.5,
1972-07-30,,,,4.5,
1972-07-31,,,6.12,4.5,3.8
1972-08-01,,,6.14,4.63,3.79
1972-08-02,,,6.14,4.75,3.77
1972-08-03,,,6.15,4.63,3.79
1972-08-04,,,6.16,4.63,3.82
1972-08-05,,,,4.63,
1972-08-06,,,,4.63,
1972-08-07,,,6.16,4.69,3.85
1972-08-08,,,6.15,4.75,3.88
1972-08-09,,,6.14,4.88,3.86
1972-08-10,,,6.14,4.75,3.86
1972-08-11,,,6.14,4.81,3.84
1972-08-12,,,,4.81,
1972-08-13,,,,4.81,
1972-08-14,,,6.16,4.81,3.87
1972-08-15,,,6.17,4.81,3.93
1972-08-16,,,6.18,5.25,3.91
1972-08-17,,,6.2,4.88,3.88
1972-08-18,,,6.21,4.81,3.92
1972-08-19,,,,4.81,
1972-08-20,,,,4.81,
1972-08-21,,,6.21,4.69,3.97
1972-08-22,,,6.2,4.5,4.12
1972-08-23,,,6.22,4.75,4.18
1972-08-24,,,6.23,4.75,4.14
1972-08-25,,,6.26,4.75,4.23
1972-08-26,,,,4.75,
1972-08-27,,,,4.75,
1972-08-28,,,6.3,4.81,4.26
1972-08-29,,,6.34,5.0,4.45
1972-08-30,,,6.42,5.5,4.55
1972-08-31,,,6.42,5.13,4.55
1972-09-01,,,6.43,5.19,4.54
1972-09-02,,,,5.19,
1972-09-03,,,,5.19,
1972-09-04,,,,5.19,
1972-09-05,,,6.46,4.63,4.68
1972-09-06,,,6.49,3.75,4.71
1972-09-07,,,6.52,4.75,4.7
1972-09-08,,,6.56,4.63,4.73
1972-09-09,,,,4.63,
1972-09-10,,,,4.63,
1972-09-11,,,6.54,4.63,4.74
1972-09-12,,,6.54,4.69,4.72
1972-09-13,,,6.54,4.88,4.71
1972-09-14,,,6.57,4.69,4.7
1972-09-15,,,6.56,4.88,4.68
1972-09-16,,,,4.88,
1972-09-17,,,,4.88,
1972-09-18,,,6.55,4.94,4.65
1972-09-19,,,6.55,5.13,4.64
1972-09-20,,,6.56,5.13,4.63
1972-09-21,,,6.59,5.13,4.66
1972-09-22,,,6.62,5.13,4.7
1972-09-23,,,,5.13,
1972-09-24,,,,5.13,
1972-09-25,,,6.62,4.94,4.67
1972-09-26,,,6.6,4.75,4.63
1972-09-27,,,6.59,4.75,4.61
1972-09-28,,,6.56,5.0,4.56
1972-09-29,,,6.54,4.88,4.55
1972-09-30,,,,4.88,
1972-10-01,,,,4.88,
1972-10-02,,,6.54,5.19,4.51
1972-10-03,,,6.54,5.5,4.67
1972-10-04,,,6.53,5.75,4.69
1972-10-05,,,6.53,5.25,4.73
1972-10-06,,,6.52,5.13,4.71
1972-10-07,,,,5.13,
1972-10-08,,,,5.13,
1972-10-09,,,,5.13,
1972-10-10,,,6.48,5.0,4.74
1972-10-11,,,6.47,4.88,4.76
1972-10-12,,,6.5,5.0,4.81
1972-10-13,,,6.5,4.94,4.84
1972-10-14,,,,4.94,
1972-10-15,,,,4.94,
1972-10-16,,,6.49,5.06,4.8
1972-10-17,,,6.49,4.88,4.82
1972-10-18,,,6.49,4.63,4.79
1972-10-19,,,6.48,4.94,4.75
1972-10-20,,,6.47,4.88,4.74
1972-10-21,,,,4.88,
1972-10-22,,,,4.88,
1972-10-23,,,,4.88,
1972-10-24,,,6.45,5.0,4.74
1972-10-25,,,6.44,5.63,4.74
1972-10-26,,,6.42,5.13,4.72
1972-10-27,,,6.42,5.0,4.72
1972-10-28,,,,5.0,
1972-10-29,,,,5.0,
1972-10-30,,,6.42,4.94,4.74
1972-10-31,,,6.41,4.88,4.76
1972-11-01,,,6.39,5.5,4.75
1972-11-02,,,6.34,5.06,4.72
1972-11-03,,,6.3,5.06,4.71
1972-11-04,,,,5.06,
1972-11-05,,,,5.06,
1972-11-06,,,6.27,5.25,4.66
1972-11-07,,,,5.25,
1972-11-08,,,6.3,6.0,4.75
1972-11-09,,,6.3,5.13,4.72
1972-11-10,,,6.3,5.25,4.72
1972-11-11,,,,5.25,
1972-11-12,,,,5.25,
1972-11-13,,,6.27,5.06,4.74
1972-11-14,,,6.26,4.81,4.78
1972-11-15,,,6.23,3.5,4.74
1972-11-16,,,6.24,4.88,4.76
1972-11-17,,,6.24,4.88,4.76
1972-11-18,,,,4.88,
1972-11-19,,,,4.88,
1972-11-20,,,6.23,5.06,4.76
1972-11-21,,,6.26,5.25,4.82
1972-11-22,,,6.27,5.0,4.84
1972-11-23,,,,5.0,
1972-11-24,,,6.27,5.06,4.85
1972-11-25,,,,5.06,
1972-11-26,,,,5.06,
1972-11-27,,,6.3,5.06,4.88
1972-11-28,,,6.29,5.19,4.88
1972-11-29,,,6.27,4.75,4.87
1972-11-30,,,6.28,5.19,4.88
1972-12-01,,,6.29,5.25,4.9
1972-12-02,,,,5.25,
1972-12-03,,,,5.25,
1972-12-04,,,6.3,5.25,4.92
1972-12-05,,,6.31,5.25,5.0
1972-12-06,,,6.31,4.75,5.0
1972-12-07,,,6.31,5.19,5.03
1972-12-08,,,6.32,5.19,5.06
1972-12-09,,,,5.19,
1972-12-10,,,,5.19,
1972-12-11,,,6.34,5.25,5.1
1972-12-12,,,6.35,5.5,5.05
1972-12-13,,,6.35,5.5,5.0
1972-12-14,,,6.35,5.31,5.02
1972-12-15,,,6.35,5.38,5.07
1972-12-16,,,,5.38,
1972-12-17,,,,5.38,
1972-12-18,,,6.38,5.56,5.17
1972-12-19,,,6.4,5.38,5.19
1972-12-20,,,6.4,5.25,5.15
1972-12-21,,,6.4,5.5,5.12
1972-12-22,,,6.4,5.38,5.12
1972-12-23,,,,5.38,
1972-12-24,,,,5.38,
1972-12-25,,,,5.38,
1972-12-26,,,6.39,5.25,5.15
1972-12-27,,,6.4,5.13,5.11
1972-12-28,,,6.41,5.75,5.1
1972-12-29,,,6.41,5.5,5.14
1972-12-30,,,,5.5,
1972-12-31,,,,5.5,
1973-01-01,,,,5.5,
1973-01-02,,,6.43,6.0,5.22
1973-01-03,,,6.42,5.5,5.16
1973-01-04,,,6.4,5.75,5.12
1973-01-05,,,6.42,5.75,5.13
1973-01-06,,,,5.75,
1973-01-07,,,,5.75,
1973-01-08,,,6.43,5.63,5.13
1973-01-09,,,6.42,5.5,5.17
1973-01-10,,,6.43,5.5,5.19
1973-01-11,,,6.43,5.75,5.23
1973-01-12,,,6.44,5.75,5.24
1973-01-13,,,,5.75,
1973-01-14,,,,5.75,
1973-01-15,,,6.44,5.88,5.27
1973-01-16,,,6.44,6.5,5.36
1973-01-17,,,6.45,5.63,5.36
1973-01-18,,,6.46,5.75,5.46
1973-01-19,,,6.49,6.0,5.56
1973-01-20,,,,6.0,
1973-01-21,,,,6.0,
1973-01-22,,,6.5,6.0,5.59
1973-01-23,,,6.48,6.25,5.61
1973-01-24,,,6.49,6.19,5.67
1973-01-25,,,6.51,6.31,5.73
1973-01-26,,,6.53,6.38,5.74
1973-01-27,,,,6.38,
1973-01-28,,,,6.38,
1973-01-29,,,6.55,6.25,5.66
1973-01-30,,,6.52,6.25,5.69
1973-01-31,,,6.54,6.5,5.68
1973-02-01,,,6.6,6.44,5.76
1973-02-02,,,6.64,6.44,5.73
1973-02-03,,,,6.44,
1973-02-04,,,,6.44,
1973-02-05,,,6.64,6.25,5.69
1973-02-06,,,6.64,5.75,5.65
1973-02-07,,,6.64,5.75,5.57
1973-02-08,,,6.66,6.25,5.44
1973-02-09,,,6.63,6.38,5.44
1973-02-10,,,,6.38,
1973-02-11,,,,6.38,
1973-02-12,,,,6.44,
1973-02-13,,,6.61,6.75,5.5
1973-02-14,,,6.62,7.5,5.43
1973-02-15,,,6.62,7.0,5.37
1973-02-16,,,6.63,7.25,5.4
1973-02-17,,,,7.25,
1973-02-18,,,,7.25,
1973-02-19,,,,7.25,
1973-02-20,,,6.66,6.25,5.57
1973-02-21,,,6.66,5.25,5.62
1973-02-22,,,6.65,6.38,5.56
1973-02-23,,,6.61,6.38,5.55
1973-02-24,,,,6.38,
1973-02-25,,,,6.38,
1973-02-26,,,6.65,6.75,5.76
1973-02-27,,,6.64,7.5,5.9
1973-02-28,,,6.64,7.5,5.85
1973-03-01,,,6.65,7.0,5.79
1973-03-02,,,6.67,7.38,5.75
1973-03-03,,,,7.38,
1973-03-04,,,,7.38,
1973-03-05,,,6.68,7.0,5.79
1973-03-06,,,6.68,6.75,5.94
1973-03-07,,,6.66,6.25,5.87
1973-03-08,,,6.67,7.0,5.83
1973-03-09,,,6.68,7.13,5.84
1973-03-10,,,,7.13,
1973-03-11,,,,7.13,
1973-03-12,,,6.68,7.25,5.88
1973-03-13,,,6.7,7.5,6.0
1973-03-14,,,6.71,6.75,6.06
1973-03-15,,,6.73,7.25,6.11
1973-03-16,,,6.77,7.25,6.21
1973-03-17,,,,7.25,
1973-03-18,,,,7.25,
1973-03-19,,,6.75,7.0,6.22
1973-03-20,,,6.76,6.75,6.34
1973-03-21,,,6.76,6.0,6.35
1973-03-22,,,6.76,7.13,6.31
1973-03-23,,,6.76,7.0,6.31
1973-03-24,,,,7.0,
1973-03-25,,,,7.0,
1973-03-26,,,6.73,7.13,6.23
1973-03-27,,,6.72,7.25,6.26
1973-03-28,,,6.67,7.25,6.28
1973-03-29,,,6.68,7.5,6.29
1973-03-30,,,6.73,7.38,6.4
1973-03-31,,,,7.38,
1973-04-01,,,,7.38,
1973-04-02,,,6.74,7.38,6.46
1973-04-03,,,6.73,6.88,6.55
1973-04-04,,,6.7,6.38,6.51
1973-04-05,,,6.68,7.13,6.48
1973-04-06,,,6.64,7.13,6.25
1973-04-07,,,,7.13,
1973-04-08,,,,7.13,
1973-04-09,,,6.62,6.75,6.16
1973-04-10,,,6.64,6.63,6.21
1973-04-11,,,6.65,6.0,6.22
1973-04-12,,,6.66,6.88,6.2
1973-04-13,,,6.63,6.88,6.21
1973-04-14,,,,6.88,
1973-04-15,,,,6.88,
1973-04-16,,,6.62,7.13,6.19
1973-04-17,,,6.64,7.75,6.19
1973-04-18,,,6.64,8.25,6.11
1973-04-19,,,6.66,7.38,6.13
1973-04-20,,,,7.0,
1973-04-21,,,,7.0,
1973-04-22,,,,7.0,
1973-04-23,,,6.73,6.88,6.19
1973-04-24,,,6.66,7.25,6.28
1973-04-25,,,6.66,7.5,6.28
1973-04-26,,,6.68,7.38,6.2
1973-04-27,,,6.69,7.38,6.21
1973-04-28,,,,7.38,
1973-04-29,,,,7.38,
1973-04-30,,,6.7,7.63,6.23
1973-05-01,,,6.72,7.88,6.29
1973-05-02,,,6.76,7.0,6.26
1973-05-03,,,6.77,7.44,6.21
1973-05-04,,,6.79,7.63,6.19
1973-05-05,,,,7.63,
1973-05-06,,,,7.63,
1973-05-07,,,6.81,7.88,6.13
1973-05-08,,,6.8,7.75,6.02
1973-05-09,,,6.8,7.25,5.97
1973-05-10,,,6.81,7.69,6.0
1973-05-11,,,6.82,7.88,6.23
1973-05-12,,,,7.88,
1973-05-13,,,,7.88,
1973-05-14,,,6.83,7.75,6.17
1973-05-15,,,6.86,7.63,6.17
1973-05-16,,,6.84,8.0,6.19
1973-05-17,,,6.85,8.13,6.28
1973-05-18,,,6.86,8.0,6.3
1973-05-19,,,,8.0,
1973-05-20,,,,8.0,
1973-05-21,,,6.89,7.88,6.38
1973-05-22,,,6.9,8.19,6.6
1973-05-23,,,6.92,8.25,6.63
1973-05-24,,,6.91,8.13,6.55
1973-05-25,,,6.91,8.0,6.64
1973-05-26,,,,8.0,
1973-05-27,,,,8.0,
1973-05-28,,,,8.0,
1973-05-29,,,6.93,7.88,6.84
1973-05-30,,,6.93,7.63,6.91
1973-05-31,,,6.93,8.13,6.92
1973-06-01,,,6.96,8.44,6.97
1973-06-02,,,,8.44,
1973-06-03,,,,8.44,
1973-06-04,,,6.98,8.63,7.07
1973-06-05,,,6.95,8.69,7.13
1973-06-06,,,6.89,8.25,7.06
1973-06-07,,,6.89,8.5,7.08
1973-06-08,,,6.87,8.25,7.0
1973-06-09,,,,8.25,
1973-06-10,,,,8.25,
1973-06-11,,,6.87,8.44,7.08
1973-06-12,,,6.86,8.25,7.14
1973-06-13,,,6.85,7.25,7.16
1973-06-14,,,6.85,8.38,7.17
1973-06-15,,,6.86,8.5,7.18
1973-06-16,,,,8.5,
1973-06-17,,,,8.5,
1973-06-18,,,6.87,8.69,7.2
1973-06-19,,,6.87,8.69,7.27
1973-06-20,,,6.89,8.63,7.29
1973-06-21,,,6.89,8.69,7.24
1973-06-22,,,6.91,8.56,7.24
1973-06-23,,,,8.56,
1973-06-24,,,,8.56,
1973-06-25,,,6.93,8.5,7.2
1973-06-26,,,6.93,8.75,7.26
1973-06-27,,,6.92,8.5,7.28
1973-06-28,,,6.92,8.88,7.35
1973-06-29,,,6.94,8.88,7.52
1973-06-30,,,,8.88,
1973-07-01,,,,8.88,
1973-07-02,,,7.01,10.0,7.9
1973-07-03,,,7.01,13.0,7.98
1973-07-04,,,,13.0,
1973-07-05,,,7.01,9.75,7.95
1973-07-06,,,7.03,9.63,7.92
1973-07-07,,,,9.63,
1973-07-08,,,,9.63,
1973-07-09,,,7.05,9.75,7.92
1973-07-10,,,7.05,9.5,7.89
1973-07-11,,,7.05,8.75,7.68
1973-07-12,,,7.04,9.75,7.63
1973-07-13,,,7.05,9.69,7.78
1973-07-14,,,,9.69,
1973-07-15,,,,9.69,
1973-07-16,,,7.06,11.0,7.85
1973-07-17,,,7.06,11.75,7.96
1973-07-18,,,7.07,10.0,8.03
1973-07-19,,,7.11,10.8,8.13
1973-07-20,,,7.17,10.66,8.17
1973-07-21,,,,10.66,
1973-07-22,,,,10.66,
1973-07-23,,,7.17,10.81,8.03
1973-07-24,,,7.19,10.69,8.18
1973-07-25,,,7.19,9.8,8.17
1973-07-26,,,7.28,10.69,8.23
1973-07-27,,,7.35,10.74,8.25
1973-07-28,,,,10.74,
1973-07-29,,,,10.74,
1973-07-30,,,7.37,11.1,8.23
1973-07-31,,,7.43,11.22,8.32
1973-08-01,,,7.55,8.74,8.38
1973-08-02,,,7.52,10.84,8.28
1973-08-03,,,7.53,10.71,8.27
1973-08-04,,,,10.71,
1973-08-05,,,,10.71,
1973-08-06,,,7.54,10.56,8.32
1973-08-07,,,7.58,10.13,8.75
1973-08-08,,,7.52,9.05,8.77
1973-08-09,,,7.54,10.5,8.81
1973-08-10,,,7.52,10.52,8.84
1973-08-11,,,,10.52,
1973-08-12,,,,10.52,
1973-08-13,,,7.47,10.54,8.82
1973-08-14,,,7.46,10.39,9.05
1973-08-15,,,7.45,9.73,8.95
1973-08-16,,,7.37,10.49,8.86
1973-08-17,,,7.28,10.44,8.72
1973-08-18,,,,10.44,
1973-08-19,,,,10.44,
1973-08-20,,,7.38,10.58,8.79
1973-08-21,,,7.36,10.74,8.92
1973-08-22,,,7.39,10.48,8.78
1973-08-23,,,7.31,10.79,8.62
1973-08-24,,,7.23,10.84,8.46
1973-08-25,,,,10.84,
1973-08-26,,,,10.84,
1973-08-27,,,7.26,10.77,8.53
1973-08-28,,,7.29,10.55,8.72
1973-08-29,,,7.26,10.88,8.62
1973-08-30,,,7.25,10.86,8.57
1973-08-31,,,7.25,11.22,8.66
1973-09-01,,,,11.22,
1973-09-02,,,,11.22,
1973-09-03,,,,11.22,
1973-09-04,,,7.21,10.85,8.78
1973-09-05,,,7.11,8.96,8.76
1973-09-06,,,7.1,10.73,8.84
1973-09-07,,,7.11,10.79,8.8
1973-09-08,,,,10.79,
1973-09-09,,,,10.79,
1973-09-10,,,7.16,11.15,9.03
1973-09-11,,,7.19,10.92,9.04
1973-09-12,,,7.2,10.03,9.02
1973-09-13,,,7.21,10.93,8.86
1973-09-14,,,7.21,10.82,8.75
1973-09-15,,,,10.82,
1973-09-16,,,,10.82,
1973-09-17,,,7.16,10.84,8.7
1973-09-18,,,7.08,10.68,8.68
1973-09-19,,,7.1,10.71,8.55
1973-09-20,,,7.09,10.79,8.28
1973-09-21,,,7.02,10.74,7.69
1973-09-22,,,,10.74,
1973-09-23,,,,10.74,
1973-09-24,,,7.0,10.69,7.38
1973-09-25,,,6.96,10.54,7.2
1973-09-26,,,6.97,11.63,7.12
1973-09-27,,,6.94,10.92,6.96
1973-09-28,,,6.9,10.82,6.98
1973-09-29,,,,10.82,
1973-09-30,,,,10.82,
1973-10-01,,,6.91,10.9,7.06
1973-10-02,,,6.89,10.73,7.64
1973-10-03,,,6.9,10.04,7.48
1973-10-04,,,6.88,10.8,7.58
1973-10-05,,,6.86,10.62,7.36
1973-10-06,,,,10.62,
1973-10-07,,,,10.62,
1973-10-08,,,,10.62,
1973-10-09,,,6.78,9.31,7.13
1973-10-10,,,6.77,6.48,7.14
1973-10-11,,,6.78,10.08,7.15
1973-10-12,,,6.75,10.09,7.14
1973-10-13,,,,10.09,
1973-10-14,,,,10.09,
1973-10-15,,,6.77,10.0,7.19
1973-10-16,,,6.81,10.1,7.28
1973-10-17,,,6.82,10.02,7.19
1973-10-18,,,6.81,10.01,7.13
1973-10-19,,,6.8,9.85,7.03
1973-10-20,,,,9.85,
1973-10-21,,,,9.85,
1973-10-22,,,,9.85,
1973-10-23,,,6.8,9.86,7.04
1973-10-24,,,6.75,10.56,7.02
1973-10-25,,,6.73,9.81,7.05
1973-10-26,,,6.72,9.7,7.18
1973-10-27,,,,9.7,
1973-10-28,,,,9.7,
1973-10-29,,,6.72,9.8,7.2
1973-10-30,,,6.72,9.95,7.22
1973-10-31,,,6.71,10.61,7.36
1973-11-01,,,6.71,9.88,7.48
1973-11-02,,,6.72,9.71,7.66
1973-11-03,,,,9.71,
1973-11-04,,,,9.71,
1973-11-05,,,6.74,9.73,8.0
1973-11-06,,,,9.76,
1973-11-07,,,6.76,9.45,8.2
1973-11-08,,,6.77,9.77,8.12
1973-11-09,,,6.76,9.75,8.14
1973-11-10,,,,9.75,
1973-11-11,,,,9.75,
1973-11-12,,,6.76,9.78,8.51
1973-11-13,,,6.76,10.04,8.62
1973-11-14,,,6.79,11.39,8.3
1973-11-15,,,6.76,10.0,7.53
1973-11-16,,,6.72,10.19,7.61
1973-11-17,,,,10.19,
1973-11-18,,,,10.19,
1973-11-19,,,6.71,10.84,7.5
1973-11-20,,,6.72,10.77,7.77
1973-11-21,,,6.71,9.44,7.78
1973-11-22,,,,9.44,
1973-11-23,,,6.7,10.17,7.82
1973-11-24,,,,10.17,
1973-11-25,,,,10.17,
1973-11-26,,,6.69,10.15,7.76
1973-11-27,,,6.7,10.25,7.58
1973-11-28,,,6.7,10.26,7.52
1973-11-29,,,6.7,10.26,7.45
1973-11-30,,,6.69,10.34,7.3
1973-12-01,,,,10.34,
1973-12-02,,,,10.34,
1973-12-03,,,6.69,10.45,7.12
1973-12-04,,,6.69,10.4,7.25
1973-12-05,,,6.72,9.07,7.68
1973-12-06,,,6.75,10.24,7.64
1973-12-07,,,6.74,10.27,7.65
1973-12-08,,,,10.27,
1973-12-09,,,,10.27,
1973-12-10,,,6.71,10.26,7.44
1973-12-11,,,6.69,10.16,7.52
1973-12-12,,,6.69,8.84,7.48
1973-12-13,,,6.68,10.0,7.58
1973-12-14,,,6.68,10.09,7.53
1973-12-15,,,,10.09,
1973-12-16,,,,10.09,
1973-12-17,,,6.67,10.44,7.47
1973-12-18,,,6.68,10.32,7.34
1973-12-19,,,6.71,10.22,7.3
1973-12-20,,,6.73,10.13,7.31
1973-12-21,,,6.78,10.01,7.33
1973-12-22,,,,10.01,
1973-12-23,,,,10.01,
1973-12-24,,,,9.66,
1973-12-25,,,,9.66,
1973-12-26,,,6.83,7.19,7.57
1973-12-27,,,6.88,9.87,7.47
1973-12-28,,,6.91,9.95,7.47
1973-12-29,,,,9.95,
1973-12-30,,,,9.95,
1973-12-31,,,6.9,9.83,7.46
1974-01-01,,,,9.83,
1974-01-02,,,6.94,9.72,7.52
1974-01-03,,,6.96,9.8,7.47
1974-01-04,,,6.94,9.84,7.49
1974-01-05,,,,9.84,
1974-01-06,,,,9.84,
1974-01-07,,,6.96,9.76,7.6
1974-01-08,,,6.96,9.56,7.64
1974-01-09,,,6.96,9.7,7.67
1974-01-10,,,7.0,9.69,7.83
1974-01-11,,,7.01,9.75,7.87
1974-01-12,,,,9.75,
1974-01-13,,,,9.75,
1974-01-14,,,7.01,9.76,7.96
1974-01-15,,,6.99,9.82,7.89
1974-01-16,,,6.99,9.89,7.9
1974-01-17,,,6.97,9.7,7.86
1974-01-18,,,6.98,9.62,7.86
1974-01-19,,,,9.62,
1974-01-20,,,,9.62,
1974-01-21,,,6.99,9.58,7.97
1974-01-22,,,7.0,9.46,7.96
1974-01-23,,,7.01,9.58,8.01
1974-01-24,,,7.02,9.47,8.01
1974-01-25,,,7.02,9.5,7.98
1974-01-26,,,,9.5,
1974-01-27,,,,9.5,
1974-01-28,,,7.01,9.48,7.84
1974-01-29,,,7.02,9.28,7.62
1974-01-30,,,7.01,9.58,7.51
1974-01-31,,,7.0,9.31,7.48
1974-02-01,,,7.0,9.31,7.31
1974-02-02,,,,9.31,
1974-02-03,,,,9.31,
1974-02-04,,,6.98,9.14,7.13
1974-02-05,,,6.95,8.8,6.93
1974-02-06,,,6.93,8.76,6.93
1974-02-07,,,6.93,8.8,7.11
1974-02-08,,,6.93,8.81,7.04
1974-02-09,,,,8.81,
1974-02-10,,,,8.81,
1974-02-11,,,6.93,8.88,7.12
1974-02-12,,,,9.02,
1974-02-13,,,6.93,9.37,7.04
1974-02-14,,,6.93,8.87,7.03
1974-02-15,,,6.93,8.99,7.06
1974-02-16,,,,8.99,
1974-02-17,,,,8.99,
1974-02-18,,,,8.99,
1974-02-19,,,6.93,9.16,7.03
1974-02-20,,,6.96,9.52,7.04
1974-02-21,,,6.98,8.91,7.09
1974-02-22,,,6.97,8.85,7.1
1974-02-23,,,,8.85,
1974-02-24,,,,8.85,
1974-02-25,,,6.96,8.76,7.15
1974-02-26,,,6.98,8.76,7.3
1974-02-27,,,7.0,8.72,7.35
1974-02-28,,,7.01,8.87,7.46
1974-03-01,,,7.08,8.97,7.54
1974-03-02,,,,8.97,
1974-03-03,,,,8.97,
1974-03-04,,,7.09,9.07,7.56
1974-03-05,,,7.1,9.14,7.73
1974-03-06,,,7.09,8.87,7.71
1974-03-07,,,7.06,8.94,7.7
1974-03-08,,,7.06,8.92,7.84
1974-03-09,,,,8.92,
1974-03-10,,,,8.92,
1974-03-11,,,7.08,8.95,7.87
1974-03-12,,,7.09,9.16,7.83
1974-03-13,,,7.13,9.39,7.83
1974-03-14,,,7.13,9.14,7.72
1974-03-15,,,7.18,9.35,7.84
1974-03-16,,,,9.35,
1974-03-17,,,,9.35,
1974-03-18,,,7.23,9.52,7.95
1974-03-19,,,7.24,9.31,8.06
1974-03-20,,,7.27,9.28,8.1
1974-03-21,,,7.3,9.49,8.11
1974-03-22,,,7.35,9.65,8.07
1974-03-23,,,,9.65,
1974-03-24,,,,9.65,
1974-03-25,,,7.39,9.87,8.12
1974-03-26,,,7.38,9.51,8.33
1974-03-27,,,7.35,9.48,8.45
1974-03-28,,,7.38,10.09,8.55
1974-03-29,,,7.41,9.95,8.28
1974-03-30,,,,9.95,
1974-03-31,,,,9.95,
1974-04-01,,,7.42,10.01,8.31
1974-04-02,,,7.43,9.84,8.44
1974-04-03,,,7.43,9.75,8.49
1974-04-04,,,7.51,9.89,8.65
1974-04-05,,,7.54,9.95,8.65
1974-04-06,,,,9.95,
1974-04-07,,,,9.95,
1974-04-08,,,7.5,10.19,8.56
1974-04-09,,,7.49,10.14,8.62
1974-04-10,,,7.46,10.09,8.52
1974-04-11,,,7.45,10.25,8.24
1974-04-12,,,,10.27,
1974-04-13,,,,10.27,
1974-04-14,,,,10.27,
1974-04-15,,,7.42,10.36,7.95
1974-04-16,,,7.43,10.55,8.18
1974-04-17,,,7.45,10.55,8.16
1974-04-18,,,7.5,10.68,8.15
1974-04-19,,,7.51,10.81,7.81
1974-04-20,,,,10.81,
1974-04-21,,,,10.81,
1974-04-22,,,7.52,11.0,7.76
1974-04-23,,,7.54,11.08,8.05
1974-04-24,,,7.58,10.3,8.02
1974-04-25,,,7.63,11.25,8.21
1974-04-26,,,7.64,11.36,8.48
1974-04-27,,,,11.36,
1974-04-28,,,,11.36,
1974-04-29,,,7.65,11.29,8.88
1974-04-30,,,7.66,11.0,8.9
1974-05-01,,,7.62,10.57,8.77
1974-05-02,,,7.58,11.28,8.7
1974-05-03,,,7.65,11.53,8.82
1974-05-04,,,,11.53,
1974-05-05,,,,11.53,
1974-05-06,,,7.65,11.47,8.82
1974-05-07,,,7.65,11.28,8.86
1974-05-08,,,7.65,10.41,8.7
1974-05-09,,,7.7,11.51,8.49
1974-05-10,,,7.63,11.47,8.15
1974-05-11,,,,11.47,
1974-05-12,,,,11.47,
1974-05-13,,,7.54,11.55,8.03
1974-05-14,,,7.57,11.4,8.13
1974-05-15,,,7.55,11.36,7.96
1974-05-16,,,7.54,11.52,7.94
1974-05-17,,,7.57,11.37,7.93
1974-05-18,,,,11.37,
1974-05-19,,,,11.37,
1974-05-20,,,7.58,11.17,7.94
1974-05-21,,,7.57,10.05,8.21
1974-05-22,,,7.56,9.83,8.14
1974-05-23,,,7.52,11.21,7.54
1974-05-24,,,7.49,11.31,7.68
1974-05-25,,,,11.31,
1974-05-26,,,,11.31,
1974-05-27,,,,11.31,
1974-05-28,,,7.5,11.73,8.02
1974-05-29,,,7.52,12.61,8.13
1974-05-30,,,7.51,11.55,7.93
1974-05-31,,,7.52,11.64,8.08
1974-06-01,,,,11.64,
1974-06-02,,,,11.64,
1974-06-03,,,7.53,11.58,8.09
1974-06-04,,,7.52,11.14,8.11
1974-06-05,,,7.52,10.94,7.95
1974-06-06,,,7.5,11.4,7.93
1974-06-07,,,7.46,11.38,8.15
1974-06-08,,,,11.38,
1974-06-09,,,,11.38,
1974-06-10,,,7.47,11.47,8.14
1974-06-11,,,7.48,11.69,8.13
1974-06-12,,,7.5,12.47,8.2
1974-06-13,,,7.5,11.73,8.36
1974-06-14,,,7.5,12.11,8.31
1974-06-15,,,,12.11,
1974-06-16,,,,12.11,
1974-06-17,,,7.49,11.88,8.17
1974-06-18,,,7.52,11.59,8.13
1974-06-19,,,7.52,11.41,7.99
1974-06-20,,,7.55,11.88,7.82
1974-06-21,,,7.55,12.0,7.3
1974-06-22,,,,12.0,
1974-06-23,,,,12.0,
1974-06-24,,,7.58,11.89,7.46
1974-06-25,,,7.62,12.01,7.63
1974-06-26,,,7.62,11.98,7.3
1974-06-27,,,7.64,13.25,7.53
1974-06-28,,,7.64,13.31,7.34
1974-06-29,,,,13.31,
1974-06-30,,,,13.31,
1974-07-01,,,7.65,14.33,7.28
1974-07-02,,,7.65,13.86,7.34
1974-07-03,,,7.7,13.5,7.75
1974-07-04,,,,13.5,
1974-07-05,,,7.71,13.3,7.74
1974-07-06,,,,13.3,
1974-07-07,,,,13.3,
1974-07-08,,,7.77,13.93,7.62
1974-07-09,,,7.81,13.93,7.56
1974-07-10,,,7.82,12.15,7.39
1974-07-11,,,7.84,13.41,7.32
1974-07-12,,,7.85,13.6,7.36
1974-07-13,,,,13.6,
1974-07-14,,,,13.6,
1974-07-15,,,7.86,13.33,7.62
1974-07-16,,,7.88,12.24,7.53
1974-07-17,,,7.91,11.52,7.72
1974-07-18,,,7.9,12.26,7.92
1974-07-19,,,7.87,12.38,7.82
1974-07-20,,,,12.38,
1974-07-21,,,,12.38,
1974-07-22,,,7.77,12.28,7.56
1974-07-23,,,7.79,12.32,7.45
1974-07-24,,,7.76,14.19,7.42
1974-07-25,,,7.75,12.64,7.3
1974-07-26,,,7.79,12.6,7.4
1974-07-27,,,,12.6,
1974-07-28,,,,12.6,
1974-07-29,,,7.85,11.96,7.42
1974-07-30,,,7.89,11.56,7.84
1974-07-31,,,7.89,12.06,7.67
1974-08-01,,,7.92,12.25,7.94
1974-08-02,,,7.96,12.17,8.33
1974-08-03,,,,12.17,
1974-08-04,,,,12.17,
1974-08-05,,,7.99,12.02,8.33
1974-08-06,,,7.97,11.91,8.65
1974-08-07,,,7.97,11.96,8.84
1974-08-08,,,7.97,12.09,9.02
1974-08-09,,,8.03,12.0,8.93
1974-08-10,,,,12.0,
1974-08-11,,,,12.0,
1974-08-12,,,8.05,12.02,8.75
1974-08-13,,,8.06,12.09,8.73
1974-08-14,,,8.05,11.93,8.76
1974-08-15,,,8.02,12.21,8.76
1974-08-16,,,8.0,12.33,8.74
1974-08-17,,,,12.33,
1974-08-18,,,,12.33,
1974-08-19,,,7.98,12.35,8.84
1974-08-20,,,7.99,12.3,9.05
1974-08-21,,,8.05,11.79,9.31
1974-08-22,,,8.09,12.13,9.49
1974-08-23,,,8.15,12.07,9.74
1974-08-24,,,,12.07,
1974-08-25,,,,12.07,
1974-08-26,,,8.16,12.09,9.61
1974-08-27,,,8.15,11.62,9.72
1974-08-28,,,8.15,10.82,9.59
1974-08-29,,,8.15,11.67,9.02
1974-08-30,,,8.11,11.6,8.93
1974-08-31,,,,11.6,
1974-09-01,,,,11.6,
1974-09-02,,,,11.6,
1974-09-03,,,8.11,11.92,9.41
1974-09-04,,,8.12,11.46,9.36
1974-09-05,,,8.1,11.62,9.33
1974-09-06,,,8.09,11.54,9.26
1974-09-07,,,,11.54,
1974-09-08,,,,11.54,
1974-09-09,,,8.02,11.86,9.15
1974-09-10,,,8.04,11.76,9.07
1974-09-11,,,8.05,10.52,9.06
1974-09-12,,,8.13,11.58,9.25
1974-09-13,,,8.13,11.61,8.96
1974-09-14,,,,11.61,
1974-09-15,,,,11.61,
1974-09-16,,,8.1,11.55,8.11
1974-09-17,,,8.09,11.21,8.09
1974-09-18,,,8.08,10.69,7.83
1974-09-19,,,8.04,11.17,7.12
1974-09-20,,,8.02,11.17,7.07
1974-09-21,,,,11.17,
1974-09-22,,,,11.17,
1974-09-23,,,7.91,11.21,6.93
1974-09-24,,,7.94,10.96,6.99
1974-09-25,,,7.94,10.98,7.07
1974-09-26,,,7.96,11.0,6.89
1974-09-27,,,7.94,11.18,6.17
1974-09-28,,,,11.18,
1974-09-29,,,,11.18,
1974-09-30,,,7.94,11.11,6.12
1974-10-01,,,7.97,11.3,6.69
1974-10-02,,,7.98,10.32,6.79
1974-10-03,,,8.04,10.97,7.06
1974-10-04,,,8.02,10.78,6.52
1974-10-05,,,,10.78,
1974-10-06,,,,10.78,
1974-10-07,,,8.01,10.44,6.52
1974-10-08,,,7.95,10.03,6.91
1974-10-09,,,7.95,9.23,7.34
1974-10-10,,,7.93,10.02,7.8
1974-10-11,,,7.88,10.01,7.63
1974-10-12,,,,10.01,
1974-10-13,,,,10.01,
1974-10-14,,,,10.01,
1974-10-15,,,7.87,10.35,7.74
1974-10-16,,,7.87,10.38,7.72
1974-10-17,,,7.88,10.04,7.82
1974-10-18,,,7.86,9.76,7.63
1974-10-19,,,,9.76,
1974-10-20,,,,9.76,
1974-10-21,,,7.81,9.63,7.59
1974-10-22,,,7.81,9.67,7.43
1974-10-23,,,7.85,10.04,7.55
1974-10-24,,,7.87,9.69,7.63
1974-10-25,,,7.86,9.71,7.82
1974-10-26,,,,9.71,
1974-10-27,,,,9.71,
1974-10-28,,,7.88,9.74,8.14
1974-10-29,,,7.84,9.58,8.03
1974-10-30,,,7.81,9.91,7.98
1974-10-31,,,7.79,9.66,7.8
1974-11-01,,,7.8,9.65,7.78
1974-11-02,,,,9.65,
1974-11-03,,,,9.65,
1974-11-04,,,7.8,9.77,7.82
1974-11-05,,,,9.89,
1974-11-06,,,7.76,9.11,7.62
1974-11-07,,,7.74,9.61,7.62
1974-11-08,,,7.72,9.55,7.58
1974-11-09,,,,9.55,
1974-11-10,,,,9.55,
1974-11-11,,,,9.55,
1974-11-12,,,7.78,9.4,7.35
1974-11-13,,,7.75,8.4,7.18
1974-11-14,,,7.72,9.32,7.17
1974-11-15,,,7.61,9.27,7.32
1974-11-16,,,,9.27,
1974-11-17,,,,9.27,
1974-11-18,,,7.63,9.47,7.52
1974-11-19,,,7.63,9.5,7.46
1974-11-20,,,7.59,9.28,7.41
1974-11-21,,,7.6,9.4,7.51
1974-11-22,,,7.6,9.41,7.4
1974-11-23,,,,9.41,
1974-11-24,,,,9.41,
1974-11-25,,,7.62,9.5,7.31
1974-11-26,,,7.63,9.53,7.42
1974-11-27,,,7.64,9.56,7.6
1974-11-28,,,,9.56,
1974-11-29,,,7.64,9.47,7.47
1974-11-30,,,,9.47,
1974-12-01,,,,9.47,
1974-12-02,,,7.71,9.41,7.31
1974-12-03,,,7.74,8.89,7.53
1974-12-04,,,7.68,6.88,7.47
1974-12-05,,,7.64,8.89,7.48
1974-12-06,,,7.59,8.87,7.42
1974-12-07,,,,8.87,
1974-12-08,,,,8.87,
1974-12-09,,,7.4,8.9,7.24
1974-12-10,,,7.42,8.95,7.15
1974-12-11,,,7.38,8.7,7.12
1974-12-12,,,7.39,8.72,7.38
1974-12-13,,,7.38,8.75,7.31
1974-12-14,,,,8.75,
1974-12-15,,,,8.75,
1974-12-16,,,7.34,8.77,7.14
1974-12-17,,,7.28,8.53,6.77
1974-12-18,,,7.25,8.78,6.81
1974-12-19,,,7.25,8.57,6.89
1974-12-20,,,7.27,8.64,6.97
1974-12-21,,,,8.64,
1974-12-22,,,,8.64,
1974-12-23,,,7.41,8.76,7.13
1974-12-24,,,7.43,7.94,6.98
1974-12-25,,,,7.94,
1974-12-26,,,7.37,8.77,6.95
1974-12-27,,,7.39,8.79,6.96
1974-12-28,,,,8.79,
1974-12-29,,,,8.79,
1974-12-30,,,7.39,8.57,7.11
1974-12-31,,,7.4,3.87,7.06
1975-01-01,,,,3.87,
1975-01-02,,,7.42,8.55,6.9
1975-01-03,,,7.43,8.37,6.76
1975-01-04,,,,8.37,
1975-01-05,,,,8.37,
1975-01-06,,,7.39,7.85,6.7
1975-01-07,,,7.38,7.3,6.51
1975-01-08,,,7.39,5.12,6.54
1975-01-09,,,7.35,7.27,6.55
1975-01-10,,,7.37,7.24,6.64
1975-01-11,,,,7.24,
1975-01-12,,,,7.24,
1975-01-13,,,7.46,7.28,6.74
1975-01-14,,,7.49,7.09,6.55
1975-01-15,,,7.54,7.19,6.65
1975-01-16,,,7.54,6.96,6.49
1975-01-17,,,7.53,6.95,6.29
1975-01-18,,,,6.95,
1975-01-19,,,,6.95,
1975-01-20,,,7.59,7.04,6.42
1975-01-21,,,7.55,7.16,6.24
1975-01-22,,,7.51,8.19,6.17
1975-01-23,,,7.57,7.06,5.59
1975-01-24,,,7.64,7.0,5.49
1975-01-25,,,,7.0,
1975-01-26,,,,7.0,
1975-01-27,,,7.61,7.18,5.57
1975-01-28,,,7.61,7.12,5.66
1975-01-29,,,7.59,6.6,5.77
1975-01-30,,,7.54,6.81,5.73
1975-01-31,,,7.53,6.76,5.68
1975-02-01,,,,6.76,
1975-02-02,,,,6.76,
1975-02-03,,,7.49,6.73,5.66
1975-02-04,,,7.47,6.58,5.6
1975-02-05,,,7.35,4.84,5.45
1975-02-06,,,7.43,6.21,5.6
1975-02-07,,,7.38,6.17,5.74
1975-02-08,,,,6.17,
1975-02-09,,,,6.17,
1975-02-10,,,7.45,6.38,5.83
1975-02-11,,,7.42,6.48,5.7
1975-02-12,,,,6.36,
1975-02-13,,,7.44,6.33,5.62
1975-02-14,,,7.35,6.29,5.45
1975-02-15,,,,6.29,
1975-02-16,,,,6.29,
1975-02-17,,,,6.29,
1975-02-18,,,7.28,6.22,5.32
1975-02-19,,,7.26,6.31,5.3
1975-02-20,,,7.3,6.17,5.23
1975-02-21,,,7.22,6.14,5.16
1975-02-22,,,,6.14,
1975-02-23,,,,6.14,
1975-02-24,,,7.36,6.0,5.32
1975-02-25,,,7.43,5.96,5.44
1975-02-26,,,7.5,6.48,5.62
1975-02-27,,,7.47,6.01,5.56
1975-02-28,,,7.46,6.07,5.4
1975-03-01,,,,6.07,
1975-03-02,,,,6.07,
1975-03-03,,,7.5,6.06,5.59
1975-03-04,,,7.53,5.91,5.62
1975-03-05,,,7.48,5.0,5.53
1975-03-06,,,7.49,5.7,5.53
1975-03-07,,,7.52,5.78,5.58
1975-03-08,,,,5.78,
1975-03-09,,,,5.78,
1975-03-10,,,7.56,5.68,5.64
1975-03-11,,,7.58,5.41,5.48
1975-03-12,,,7.58,3.96,5.41
1975-03-13,,,7.56,5.49,5.4
1975-03-14,,,7.58,5.44,5.38
1975-03-15,,,,5.44,
1975-03-16,,,,5.44,
1975-03-17,,,7.7,5.5,5.41
1975-03-18,,,7.7,5.43,5.42
1975-03-19,,,7.8,4.95,5.49
1975-03-20,,,7.95,5.46,5.35
1975-03-21,,,7.84,5.52,5.4
1975-03-22,,,,5.52,
1975-03-23,,,,5.52,
1975-03-24,,,8.05,5.68,5.55
1975-03-25,,,8.03,5.38,5.54
1975-03-26,,,8.02,5.6,5.52
1975-03-27,,,8.08,5.51,5.49
1975-03-28,,,,5.73,
1975-03-29,,,,5.73,
1975-03-30,,,,5.73,
1975-03-31,,,8.01,5.39,5.53
1975-04-01,,,8.08,5.48,5.64
1975-04-02,,,8.22,5.55,5.64
1975-04-03,,,8.13,5.41,5.6
1975-04-04,,,8.15,5.25,5.68
1975-04-05,,,,5.25,
1975-04-06,,,,5.25,
1975-04-07,,,8.26,5.37,6.01
1975-04-08,,,8.21,5.22,5.7
1975-04-09,,,8.17,5.18,5.7
1975-04-10,,,8.19,5.31,5.71
1975-04-11,,,8.22,5.39,5.56
1975-04-12,,,,5.39,
1975-04-13,,,,5.39,
1975-04-14,,,8.16,5.46,5.53
1975-04-15,,,8.16,5.48,5.48
1975-04-16,,,8.15,5.69,5.34
1975-04-17,,,8.21,5.59,5.4
1975-04-18,,,8.27,5.57,5.44
1975-04-19,,,,5.57,
1975-04-20,,,,5.57,
1975-04-21,,,8.32,5.56,5.55
1975-04-22,,,8.32,5.34,5.75
1975-04-23,,,8.27,5.57,5.69
1975-04-24,,,8.25,5.54,5.67
1975-04-25,,,8.25,5.47,5.63
1975-04-26,,,,5.47,
1975-04-27,,,,5.47,
1975-04-28,,,8.35,5.5,5.62
1975-04-29,,,8.34,5.46,5.6
1975-04-30,,,8.31,7.03,5.5
1975-05-01,,,8.31,5.55,5.5
1975-05-02,,,8.11,5.49,5.31
1975-05-03,,,,5.49,
1975-05-04,,,,5.49,
1975-05-05,,,8.08,5.41,5.34
1975-05-06,,,8.11,5.35,5.44
1975-05-07,,,8.07,5.16,5.47
1975-05-08,,,8.09,5.37,5.43
1975-05-09,,,8.08,5.24,5.38
1975-05-10,,,,5.24,
1975-05-11,,,,5.24,
1975-05-12,,,8.07,5.25,5.16
1975-05-13,,,8.06,5.12,5.0
1975-05-14,,,8.02,4.95,4.94
1975-05-15,,,8.02,5.09,5.05
1975-05-16,,,8.01,5.1,5.06
1975-05-17,,,,5.1,
1975-05-18,,,,5.1,
1975-05-19,,,8.0,5.13,5.11
1975-05-20,,,7.98,5.03,5.11
1975-05-21,,,7.98,5.36,5.16
1975-05-22,,,8.02,5.05,5.2
1975-05-23,,,8.02,5.07,5.21
1975-05-24,,,,5.07,
1975-05-25,,,,5.07,
1975-05-26,,,,5.07,
1975-05-27,,,7.98,5.11,5.27
1975-05-28,,,8.02,5.54,5.21
1975-05-29,,,8.18,5.16,5.22
1975-05-30,,,8.04,5.23,5.2
1975-05-31,,,,5.23,
1975-06-01,,,,5.23,
1975-06-02,,,8.02,5.37,5.25
1975-06-03,,,8.0,5.35,5.24
1975-06-04,,,7.99,5.12,5.24
1975-06-05,,,7.97,5.17,5.22
1975-06-06,,,7.88,5.2,5.21
1975-06-07,,,,5.2,
1975-06-08,,,,5.2,
1975-06-09,,,7.78,5.18,5.12
1975-06-10,,,7.77,5.06,5.08
1975-06-11,,,7.65,5.06,4.95
1975-06-12,,,7.67,5.18,4.89
1975-06-13,,,7.69,5.2,4.94
1975-06-14,,,,5.2,
1975-06-15,,,,5.2,
1975-06-16,,,7.66,5.34,4.88
1975-06-17,,,7.72,5.43,5.03
1975-06-18,,,7.83,5.59,5.36
1975-06-19,,,7.8,5.43,5.22
1975-06-20,,,7.94,5.55,5.7
1975-06-21,,,,5.55,
1975-06-22,,,,5.55,
1975-06-23,,,7.9,5.89,5.65
1975-06-24,,,7.9,5.95,5.75
1975-06-25,,,8.02,6.13,5.82
1975-06-26,,,7.98,6.31,6.0
1975-06-27,,,7.95,6.61,5.78
1975-06-28,,,,6.61,
1975-06-29,,,,6.61,
1975-06-30,,,7.96,5.97,5.86
1975-07-01,,,7.97,6.12,6.02
1975-07-02,,,8.05,5.97,6.02
1975-07-03,,,8.05,6.24,6.0
1975-07-04,,,,6.24,
1975-07-05,,,,6.24,
1975-07-06,,,,6.24,
1975-07-07,,,8.06,6.28,6.06
1975-07-08,,,8.01,5.76,6.06
1975-07-09,,,8.02,5.4,6.1
1975-07-10,,,8.02,5.89,6.04
1975-07-11,,,7.99,5.84,6.02
1975-07-12,,,,5.84,
1975-07-13,,,,5.84,
1975-07-14,,,7.99,5.92,6.03
1975-07-15,,,7.98,5.92,6.05
1975-07-16,,,8.03,6.27,6.07
1975-07-17,,,8.04,6.07,6.03
1975-07-18,,,8.06,6.07,6.05
1975-07-19,,,,6.07,
1975-07-20,,,,6.07,
1975-07-21,,,8.07,6.08,6.2
1975-07-22,,,8.1,6.1,6.34
1975-07-23,,,8.09,6.5,6.34
1975-07-24,,,8.09,6.31,6.19
1975-07-25,,,8.12,6.31,6.27
1975-07-26,,,,6.31,
1975-07-27,,,,6.31,
1975-07-28,,,8.12,6.26,6.3
1975-07-29,,,8.13,6.16,6.3
1975-07-30,,,8.16,6.11,6.2
1975-07-31,,,8.2,6.23,6.25
1975-08-01,,,8.26,6.24,6.35
1975-08-02,,,,6.24,
1975-08-03,,,,6.24,
1975-08-04,,,8.37,6.26,6.4
1975-08-05,,,8.37,6.15,6.45
1975-08-06,,,8.4,5.3,6.41
1975-08-07,,,8.48,6.14,6.44
1975-08-08,,,8.4,6.04,6.41
1975-08-09,,,,6.04,
1975-08-10,,,,6.04,
1975-08-11,,,8.38,6.13,6.37
1975-08-12,,,8.4,6.11,6.4
1975-08-13,,,8.39,6.09,6.45
1975-08-14,,,8.45,6.06,6.45
1975-08-15,,,8.48,6.05,6.42
1975-08-16,,,,6.05,
1975-08-17,,,,6.05,
1975-08-18,,,8.46,6.15,6.42
1975-08-19,,,8.42,6.24,6.47
1975-08-20,,,8.42,6.42,6.46
1975-08-21,,,8.48,6.34,6.48
1975-08-22,,,8.46,6.32,6.46
1975-08-23,,,,6.32,
1975-08-24,,,,6.32,
1975-08-25,,,8.46,6.31,6.53
1975-08-26,,,8.4,6.18,6.58
1975-08-27,,,8.37,5.81,6.55
1975-08-28,,,8.28,6.17,6.42
1975-08-29,,,8.22,6.13,6.36
1975-08-30,,,,6.13,
1975-08-31,,,,6.13,
1975-09-01,,,,6.13,
1975-09-02,,,8.26,6.29,6.42
1975-09-03,,,8.29,5.47,6.39
1975-09-04,,,8.29,6.19,6.33
1975-09-05,,,8.35,6.2,6.39
1975-09-06,,,,6.2,
1975-09-07,,,,6.2,
1975-09-08,,,8.36,6.19,6.41
1975-09-09,,,8.4,6.09,6.41
1975-09-10,,,8.46,5.98,6.42
1975-09-11,,,8.55,6.22,6.46
1975-09-12,,,8.57,6.33,6.45
1975-09-13,,,,6.33,
1975-09-14,,,,6.33,
1975-09-15,,,8.58,6.41,6.5
1975-09-16,,,8.59,6.28,6.54
1975-09-17,,,8.53,6.03,6.45
1975-09-18,,,8.5,6.31,6.38
1975-09-19,,,8.42,6.21,6.36
1975-09-20,,,,6.21,
1975-09-21,,,,6.21,
1975-09-22,,,8.38,6.28,6.34
1975-09-23,,,8.35,6.26,6.36
1975-09-24,,,8.31,6.54,6.35
1975-09-25,,,8.38,6.38,6.4
1975-09-26,,,8.45,6.42,6.43
1975-09-27,,,,6.42,
1975-09-28,,,,6.42,
1975-09-29,,,8.46,6.42,6.43
1975-09-30,,,8.48,6.22,6.58
1975-10-01,,,8.47,6.24,6.53
1975-10-02,,,8.44,6.3,6.48
1975-10-03,,,8.33,6.18,6.29
1975-10-04,,,,6.18,
1975-10-05,,,,6.18,
1975-10-06,,,8.3,6.03,6.24
1975-10-07,,,8.33,5.8,6.33
1975-10-08,,,8.3,5.73,6.27
1975-10-09,,,8.23,5.87,6.22
1975-10-10,,,8.15,5.79,6.09
1975-10-11,,,,5.79,
1975-10-12,,,,5.79,
1975-10-13,,,,5.79,
1975-10-14,,,8.19,5.76,6.09
1975-10-15,,,8.19,5.95,6.1
1975-10-16,,,8.07,5.78,5.97
1975-10-17,,,8.07,5.68,5.89
1975-10-18,,,,5.68,
1975-10-19,,,,5.68,
1975-10-20,,,8.07,5.77,5.9
1975-10-21,,,8.05,5.72,5.66
1975-10-22,,,8.05,5.77,5.73
1975-10-23,,,7.99,5.66,5.72
1975-10-24,,,8.0,5.64,5.66
1975-10-25,,,,5.64,
1975-10-26,,,,5.64,
1975-10-27,,,8.0,5.67,5.72
1975-10-28,,,7.99,5.63,5.63
1975-10-29,,,7.98,5.67,5.56
1975-10-30,,,7.92,5.64,5.46
1975-10-31,,,7.91,5.65,5.51
1975-11-01,,,,5.65,
1975-11-02,,,,5.65,
1975-11-03,,,7.97,5.65,5.57
1975-11-04,,,,4.94,
1975-11-05,,,7.91,2.99,5.53
1975-11-06,,,7.94,5.31,5.51
1975-11-07,,,7.91,5.22,5.38
1975-11-08,,,,5.22,
1975-11-09,,,,5.22,
1975-11-10,,,7.9,5.18,5.3
1975-11-11,,,,5.18,
1975-11-12,,,7.95,5.35,5.36
1975-11-13,,,7.97,5.23,5.37
1975-11-14,,,8.06,5.18,5.45
1975-11-15,,,,5.18,
1975-11-16,,,,5.18,
1975-11-17,,,8.08,5.31,5.45
1975-11-18,,,8.13,5.35,5.47
1975-11-19,,,8.14,5.28,5.47
1975-11-20,,,8.12,5.3,5.46
1975-11-21,,,8.21,5.26,5.6
1975-11-22,,,,5.26,
1975-11-23,,,,5.26,
1975-11-24,,,8.16,5.31,5.52
1975-11-25,,,8.16,5.26,5.56
1975-11-26,,,8.15,5.34,5.55
1975-11-27,,,,5.34,
1975-11-28,,,8.14,5.29,5.54
1975-11-29,,,,5.29,
1975-11-30,,,,5.29,
1975-12-01,,,8.12,5.31,5.55
1975-12-02,,,8.1,5.29,5.57
1975-12-03,,,8.1,4.96,5.56
1975-12-04,,,8.15,5.24,5.61
1975-12-05,,,8.13,5.31,5.58
1975-12-06,,,,5.31,
1975-12-07,,,,5.31,
1975-12-08,,,8.19,5.32,5.58
1975-12-09,,,8.23,5.23,5.68
1975-12-10,,,8.23,5.09,5.64
1975-12-11,,,8.16,5.25,5.56
1975-12-12,,,8.12,5.19,5.56
1975-12-13,,,,5.19,
1975-12-14,,,,5.19,
1975-12-15,,,8.06,5.23,5.51
1975-12-16,,,8.0,5.18,5.51
1975-12-17,,,7.95,4.93,5.45
1975-12-18,,,7.96,5.22,5.44
1975-12-19,,,7.88,5.21,5.28
1975-12-20,,,,5.21,
1975-12-21,,,,5.21,
1975-12-22,,,7.87,5.24,5.34
1975-12-23,,,7.87,5.18,5.33
1975-12-24,,,7.82,5.02,5.27
1975-12-25,,,,5.02,
1975-12-26,,,7.75,5.15,5.17
1975-12-27,,,,5.15,
1975-12-28,,,,5.15,
1975-12-29,,,7.75,5.1,5.18
1975-12-30,,,7.73,5.3,5.18
1975-12-31,,,7.76,5.37,5.2
1976-01-01,,,,5.37,
1976-01-02,,,7.77,5.28,5.2
1976-01-03,,,,5.28,
1976-01-04,,,,5.28,
1976-01-05,,,7.74,5.29,5.23
1976-01-06,,,7.64,5.05,5.15
1976-01-07,,,7.69,4.26,5.08
1976-01-08,,,7.74,4.84,5.0
1976-01-09,,,7.64,4.73,4.87
1976-01-10,,,,4.73,
1976-01-11,,,,4.73,
1976-01-12,,,7.63,4.74,4.83
1976-01-13,,,7.64,4.78,4.83
1976-01-14,,,7.71,4.78,4.85
1976-01-15,,,7.73,4.81,4.84
1976-01-16,,,7.79,4.82,4.87
1976-01-17,,,,4.82,
1976-01-18,,,,4.82,
1976-01-19,,,7.76,4.79,4.79
1976-01-20,,,7.71,4.76,4.83
1976-01-21,,,7.78,4.83,4.79
1976-01-22,,,7.8,4.77,4.79
1976-01-23,,,7.78,4.72,4.68
1976-01-24,,,,4.72,
1976-01-25,,,,4.72,
1976-01-26,,,7.79,4.77,4.74
1976-01-27,,,7.8,4.79,4.75
1976-01-28,,,7.83,5.12,4.71
1976-01-29,,,7.82,4.82,4.68
1976-01-30,,,7.8,4.84,4.73
1976-01-31,,,,4.84,
1976-02-01,,,,4.84,
1976-02-02,,,7.8,4.87,4.8
1976-02-03,,,7.82,4.81,4.91
1976-02-04,,,7.85,4.71,4.96
1976-02-05,,,7.83,4.77,4.92
1976-02-06,,,7.88,4.76,4.9
1976-02-07,,,,4.76,
1976-02-08,,,,4.76,
1976-02-09,,,7.86,4.7,4.84
1976-02-10,,,7.88,4.63,4.87
1976-02-11,,,7.85,4.75,4.83
1976-02-12,,,,4.74,
1976-02-13,,,7.82,4.8,4.85
1976-02-14,,,,4.8,
1976-02-15,,,,4.8,
1976-02-16,,,,4.8,
1976-02-17,,,7.78,4.84,4.88
1976-02-18,,,7.79,4.12,4.92
1976-02-19,,,7.8,4.79,4.88
1976-02-20,,,7.77,4.73,4.81
1976-02-21,,,,4.73,
1976-02-22,,,,4.73,
1976-02-23,,,7.72,4.8,4.84
1976-02-24,,,7.69,4.84,4.9
1976-02-25,,,7.68,4.97,4.87
1976-02-26,,,7.68,4.83,4.88
1976-02-27,,,7.77,4.89,5.0
1976-02-28,,,,4.89,
1976-02-29,,,,4.89,
1976-03-01,,,7.86,5.21,5.2
1976-03-02,,,7.82,5.01,5.25
1976-03-03,,,7.82,4.95,5.2
1976-03-04,,,7.85,4.95,5.22
1976-03-05,,,7.8,4.97,5.13
1976-03-06,,,,4.97,
1976-03-07,,,,4.97,
1976-03-08,,,7.76,4.86,5.07
1976-03-09,,,7.78,4.78,5.0
1976-03-10,,,7.76,4.49,4.97
1976-03-11,,,7.77,4.82,4.99
1976-03-12,,,7.71,4.81,4.9
1976-03-13,,,,4.81,
1976-03-14,,,,4.81,
1976-03-15,,,7.74,4.81,4.94
1976-03-16,,,7.76,4.77,5.01
1976-03-17,,,7.76,4.56,5.0
1976-03-18,,,7.73,4.83,4.98
1976-03-19,,,7.74,4.8,4.96
1976-03-20,,,,4.8,
1976-03-21,,,,4.8,
1976-03-22,,,7.68,4.76,4.86
1976-03-23,,,7.67,4.72,4.89
1976-03-24,,,7.65,4.85,4.86
1976-03-25,,,7.64,4.81,4.85
1976-03-26,,,7.64,4.76,4.88
1976-03-27,,,,4.76,
1976-03-28,,,,4.76,
1976-03-29,,,7.64,4.81,4.9
1976-03-30,,,7.65,4.88,4.99
1976-03-31,,,7.66,5.07,4.97
1976-04-01,,,7.68,4.83,5.01
1976-04-02,,,7.67,4.79,4.96
1976-04-03,,,,4.79,
1976-04-04,,,,4.79,
1976-04-05,,,7.62,4.74,4.91
1976-04-06,,,7.59,4.72,4.9
1976-04-07,,,7.56,4.43,4.93
1976-04-08,,,7.55,4.75,4.9
1976-04-09,,,7.52,4.7,4.89
1976-04-10,,,,4.7,
1976-04-11,,,,4.7,
1976-04-12,,,7.52,4.76,4.84
1976-04-13,,,7.5,4.75,4.78
1976-04-14,,,7.47,5.0,4.79
1976-04-15,,,7.47,4.77,4.78
1976-04-16,,,,4.68,
1976-04-17,,,,4.68,
1976-04-18,,,,4.68,
1976-04-19,,,7.51,4.74,4.77
1976-04-20,,,7.5,4.78,4.73
1976-04-21,,,7.47,5.1,4.69
1976-04-22,,,7.52,4.83,4.78
1976-04-23,,,7.59,4.86,4.92
1976-04-24,,,,4.86,
1976-04-25,,,,4.86,
1976-04-26,,,7.61,4.9,4.9
1976-04-27,,,7.62,4.94,4.89
1976-04-28,,,7.6,5.25,4.85
1976-04-29,,,7.61,5.0,4.86
1976-04-30,,,7.67,5.1,4.91
1976-05-01,,,,5.1,
1976-05-02,,,,5.1,
1976-05-03,,,7.69,5.06,4.88
1976-05-04,,,7.66,4.98,4.87
1976-05-05,,,7.68,4.86,4.86
1976-05-06,,,7.78,4.94,4.92
1976-05-07,,,7.87,4.97,5.0
1976-05-08,,,,4.97,
1976-05-09,,,,4.97,
1976-05-10,,,7.92,5.06,5.06
1976-05-11,,,7.92,5.05,5.08
1976-05-12,,,7.94,5.17,5.14
1976-05-13,,,7.92,5.13,5.1
1976-05-14,,,7.93,5.21,5.16
1976-05-15,,,,5.21,
1976-05-16,,,,5.21,
1976-05-17,,,7.94,5.36,5.22
1976-05-18,,,7.94,5.39,5.28
1976-05-19,,,7.94,5.48,5.31
1976-05-20,,,7.95,5.47,5.39
1976-05-21,,,8.0,5.51,5.44
1976-05-22,,,,5.51,
1976-05-23,,,,5.51,
1976-05-24,,,7.98,5.48,5.45
1976-05-25,,,7.94,5.42,5.46
1976-05-26,,,7.95,5.6,5.46
1976-05-27,,,7.99,5.61,5.49
1976-05-28,,,7.96,5.67,5.49
1976-05-29,,,,5.67,
1976-05-30,,,,5.67,
1976-05-31,,,,5.67,
1976-06-01,,,7.94,5.58,5.55
1976-06-02,,,7.94,4.9,5.57
1976-06-03,,,7.92,5.5,5.52
1976-06-04,,,7.89,5.44,5.46
1976-06-05,,,,5.44,
1976-06-06,,,,5.44,
1976-06-07,,,7.88,5.45,5.45
1976-06-08,,,7.9,5.48,5.45
1976-06-09,,,7.9,5.34,5.44
1976-06-10,,,7.86,5.47,5.43
1976-06-11,,,7.86,5.44,5.42
1976-06-12,,,,5.44,
1976-06-13,,,,5.44,
1976-06-14,,,7.84,5.53,5.4
1976-06-15,,,7.85,5.58,5.37
1976-06-16,,,7.87,5.39,5.4
1976-06-17,,,7.85,5.56,5.38
1976-06-18,,,7.81,5.49,5.35
1976-06-19,,,,5.49,
1976-06-20,,,,5.49,
1976-06-21,,,7.8,5.49,5.36
1976-06-22,,,7.81,5.43,5.38
1976-06-23,,,7.81,5.44,5.33
1976-06-24,,,7.81,5.47,5.31
1976-06-25,,,7.83,5.5,5.31
1976-06-26,,,,5.5,
1976-06-27,,,,5.5,
1976-06-28,,,7.86,5.69,5.35
1976-06-29,,,7.86,5.67,5.37
1976-06-30,,,7.86,5.71,5.37
1976-07-01,,,7.88,5.58,5.36
1976-07-02,,,7.84,5.45,5.35
1976-07-03,,,,5.45,
1976-07-04,,,,5.45,
1976-07-05,,,,5.45,
1976-07-06,,,7.82,5.39,5.39
1976-07-07,,,7.84,4.82,5.4
1976-07-08,,,7.82,5.39,5.33
1976-07-09,,,7.78,5.26,5.25
1976-07-10,,,,5.26,
1976-07-11,,,,5.26,
1976-07-12,,,7.76,5.26,5.16
1976-07-13,,,7.77,5.21,5.15
1976-07-14,,,7.79,5.26,5.15
1976-07-15,,,7.77,5.25,5.11
1976-07-16,,,7.83,5.28,5.2
1976-07-17,,,,5.28,
1976-07-18,,,,5.28,
1976-07-19,,,7.86,5.39,5.23
1976-07-20,,,7.87,5.31,5.24
1976-07-21,,,7.86,5.33,5.23
1976-07-22,,,7.86,5.27,5.23
1976-07-23,,,7.84,5.24,5.21
1976-07-24,,,,5.24,
1976-07-25,,,,5.24,
1976-07-26,,,7.87,5.28,5.19
1976-07-27,,,7.85,5.28,5.15
1976-07-28,,,7.85,5.41,5.17
1976-07-29,,,7.85,5.29,5.16
1976-07-30,,,7.86,5.32,5.17
1976-07-31,,,,5.32,
1976-08-01,,,,5.32,
1976-08-02,,,7.85,5.37,5.11
1976-08-03,,,7.82,5.37,5.14
1976-08-04,,,7.81,5.52,5.19
1976-08-05,,,7.82,5.33,5.19
1976-08-06,,,7.84,5.24,5.18
1976-08-07,,,,5.24,
1976-08-08,,,,5.24,
1976-08-09,,,7.84,5.27,5.18
1976-08-10,,,7.84,5.21,5.18
1976-08-11,,,7.82,5.21,5.17
1976-08-12,,,7.81,5.25,5.16
1976-08-13,,,7.78,5.24,5.16
1976-08-14,,,,5.24,
1976-08-15,,,,5.24,
1976-08-16,,,7.74,5.38,5.14
1976-08-17,,,7.75,5.31,5.15
1976-08-18,,,7.76,5.39,5.15
1976-08-19,,,7.76,5.32,5.15
1976-08-20,,,7.76,5.31,5.17
1976-08-21,,,,5.31,
1976-08-22,,,,5.31,
1976-08-23,,,7.73,5.28,5.14
1976-08-24,,,7.72,5.2,5.11
1976-08-25,,,7.69,5.2,5.1
1976-08-26,,,7.68,5.27,5.08
1976-08-27,,,7.72,5.28,5.13
1976-08-28,,,,5.28,
1976-08-29,,,,5.28,
1976-08-30,,,7.71,5.3,5.07
1976-08-31,,,7.66,5.31,5.09
1976-09-01,,,7.64,5.25,5.09
1976-09-02,,,7.67,5.31,5.1
1976-09-03,,,7.65,5.3,5.09
1976-09-04,,,,5.3,
1976-09-05,,,,5.3,
1976-09-06,,,,5.3,
1976-09-07,,,7.64,5.34,5.09
1976-09-08,,,7.64,4.88,5.1
1976-09-09,,,7.66,5.25,5.12
1976-09-10,,,7.64,5.22,5.11
1976-09-11,,,,5.22,
1976-09-12,,,,5.22,
1976-09-13,,,7.64,5.27,5.12
1976-09-14,,,7.64,5.2,5.12
1976-09-15,,,7.62,5.15,5.11
1976-09-16,,,7.6,5.24,5.1
1976-09-17,,,7.49,5.17,5.06
1976-09-18,,,,5.17,
1976-09-19,,,,5.17,
1976-09-20,,,7.52,5.26,5.06
1976-09-21,,,7.51,5.22,5.03
1976-09-22,,,7.53,5.25,5.03
1976-09-23,,,7.54,5.25,5.04
1976-09-24,,,7.58,5.27,5.11
1976-09-25,,,,5.27,
1976-09-26,,,,5.27,
1976-09-27,,,7.6,5.37,5.08
1976-09-28,,,7.56,5.39,5.06
1976-09-29,,,7.56,5.44,5.07
1976-09-30,,,7.55,5.31,5.06
1976-10-01,,,7.49,5.32,5.04
1976-10-02,,,,5.32,
1976-10-03,,,,5.32,
1976-10-04,,,7.46,5.27,5.08
1976-10-05,,,7.47,5.15,5.1
1976-10-06,,,7.44,4.5,5.07
1976-10-07,,,7.43,5.12,5.03
1976-10-08,,,7.38,5.0,4.92
1976-10-09,,,,5.0,
1976-10-10,,,,5.0,
1976-10-11,,,,5.0,
1976-10-12,,,7.35,5.09,4.89
1976-10-13,,,7.35,4.94,4.9
1976-10-14,,,7.34,4.99,4.85
1976-10-15,,,7.31,4.93,4.79
1976-10-16,,,,4.93,
1976-10-17,,,,4.93,
1976-10-18,,,7.31,5.03,4.79
1976-10-19,,,7.35,4.97,4.84
1976-10-20,,,7.38,4.98,4.84
1976-10-21,,,7.39,4.98,4.85
1976-10-22,,,7.48,5.0,4.89
1976-10-23,,,,5.0,
1976-10-24,,,,5.0,
1976-10-25,,,7.53,5.01,4.94
1976-10-26,,,7.48,5.0,4.9
1976-10-27,,,7.45,4.95,4.88
1976-10-28,,,7.41,4.98,4.88
1976-10-29,,,7.42,5.02,4.89
1976-10-30,,,,5.02,
1976-10-31,,,,5.02,
1976-11-01,,,7.38,5.04,4.84
1976-11-02,,,,5.04,
1976-11-03,,,7.44,5.31,4.85
1976-11-04,,,7.38,5.03,4.79
1976-11-05,,,7.41,4.96,4.84
1976-11-06,,,,4.96,
1976-11-07,,,,4.96,
1976-11-08,,,7.46,4.92,4.89
1976-11-09,,,7.46,4.93,4.93
1976-11-10,,,7.45,5.07,4.92
1976-11-11,,,,5.07,
1976-11-12,,,7.43,5.05,4.92
1976-11-13,,,,5.05,
1976-11-14,,,,5.05,
1976-11-15,,,7.41,5.09,4.9
1976-11-16,,,7.33,4.99,4.83
1976-11-17,,,7.32,4.87,4.81
1976-11-18,,,7.33,4.95,4.81
1976-11-19,,,7.24,4.9,4.67
1976-11-20,,,,4.9,
1976-11-21,,,,4.9,
1976-11-22,,,7.17,4.84,4.61
1976-11-23,,,7.16,4.85,4.64
1976-11-24,,,7.14,4.97,4.63
1976-11-25,,,,4.97,
1976-11-26,,,6.99,4.8,4.51
1976-11-27,,,,4.8,
1976-11-28,,,,4.8,
1976-11-29,,,7.02,4.71,4.49
1976-11-30,,,7.01,4.69,4.42
1976-12-01,,,6.97,4.67,4.41
1976-12-02,,,6.92,4.68,4.4
1976-12-03,,,6.86,4.63,4.38
1976-12-04,,,,4.63,
1976-12-05,,,,4.63,
1976-12-06,,,6.87,4.69,4.38
1976-12-07,,,6.88,4.66,4.4
1976-12-08,,,6.91,4.74,4.44
1976-12-09,,,6.92,4.69,4.44
1976-12-10,,,6.82,4.64,4.37
1976-12-11,,,,4.64,
1976-12-12,,,,4.64,
1976-12-13,,,6.9,4.73,4.38
1976-12-14,,,6.89,4.69,4.34
1976-12-15,,,6.88,4.73,4.33
1976-12-16,,,6.88,4.65,4.33
1976-12-17,,,6.88,4.56,4.25
1976-12-18,,,,4.56,
1976-12-19,,,,4.56,
1976-12-20,,,6.84,4.65,4.24
1976-12-21,,,6.85,4.68,4.27
1976-12-22,,,6.86,4.75,4.28
1976-12-23,,,6.84,4.6,4.28
1976-12-24,,,,4.54,
1976-12-25,,,,4.54,
1976-12-26,,,,4.54,
1976-12-27,,,6.84,4.66,4.3
1976-12-28,,,6.86,4.73,4.35
1976-12-29,,,6.84,5.01,4.37
1976-12-30,,,6.8,4.9,4.34
1976-12-31,,,6.81,4.17,4.34
1977-01-01,,,,4.17,
1977-01-02,,,,4.17,
1977-01-03,,,6.84,4.89,4.39
1977-01-04,,,6.9,4.71,4.49
1977-01-05,,,6.88,4.3,4.47
1977-01-06,,,6.93,4.59,4.5
1977-01-07,,,7.07,4.62,4.62
1977-01-08,,,,4.62,
1977-01-09,,,,4.62,
1977-01-10,,,7.2,4.66,4.61
1977-01-11,,,7.28,4.7,4.6
1977-01-12,,,7.26,4.07,4.57
1977-01-13,,,7.18,4.6,4.52
1977-01-14,,,7.28,4.6,4.61
1977-01-15,,,,4.6,
1977-01-16,,,,4.6,
1977-01-17,,,7.28,4.8,4.65
1977-01-18,,,7.34,4.71,4.69
1977-01-19,,,7.28,4.64,4.63
1977-01-20,,,7.26,4.64,4.63
1977-01-21,,,7.28,4.68,4.65
1977-01-22,,,,4.68,
1977-01-23,,,,4.68,
1977-01-24,,,7.34,4.79,4.71
1977-01-25,,,7.32,4.7,4.7
1977-01-26,,,7.33,4.89,4.71
1977-01-27,,,7.43,4.7,4.77
1977-01-28,,,7.4,4.62,4.73
1977-01-29,,,,4.62,
1977-01-30,,,,4.62,
1977-01-31,,,7.4,4.65,4.72
1977-02-01,,,7.41,4.58,4.74
1977-02-02,,,7.47,4.41,4.76
1977-02-03,,,7.46,4.58,4.73
1977-02-04,,,7.28,4.6,4.62
1977-02-05,,,,4.6,
1977-02-06,,,,4.6,
1977-02-07,,,7.34,4.74,4.62
1977-02-08,,,7.35,4.67,4.63
1977-02-09,,,7.34,4.84,4.62
1977-02-10,,,7.34,4.67,4.63
1977-02-11,,,7.36,4.68,4.61
1977-02-12,,,,4.68,
1977-02-13,,,,4.68,
1977-02-14,,,7.38,4.73,4.63
1977-02-15,,,7.36,4.68,4.63
1977-02-16,,,7.34,4.79,4.62
1977-02-17,,,7.26,4.69,4.61
1977-02-18,,,7.41,4.72,4.66
1977-02-19,,,,4.72,
1977-02-20,,,,4.72,
1977-02-21,,,,4.72,
1977-02-22,,,7.42,4.76,4.69
1977-02-23,,,7.48,4.84,4.7
1977-02-24,,,7.5,4.72,4.73
1977-02-25,,,7.48,4.66,4.71
1977-02-26,,,,4.66,
1977-02-27,,,,4.66,
1977-02-28,,,7.45,4.73,4.7
1977-03-01,,,7.49,4.7,4.7
1977-03-02,,,7.45,4.65,4.64
1977-03-03,,,7.43,4.68,4.61
1977-03-04,,,7.48,4.66,4.63
1977-03-05,,,,4.66,
1977-03-06,,,,4.66,
1977-03-07,,,7.5,4.7,4.65
1977-03-08,,,7.52,4.63,4.66
1977-03-09,,,7.5,4.41,4.63
1977-03-10,,,7.49,4.65,4.62
1977-03-11,,,7.44,4.62,4.59
1977-03-12,,,,4.62,
1977-03-13,,,,4.62,
1977-03-14,,,7.45,4.67,4.57
1977-03-15,,,7.44,4.61,4.57
1977-03-16,,,7.44,4.57,4.62
1977-03-17,,,7.47,4.67,4.62
1977-03-18,,,7.44,4.66,4.59
1977-03-19,,,,4.66,
1977-03-20,,,,4.66,
1977-03-21,,,7.43,4.72,4.56
1977-03-22,,,7.43,4.69,4.56
1977-03-23,,,7.44,5.34,4.54
1977-03-24,,,7.46,4.76,4.59
1977-03-25,,,7.48,4.75,4.62
1977-03-26,,,,4.75,
1977-03-27,,,,4.75,
1977-03-28,,,7.47,4.74,4.59
1977-03-29,,,7.47,4.67,4.59
1977-03-30,,,7.44,4.74,4.57
1977-03-31,,,7.42,4.72,4.54
1977-04-01,,,7.43,4.72,4.54
1977-04-02,,,,4.72,
1977-04-03,,,,4.72,
1977-04-04,,,7.44,4.73,4.55
1977-04-05,,,7.47,4.48,4.6
1977-04-06,,,7.46,4.08,4.58
1977-04-07,,,7.43,4.65,4.58
1977-04-08,,,,4.61,
1977-04-09,,,,4.61,
1977-04-10,,,,4.61,
1977-04-11,,,7.39,4.65,4.56
1977-04-12,,,7.39,4.66,4.59
1977-04-13,,,7.36,4.75,4.57
1977-04-14,,,7.22,4.64,4.52
1977-04-15,,,7.25,4.7,4.52
1977-04-16,,,,4.7,
1977-04-17,,,,4.7,
1977-04-18,,,7.25,4.76,4.51
1977-04-19,,,7.3,4.67,4.52
1977-04-20,,,7.32,4.78,4.5
1977-04-21,,,7.33,4.71,4.48
1977-04-22,,,7.36,4.77,4.53
1977-04-23,,,,4.77,
1977-04-24,,,,4.77,
1977-04-25,,,7.4,4.85,4.53
1977-04-26,,,7.38,4.91,4.5
1977-04-27,,,7.38,4.94,4.45
1977-04-28,,,7.4,4.92,4.39
1977-04-29,,,7.45,5.12,4.69
1977-04-30,,,,5.12,
1977-05-01,,,,5.12,
1977-05-02,,,7.45,5.34,4.75
1977-05-03,,,7.44,5.18,4.75
1977-05-04,,,7.45,5.26,4.69
1977-05-05,,,7.47,5.21,4.74
1977-05-06,,,7.5,5.36,4.8
1977-05-07,,,,5.36,
1977-05-08,,,,5.36,
1977-05-09,,,7.5,5.3,4.81
1977-05-10,,,7.52,5.21,4.94
1977-05-11,,,7.52,5.35,5.04
1977-05-12,,,7.5,5.33,5.0
1977-05-13,,,7.48,5.33,4.99
1977-05-14,,,,5.33,
1977-05-15,,,,5.33,
1977-05-16,,,7.46,5.38,4.99
1977-05-17,,,7.45,5.36,5.0
1977-05-18,,,7.43,5.29,4.98
1977-05-19,,,7.49,5.4,5.09
1977-05-20,,,7.49,5.51,5.17
1977-05-21,,,,5.51,
1977-05-22,,,,5.51,
1977-05-23,,,7.46,5.51,5.13
1977-05-24,,,7.41,5.41,5.1
1977-05-25,,,7.39,5.3,5.06
1977-05-26,,,7.42,5.39,5.03
1977-05-27,,,7.38,5.36,4.99
1977-05-28,,,,5.36,
1977-05-29,,,,5.36,
1977-05-30,,,,5.36,
1977-05-31,,,7.38,5.47,5.03
1977-06-01,,,7.38,5.24,5.04
1977-06-02,,,7.39,5.37,5.04
1977-06-03,,,7.36,5.32,5.02
1977-06-04,,,,5.32,
1977-06-05,,,,5.32,
1977-06-06,,,7.37,5.32,5.04
1977-06-07,,,7.36,5.23,5.05
1977-06-08,,,7.36,5.3,5.06
1977-06-09,,,7.35,5.33,5.08
1977-06-10,,,7.3,5.34,5.06
1977-06-11,,,,5.34,
1977-06-12,,,,5.34,
1977-06-13,,,7.27,5.37,5.03
1977-06-14,,,7.22,5.3,5.01
1977-06-15,,,7.23,5.54,5.02
1977-06-16,,,7.24,5.38,5.02
1977-06-17,,,7.24,5.37,4.99
1977-06-18,,,,5.37,
1977-06-19,,,,5.37,
1977-06-20,,,7.27,5.39,5.01
1977-06-21,,,7.26,5.36,5.03
1977-06-22,,,7.25,5.77,5.02
1977-06-23,,,7.26,5.4,5.02
1977-06-24,,,7.2,5.43,4.98
1977-06-25,,,,5.43,
1977-06-26,,,,5.43,
1977-06-27,,,7.2,5.42,4.93
1977-06-28,,,7.16,5.29,4.96
1977-06-29,,,7.19,5.63,4.97
1977-06-30,,,7.2,5.64,4.98
1977-07-01,,,7.34,5.36,5.02
1977-07-02,,,,5.36,
1977-07-03,,,,5.36,
1977-07-04,,,,5.36,
1977-07-05,,,7.35,5.34,5.12
1977-07-06,,,7.37,5.06,5.12
1977-07-07,,,7.29,5.35,5.11
1977-07-08,,,7.31,5.35,5.13
1977-07-09,,,,5.35,
1977-07-10,,,,5.35,
1977-07-11,,,7.33,5.33,5.14
1977-07-12,,,7.32,5.33,5.16
1977-07-13,,,7.28,5.26,5.16
1977-07-14,,,,5.26,
1977-07-15,,,7.31,5.32,5.18
1977-07-16,,,,5.32,
1977-07-17,,,,5.32,
1977-07-18,,,7.34,5.41,5.18
1977-07-19,,,7.33,5.39,5.22
1977-07-20,,,7.32,5.43,5.23
1977-07-21,,,7.32,5.44,5.23
1977-07-22,,,7.31,5.43,5.17
1977-07-23,,,,5.43,
1977-07-24,,,,5.43,
1977-07-25,,,7.28,5.44,5.16
1977-07-26,,,7.28,5.41,5.16
1977-07-27,,,7.36,5.56,5.25
1977-07-28,,,7.41,5.67,5.39
1977-07-29,,,7.42,5.86,5.4
1977-07-30,,,,5.86,
1977-07-31,,,,5.86,
1977-08-01,,,7.43,5.84,5.35
1977-08-02,,,7.44,5.81,5.4
1977-08-03,,,7.42,5.72,5.33
1977-08-04,,,7.43,5.76,5.35
1977-08-05,,,7.42,5.73,5.34
1977-08-06,,,,5.73,
1977-08-07,,,,5.73,
1977-08-08,,,7.41,5.73,5.32
1977-08-09,,,7.45,5.69,5.53
1977-08-10,,,7.46,5.56,5.46
1977-08-11,,,7.47,5.84,5.52
1977-08-12,,,7.48,5.92,5.51
1977-08-13,,,,5.92,
1977-08-14,,,,5.92,
1977-08-15,,,7.48,6.01,5.54
1977-08-16,,,7.48,6.06,5.67
1977-08-17,,,7.44,5.91,5.6
1977-08-18,,,7.42,6.06,5.53
1977-08-19,,,7.4,5.97,5.48
1977-08-20,,,,5.97,
1977-08-21,,,,5.97,
1977-08-22,,,7.39,6.0,5.47
1977-08-23,,,7.36,5.99,5.55
1977-08-24,,,7.35,5.99,5.55
1977-08-25,,,7.32,6.01,5.53
1977-08-26,,,7.27,6.0,5.54
1977-08-27,,,,6.0,
1977-08-28,,,,6.0,
1977-08-29,,,7.25,6.05,5.57
1977-08-30,,,7.27,6.04,5.59
1977-08-31,,,7.28,6.03,5.56
1977-09-01,,,7.3,6.06,5.56
1977-09-02,,,7.24,6.02,5.53
1977-09-03,,,,6.02,
1977-09-04,,,,6.02,
1977-09-05,,,,6.02,
1977-09-06,,,7.24,6.0,5.58
1977-09-07,,,7.26,5.62,5.6
1977-09-08,,,7.28,6.01,5.61
1977-09-09,,,7.36,6.02,5.8
1977-09-10,,,,6.02,
1977-09-11,,,,6.02,
1977-09-12,,,7.38,6.18,5.82
1977-09-13,,,7.37,6.19,5.9
1977-09-14,,,7.34,5.89,5.87
1977-09-15,,,7.33,6.13,5.87
1977-09-16,,,7.32,6.09,5.86
1977-09-17,,,,6.09,
1977-09-18,,,,6.09,
1977-09-19,,,7.32,6.08,5.86
1977-09-20,,,7.36,6.06,5.87
1977-09-21,,,7.36,6.14,5.87
1977-09-22,,,7.39,6.21,5.96
1977-09-23,,,7.39,6.31,5.95
1977-09-24,,,,6.31,
1977-09-25,,,,6.31,
1977-09-26,,,7.42,6.4,5.97
1977-09-27,,,7.38,6.37,5.92
1977-09-28,,,7.38,6.55,5.86
1977-09-29,,,7.39,6.46,5.83
1977-09-30,,,7.41,6.46,5.89
1977-10-01,,,,6.46,
1977-10-02,,,,6.46,
1977-10-03,,,7.41,6.6,5.95
1977-10-04,,,7.4,6.43,6.1
1977-10-05,,,7.4,6.03,6.13
1977-10-06,,,7.44,6.41,6.13
1977-10-07,,,7.48,6.4,6.12
1977-10-08,,,,6.4,
1977-10-09,,,,6.4,
1977-10-10,,,,6.4,
1977-10-11,,,7.54,6.67,6.27
1977-10-12,,,7.54,6.2,6.36
1977-10-13,,,7.54,6.53,6.36
1977-10-14,,,7.54,6.48,6.29
1977-10-15,,,,6.48,
1977-10-16,,,,6.48,
1977-10-17,,,7.55,6.5,6.28
1977-10-18,,,7.55,6.46,6.28
1977-10-19,,,7.54,6.59,6.14
1977-10-20,,,7.54,6.51,6.09
1977-10-21,,,7.55,6.44,6.08
1977-10-22,,,,6.44,
1977-10-23,,,,6.44,
1977-10-24,,,7.56,6.47,6.13
1977-10-25,,,7.58,6.5,6.15
1977-10-26,,,7.57,6.61,6.1
1977-10-27,,,7.56,6.57,6.05
1977-10-28,,,7.56,6.49,6.01
1977-10-29,,,,6.49,
1977-10-30,,,,6.49,
1977-10-31,,,7.62,6.6,6.18
1977-11-01,,,7.63,6.65,6.22
1977-11-02,,,7.69,6.22,6.22
1977-11-03,,,7.68,6.62,6.2
1977-11-04,,,7.64,6.58,6.17
1977-11-05,,,,6.58,
1977-11-06,,,,6.58,
1977-11-07,,,7.62,6.62,6.16
1977-11-08,,,,6.58,
1977-11-09,,,7.6,6.47,6.15
1977-11-10,,,7.59,6.53,6.13
1977-11-11,,,,6.53,
1977-11-12,,,,6.53,
1977-11-13,,,,6.53,
1977-11-14,,,7.56,6.54,6.09
1977-11-15,,,7.56,6.52,6.1
1977-11-16,,,7.55,5.73,6.09
1977-11-17,,,7.54,6.44,6.05
1977-11-18,,,7.54,6.44,6.04
1977-11-19,,,,6.44,
1977-11-20,,,,6.44,
1977-11-21,,,7.56,6.54,6.07
1977-11-22,,,7.54,6.49,6.08
1977-11-23,,,7.52,6.81,6.05
1977-11-24,,,,6.81,
1977-11-25,,,7.52,6.48,6.04
1977-11-26,,,,6.48,
1977-11-27,,,,6.48,
1977-11-28,,,7.53,6.51,6.04
1977-11-29,,,7.55,6.5,6.05
1977-11-30,,,7.55,6.56,6.04
1977-12-01,,,7.58,6.52,6.03
1977-12-02,,,7.59,6.53,6.02
1977-12-03,,,,6.53,
1977-12-04,,,,6.53,
1977-12-05,,,7.6,6.59,6.01
1977-12-06,,,7.63,6.56,6.07
1977-12-07,,,7.63,6.28,6.1
1977-12-08,,,7.64,6.5,6.08
1977-12-09,,,7.63,6.5,6.07
1977-12-10,,,,6.5,
1977-12-11,,,,6.5,
1977-12-12,,,7.64,6.52,6.07
1977-12-13,,,7.65,6.48,6.05
1977-12-14,,,7.66,6.44,6.05
1977-12-15,,,7.67,6.52,6.01
1977-12-16,,,7.67,6.55,5.99
1977-12-17,,,,6.55,
1977-12-18,,,,6.55,
1977-12-19,,,7.69,6.56,5.95
1977-12-20,,,7.74,6.51,6.01
1977-12-21,,,7.72,6.57,6.0
1977-12-22,,,7.75,6.57,6.11
1977-12-23,,,7.75,6.54,6.1
1977-12-24,,,,6.54,
1977-12-25,,,,6.54,
1977-12-26,,,,6.54,
1977-12-27,,,7.77,6.69,6.16
1977-12-28,,,7.78,7.1,6.19
1977-12-29,,,7.82,7.01,6.17
1977-12-30,,,7.78,6.53,6.13
1977-12-31,,,,6.53,
1978-01-01,,,,6.53,
1978-01-02,,,,6.53,
1978-01-03,,,7.83,7.05,6.18
1978-01-04,,,7.82,6.68,6.16
1978-01-05,,,7.83,6.56,6.2
1978-01-06,,,7.85,6.5,6.25
1978-01-07,,,,6.5,
1978-01-08,,,,6.5,
1978-01-09,,,8.01,6.67,6.64
1978-01-10,,,8.02,6.65,6.65
1978-01-11,,,8.03,6.69,6.68
1978-01-12,,,8.02,6.76,6.56
1978-01-13,,,7.98,6.78,6.48
1978-01-14,,,,6.78,
1978-01-15,,,,6.78,
1978-01-16,,,7.98,6.93,6.46
1978-01-17,,,7.98,6.77,6.5
1978-01-18,,,7.98,6.68,6.5
1978-01-19,,,7.97,6.76,6.48
1978-01-20,,,7.97,6.64,6.48
1978-01-21,,,,6.64,
1978-01-22,,,,6.64,
1978-01-23,,,7.97,6.76,6.43
1978-01-24,,,7.99,6.75,6.44
1978-01-25,,,8.0,6.87,6.46
1978-01-26,,,7.98,6.83,6.43
1978-01-27,,,7.97,6.69,6.42
1978-01-28,,,,6.69,
1978-01-29,,,,6.69,
1978-01-30,,,7.96,6.72,6.43
1978-01-31,,,7.94,6.79,6.42
1978-02-01,,,7.96,7.18,6.41
1978-02-02,,,7.96,6.79,6.42
1978-02-03,,,7.97,6.78,6.42
1978-02-04,,,,6.78,
1978-02-05,,,,6.78,
1978-02-06,,,7.99,6.78,6.45
1978-02-07,,,7.99,6.75,6.46
1978-02-08,,,8.0,6.59,6.44
1978-02-09,,,8.01,6.74,6.43
1978-02-10,,,8.02,6.71,6.44
1978-02-11,,,,6.71,
1978-02-12,,,,6.71,
1978-02-13,,,,6.7,
1978-02-14,,,8.05,6.83,6.47
1978-02-15,,,8.08,6.92,6.5
1978-02-16,,,8.1,6.83,6.51
1978-02-17,,,8.09,6.75,6.45
1978-02-18,,,,6.75,
1978-02-19,,,,6.75,
1978-02-20,,,,6.75,
1978-02-21,,,8.1,7.01,6.5
1978-02-22,,,8.1,6.62,6.47
1978-02-23,,,8.08,6.76,6.43
1978-02-24,,,8.04,6.76,6.4
1978-02-25,,,,6.76,
1978-02-26,,,,6.76,
1978-02-27,,,8.02,6.88,6.4
1978-02-28,,,8.04,6.83,6.42
1978-03-01,,,8.05,6.86,6.42
1978-03-02,,,8.04,6.78,6.39
1978-03-03,,,8.04,6.77,6.34
1978-03-04,,,,6.77,
1978-03-05,,,,6.77,
1978-03-06,,,8.05,6.81,6.32
1978-03-07,,,8.03,6.72,6.32
1978-03-08,,,8.03,6.72,6.29
1978-03-09,,,8.02,6.76,6.25
1978-03-10,,,8.0,6.77,6.28
1978-03-11,,,,6.77,
1978-03-12,,,,6.77,
1978-03-13,,,7.99,6.81,6.27
1978-03-14,,,7.99,6.75,6.3
1978-03-15,,,8.0,6.77,6.27
1978-03-16,,,8.0,6.76,6.25
1978-03-17,,,8.0,6.75,6.24
1978-03-18,,,,6.75,
1978-03-19,,,,6.75,
1978-03-20,,,7.97,6.84,6.16
1978-03-21,,,7.97,6.76,6.22
1978-03-22,,,7.98,6.78,6.22
1978-03-23,,,8.01,6.77,6.24
1978-03-24,,,,6.78,
1978-03-25,,,,6.78,
1978-03-26,,,,6.78,
1978-03-27,,,8.12,6.89,6.28
1978-03-28,,,8.12,6.84,6.28
1978-03-29,,,8.11,6.88,6.28
1978-03-30,,,8.12,6.91,6.37
1978-03-31,,,8.15,6.97,6.47
1978-04-01,,,,6.97,
1978-04-02,,,,6.97,
1978-04-03,,,8.13,6.95,6.31
1978-04-04,,,8.12,6.72,6.39
1978-04-05,,,8.14,6.51,6.42
1978-04-06,,,8.16,6.75,6.41
1978-04-07,,,8.14,6.74,6.34
1978-04-08,,,,6.74,
1978-04-09,,,,6.74,
1978-04-10,,,8.15,6.79,6.34
1978-04-11,,,8.16,6.73,6.35
1978-04-12,,,8.16,6.7,6.33
1978-04-13,,,8.15,6.77,6.29
1978-04-14,,,8.12,6.76,6.14
1978-04-15,,,,6.76,
1978-04-16,,,,6.76,
1978-04-17,,,8.08,6.85,6.1
1978-04-18,,,8.08,6.76,6.15
1978-04-19,,,8.13,6.78,6.32
1978-04-20,,,8.14,6.93,6.3
1978-04-21,,,8.16,6.97,6.25
1978-04-22,,,,6.97,
1978-04-23,,,,6.97,
1978-04-24,,,8.18,7.0,6.09
1978-04-25,,,8.18,6.96,6.22
1978-04-26,,,8.22,7.18,6.25
1978-04-27,,,8.24,7.18,6.37
1978-04-28,,,8.24,7.25,6.35
1978-04-29,,,,7.25,
1978-04-30,,,,7.25,
1978-05-01,,,8.24,7.27,6.31
1978-05-02,,,8.25,7.26,6.46
1978-05-03,,,8.28,7.46,6.39
1978-05-04,,,8.27,7.27,6.33
1978-05-05,,,8.34,7.29,6.43
1978-05-06,,,,7.29,
1978-05-07,,,,7.29,
1978-05-08,,,8.35,7.38,6.36
1978-05-09,,,8.34,7.41,6.45
1978-05-10,,,8.34,7.33,6.39
1978-05-11,,,8.34,7.37,6.32
1978-05-12,,,8.36,7.37,6.33
1978-05-13,,,,7.37,
1978-05-14,,,,7.37,
1978-05-15,,,8.35,7.41,6.25
1978-05-16,,,8.34,7.25,6.34
1978-05-17,,,8.33,7.27,6.28
1978-05-18,,,8.37,7.32,6.35
1978-05-19,,,8.38,7.44,6.39
1978-05-20,,,,7.44,
1978-05-21,,,,7.44,
1978-05-22,,,8.38,7.51,6.42
1978-05-23,,,8.37,7.49,6.48
1978-05-24,,,8.39,7.36,6.51
1978-05-25,,,8.4,7.47,6.5
1978-05-26,,,8.42,7.25,6.63
1978-05-27,,,,7.25,
1978-05-28,,,,7.25,
1978-05-29,,,,7.44,
1978-05-30,,,,7.41,
1978-05-31,,,8.42,7.43,6.65
1978-06-01,,,8.41,7.48,6.61
1978-06-02,,,8.39,7.48,6.59
1978-06-03,,,,7.48,
1978-06-04,,,,7.48,
1978-06-05,,,8.38,7.52,6.59
1978-06-06,,,8.37,7.47,6.61
1978-06-07,,,8.37,7.37,6.64
1978-06-08,,,8.38,7.5,6.63
1978-06-09,,,8.41,7.49,6.65
1978-06-10,,,,7.49,
1978-06-11,,,,7.49,
1978-06-12,,,8.4,7.5,6.62
1978-06-13,,,8.41,7.43,6.63
1978-06-14,,,8.41,7.51,6.63
1978-06-15,,,8.41,7.51,6.66
1978-06-16,,,8.43,7.49,6.72
1978-06-17,,,,7.49,
1978-06-18,,,,7.49,
1978-06-19,,,8.45,7.5,6.69
1978-06-20,,,8.47,7.51,6.74
1978-06-21,,,8.5,7.75,6.84
1978-06-22,,,8.5,7.73,6.81
1978-06-23,,,8.55,7.69,6.86
1978-06-24,,,,7.69,
1978-06-25,,,,7.69,
1978-06-26,,,8.59,7.78,6.88
1978-06-27,,,8.58,7.78,6.94
1978-06-28,,,8.57,8.07,6.88
1978-06-29,,,8.57,8.03,6.92
1978-06-30,,,8.62,8.01,7.01
1978-07-01,,,,8.01,
1978-07-02,,,,8.01,
1978-07-03,,,8.59,7.64,6.95
1978-07-04,,,,7.64,
1978-07-05,,,8.62,6.7,7.07
1978-07-06,,,8.62,7.72,7.06
1978-07-07,,,8.66,7.7,7.13
1978-07-08,,,,7.7,
1978-07-09,,,,7.7,
1978-07-10,,,8.68,7.78,7.16
1978-07-11,,,8.68,7.74,7.2
1978-07-12,,,8.67,7.71,7.19
1978-07-13,,,8.68,7.75,7.18
1978-07-14,,,8.68,7.77,7.07
1978-07-15,,,,7.77,
1978-07-16,,,,7.77,
1978-07-17,,,8.65,7.91,6.99
1978-07-18,,,8.63,7.99,7.09
1978-07-19,,,8.62,8.63,7.06
1978-07-20,,,8.66,7.96,7.07
1978-07-21,,,8.67,7.95,7.02
1978-07-22,,,,7.95,
1978-07-23,,,,7.95,
1978-07-24,,,8.67,7.89,6.83
1978-07-25,,,8.67,7.81,6.92
1978-07-26,,,8.66,7.65,6.9
1978-07-27,,,8.58,7.84,6.76
1978-07-28,,,8.55,7.83,6.74
1978-07-29,,,,7.83,
1978-07-30,,,,7.83,
1978-07-31,,,8.56,8.0,6.76
1978-08-01,,,8.54,7.97,6.88
1978-08-02,,,8.44,7.9,6.76
1978-08-03,,,8.39,7.85,6.8
1978-08-04,,,8.38,7.81,6.78
1978-08-05,,,,7.81,
1978-08-06,,,,7.81,
1978-08-07,,,8.36,7.84,6.76
1978-08-08,,,8.35,7.82,6.72
1978-08-09,,,8.34,7.9,6.74
1978-08-10,,,8.45,7.83,6.85
1978-08-11,,,8.44,7.84,6.86
1978-08-12,,,,7.84,
1978-08-13,,,,7.84,
1978-08-14,,,8.45,7.92,6.88
1978-08-15,,,8.46,7.9,6.99
1978-08-16,,,8.55,7.93,7.24
1978-08-17,,,8.48,7.99,7.19
1978-08-18,,,8.46,8.04,7.3
1978-08-19,,,,8.04,
1978-08-20,,,,8.04,
1978-08-21,,,8.41,8.24,7.26
1978-08-22,,,8.41,8.24,7.28
1978-08-23,,,8.32,8.38,7.22
1978-08-24,,,8.35,8.2,7.24
1978-08-25,,,8.34,8.2,7.24
1978-08-26,,,,8.2,
1978-08-27,,,,8.2,
1978-08-28,,,8.35,8.31,7.33
1978-08-29,,,8.37,8.37,7.45
1978-08-30,,,8.42,8.45,7.48
1978-08-31,,,8.39,8.4,7.54
1978-09-01,,,8.38,8.33,7.7
1978-09-02,,,,8.33,
1978-09-03,,,,8.33,
1978-09-04,,,,8.33,
1978-09-05,,,8.34,8.37,7.57
1978-09-06,,,8.35,8.0,7.58
1978-09-07,,,8.34,8.27,7.59
1978-09-08,,,8.34,8.31,7.67
1978-09-09,,,,8.31,
1978-09-10,,,,8.31,
1978-09-11,,,8.31,8.44,7.71
1978-09-12,,,8.29,8.38,7.75
1978-09-13,,,8.3,8.31,7.76
1978-09-14,,,8.32,8.37,7.77
1978-09-15,,,8.35,8.35,7.88
1978-09-16,,,,8.35,
1978-09-17,,,,8.35,
1978-09-18,,,8.37,8.39,7.9
1978-09-19,,,8.38,8.34,7.95
1978-09-20,,,8.46,8.38,8.08
1978-09-21,,,8.51,8.49,8.04
1978-09-22,,,8.56,8.5,8.15
1978-09-23,,,,8.5,
1978-09-24,,,,8.5,
1978-09-25,,,8.56,8.73,8.09
1978-09-26,,,8.53,8.92,8.01
1978-09-27,,,8.54,8.68,7.89
1978-09-28,,,8.54,8.81,7.83
1978-09-29,,,8.56,8.9,7.98
1978-09-30,,,,8.9,
1978-10-01,,,,8.9,
1978-10-02,,,8.58,8.96,7.98
1978-10-03,,,8.57,8.83,8.16
1978-10-04,,,8.59,8.68,8.18
1978-10-05,,,8.6,8.75,8.19
1978-10-06,,,8.58,8.71,8.19
1978-10-07,,,,8.71,
1978-10-08,,,,8.71,
1978-10-09,,,,8.71,
1978-10-10,,,8.58,9.06,8.21
1978-10-11,,,8.56,8.3,8.09
1978-10-12,,,8.51,8.81,7.78
1978-10-13,,,8.52,8.73,7.82
1978-10-14,,,,8.73,
1978-10-15,,,,8.73,
1978-10-16,,,8.59,8.84,7.88
1978-10-17,,,8.6,8.76,8.15
1978-10-18,,,8.62,8.86,7.94
1978-10-19,,,8.64,8.95,7.75
1978-10-20,,,8.66,9.07,7.75
1978-10-21,,,,9.07,
1978-10-22,,,,9.07,
1978-10-23,,,8.66,9.3,7.52
1978-10-24,,,8.64,9.65,7.77
1978-10-25,,,8.65,9.55,7.54
1978-10-26,,,8.72,9.15,7.76
1978-10-27,,,8.78,9.15,7.93
1978-10-28,,,,9.15,
1978-10-29,,,,9.15,
1978-10-30,,,8.88,9.23,8.47
1978-10-31,,,8.96,9.35,8.75
1978-11-01,,,8.66,9.87,8.85
1978-11-02,,,8.73,9.89,8.76
1978-11-03,,,8.86,9.94,8.8
1978-11-04,,,,9.94,
1978-11-05,,,,9.94,
1978-11-06,,,8.85,9.88,8.84
1978-11-07,,,,9.34,
1978-11-08,,,8.86,9.43,8.99
1978-11-09,,,8.87,9.75,8.82
1978-11-10,,,8.86,9.67,8.51
1978-11-11,,,,9.67,
1978-11-12,,,,9.67,
1978-11-13,,,8.83,9.8,8.23
1978-11-14,,,8.82,9.76,8.3
1978-11-15,,,8.76,9.46,8.02
1978-11-16,,,8.72,9.72,8.17
1978-11-17,,,8.72,9.64,7.98
1978-11-18,,,,9.64,
1978-11-19,,,,9.64,
1978-11-20,,,8.72,9.7,8.21
1978-11-21,,,8.77,9.64,8.83
1978-11-22,,,8.77,9.78,8.63
1978-11-23,,,,9.78,
1978-11-24,,,8.86,9.77,8.86
1978-11-25,,,,9.77,
1978-11-26,,,,9.77,
1978-11-27,,,8.86,9.91,8.96
1978-11-28,,,8.86,9.94,9.12
1978-11-29,,,8.86,10.0,8.98
1978-11-30,,,8.86,9.94,9.01
1978-12-01,,,8.8,9.95,8.85
1978-12-02,,,,9.95,
1978-12-03,,,,9.95,
1978-12-04,,,8.82,9.88,8.95
1978-12-05,,,8.85,9.78,8.95
1978-12-06,,,8.85,9.66,8.89
1978-12-07,,,8.89,9.8,8.9
1978-12-08,,,8.9,9.82,8.95
1978-12-09,,,,9.82,
1978-12-10,,,,9.82,
1978-12-11,,,8.9,9.94,8.93
1978-12-12,,,8.92,9.94,8.86
1978-12-13,,,8.98,9.39,8.88
1978-12-14,,,8.96,9.84,8.9
1978-12-15,,,9.0,9.83,9.08
1978-12-16,,,,9.83,
1978-12-17,,,,9.83,
1978-12-18,,,9.13,9.97,9.26
1978-12-19,,,9.14,9.94,9.21
1978-12-20,,,9.16,8.98,9.25
1978-12-21,,,9.16,9.99,9.29
1978-12-22,,,9.11,10.01,9.37
1978-12-23,,,,10.01,
1978-12-24,,,,10.01,
1978-12-25,,,,10.01,
1978-12-26,,,9.13,10.89,9.36
1978-12-27,,,9.12,10.82,9.19
1978-12-28,,,9.16,10.71,9.2
1978-12-29,,,9.15,10.84,9.26
1978-12-30,,,,10.84,
1978-12-31,,,,10.84,
1979-01-01,,,,10.84,
1979-01-02,,,9.18,11.72,9.41
1979-01-03,,,9.16,8.34,9.31
1979-01-04,,,9.11,10.03,9.31
1979-01-05,,,9.1,9.94,9.34
1979-01-06,,,,9.94,
1979-01-07,,,,9.94,
1979-01-08,,,9.14,10.01,9.36
1979-01-09,,,9.16,10.01,9.27
1979-01-10,,,9.16,9.91,9.25
1979-01-11,,,9.15,10.0,9.28
1979-01-12,,,9.14,10.01,9.35
1979-01-13,,,,10.01,
1979-01-14,,,,10.01,
1979-01-15,,,9.15,10.17,9.44
1979-01-16,,,9.16,10.1,9.44
1979-01-17,,,9.18,10.05,9.44
1979-01-18,,,9.18,10.0,9.46
1979-01-19,,,9.15,10.03,9.4
1979-01-20,,,,10.03,
1979-01-21,,,,10.03,
1979-01-22,,,9.12,10.15,9.34
1979-01-23,,,9.1,10.06,9.36
1979-01-24,,,9.08,10.02,9.35
1979-01-25,,,8.98,10.02,9.33
1979-01-26,,,8.93,10.05,9.34
1979-01-27,,,,10.05,
1979-01-28,,,,10.05,
1979-01-29,,,8.96,10.1,9.35
1979-01-30,,,8.95,10.01,9.27
1979-01-31,,,8.95,10.57,9.29
1979-02-01,,,8.94,10.05,9.25
1979-02-02,,,8.89,10.11,9.25
1979-02-03,,,,10.11,
1979-02-04,,,,10.11,
1979-02-05,,,8.95,10.26,9.18
1979-02-06,,,9.0,10.27,9.21
1979-02-07,,,9.09,9.48,9.25
1979-02-08,,,9.09,10.05,9.24
1979-02-09,,,9.11,10.0,9.31
1979-02-10,,,,10.0,
1979-02-11,,,,10.0,
1979-02-12,,,,9.97,
1979-02-13,,,9.11,10.55,9.29
1979-02-14,,,9.12,10.49,9.27
1979-02-15,,,9.12,10.07,9.26
1979-02-16,,,9.11,9.98,9.29
1979-02-17,,,,9.98,
1979-02-18,,,,9.98,
1979-02-19,,,,9.98,
1979-02-20,,,9.12,10.05,9.38
1979-02-21,,,9.15,9.76,9.42
1979-02-22,,,9.2,9.99,9.41
1979-02-23,,,9.21,10.02,9.44
1979-02-24,,,,10.02,
1979-02-25,,,,10.02,
1979-02-26,,,9.2,10.09,9.46
1979-02-27,,,9.19,10.01,9.47
1979-02-28,,,9.17,10.24,9.45
1979-03-01,,,9.17,10.05,9.4
1979-03-02,,,9.16,10.11,9.41
1979-03-03,,,,10.11,
1979-03-04,,,,10.11,
1979-03-05,,,9.11,10.15,9.4
1979-03-06,,,9.14,9.95,9.42
1979-03-07,,,9.1,10.04,9.42
1979-03-08,,,9.1,10.02,9.42
1979-03-09,,,9.11,10.17,9.52
1979-03-10,,,,10.17,
1979-03-11,,,,10.17,
1979-03-12,,,9.11,10.3,9.51
1979-03-13,,,9.11,10.22,9.51
1979-03-14,,,9.12,10.39,9.52
1979-03-15,,,9.14,10.14,9.49
1979-03-16,,,9.12,10.19,9.52
1979-03-17,,,,10.19,
1979-03-18,,,,10.19,
1979-03-19,,,9.12,10.11,9.5
1979-03-20,,,9.13,9.93,9.52
1979-03-21,,,9.13,9.91,9.56
1979-03-22,,,9.12,10.01,9.56
1979-03-23,,,9.12,10.01,9.55
1979-03-24,,,,10.01,
1979-03-25,,,,10.01,
1979-03-26,,,9.12,10.08,9.54
1979-03-27,,,9.11,10.03,9.49
1979-03-28,,,9.07,9.83,9.43
1979-03-29,,,9.06,10.01,9.39
1979-03-30,,,9.11,10.07,9.44
1979-03-31,,,,10.07,
1979-04-01,,,,10.07,
1979-04-02,,,9.11,10.03,9.54
1979-04-03,,,9.1,9.75,9.52
1979-04-04,,,9.09,9.62,9.49
1979-04-05,,,9.07,10.0,9.49
1979-04-06,,,9.1,10.03,9.6
1979-04-07,,,,10.03,
1979-04-08,,,,10.03,
1979-04-09,,,9.14,10.02,9.62
1979-04-10,,,9.17,10.03,9.75
1979-04-11,,,9.2,9.38,9.72
1979-04-12,,,9.2,10.02,9.69
1979-04-13,,,,9.83,
1979-04-14,,,,9.83,
1979-04-15,,,,9.83,
1979-04-16,,,9.19,10.03,9.66
1979-04-17,,,9.16,9.98,9.5
1979-04-18,,,9.15,10.18,9.29
1979-04-19,,,9.15,10.02,9.3
1979-04-20,,,9.19,10.07,9.31
1979-04-21,,,,10.07,
1979-04-22,,,,10.07,
1979-04-23,,,9.21,10.22,9.2
1979-04-24,,,9.24,10.25,9.1
1979-04-25,,,9.23,9.96,9.07
1979-04-26,,,9.27,10.05,9.14
1979-04-27,,,9.32,10.16,9.66
1979-04-28,,,,10.16,
1979-04-29,,,,10.16,
1979-04-30,,,9.35,10.43,9.56
1979-05-01,,,9.36,10.38,9.5
1979-05-02,,,9.34,10.2,9.55
1979-05-03,,,9.38,10.24,9.61
1979-05-04,,,9.39,10.25,9.68
1979-05-05,,,,10.25,
1979-05-06,,,,10.25,
1979-05-07,,,9.39,10.29,9.66
1979-05-08,,,9.38,10.21,9.66
1979-05-09,,,9.36,10.25,9.64
1979-05-10,,,9.36,10.23,9.64
1979-05-11,,,9.34,10.26,9.56
1979-05-12,,,,10.26,
1979-05-13,,,,10.26,
1979-05-14,,,9.3,10.33,9.55
1979-05-15,,,9.32,10.28,9.6
1979-05-16,,,9.31,10.13,9.57
1979-05-17,,,9.24,10.24,9.57
1979-05-18,,,9.23,10.25,9.72
1979-05-19,,,,10.25,
1979-05-20,,,,10.25,
1979-05-21,,,9.24,10.34,9.77
1979-05-22,,,9.15,10.18,9.7
1979-05-23,,,9.07,9.66,9.67
1979-05-24,,,9.06,10.18,9.53
1979-05-25,,,9.01,10.05,9.54
1979-05-26,,,,10.05,
1979-05-27,,,,10.05,
1979-05-28,,,,10.49,
1979-05-29,,,9.01,10.48,9.55
1979-05-30,,,,10.65,
1979-05-31,,,9.06,10.31,9.57
1979-06-01,,,9.05,10.24,9.52
1979-06-02,,,,10.24,
1979-06-03,,,,10.24,
1979-06-04,,,9.06,10.23,9.54
1979-06-05,,,9.02,10.19,9.44
1979-06-06,,,8.97,10.17,9.35
1979-06-07,,,8.89,10.26,9.29
1979-06-08,,,8.9,10.26,9.18
1979-06-09,,,,10.26,
1979-06-10,,,,10.26,
1979-06-11,,,8.94,10.31,9.06
1979-06-12,,,8.79,10.24,8.88
1979-06-13,,,8.83,10.01,8.87
1979-06-14,,,8.87,10.29,8.9
1979-06-15,,,8.96,10.31,9.15
1979-06-16,,,,10.31,
1979-06-17,,,,10.31,
1979-06-18,,,8.95,10.4,8.95
1979-06-19,,,8.95,10.24,8.97
1979-06-20,,,8.94,10.13,8.94
1979-06-21,,,8.93,10.22,8.96
1979-06-22,,,8.98,10.26,8.99
1979-06-23,,,,10.26,
1979-06-24,,,,10.26,
1979-06-25,,,8.93,10.43,8.75
1979-06-26,,,8.82,10.3,8.76
1979-06-27,,,8.8,10.5,8.81
1979-06-28,,,8.8,10.54,8.9
1979-06-29,,,8.81,10.54,8.95
1979-06-30,,,,10.54,
1979-07-01,,,,10.54,
1979-07-02,,,8.76,10.66,8.93
1979-07-03,,,8.77,10.05,9.06
1979-07-04,,,,10.05,
1979-07-05,,,8.8,10.33,9.19
1979-07-06,,,8.82,10.29,9.2
1979-07-07,,,,10.29,
1979-07-08,,,,10.29,
1979-07-09,,,8.86,10.31,9.26
1979-07-10,,,8.92,10.24,9.32
1979-07-11,,,8.97,10.24,9.27
1979-07-12,,,8.95,10.31,9.26
1979-07-13,,,8.94,10.32,9.3
1979-07-14,,,,10.32,
1979-07-15,,,,10.32,
1979-07-16,,,8.99,10.44,9.36
1979-07-17,,,9.01,10.36,9.28
1979-07-18,,,9.03,10.37,9.25
1979-07-19,,,9.04,10.41,9.26
1979-07-20,,,8.98,10.61,9.42
1979-07-21,,,,10.61,
1979-07-22,,,,10.61,
1979-07-23,,,9.03,10.97,9.44
1979-07-24,,,9.06,10.76,9.38
1979-07-25,,,8.99,10.45,9.22
1979-07-26,,,8.97,10.6,9.13
1979-07-27,,,9.02,10.7,9.23
1979-07-28,,,,10.7,
1979-07-29,,,,10.7,
1979-07-30,,,9.03,10.96,9.09
1979-07-31,,,9.01,10.81,9.18
1979-08-01,,,8.99,10.75,9.16
1979-08-02,,,8.91,10.7,9.33
1979-08-03,,,8.92,10.69,9.38
1979-08-04,,,,10.69,
1979-08-05,,,,10.69,
1979-08-06,,,8.91,10.72,9.34
1979-08-07,,,8.91,10.57,9.4
1979-08-08,,,8.93,10.61,9.4
1979-08-09,,,8.97,10.68,9.4
1979-08-10,,,9.0,10.74,9.46
1979-08-11,,,,10.74,
1979-08-12,,,,10.74,
1979-08-13,,,9.0,10.93,9.47
1979-08-14,,,8.98,10.8,9.49
1979-08-15,,,9.0,10.97,9.55
1979-08-16,,,9.0,11.08,9.52
1979-08-17,,,9.01,11.05,9.58
1979-08-18,,,,11.05,
1979-08-19,,,,11.05,
1979-08-20,,,9.02,11.12,9.5
1979-08-21,,,9.04,10.99,9.54
1979-08-22,,,9.04,10.91,9.56
1979-08-23,,,9.05,11.01,9.53
1979-08-24,,,9.14,11.19,9.64
1979-08-25,,,,11.19,
1979-08-26,,,,11.19,
1979-08-27,,,9.12,11.47,9.65
1979-08-28,,,9.15,11.43,9.74
1979-08-29,,,9.14,10.66,9.77
1979-08-30,,,9.21,11.32,9.75
1979-08-31,,,9.24,11.29,9.81
1979-09-01,,,,11.29,
1979-09-02,,,,11.29,
1979-09-03,,,,11.29,
1979-09-04,,,9.32,11.31,10.02
1979-09-05,,,9.32,9.38,10.07
1979-09-06,,,9.35,11.31,10.27
1979-09-07,,,9.34,11.27,10.42
1979-09-08,,,,11.27,
1979-09-09,,,,11.27,
1979-09-10,,,9.36,11.33,10.55
1979-09-11,,,9.25,11.31,10.45
1979-09-12,,,9.3,11.35,10.45
1979-09-13,,,9.34,11.37,10.5
1979-09-14,,,9.29,11.36,10.29
1979-09-15,,,,11.36,
1979-09-16,,,,11.36,
1979-09-17,,,9.37,11.51,10.37
1979-09-18,,,9.36,11.53,10.4
1979-09-19,,,9.31,11.11,10.2
1979-09-20,,,9.29,11.54,10.21
1979-09-21,,,9.26,11.6,10.1
1979-09-22,,,,11.6,
1979-09-23,,,,11.6,
1979-09-24,,,9.34,11.74,10.03
1979-09-25,,,9.32,11.59,10.06
1979-09-26,,,9.36,11.63,10.22
1979-09-27,,,9.44,11.8,10.28
1979-09-28,,,9.44,12.16,10.12
1979-09-29,,,,12.16,
1979-09-30,,,,12.16,
1979-10-01,,,9.51,12.06,10.15
1979-10-02,,,9.47,11.8,10.37
1979-10-03,,,9.5,11.22,10.39
1979-10-04,,,9.58,11.67,10.56
1979-10-05,,,9.6,11.61,10.7
1979-10-06,,,,11.61,
1979-10-07,,,,11.61,
1979-10-08,,,,11.61,
1979-10-09,,,9.93,13.86,11.82
1979-10-10,,,10.09,12.04,11.74
1979-10-11,,,10.17,13.2,11.57
1979-10-12,,,10.15,12.97,11.35
1979-10-13,,,,12.97,
1979-10-14,,,,12.97,
1979-10-15,,,10.31,13.65,11.6
1979-10-16,,,10.27,13.31,11.84
1979-10-17,,,10.2,13.44,11.69
1979-10-18,,,10.41,13.64,12.05
1979-10-19,,,10.68,15.07,12.37
1979-10-20,,,,15.07,
1979-10-21,,,,15.07,
1979-10-22,,,10.96,17.6,12.84
1979-10-23,,,11.02,15.65,13.01
1979-10-24,,,10.83,13.88,12.72
1979-10-25,,,10.98,15.22,12.53
1979-10-26,,,10.67,16.01,11.91
1979-10-27,,,,16.01,
1979-10-28,,,,16.01,
1979-10-29,,,10.78,16.16,12.02
1979-10-30,,,10.75,15.02,12.08
1979-10-31,,,10.72,14.82,12.12
1979-11-01,,,10.79,15.26,12.06
1979-11-02,,,10.84,14.66,12.05
1979-11-03,,,,14.66,
1979-11-04,,,,14.66,
1979-11-05,,,10.85,13.56,12.06
1979-11-06,,,,12.71,
1979-11-07,,,11.0,10.9,12.48
1979-11-08,,,10.96,13.52,12.44
1979-11-09,,,10.68,13.42,12.0
1979-11-10,,,,13.42,
1979-11-11,,,,13.42,
1979-11-12,,,,13.42,
1979-11-13,,,10.63,13.54,12.06
1979-11-14,,,10.75,12.36,11.94
1979-11-15,,,10.62,13.43,11.7
1979-11-16,,,10.77,13.23,11.91
1979-11-17,,,,13.23,
1979-11-18,,,,13.23,
1979-11-19,,,10.8,13.21,11.99
1979-11-20,,,10.78,12.98,11.92
1979-11-21,,,10.73,12.4,11.81
1979-11-22,,,,12.4,
1979-11-23,,,10.51,12.31,11.34
1979-11-24,,,,12.31,
1979-11-25,,,,12.31,
1979-11-26,,,10.37,12.35,11.05
1979-11-27,,,10.24,12.53,11.09
1979-11-28,,,10.37,12.98,11.4
1979-11-29,,,10.34,13.04,11.27
1979-11-30,,,10.38,13.96,11.49
1979-12-01,,,,13.96,
1979-12-02,,,,13.96,
1979-12-03,,,10.44,14.48,11.83
1979-12-04,,,10.32,13.78,11.68
1979-12-05,,,10.27,13.18,11.64
1979-12-06,,,10.13,13.34,11.65
1979-12-07,,,10.3,13.71,11.93
1979-12-08,,,,13.71,
1979-12-09,,,,13.71,
1979-12-10,,,10.27,14.17,12.09
1979-12-11,,,10.46,14.11,12.29
1979-12-12,,,10.58,13.77,12.6
1979-12-13,,,10.51,14.64,12.42
1979-12-14,,,10.45,13.96,12.3
1979-12-15,,,,13.96,
1979-12-16,,,,13.96,
1979-12-17,,,10.42,14.26,12.24
1979-12-18,,,10.34,13.59,12.17
1979-12-19,,,10.33,12.96,11.91
1979-12-20,,,10.38,13.69,11.9
1979-12-21,,,10.39,14.04,12.08
1979-12-22,,,,14.04,
1979-12-23,,,,14.04,
1979-12-24,,,10.45,13.16,12.05
1979-12-25,,,,13.16,
1979-12-26,,,10.48,12.27,12.0
1979-12-27,,,10.46,13.87,11.97
1979-12-28,,,10.41,13.63,11.92
1979-12-29,,,,13.63,
1979-12-30,,,,13.63,
1979-12-31,,,10.33,14.77,12.04
1980-01-01,,,,14.77,
1980-01-02,,,10.5,14.0,12.17
1980-01-03,,,10.6,13.89,12.1
1980-01-04,,,10.66,14.0,12.1
1980-01-05,,,,14.0,
1980-01-06,,,,14.0,
1980-01-07,,,10.63,14.0,11.86
1980-01-08,,,10.57,13.86,11.78
1980-01-09,,,10.58,13.86,11.76
1980-01-10,,,10.51,14.07,11.45
1980-01-11,,,10.68,14.13,11.76
1980-01-12,,,,14.13,
1980-01-13,,,,14.13,
1980-01-14,,,10.7,14.07,11.84
1980-01-15,,,10.65,13.55,11.87
1980-01-16,,,10.65,13.28,11.82
1980-01-17,,,10.71,13.57,11.94
1980-01-18,,,10.82,13.74,12.07
1980-01-19,,,,13.74,
1980-01-20,,,,13.74,
1980-01-21,,,10.96,14.06,12.23
1980-01-22,,,10.85,13.97,12.16
1980-01-23,,,10.82,13.59,12.02
1980-01-24,,,11.01,13.89,12.17
1980-01-25,,,11.1,14.0,12.29
1980-01-26,,,,14.0,
1980-01-27,,,,14.0,
1980-01-28,,,11.15,13.86,12.18
1980-01-29,,,11.21,13.46,12.26
1980-01-30,,,11.16,11.56,12.13
1980-01-31,,,11.13,13.4,12.0
1980-02-01,,,11.29,13.44,12.17
1980-02-02,,,,13.44,
1980-02-03,,,,13.44,
1980-02-04,,,11.4,13.5,11.98
1980-02-05,,,11.73,12.63,12.22
1980-02-06,,,11.92,9.76,12.06
1980-02-07,,,11.71,12.93,11.92
1980-02-08,,,11.8,13.33,12.07
1980-02-09,,,,13.33,
1980-02-10,,,,13.33,
1980-02-11,,,12.01,13.97,12.22
1980-02-12,,,,14.02,
1980-02-13,,,11.86,14.58,12.18
1980-02-14,,,11.97,14.3,12.23
1980-02-15,,,12.2,14.67,12.8
1980-02-16,,,,14.67,
1980-02-17,,,,14.67,
1980-02-18,,,,14.67,
1980-02-19,,,12.85,16.69,13.4
1980-02-20,,,12.84,14.44,13.3
1980-02-21,,,13.22,15.01,13.42
1980-02-22,,,13.06,14.46,13.38
1980-02-23,,,,14.46,
1980-02-24,,,,14.46,
1980-02-25,,,13.27,14.03,13.65
1980-02-26,,,13.65,14.16,13.85
1980-02-27,,,13.46,15.76,13.84
1980-02-28,,,12.92,15.18,13.57
1980-02-29,,,12.72,16.33,14.01
1980-03-01,,,,16.33,
1980-03-02,,,,16.33,
1980-03-03,,,12.79,17.14,15.0
1980-03-04,,,12.91,16.15,15.15
1980-03-05,,,13.03,15.75,15.37
1980-03-06,,,13.13,17.05,15.7
1980-03-07,,,12.86,16.89,15.63
1980-03-08,,,,16.89,
1980-03-09,,,,16.89,
1980-03-10,,,12.63,16.28,15.26
1980-03-11,,,12.41,15.65,15.38
1980-03-12,,,12.62,15.47,15.6
1980-03-13,,,12.5,16.71,15.12
1980-03-14,,,12.52,16.29,15.25
1980-03-15,,,,16.29,
1980-03-16,,,,16.29,
1980-03-17,,,12.58,16.75,14.67
1980-03-18,,,12.4,15.73,14.62
1980-03-19,,,12.35,15.59,14.33
1980-03-20,,,12.62,16.83,15.02
1980-03-21,,,12.75,17.68,15.15
1980-03-22,,,,17.68,
1980-03-23,,,,17.68,
1980-03-24,,,13.17,17.92,15.93
1980-03-25,,,13.1,17.72,16.0
1980-03-26,,,13.03,18.96,15.93
1980-03-27,,,12.97,19.04,15.12
1980-03-28,,,12.72,19.71,14.75
1980-03-29,,,,19.71,
1980-03-30,,,,19.71,
1980-03-31,,,12.64,19.85,14.24
1980-04-01,,,12.69,19.79,15.03
1980-04-02,,,12.63,17.9,14.88
1980-04-03,,,12.52,19.96,14.97
1980-04-04,,,,19.85,
1980-04-05,,,,19.85,
1980-04-06,,,,19.85,
1980-04-07,,,12.13,19.78,14.41
1980-04-08,,,12.21,18.37,14.48
1980-04-09,,,12.06,15.65,14.31
1980-04-10,,,12.06,19.53,14.3
1980-04-11,,,11.79,18.73,13.99
1980-04-12,,,,18.73,
1980-04-13,,,,18.73,
1980-04-14,,,11.62,18.34,13.84
1980-04-15,,,11.57,18.35,13.82
1980-04-16,,,10.9,16.06,13.5
1980-04-17,,,11.13,18.33,13.5
1980-04-18,,,11.05,18.31,13.2
1980-04-19,,,,18.31,
1980-04-20,,,,18.31,
1980-04-21,,,10.9,17.65,12.93
1980-04-22,,,10.82,16.65,12.25
1980-04-23,,,10.89,15.38,12.01
1980-04-24,,,10.96,16.18,11.91
1980-04-25,,,10.95,15.45,11.81
1980-04-26,,,,15.45,
1980-04-27,,,,15.45,
1980-04-28,,,10.63,14.67,11.0
1980-04-29,,,10.67,13.98,10.74
1980-04-30,,,10.76,14.64,10.39
1980-05-01,,,10.57,14.07,10.36
1980-05-02,,,10.24,14.3,9.85
1980-05-03,,,,14.3,
1980-05-04,,,,14.3,
1980-05-05,,,10.18,12.28,9.66
1980-05-06,,,9.8,11.57,9.5
1980-05-07,,,9.96,9.89,8.98
1980-05-08,,,10.18,10.57,8.75
1980-05-09,,,10.3,10.8,8.81
1980-05-10,,,,10.8,
1980-05-11,,,,10.8,
1980-05-12,,,10.3,10.79,8.6
1980-05-13,,,10.13,10.92,8.28
1980-05-14,,,10.14,11.3,8.14
1980-05-15,,,10.31,11.15,8.61
1980-05-16,,,10.37,11.42,9.04
1980-05-17,,,,11.42,
1980-05-18,,,,11.42,
1980-05-19,,,10.53,10.92,8.89
1980-05-20,,,10.22,10.2,8.29
1980-05-21,,,10.08,8.44,8.06
1980-05-22,,,10.1,9.51,7.95
1980-05-23,,,9.85,8.73,7.54
1980-05-24,,,,8.73,
1980-05-25,,,,8.73,
1980-05-26,,,,8.73,
1980-05-27,,,9.96,9.55,7.52
1980-05-28,,,10.1,12.23,7.66
1980-05-29,,,10.24,10.49,7.88
1980-05-30,,,10.25,11.06,7.75
1980-05-31,,,,11.06,
1980-06-01,,,,11.06,
1980-06-02,,,10.31,11.26,7.9
1980-06-03,,,10.16,11.05,7.61
1980-06-04,,,10.07,9.22,7.41
1980-06-05,,,10.02,10.07,7.36
1980-06-06,,,9.81,10.39,7.29
1980-06-07,,,,10.39,
1980-06-08,,,,10.39,
1980-06-09,,,9.73,9.6,6.87
1980-06-10,,,9.83,8.44,6.64
1980-06-11,,,9.7,8.48,6.3
1980-06-12,,,9.53,8.64,6.2
1980-06-13,,,9.51,8.6,6.18
1980-06-14,,,,8.6,
1980-06-15,,,,8.6,
1980-06-16,,,9.47,9.68,6.37
1980-06-17,,,9.49,9.53,6.74
1980-06-18,,,9.56,9.28,6.97
1980-06-19,,,9.56,9.48,6.98
1980-06-20,,,9.49,9.43,6.74
1980-06-21,,,,9.43,
1980-06-22,,,,9.43,
1980-06-23,,,9.63,9.29,7.14
1980-06-24,,,9.68,8.62,7.3
1980-06-25,,,9.79,7.9,7.42
1980-06-26,,,9.87,9.05,7.56
1980-06-27,,,10.04,9.27,7.7
1980-06-28,,,,9.27,
1980-06-29,,,,9.27,
1980-06-30,,,10.09,10.44,7.88
1980-07-01,,,10.13,9.47,8.04
1980-07-02,,,10.19,9.1,7.94
1980-07-03,,,10.01,9.61,7.81
1980-07-04,,,,9.61,
1980-07-05,,,,9.61,
1980-07-06,,,,9.61,
1980-07-07,,,10.2,9.35,8.24
1980-07-08,,,10.09,8.75,8.06
1980-07-09,,,10.14,8.3,7.97
1980-07-10,,,10.21,8.81,7.96
1980-07-11,,,10.28,9.12,8.17
1980-07-12,,,,9.12,
1980-07-13,,,,9.12,
1980-07-14,,,10.33,9.3,8.18
1980-07-15,,,10.17,9.09,8.05
1980-07-16,,,10.07,8.33,7.76
1980-07-17,,,10.21,8.64,7.96
1980-07-18,,,10.2,8.74,7.96
1980-07-19,,,,8.74,
1980-07-20,,,,8.74,
1980-07-21,,,10.13,8.63,7.86
1980-07-22,,,10.18,8.39,7.88
1980-07-23,,,10.12,8.86,7.83
1980-07-24,,,10.24,8.57,8.01
1980-07-25,,,10.35,8.76,8.05
1980-07-26,,,,8.76,
1980-07-27,,,,8.76,
1980-07-28,,,10.46,9.1,8.21
1980-07-29,,,10.45,9.31,8.3
1980-07-30,,,10.53,9.57,8.38
1980-07-31,,,10.76,9.93,8.62
1980-08-01,,,10.76,10.48,8.7
1980-08-02,,,,10.48,
1980-08-03,,,,10.48,
1980-08-04,,,10.69,10.04,8.64
1980-08-05,,,10.7,8.16,8.72
1980-08-06,,,10.8,7.65,8.55
1980-08-07,,,10.71,8.86,8.38
1980-08-08,,,10.87,9.05,8.62
1980-08-09,,,,9.05,
1980-08-10,,,,9.05,
1980-08-11,,,11.03,9.19,8.83
1980-08-12,,,10.98,8.67,8.64
1980-08-13,,,10.89,8.1,8.55
1980-08-14,,,10.9,9.02,8.45
1980-08-15,,,10.86,9.05,8.54
1980-08-16,,,,9.05,
1980-08-17,,,,9.05,
1980-08-18,,,11.13,9.6,9.11
1980-08-19,,,11.24,9.79,9.38
1980-08-20,,,11.22,9.92,9.31
1980-08-21,,,11.3,9.92,9.7
1980-08-22,,,11.13,10.05,9.54
1980-08-23,,,,10.05,
1980-08-24,,,,10.05,
1980-08-25,,,11.4,9.97,9.78
1980-08-26,,,11.42,9.99,9.94
1980-08-27,,,11.67,10.2,10.07
1980-08-28,,,11.89,10.58,10.32
1980-08-29,,,11.55,10.74,9.96
1980-08-30,,,,10.74,
1980-08-31,,,,10.74,
1980-09-01,,,,10.74,
1980-09-02,,,11.32,10.3,9.87
1980-09-03,,,11.08,9.48,9.74
1980-09-04,,,11.16,10.05,9.75
1980-09-05,,,11.21,10.28,9.77
1980-09-06,,,,10.28,
1980-09-07,,,,10.28,
1980-09-08,,,11.29,10.33,10.1
1980-09-09,,,11.19,10.22,10.04
1980-09-10,,,11.14,10.09,9.94
1980-09-11,,,11.32,10.47,10.14
1980-09-12,,,11.37,10.79,10.22
1980-09-13,,,,10.79,
1980-09-14,,,,10.79,
1980-09-15,,,11.62,10.96,10.47
1980-09-16,,,11.52,10.81,10.29
1980-09-17,,,11.57,9.88,10.34
1980-09-18,,,11.53,10.86,10.15
1980-09-19,,,11.33,10.75,10.03
1980-09-20,,,,10.75,
1980-09-21,,,,10.75,
1980-09-22,,,11.69,10.94,10.56
1980-09-23,,,11.76,11.01,10.33
1980-09-24,,,11.75,10.92,10.16
1980-09-25,,,11.91,11.26,10.36
1980-09-26,,,11.99,11.95,10.82
1980-09-27,,,,11.95,
1980-09-28,,,,11.95,
1980-09-29,,,12.07,13.34,11.18
1980-09-30,,,11.86,13.19,11.44
1980-10-01,,,11.78,13.05,11.45
1980-10-02,,,11.83,13.45,11.53
1980-10-03,,,11.4,13.31,11.33
1980-10-04,,,,13.31,
1980-10-05,,,,13.31,
1980-10-06,,,11.35,11.9,11.14
1980-10-07,,,11.43,11.7,11.3
1980-10-08,,,11.51,11.14,11.38
1980-10-09,,,11.39,12.45,11.14
1980-10-10,,,11.44,12.79,11.25
1980-10-11,,,,12.79,
1980-10-12,,,,12.79,
1980-10-13,,,,12.79,
1980-10-14,,,11.37,13.17,11.18
1980-10-15,,,11.29,11.69,10.91
1980-10-16,,,11.47,12.85,10.98
1980-10-17,,,11.62,12.31,11.2
1980-10-18,,,,12.31,
1980-10-19,,,,12.31,
1980-10-20,,,11.64,12.37,11.31
1980-10-21,,,11.7,12.61,11.64
1980-10-22,,,11.88,13.11,11.81
1980-10-23,,,11.82,13.16,11.79
1980-10-24,,,11.74,13.19,11.74
1980-10-25,,,,13.19,
1980-10-26,,,,13.19,
1980-10-27,,,12.13,13.27,12.31
1980-10-28,,,12.32,13.02,12.49
1980-10-29,,,12.48,13.15,12.52
1980-10-30,,,12.48,13.77,12.54
1980-10-31,,,12.46,13.77,12.71
1980-11-01,,,,13.77,
1980-11-02,,,,13.77,
1980-11-03,,,12.46,14.06,13.17
1980-11-04,,,,14.02,
1980-11-05,,,12.61,14.76,13.4
1980-11-06,,,13.04,15.35,13.5
1980-11-07,,,12.66,15.01,13.04
1980-11-08,,,,15.01,
1980-11-09,,,,15.01,
1980-11-10,,,12.78,14.57,13.48
1980-11-11,,,,14.57,
1980-11-12,,,12.47,13.01,13.18
1980-11-13,,,12.49,14.0,13.09
1980-11-14,,,12.79,14.23,13.39
1980-11-15,,,,14.23,
1980-11-16,,,,14.23,
1980-11-17,,,12.95,16.22,14.19
1980-11-18,,,12.62,17.19,13.69
1980-11-19,,,12.51,16.41,13.72
1980-11-20,,,12.59,17.01,13.96
1980-11-21,,,12.8,17.63,14.32
1980-11-22,,,,17.63,
1980-11-23,,,,17.63,
1980-11-24,,,12.76,17.11,14.41
1980-11-25,,,12.74,16.69,14.16
1980-11-26,,,12.65,18.33,14.2
1980-11-27,,,,18.33,
1980-11-28,,,12.72,18.56,14.48
1980-11-29,,,,18.56,
1980-11-30,,,,18.56,
1980-12-01,,,12.92,17.71,14.71
1980-12-02,,,12.95,16.75,14.82
1980-12-03,,,12.92,15.58,14.66
1980-12-04,,,12.91,18.11,14.86
1980-12-05,,,12.85,19.32,15.84
1980-12-06,,,,19.32,
1980-12-07,,,,19.32,
1980-12-08,,,12.91,18.8,16.53
1980-12-09,,,13.1,18.37,16.72
1980-12-10,,,13.15,18.52,16.88
1980-12-11,,,13.57,20.14,17.14
1980-12-12,,,13.21,19.44,16.55
1980-12-13,,,,19.44,
1980-12-14,,,,19.44,
1980-12-15,,,13.25,19.62,16.77
1980-12-16,,,13.51,20.45,16.7
1980-12-17,,,13.28,20.27,16.47
1980-12-18,,,13.22,20.74,16.2
1980-12-19,,,12.64,20.07,14.93
1980-12-20,,,,20.07,
1980-12-21,,,,20.07,
1980-12-22,,,12.14,19.75,14.84
1980-12-23,,,12.35,18.84,14.49
1980-12-24,,,12.42,16.52,14.71
1980-12-25,,,,16.52,
1980-12-26,,,12.25,17.26,14.45
1980-12-27,,,,17.26,
1980-12-28,,,,17.26,
1980-12-29,,,12.2,17.93,14.18
1980-12-30,,,12.39,20.89,14.12
1980-12-31,,,12.43,22.0,14.3
1981-01-01,,,,22.0,
1981-01-02,,,12.42,20.05,14.65
1981-01-03,,,,20.05,
1981-01-04,,,,20.05,
1981-01-05,,,12.15,19.39,13.52
1981-01-06,,,12.11,19.97,13.58
1981-01-07,,,12.38,18.9,14.5
1981-01-08,,,12.35,19.49,14.76
1981-01-09,,,12.57,19.58,15.2
1981-01-10,,,,19.58,
1981-01-11,,,,19.58,
1981-01-12,,,12.45,19.87,15.22
1981-01-13,,,12.53,19.97,15.24
1981-01-14,,,12.53,19.38,15.08
1981-01-15,,,12.62,19.52,15.25
1981-01-16,,,12.53,19.82,15.15
1981-01-17,,,,19.82,
1981-01-18,,,,19.82,
1981-01-19,,,12.64,19.88,15.79
1981-01-20,,,12.5,18.94,15.32
1981-01-21,,,12.77,17.63,15.71
1981-01-22,,,12.87,19.05,15.72
1981-01-23,,,12.84,18.7,15.7
1981-01-24,,,,18.7,
1981-01-25,,,,18.7,
1981-01-26,,,12.7,18.69,15.35
1981-01-27,,,12.73,17.98,15.2
1981-01-28,,,12.77,15.03,15.06
1981-01-29,,,12.8,16.98,14.87
1981-01-30,,,12.68,17.25,14.59
1981-01-31,,,,17.25,
1981-02-01,,,,17.25,
1981-02-02,,,12.86,17.54,14.9
1981-02-03,,,12.98,17.76,14.85
1981-02-04,,,12.86,16.33,14.67
1981-02-05,,,12.95,16.8,14.74
1981-02-06,,,13.09,16.94,15.32
1981-02-07,,,,16.94,
1981-02-08,,,,16.94,
1981-02-09,,,13.21,16.89,15.52
1981-02-10,,,13.27,16.72,15.46
1981-02-11,,,13.42,14.33,15.54
1981-02-12,,,,14.71,
1981-02-13,,,13.65,16.2,15.51
1981-02-14,,,,16.2,
1981-02-15,,,,16.2,
1981-02-16,,,,16.2,
1981-02-17,,,13.33,16.44,15.14
1981-02-18,,,13.3,14.73,15.02
1981-02-19,,,13.09,15.63,14.48
1981-02-20,,,12.9,14.62,14.09
1981-02-21,,,,14.62,
1981-02-22,,,,14.62,
1981-02-23,,,13.19,14.83,14.23
1981-02-24,,,13.21,15.03,14.15
1981-02-25,,,13.29,15.39,14.2
1981-02-26,,,13.47,15.24,14.14
1981-02-27,,,13.43,15.53,14.22
1981-02-28,,,,15.53,
1981-03-01,,,,15.53,
1981-03-02,,,13.62,15.96,14.52
1981-03-03,,,13.43,16.51,14.39
1981-03-04,,,13.45,15.84,14.49
1981-03-05,,,13.43,16.11,14.51
1981-03-06,,,13.2,15.94,14.29
1981-03-07,,,,15.94,
1981-03-08,,,,15.94,
1981-03-09,,,13.09,15.67,14.16
1981-03-10,,,13.08,15.15,13.99
1981-03-11,,,13.12,13.96,13.92
1981-03-12,,,13.03,14.61,13.66
1981-03-13,,,12.86,14.28,13.21
1981-03-14,,,,14.28,
1981-03-15,,,,14.28,
1981-03-16,,,12.85,14.18,13.02
1981-03-17,,,12.68,14.27,12.95
1981-03-18,,,12.58,13.0,12.45
1981-03-19,,,12.67,13.05,12.36
1981-03-20,,,12.77,13.16,12.36
1981-03-21,,,,13.16,
1981-03-22,,,,13.16,
1981-03-23,,,13.13,13.47,12.83
1981-03-24,,,13.3,13.69,12.84
1981-03-25,,,13.21,14.7,12.83
1981-03-26,,,13.34,14.82,12.97
1981-03-27,,,13.36,15.1,13.08
1981-03-28,,,,15.1,
1981-03-29,,,,15.1,
1981-03-30,,,13.22,15.23,12.6
1981-03-31,,,13.13,14.63,12.46
1981-04-01,,,13.14,14.51,12.37
1981-04-02,,,13.25,14.86,12.58
1981-04-03,,,13.4,15.77,12.97
1981-04-04,,,,15.77,
1981-04-05,,,,15.77,
1981-04-06,,,13.74,16.03,14.0
1981-04-07,,,13.41,15.6,13.63
1981-04-08,,,13.61,14.2,13.66
1981-04-09,,,13.45,15.54,13.49
1981-04-10,,,13.59,15.56,13.59
1981-04-11,,,,15.56,
1981-04-12,,,,15.56,
1981-04-13,,,13.68,15.6,13.78
1981-04-14,,,13.58,14.94,13.37
1981-04-15,,,13.74,14.56,13.68
1981-04-16,,,13.79,15.67,13.79
1981-04-17,,,,15.17,
1981-04-18,,,,15.17,
1981-04-19,,,,15.17,
1981-04-20,,,13.69,15.6,13.75
1981-04-21,,,13.73,15.86,13.66
1981-04-22,,,13.78,16.24,13.58
1981-04-23,,,13.8,15.76,13.64
1981-04-24,,,13.88,15.32,14.05
1981-04-25,,,,15.32,
1981-04-26,,,,15.32,
1981-04-27,,,13.92,16.08,14.28
1981-04-28,,,13.93,17.12,14.39
1981-04-29,,,14.05,19.02,14.42
1981-04-30,,,14.11,18.92,14.86
1981-05-01,,,14.05,19.79,14.67
1981-05-02,,,,19.79,
1981-05-03,,,,19.79,
1981-05-04,,,14.47,18.67,16.01
1981-05-05,,,14.69,18.39,16.61
1981-05-06,,,14.56,17.02,16.52
1981-05-07,,,14.33,18.41,16.58
1981-05-08,,,14.23,18.14,16.48
1981-05-09,,,,18.14,
1981-05-10,,,,18.14,
1981-05-11,,,14.34,18.28,16.59
1981-05-12,,,14.46,18.08,16.94
1981-05-13,,,14.49,18.26,17.01
1981-05-14,,,14.24,18.83,16.67
1981-05-15,,,14.07,18.49,16.55
1981-05-16,,,,18.49,
1981-05-17,,,,18.49,
1981-05-18,,,13.8,18.52,16.2
1981-05-19,,,13.95,18.75,16.56
1981-05-20,,,14.0,20.64,16.6
1981-05-21,,,14.05,20.27,17.0
1981-05-22,,,13.82,19.29,16.68
1981-05-23,,,,19.29,
1981-05-24,,,,19.29,
1981-05-25,,,,19.29,
1981-05-26,,,13.67,17.97,15.93
1981-05-27,,,13.71,15.54,16.01
1981-05-28,,,13.56,17.32,15.38
1981-05-29,,,13.5,17.56,15.1
1981-05-30,,,,17.56,
1981-05-31,,,,17.56,
1981-06-01,,,13.46,19.01,15.5
1981-06-02,,,13.58,19.45,15.69
1981-06-03,,,13.55,20.35,15.64
1981-06-04,,,13.51,20.05,15.81
1981-06-05,,,13.56,19.99,15.83
1981-06-06,,,,19.99,
1981-06-07,,,,19.99,
1981-06-08,,,13.36,18.73,15.18
1981-06-09,,,13.37,18.36,15.01
1981-06-10,,,13.31,18.22,14.69
1981-06-11,,,13.32,18.76,14.56
1981-06-12,,,13.35,18.33,14.53
1981-06-13,,,,18.33,
1981-06-14,,,,18.33,
1981-06-15,,,13.09,18.83,13.72
1981-06-16,,,13.08,19.39,13.73
1981-06-17,,,13.23,21.71,14.24
1981-06-18,,,13.57,20.68,15.0
1981-06-19,,,13.46,20.61,14.87
1981-06-20,,,,20.61,
1981-06-21,,,,20.61,
1981-06-22,,,13.44,18.75,14.36
1981-06-23,,,13.56,16.75,14.5
1981-06-24,,,13.66,16.37,14.7
1981-06-25,,,13.7,18.43,14.24
1981-06-26,,,13.69,18.39,14.13
1981-06-27,,,,18.39,
1981-06-28,,,,18.39,
1981-06-29,,,13.68,18.55,13.94
1981-06-30,,,13.86,18.64,14.28
1981-07-01,,,14.04,21.09,14.65
1981-07-02,,,13.95,20.54,14.48
1981-07-03,,,,19.83,
1981-07-04,,,,19.83,
1981-07-05,,,,19.83,
1981-07-06,,,13.81,19.94,14.35
1981-07-07,,,14.04,19.71,14.89
1981-07-08,,,14.11,19.82,14.98
1981-07-09,,,14.12,20.34,15.13
1981-07-10,,,13.94,19.06,14.75
1981-07-11,,,,19.06,
1981-07-12,,,,19.06,
1981-07-13,,,13.99,18.42,14.6
1981-07-14,,,14.15,17.65,14.78
1981-07-15,,,14.07,17.72,14.45
1981-07-16,,,14.11,18.8,14.52
1981-07-17,,,14.09,17.88,14.43
1981-07-18,,,,17.88,
1981-07-19,,,,17.88,
1981-07-20,,,14.59,18.58,15.5
1981-07-21,,,14.61,19.98,15.72
1981-07-22,,,14.63,22.36,15.68
1981-07-23,,,14.57,20.05,15.5
1981-07-24,,,14.41,18.65,15.08
1981-07-25,,,,18.65,
1981-07-26,,,,18.65,
1981-07-27,,,14.43,18.15,15.11
1981-07-28,,,14.53,18.15,15.3
1981-07-29,,,14.61,17.5,15.18
1981-07-30,,,14.71,17.59,14.87
1981-07-31,,,14.67,17.46,14.87
1981-08-01,,,,17.46,
1981-08-02,,,,17.46,
1981-08-03,,,14.95,18.81,15.5
1981-08-04,,,14.95,19.92,15.48
1981-08-05,,,14.91,19.06,15.35
1981-08-06,,,14.86,18.96,15.36
1981-08-07,,,14.83,18.51,15.44
1981-08-08,,,,18.51,
1981-08-09,,,,18.51,
1981-08-10,,,14.65,18.11,15.22
1981-08-11,,,14.4,17.85,14.85
1981-08-12,,,14.61,17.58,15.28
1981-08-13,,,14.65,17.92,15.42
1981-08-14,,,14.74,17.53,15.5
1981-08-15,,,,17.53,
1981-08-16,,,,17.53,
1981-08-17,,,14.71,18.3,15.74
1981-08-18,,,14.79,19.75,15.72
1981-08-19,,,14.77,18.77,15.67
1981-08-20,,,14.89,18.38,15.62
1981-08-21,,,14.97,17.53,15.4
1981-08-22,,,,17.53,
1981-08-23,,,,17.53,
1981-08-24,,,15.32,17.92,15.85
1981-08-25,,,15.35,17.21,15.78
1981-08-26,,,15.31,15.77,15.83
1981-08-27,,,15.36,17.13,15.72
1981-08-28,,,15.25,16.15,15.38
1981-08-29,,,,16.15,
1981-08-30,,,,16.15,
1981-08-31,,,15.41,16.83,15.52
1981-09-01,,,15.41,17.52,15.59
1981-09-02,,,15.4,18.32,15.66
1981-09-03,,,15.48,17.16,15.63
1981-09-04,,,15.51,16.42,15.56
1981-09-05,,,,16.42,
1981-09-06,,,,16.42,
1981-09-07,,,,16.42,
1981-09-08,,,15.59,16.7,15.65
1981-09-09,,,15.53,15.94,15.36
1981-09-10,,,15.3,16.53,15.01
1981-09-11,,,15.05,16.15,14.52
1981-09-12,,,,16.15,
1981-09-13,,,,16.15,
1981-09-14,,,15.2,16.11,14.45
1981-09-15,,,15.08,15.78,14.29
1981-09-16,,,15.11,15.73,14.34
1981-09-17,,,14.95,15.86,14.32
1981-09-18,,,14.91,15.71,14.34
1981-09-19,,,,15.71,
1981-09-20,,,,15.71,
1981-09-21,,,14.78,15.43,14.27
1981-09-22,,,15.03,14.64,14.48
1981-09-23,,,15.23,14.27,14.2
1981-09-24,,,15.31,15.04,14.21
1981-09-25,,,15.68,14.39,14.3
1981-09-26,,,,14.39,
1981-09-27,,,,14.39,
1981-09-28,,,15.65,14.95,14.12
1981-09-29,,,15.76,15.23,14.16
1981-09-30,,,15.84,16.58,14.34
1981-10-01,,,15.75,16.96,14.57
1981-10-02,,,15.41,16.57,14.65
1981-10-03,,,,16.57,
1981-10-04,,,,16.57,
1981-10-05,,,15.19,14.88,14.27
1981-10-06,,,15.14,13.3,13.9
1981-10-07,,,15.04,13.4,13.85
1981-10-08,,,15.0,14.51,13.7
1981-10-09,,,14.73,14.71,13.33
1981-10-10,,,,14.71,
1981-10-11,,,,14.71,
1981-10-12,,,,14.71,
1981-10-13,,,14.83,14.89,13.5
1981-10-14,,,14.87,16.28,13.24
1981-10-15,,,14.88,15.17,13.36
1981-10-16,,,14.94,15.1,13.52
1981-10-17,,,,15.1,
1981-10-18,,,,15.1,
1981-10-19,,,14.95,15.39,13.52
1981-10-20,,,15.09,15.73,13.46
1981-10-21,,,15.34,15.66,13.29
1981-10-22,,,15.38,15.56,13.32
1981-10-23,,,15.3,14.98,13.24
1981-10-24,,,,14.98,
1981-10-25,,,,14.98,
1981-10-26,,,15.6,14.69,13.32
1981-10-27,,,15.54,14.6,13.36
1981-10-28,,,15.44,14.31,13.22
1981-10-29,,,15.06,14.48,13.04
1981-10-30,,,14.63,14.44,12.75
1981-10-31,,,,14.44,
1981-11-01,,,,14.44,
1981-11-02,,,14.57,15.06,12.69
1981-11-03,,,,15.15,
1981-11-04,,,14.18,15.5,12.3
1981-11-05,,,14.19,14.6,12.18
1981-11-06,,,13.94,13.79,11.68
1981-11-07,,,,13.79,
1981-11-08,,,,13.79,
1981-11-09,,,13.39,13.51,11.19
1981-11-10,,,13.4,14.29,11.15
1981-11-11,,,,14.29,
1981-11-12,,,13.19,13.56,10.6
1981-11-13,,,13.18,13.08,10.78
1981-11-14,,,,13.08,
1981-11-15,,,,13.08,
1981-11-16,,,13.07,13.33,10.63
1981-11-17,,,13.18,13.16,10.63
1981-11-18,,,13.0,12.9,10.07
1981-11-19,,,13.04,12.94,10.12
1981-11-20,,,13.14,12.38,10.11
1981-11-21,,,,12.38,
1981-11-22,,,,12.38,
1981-11-23,,,13.44,12.15,10.49
1981-11-24,,,13.13,11.97,10.17
1981-11-25,,,12.98,12.71,10.1
1981-11-26,,,,12.71,
1981-11-27,,,12.92,12.25,10.17
1981-11-28,,,,12.25,
1981-11-29,,,,12.25,
1981-11-30,,,13.13,12.44,10.37
1981-12-01,,,13.37,13.03,10.49
1981-12-02,,,13.49,12.43,10.62
1981-12-03,,,13.45,12.65,10.52
1981-12-04,,,13.15,11.83,9.94
1981-12-05,,,,11.83,
1981-12-06,,,,11.83,
1981-12-07,,,13.5,11.89,10.22
1981-12-08,,,13.5,11.95,10.26
1981-12-09,,,13.64,12.27,10.38
1981-12-10,,,13.8,12.3,10.68
1981-12-11,,,13.84,12.22,10.82
1981-12-12,,,,12.22,
1981-12-13,,,,12.22,
1981-12-14,,,13.62,12.28,10.95
1981-12-15,,,13.55,12.25,10.89
1981-12-16,,,13.53,12.35,10.87
1981-12-17,,,13.71,12.38,11.14
1981-12-18,,,13.51,12.28,10.87
1981-12-19,,,,12.28,
1981-12-20,,,,12.28,
1981-12-21,,,13.83,12.33,11.1
1981-12-22,,,14.02,12.54,11.03
1981-12-23,,,14.14,12.92,11.32
1981-12-24,,,14.01,12.3,11.1
1981-12-25,,,,12.3,
1981-12-26,,,,12.3,
1981-12-27,,,,12.3,
1981-12-28,,,14.01,12.72,11.27
1981-12-29,,,14.12,12.97,11.7
1981-12-30,,,14.17,12.86,11.36
1981-12-31,,,13.98,13.13,11.08
1982-01-01,,,,13.13,
1982-01-02,,,,13.13,
1982-01-03,,,,13.13,
1982-01-04,,,14.19,13.31,11.39
1982-01-05,,,14.44,12.9,11.72
1982-01-06,,,14.59,12.12,11.64
1982-01-07,,,14.63,12.37,11.66
1982-01-08,,,14.48,12.12,11.52
1982-01-09,,,,12.12,
1982-01-10,,,,12.12,
1982-01-11,,,14.81,12.64,11.97
1982-01-12,,,14.62,12.88,11.96
1982-01-13,,,14.83,12.66,12.14
1982-01-14,,,14.7,12.75,12.06
1982-01-15,,,14.82,12.47,12.21
1982-01-16,,,,12.47,
1982-01-17,,,,12.47,
1982-01-18,,,14.75,12.92,12.25
1982-01-19,,,14.8,13.35,12.56
1982-01-20,,,14.81,14.26,12.72
1982-01-21,,,14.62,13.51,12.77
1982-01-22,,,14.69,13.8,13.02
1982-01-23,,,,13.8,
1982-01-24,,,,13.8,
1982-01-25,,,14.62,14.89,13.32
1982-01-26,,,14.54,14.04,13.02
1982-01-27,,,14.51,13.99,12.8
1982-01-28,,,14.29,14.06,12.28
1982-01-29,,,14.14,14.21,12.52
1982-01-30,,,,14.21,
1982-01-31,,,,14.21,
1982-02-01,,,14.58,15.69,13.68
1982-02-02,,,14.47,15.34,13.61
1982-02-03,,,14.69,15.65,13.77
1982-02-04,,,14.76,15.27,13.69
1982-02-05,,,14.65,15.22,13.63
1982-02-06,,,,15.22,
1982-02-07,,,,15.22,
1982-02-08,,,14.88,14.88,13.96
1982-02-09,,,14.95,15.1,14.18
1982-02-10,,,14.81,15.44,14.15
1982-02-11,,,14.71,15.87,14.19
1982-02-12,,,,15.54,
1982-02-13,,,,15.54,
1982-02-14,,,,15.54,
1982-02-15,,,,15.54,
1982-02-16,,,14.53,16.36,14.57
1982-02-17,,,14.5,14.88,14.47
1982-02-18,,,14.28,15.07,13.7
1982-02-19,,,14.24,14.2,13.49
1982-02-20,,,,14.2,
1982-02-21,,,,14.2,
1982-02-22,,,13.87,13.83,12.55
1982-02-23,,,13.93,13.1,12.35
1982-02-24,,,13.87,12.44,12.0
1982-02-25,,,13.91,13.26,12.23
1982-02-26,,,14.03,13.74,12.44
1982-02-27,,,,13.74,
1982-02-28,,,,13.74,
1982-03-01,,,13.85,14.11,12.27
1982-03-02,,,13.74,14.63,12.37
1982-03-03,,,13.69,15.26,12.28
1982-03-04,,,13.61,14.4,12.18
1982-03-05,,,13.59,14.37,12.19
1982-03-06,,,,14.37,
1982-03-07,,,,14.37,
1982-03-08,,,13.67,13.75,12.12
1982-03-09,,,13.69,14.01,12.36
1982-03-10,,,13.73,15.21,12.41
1982-03-11,,,13.95,14.52,12.64
1982-03-12,,,13.97,14.72,12.81
1982-03-13,,,,14.72,
1982-03-14,,,,14.72,
1982-03-15,,,13.96,15.21,12.89
1982-03-16,,,13.91,15.43,12.73
1982-03-17,,,13.88,14.92,12.76
1982-03-18,,,13.87,14.97,12.83
1982-03-19,,,13.89,14.9,13.04
1982-03-20,,,,14.9,
1982-03-21,,,,14.9,
1982-03-22,,,13.74,14.43,12.65
1982-03-23,,,13.72,13.88,12.53
1982-03-24,,,13.91,13.37,12.68
1982-03-25,,,13.9,14.11,12.75
1982-03-26,,,14.01,14.39,13.0
1982-03-27,,,,14.39,
1982-03-28,,,,14.39,
1982-03-29,,,14.16,15.37,13.41
1982-03-30,,,14.19,15.49,13.43
1982-03-31,,,14.18,16.8,13.26
1982-04-01,,,14.1,15.48,13.24
1982-04-02,,,14.1,16.02,13.26
1982-04-03,,,,16.02,
1982-04-04,,,,16.02,
1982-04-05,,,14.16,14.62,13.05
1982-04-06,,,14.18,14.21,13.13
1982-04-07,,,14.18,13.69,13.18
1982-04-08,,,13.98,14.61,13.03
1982-04-09,,,,14.28,
1982-04-10,,,,14.28,
1982-04-11,,,,14.28,
1982-04-12,,,13.83,14.33,12.81
1982-04-13,,,13.83,14.74,12.73
1982-04-14,,,13.95,16.25,12.81
1982-04-15,,,13.91,15.81,12.86
1982-04-16,,,13.71,15.27,12.64
1982-04-17,,,,15.27,
1982-04-18,,,,15.27,
1982-04-19,,,13.66,14.87,12.48
1982-04-20,,,13.72,14.34,12.46
1982-04-21,,,13.69,14.26,12.19
1982-04-22,,,13.71,14.81,12.42
1982-04-23,,,13.69,14.63,12.39
1982-04-24,,,,14.63,
1982-04-25,,,,14.63,
1982-04-26,,,13.7,14.3,12.44
1982-04-27,,,13.7,13.92,12.43
1982-04-28,,,13.77,16.1,12.44
1982-04-29,,,13.87,15.89,12.44
1982-04-30,,,13.87,15.28,12.34
1982-05-01,,,,15.28,
1982-05-02,,,,15.28,
1982-05-03,,,13.95,15.27,12.74
1982-05-04,,,13.87,15.94,12.73
1982-05-05,,,13.8,15.74,12.62
1982-05-06,,,13.54,15.25,12.34
1982-05-07,,,13.48,14.9,12.25
1982-05-08,,,,14.9,
1982-05-09,,,,14.9,
1982-05-10,,,13.49,14.59,12.33
1982-05-11,,,13.46,14.89,12.3
1982-05-12,,,13.59,15.38,12.4
1982-05-13,,,13.62,14.89,12.5
1982-05-14,,,13.48,14.52,12.36
1982-05-15,,,,14.52,
1982-05-16,,,,14.52,
1982-05-17,,,13.57,14.68,12.32
1982-05-18,,,13.6,14.7,12.23
1982-05-19,,,13.64,14.86,11.94
1982-05-20,,,13.53,14.28,11.5
1982-05-21,,,13.52,13.56,11.51
1982-05-22,,,,13.56,
1982-05-23,,,,13.56,
1982-05-24,,,13.58,13.71,11.5
1982-05-25,,,13.62,13.94,11.57
1982-05-26,,,13.68,13.27,11.55
1982-05-27,,,13.72,13.69,11.57
1982-05-28,,,13.71,13.38,11.5
1982-05-29,,,,13.38,
1982-05-30,,,,13.38,
1982-05-31,,,,13.38,
1982-06-01,,,13.93,13.76,12.01
1982-06-02,,,13.86,13.05,12.06
1982-06-03,,,13.9,13.54,12.07
1982-06-04,,,13.98,13.55,12.22
1982-06-05,,,,13.55,
1982-06-06,,,,13.55,
1982-06-07,,,13.94,13.54,12.09
1982-06-08,,,13.98,13.62,12.17
1982-06-09,,,13.99,13.83,12.08
1982-06-10,,,14.02,13.95,11.98
1982-06-11,,,13.93,14.11,11.99
1982-06-12,,,,14.11,
1982-06-13,,,,14.11,
1982-06-14,,,14.21,14.26,12.34
1982-06-15,,,14.21,14.5,12.36
1982-06-16,,,14.26,14.66,12.31
1982-06-17,,,14.48,14.48,12.56
1982-06-18,,,14.62,14.11,12.73
1982-06-19,,,,14.11,
1982-06-20,,,,14.11,
1982-06-21,,,14.63,14.05,12.56
1982-06-22,,,14.66,14.05,12.78
1982-06-23,,,14.74,14.3,12.87
1982-06-24,,,14.71,14.71,12.99
1982-06-25,,,14.76,14.9,13.19
1982-06-26,,,,14.9,
1982-06-27,,,,14.9,
1982-06-28,,,14.73,14.98,13.11
1982-06-29,,,14.61,14.71,13.02
1982-06-30,,,14.44,14.58,12.76
1982-07-01,,,14.4,14.73,12.55
1982-07-02,,,14.5,14.61,12.59
1982-07-03,,,,14.61,
1982-07-04,,,,14.61,
1982-07-05,,,,14.61,
1982-07-06,,,14.48,14.53,12.62
1982-07-07,,,14.49,13.57,12.58
1982-07-08,,,14.19,13.86,11.95
1982-07-09,,,14.03,13.05,11.77
1982-07-10,,,,13.05,
1982-07-11,,,,13.05,
1982-07-12,,,13.87,13.12,11.73
1982-07-13,,,14.02,13.25,11.95
1982-07-14,,,14.1,12.88,12.0
1982-07-15,,,13.96,13.07,11.64
1982-07-16,,,13.7,12.64,11.21
1982-07-17,,,,12.64,
1982-07-18,,,,12.64,
1982-07-19,,,13.68,12.09,11.06
1982-07-20,,,13.53,11.22,10.66
1982-07-21,,,13.6,10.71,10.75
1982-07-22,,,13.51,11.04,10.41
1982-07-23,,,13.56,10.65,10.33
1982-07-24,,,,10.65,
1982-07-25,,,,10.65,
1982-07-26,,,13.91,10.84,10.45
1982-07-27,,,13.86,11.28,10.66
1982-07-28,,,13.97,12.01,10.72
1982-07-29,,,13.83,11.71,10.53
1982-07-30,,,13.68,11.41,10.17
1982-07-31,,,,11.41,
1982-08-01,,,,11.41,
1982-08-02,,,13.41,10.83,9.36
1982-08-03,,,13.51,10.61,9.8
1982-08-04,,,13.68,10.68,9.73
1982-08-05,,,13.7,10.76,9.8
1982-08-06,,,13.85,10.82,10.31
1982-08-07,,,,10.82,
1982-08-08,,,,10.82,
1982-08-09,,,13.7,11.07,9.86
1982-08-10,,,13.69,10.99,10.02
1982-08-11,,,13.71,11.0,9.97
1982-08-12,,,13.55,10.88,9.38
1982-08-13,,,13.2,10.38,9.25
1982-08-14,,,,10.38,
1982-08-15,,,,10.38,
1982-08-16,,,13.09,9.91,8.67
1982-08-17,,,12.65,9.74,8.05
1982-08-18,,,12.57,9.13,8.06
1982-08-19,,,12.47,9.1,7.52
1982-08-20,,,12.24,8.75,7.08
1982-08-21,,,,8.75,
1982-08-22,,,,8.75,
1982-08-23,,,12.47,9.01,7.5
1982-08-24,,,12.35,9.03,7.61
1982-08-25,,,12.43,9.91,7.42
1982-08-26,,,12.55,9.36,7.14
1982-08-27,,,12.77,9.91,7.84
1982-08-28,,,,9.91,
1982-08-29,,,,9.91,
1982-08-30,,,12.81,10.06,8.16
1982-08-31,,,12.81,10.63,8.42
1982-09-01,,,12.76,11.28,8.42
1982-09-02,,,12.6,10.55,8.36
1982-09-03,,,12.47,10.25,8.17
1982-09-04,,,,10.25,
1982-09-05,,,,10.25,
1982-09-06,,,,10.25,
1982-09-07,,,12.53,9.74,8.39
1982-09-08,,,12.51,9.68,8.3
1982-09-09,,,12.53,9.99,8.28
1982-09-10,,,12.73,10.08,8.37
1982-09-11,,,,10.08,
1982-09-12,,,,10.08,
1982-09-13,,,12.63,10.58,8.12
1982-09-14,,,12.56,10.43,7.89
1982-09-15,,,12.6,10.63,8.14
1982-09-16,,,12.6,10.76,8.03
1982-09-17,,,12.51,10.33,7.96
1982-09-18,,,,10.33,
1982-09-19,,,,10.33,
1982-09-20,,,12.47,10.18,7.78
1982-09-21,,,12.18,10.11,7.63
1982-09-22,,,12.04,10.13,7.35
1982-09-23,,,11.94,10.38,7.28
1982-09-24,,,12.09,10.23,7.6
1982-09-25,,,,10.23,
1982-09-26,,,,10.23,
1982-09-27,,,11.99,10.18,7.58
1982-09-28,,,11.85,9.7,7.48
1982-09-29,,,11.8,9.88,7.58
1982-09-30,,,11.73,12.17,7.62
1982-10-01,,,11.51,10.87,7.35
1982-10-02,,,,10.87,
1982-10-03,,,,10.87,
1982-10-04,,,11.72,10.9,7.94
1982-10-05,,,11.69,10.27,8.14
1982-10-06,,,11.5,9.45,8.05
1982-10-07,,,10.91,9.82,7.76
1982-10-08,,,10.83,9.63,7.75
1982-10-09,,,,9.63,
1982-10-10,,,,9.63,
1982-10-11,,,,9.63,
1982-10-12,,,10.53,9.2,7.38
1982-10-13,,,10.39,9.69,7.42
1982-10-14,,,10.61,9.57,7.54
1982-10-15,,,10.75,9.43,7.56
1982-10-16,,,,9.43,
1982-10-17,,,,9.43,
1982-10-18,,,10.58,9.59,7.43
1982-10-19,,,10.56,9.42,7.48
1982-10-20,,,10.69,9.81,7.56
1982-10-21,,,10.69,9.49,7.57
1982-10-22,,,10.81,9.42,7.64
1982-10-23,,,,9.42,
1982-10-24,,,,9.42,
1982-10-25,,,11.11,9.55,7.87
1982-10-26,,,10.87,9.4,7.96
1982-10-27,,,10.9,9.41,8.0
1982-10-28,,,10.77,9.44,7.91
1982-10-29,,,10.71,9.41,7.9
1982-10-30,,,,9.41,
1982-10-31,,,,9.41,
1982-11-01,,,10.56,9.43,7.81
1982-11-02,,,,9.25,
1982-11-03,,,10.46,9.68,7.79
1982-11-04,,,10.42,9.55,7.73
1982-11-05,,,10.48,9.4,7.78
1982-11-06,,,,9.4,
1982-11-07,,,,9.4,
1982-11-08,,,10.55,9.45,7.92
1982-11-09,,,10.51,9.31,8.0
1982-11-10,,,10.48,9.64,8.08
1982-11-11,,,,9.64,
1982-11-12,,,10.58,9.61,8.28
1982-11-13,,,,9.61,
1982-11-14,,,,9.61,
1982-11-15,,,10.65,9.82,8.43
1982-11-16,,,10.67,9.56,8.4
1982-11-17,,,10.59,9.42,8.36
1982-11-18,,,10.46,9.5,8.27
1982-11-19,,,10.42,9.06,8.1
1982-11-20,,,,9.06,
1982-11-21,,,,9.06,
1982-11-22,,,10.43,8.79,7.96
1982-11-23,,,10.53,8.54,7.95
1982-11-24,,,10.59,8.36,7.93
1982-11-25,,,,8.36,
1982-11-26,,,10.51,8.54,7.93
1982-11-27,,,,8.54,
1982-11-28,,,,8.54,
1982-11-29,,,10.78,8.83,8.26
1982-11-30,,,10.79,8.93,8.28
1982-12-01,,,10.74,9.1,8.28
1982-12-02,,,10.68,9.09,8.04
1982-12-03,,,10.47,8.93,7.84
1982-12-04,,,,8.93,
1982-12-05,,,,8.93,
1982-12-06,,,10.46,8.81,7.88
1982-12-07,,,10.48,8.51,7.93
1982-12-08,,,10.62,8.7,7.97
1982-12-09,,,10.58,8.84,7.96
1982-12-10,,,10.66,8.83,8.04
1982-12-11,,,,8.83,
1982-12-12,,,,8.83,
1982-12-13,,,10.61,8.99,8.0
1982-12-14,,,10.46,8.55,7.68
1982-12-15,,,10.5,9.13,7.63
1982-12-16,,,10.59,8.99,7.83
1982-12-17,,,10.64,8.79,7.87
1982-12-18,,,,8.79,
1982-12-19,,,,8.79,
1982-12-20,,,10.7,8.6,7.88
1982-12-21,,,10.54,8.39,7.9
1982-12-22,,,10.53,8.5,7.92
1982-12-23,,,10.47,8.62,7.92
1982-12-24,,,,8.58,
1982-12-25,,,,8.58,
1982-12-26,,,,8.58,
1982-12-27,,,10.44,8.7,7.91
1982-12-28,,,10.44,8.99,8.05
1982-12-29,,,10.47,9.46,8.14
1982-12-30,,,10.44,10.75,8.02
1982-12-31,,,10.36,11.2,7.92
1983-01-01,,,,11.2,
1983-01-02,,,,11.2,
1983-01-03,,,10.32,9.19,7.92
1983-01-04,,,10.37,9.47,8.0
1983-01-05,,,10.35,8.46,7.98
1983-01-06,,,10.39,8.48,7.94
1983-01-07,,,10.36,8.27,7.76
1983-01-08,,,,8.27,
1983-01-09,,,,8.27,
1983-01-10,,,10.38,8.34,7.72
1983-01-11,,,10.34,8.47,7.69
1983-01-12,,,10.32,8.87,7.68
1983-01-13,,,10.27,8.64,7.66
1983-01-14,,,10.28,8.43,7.55
1983-01-15,,,,8.43,
1983-01-16,,,,8.43,
1983-01-17,,,10.28,8.54,7.6
1983-01-18,,,10.3,8.36,7.64
1983-01-19,,,10.41,8.59,7.68
1983-01-20,,,10.43,8.47,7.78
1983-01-21,,,10.61,8.28,8.03
1983-01-22,,,,8.28,
1983-01-23,,,,8.28,
1983-01-24,,,10.7,8.53,8.1
1983-01-25,,,10.62,8.56,8.05
1983-01-26,,,10.69,8.69,8.08
1983-01-27,,,10.67,8.45,8.02
1983-01-28,,,10.71,8.39,8.0
1983-01-29,,,,8.39,
1983-01-30,,,,8.39,
1983-01-31,,,10.8,8.56,8.1
1983-02-01,,,10.78,8.63,8.16
1983-02-02,,,10.88,8.9,8.16
1983-02-03,,,10.93,8.54,8.15
1983-02-04,,,10.99,8.46,8.25
1983-02-05,,,,8.46,
1983-02-06,,,,8.46,
1983-02-07,,,10.96,8.56,8.23
1983-02-08,,,10.99,8.44,8.29
1983-02-09,,,11.0,8.58,8.28
1983-02-10,,,10.83,8.64,8.17
1983-02-11,,,10.8,8.53,8.14
1983-02-12,,,,8.53,
1983-02-13,,,,8.53,
1983-02-14,,,10.8,8.49,8.24
1983-02-15,,,10.84,8.6,8.25
1983-02-16,,,10.81,9.0,8.2
1983-02-17,,,10.71,8.67,8.1
1983-02-18,,,10.6,8.42,7.99
1983-02-19,,,,8.42,
1983-02-20,,,,8.42,
1983-02-21,,,,8.42,
1983-02-22,,,10.46,8.48,7.91
1983-02-23,,,10.44,8.49,7.96
1983-02-24,,,10.42,8.39,7.93
1983-02-25,,,10.26,8.22,7.82
1983-02-26,,,,8.22,
1983-02-27,,,,8.22,
1983-02-28,,,10.27,8.53,7.93
1983-03-01,,,10.22,8.65,7.96
1983-03-02,,,10.26,8.83,8.0
1983-03-03,,,10.23,8.53,7.95
1983-03-04,,,10.27,8.5,8.01
1983-03-05,,,,8.5,
1983-03-06,,,,8.5,
1983-03-07,,,10.43,8.82,8.18
1983-03-08,,,10.52,8.79,8.3
1983-03-09,,,10.48,8.49,8.26
1983-03-10,,,10.55,8.48,8.24
1983-03-11,,,10.59,8.4,8.27
1983-03-12,,,,8.4,
1983-03-13,,,,8.4,
1983-03-14,,,10.48,8.53,8.23
1983-03-15,,,10.46,8.82,8.25
1983-03-16,,,10.53,8.93,8.3
1983-03-17,,,10.56,8.74,8.34
1983-03-18,,,10.58,8.7,8.44
1983-03-19,,,,8.7,
1983-03-20,,,,8.7,
1983-03-21,,,10.6,8.78,8.5
1983-03-22,,,10.62,8.84,8.61
1983-03-23,,,10.58,8.76,8.47
1983-03-24,,,10.58,8.85,8.51
1983-03-25,,,10.64,8.76,8.65
1983-03-26,,,,8.76,
1983-03-27,,,,8.76,
1983-03-28,,,10.66,8.89,8.65
1983-03-29,,,10.6,8.96,8.63
1983-03-30,,,10.59,9.17,8.63
1983-03-31,,,10.62,10.81,8.64
1983-04-01,,,,9.12,
1983-04-02,,,,9.12,
1983-04-03,,,,9.12,
1983-04-04,,,10.6,9.24,8.64
1983-04-05,,,10.49,9.53,8.51
1983-04-06,,,10.49,9.1,8.4
1983-04-07,,,10.51,9.0,8.36
1983-04-08,,,10.51,8.84,8.33
1983-04-09,,,,8.84,
1983-04-10,,,,8.84,
1983-04-11,,,10.41,8.73,8.17
1983-04-12,,,10.42,8.61,8.2
1983-04-13,,,10.39,8.47,8.18
1983-04-14,,,10.29,8.69,8.12
1983-04-15,,,10.33,8.73,8.14
1983-04-16,,,,8.73,
1983-04-17,,,,8.73,
1983-04-18,,,10.29,8.65,8.07
1983-04-19,,,10.39,8.76,8.16
1983-04-20,,,10.39,8.61,8.1
1983-04-21,,,10.43,8.7,8.14
1983-04-22,,,10.42,8.52,8.15
1983-04-23,,,,8.52,
1983-04-24,,,,8.52,
1983-04-25,,,10.4,8.48,8.15
1983-04-26,,,10.37,8.45,8.14
1983-04-27,,,10.29,8.9,8.1
1983-04-28,,,10.31,8.83,8.1
1983-04-29,,,10.27,8.84,8.08
1983-04-30,,,,8.84,
1983-05-01,,,,8.84,
1983-05-02,,,10.26,8.77,8.05
1983-05-03,,,10.26,8.81,8.04
1983-05-04,,,10.12,8.64,8.01
1983-05-05,,,10.16,8.69,8.06
1983-05-06,,,10.13,8.45,7.98
1983-05-07,,,,8.45,
1983-05-08,,,,8.45,
1983-05-09,,,10.25,8.46,8.13
1983-05-10,,,10.16,8.35,8.0
1983-05-11,,,10.18,8.51,7.96
1983-05-12,,,10.23,8.56,8.05
1983-05-13,,,10.22,8.39,8.02
1983-05-14,,,,8.39,
1983-05-15,,,,8.39,
1983-05-16,,,10.37,8.73,8.15
1983-05-17,,,10.41,8.81,8.13
1983-05-18,,,10.43,8.83,8.11
1983-05-19,,,10.49,8.75,8.14
1983-05-20,,,10.54,8.68,8.18
1983-05-21,,,,8.68,
1983-05-22,,,,8.68,
1983-05-23,,,10.57,8.74,8.42
1983-05-24,,,10.56,8.72,8.47
1983-05-25,,,10.58,8.76,8.49
1983-05-26,,,10.63,8.7,8.53
1983-05-27,,,10.62,8.59,8.48
1983-05-28,,,,8.59,
1983-05-29,,,,8.59,
1983-05-30,,,,8.59,
1983-05-31,,,10.81,8.94,8.63
1983-06-01,,,10.77,9.38,8.58
1983-06-02,,,10.78,8.84,8.5
1983-06-03,,,10.79,8.77,8.55
1983-06-04,,,,8.77,
1983-06-05,,,,8.77,
1983-06-06,,,10.79,8.92,8.64
1983-06-07,,,10.85,8.95,8.82
1983-06-08,,,10.92,8.84,8.83
1983-06-09,,,10.88,8.83,8.74
1983-06-10,,,10.89,8.75,8.78
1983-06-11,,,,8.75,
1983-06-12,,,,8.75,
1983-06-13,,,10.75,8.78,8.7
1983-06-14,,,10.77,8.93,8.73
1983-06-15,,,10.72,9.1,8.72
1983-06-16,,,10.64,9.08,8.65
1983-06-17,,,10.68,9.02,8.69
1983-06-18,,,,9.02,
1983-06-19,,,,9.02,
1983-06-20,,,10.8,9.24,8.96
1983-06-21,,,10.79,9.43,8.95
1983-06-22,,,10.83,9.14,8.97
1983-06-23,,,10.9,9.06,8.93
1983-06-24,,,11.02,9.01,9.04
1983-06-25,,,,9.01,
1983-06-26,,,,9.01,
1983-06-27,,,11.11,9.0,9.03
1983-06-28,,,11.04,8.8,8.98
1983-06-29,,,10.99,8.43,8.85
1983-06-30,,,10.96,10.06,8.79
1983-07-01,,,10.93,9.31,8.73
1983-07-02,,,,9.31,
1983-07-03,,,,9.31,
1983-07-04,,,,9.31,
1983-07-05,,,11.21,9.19,9.02
1983-07-06,,,11.16,9.27,9.02
1983-07-07,,,11.29,9.23,9.1
1983-07-08,,,11.33,9.14,9.12
1983-07-09,,,,9.14,
1983-07-10,,,,9.14,
1983-07-11,,,11.28,9.21,9.04
1983-07-12,,,11.42,9.22,9.14
1983-07-13,,,11.4,9.39,9.1
1983-07-14,,,11.38,9.25,9.08
1983-07-15,,,11.51,9.39,9.14
1983-07-16,,,,9.39,
1983-07-17,,,,9.39,
1983-07-18,,,11.41,9.54,9.11
1983-07-19,,,11.36,9.53,9.14
1983-07-20,,,11.28,9.49,9.07
1983-07-21,,,11.32,9.43,9.07
1983-07-22,,,11.43,9.48,9.09
1983-07-23,,,,9.48,
1983-07-24,,,,9.48,
1983-07-25,,,11.41,9.48,9.07
1983-07-26,,,11.49,9.49,9.11
1983-07-27,,,11.51,9.4,9.07
1983-07-28,,,11.66,9.45,9.17
1983-07-29,,,11.76,9.52,9.22
1983-07-30,,,,9.52,
1983-07-31,,,,9.52,
1983-08-01,,,11.8,9.64,9.27
1983-08-02,,,11.82,9.84,9.49
1983-08-03,,,11.92,9.63,9.39
1983-08-04,,,12.12,9.64,9.43
1983-08-05,,,12.1,9.63,9.45
1983-08-06,,,,9.63,
1983-08-07,,,,9.63,
1983-08-08,,,12.2,9.74,9.5
1983-08-09,,,12.13,9.72,9.53
1983-08-10,,,12.17,9.6,9.56
1983-08-11,,,12.04,9.68,9.52
1983-08-12,,,11.96,9.67,9.49
1983-08-13,,,,9.67,
1983-08-14,,,,9.67,
1983-08-15,,,11.76,9.85,9.4
1983-08-16,,,11.71,9.67,9.4
1983-08-17,,,11.65,9.46,9.32
1983-08-18,,,11.7,9.59,9.3
1983-08-19,,,11.72,9.47,9.31
1983-08-20,,,,9.47,
1983-08-21,,,,9.47,
1983-08-22,,,11.54,9.37,9.16
1983-08-23,,,11.57,9.32,9.19
1983-08-24,,,11.54,9.17,9.12
1983-08-25,,,11.62,9.3,9.1
1983-08-26,,,11.65,9.43,9.16
1983-08-27,,,,9.43,
1983-08-28,,,,9.43,
1983-08-29,,,11.86,9.43,9.25
1983-08-30,,,11.9,9.47,9.3
1983-08-31,,,11.98,9.59,9.26
1983-09-01,,,11.97,9.61,9.22
1983-09-02,,,12.01,9.52,9.27
1983-09-03,,,,9.52,
1983-09-04,,,,9.52,
1983-09-05,,,,9.52,
1983-09-06,,,11.85,9.47,9.18
1983-09-07,,,11.7,9.57,9.1
1983-09-08,,,11.77,9.53,9.11
1983-09-09,,,11.73,9.6,9.13
1983-09-10,,,,9.6,
1983-09-11,,,,9.6,
1983-09-12,,,11.56,9.45,9.05
1983-09-13,,,11.63,9.54,9.08
1983-09-14,,,11.76,9.49,9.11
1983-09-15,,,11.82,9.66,9.1
1983-09-16,,,11.68,9.59,9.07
1983-09-17,,,,9.59,
1983-09-18,,,,9.59,
1983-09-19,,,11.66,9.37,8.99
1983-09-20,,,11.57,9.22,8.97
1983-09-21,,,11.64,9.35,8.95
1983-09-22,,,11.6,9.44,8.93
1983-09-23,,,11.49,9.08,8.88
1983-09-24,,,,9.08,
1983-09-25,,,,9.08,
1983-09-26,,,11.41,8.91,8.73
1983-09-27,,,11.45,8.66,8.73
1983-09-28,,,11.49,9.01,8.78
1983-09-29,,,11.5,9.68,8.81
1983-09-30,,,11.44,10.59,8.71
1983-10-01,,,,10.59,
1983-10-02,,,,10.59,
1983-10-03,,,11.47,9.62,8.74
1983-10-04,,,11.46,9.55,8.65
1983-10-05,,,11.35,9.37,8.54
1983-10-06,,,11.31,9.46,8.56
1983-10-07,,,11.33,9.38,8.6
1983-10-08,,,,9.38,
1983-10-09,,,,9.38,
1983-10-10,,,,9.38,
1983-10-11,,,11.57,9.56,8.81
1983-10-12,,,11.59,9.67,8.78
1983-10-13,,,11.65,9.51,8.81
1983-10-14,,,11.58,9.31,8.77
1983-10-15,,,,9.31,
1983-10-16,,,,9.31,
1983-10-17,,,11.47,9.33,8.55
1983-10-18,,,11.49,9.29,8.52
1983-10-19,,,11.49,9.49,8.5
1983-10-20,,,11.47,9.44,8.54
1983-10-21,,,11.43,9.36,8.54
1983-10-22,,,,9.36,
1983-10-23,,,,9.36,
1983-10-24,,,11.66,9.47,8.68
1983-10-25,,,11.7,9.3,8.66
1983-10-26,,,11.72,9.23,8.66
1983-10-27,,,11.66,9.4,8.65
1983-10-28,,,11.68,9.31,8.63
1983-10-29,,,,9.31,
1983-10-30,,,,9.31,
1983-10-31,,,11.74,9.43,8.51
1983-11-01,,,11.69,9.45,8.47
1983-11-02,,,11.7,9.57,8.49
1983-11-03,,,11.75,9.53,8.64
1983-11-04,,,11.85,9.32,8.81
1983-11-05,,,,9.32,
1983-11-06,,,,9.32,
1983-11-07,,,11.85,9.38,8.77
1983-11-08,,,,9.25,
1983-11-09,,,11.84,9.42,8.78
1983-11-10,,,11.71,9.38,8.76
1983-11-11,,,,9.38,
1983-11-12,,,,9.38,
1983-11-13,,,,9.38,
1983-11-14,,,11.68,9.37,8.77
1983-11-15,,,11.7,9.5,8.78
1983-11-16,,,11.7,9.54,8.8
1983-11-17,,,11.72,9.45,8.84
1983-11-18,,,11.72,9.23,8.85
1983-11-19,,,,9.23,
1983-11-20,,,,9.23,
1983-11-21,,,11.65,9.24,8.78
1983-11-22,,,11.57,9.07,8.77
1983-11-23,,,11.59,9.35,8.81
1983-11-24,,,,9.35,
1983-11-25,,,11.55,9.24,8.78
1983-11-26,,,,9.24,
1983-11-27,,,,9.24,
1983-11-28,,,11.63,9.23,8.87
1983-11-29,,,11.58,9.27,8.87
1983-11-30,,,11.63,9.34,8.88
1983-12-01,,,11.63,9.46,8.87
1983-12-02,,,11.75,9.51,8.93
1983-12-03,,,,9.51,
1983-12-04,,,,9.51,
1983-12-05,,,11.78,9.55,8.93
1983-12-06,,,11.76,9.38,8.94
1983-12-07,,,11.79,9.52,8.95
1983-12-08,,,11.89,9.56,9.02
1983-12-09,,,11.9,9.43,9.0
1983-12-10,,,,9.43,
1983-12-11,,,,9.43,
1983-12-12,,,11.87,9.53,8.96
1983-12-13,,,11.95,9.5,9.09
1983-12-14,,,11.97,9.74,9.12
1983-12-15,,,11.96,9.94,9.17
1983-12-16,,,11.88,9.73,9.11
1983-12-17,,,,9.73,
1983-12-18,,,,9.73,
1983-12-19,,,11.87,9.66,9.09
1983-12-20,,,11.86,9.43,9.04
1983-12-21,,,11.83,9.13,9.0
1983-12-22,,,11.77,9.35,8.89
1983-12-23,,,11.79,8.66,8.96
1983-12-24,,,,8.66,
1983-12-25,,,,8.66,
1983-12-26,,,,8.66,
1983-12-27,,,11.75,9.06,8.92
1983-12-28,,,11.81,9.7,8.98
1983-12-29,,,11.79,10.61,8.98
1983-12-30,,,11.82,9.92,8.97
1983-12-31,,,,9.92,
1984-01-01,,,,9.92,
1984-01-02,,,,9.92,
1984-01-03,,,11.86,10.15,9.0
1984-01-04,,,11.78,9.96,8.98
1984-01-05,,,11.77,9.62,8.93
1984-01-06,,,11.73,9.43,8.87
1984-01-07,,,,9.43,
1984-01-08,,,,9.43,
1984-01-09,,,11.75,9.55,8.9
1984-01-10,,,11.71,9.42,8.9
1984-01-11,,,11.76,9.83,8.93
1984-01-12,,,11.76,9.61,8.92
1984-01-13,,,11.59,9.4,8.74
1984-01-14,,,,9.4,
1984-01-15,,,,9.4,
1984-01-16,,,11.54,9.51,8.78
1984-01-17,,,11.57,9.45,8.83
1984-01-18,,,11.61,10.04,8.91
1984-01-19,,,11.6,9.63,8.9
1984-01-20,,,11.64,9.48,8.97
1984-01-21,,,,9.48,
1984-01-22,,,,9.48,
1984-01-23,,,11.63,9.66,8.94
1984-01-24,,,11.63,9.57,8.92
1984-01-25,,,11.64,9.44,8.93
1984-01-26,,,11.63,9.48,8.93
1984-01-27,,,11.63,9.31,8.91
1984-01-28,,,,9.31,
1984-01-29,,,,9.31,
1984-01-30,,,11.66,9.34,8.89
1984-01-31,,,11.67,9.35,8.89
1984-02-01,,,11.64,9.74,8.89
1984-02-02,,,11.6,9.6,8.91
1984-02-03,,,11.6,9.51,8.96
1984-02-04,,,,9.51,
1984-02-05,,,,9.51,
1984-02-06,,,11.7,9.69,9.09
1984-02-07,,,11.71,9.69,9.06
1984-02-08,,,11.72,9.57,9.06
1984-02-09,,,11.73,9.49,9.03
1984-02-10,,,11.83,9.44,9.06
1984-02-11,,,,9.44,
1984-02-12,,,,9.44,
1984-02-13,,,,9.41,
1984-02-14,,,11.85,9.67,9.07
1984-02-15,,,11.81,9.83,9.06
1984-02-16,,,11.83,9.64,9.07
1984-02-17,,,11.92,9.56,9.17
1984-02-18,,,,9.56,
1984-02-19,,,,9.56,
1984-02-20,,,,9.56,
1984-02-21,,,11.91,9.64,9.13
1984-02-22,,,11.93,9.67,9.13
1984-02-23,,,12.05,9.72,9.26
1984-02-24,,,11.99,9.63,9.18
1984-02-25,,,,9.63,
1984-02-26,,,,9.63,
1984-02-27,,,12.05,9.72,9.19
1984-02-28,,,12.09,9.53,9.21
1984-02-29,,,12.04,9.45,9.14
1984-03-01,,,12.07,9.73,9.19
1984-03-02,,,11.99,9.75,9.16
1984-03-03,,,,9.75,
1984-03-04,,,,9.75,
1984-03-05,,,12.07,9.81,9.2
1984-03-06,,,12.09,9.72,9.23
1984-03-07,,,12.22,9.66,9.31
1984-03-08,,,12.24,9.74,9.34
1984-03-09,,,12.28,9.73,9.35
1984-03-10,,,,9.73,
1984-03-11,,,,9.73,
1984-03-12,,,12.24,9.84,9.34
1984-03-13,,,12.27,9.79,9.38
1984-03-14,,,12.31,9.96,9.46
1984-03-15,,,12.31,10.09,9.48
1984-03-16,,,12.34,9.84,9.5
1984-03-17,,,,9.84,
1984-03-18,,,,9.84,
1984-03-19,,,12.45,10.07,9.64
1984-03-20,,,12.44,10.25,9.8
1984-03-21,,,12.45,10.36,9.81
1984-03-22,,,12.49,10.45,9.79
1984-03-23,,,12.48,10.28,9.77
1984-03-24,,,,10.28,
1984-03-25,,,,10.28,
1984-03-26,,,12.46,10.06,9.73
1984-03-27,,,12.46,9.62,9.78
1984-03-28,,,12.42,8.81,9.71
1984-03-29,,,12.41,10.07,9.68
1984-03-30,,,12.53,10.24,9.72
1984-03-31,,,,10.24,
1984-04-01,,,,10.24,
1984-04-02,,,12.56,10.42,9.68
1984-04-03,,,12.65,10.75,9.78
1984-04-04,,,12.67,10.9,9.79
1984-04-05,,,12.65,10.74,9.79
1984-04-06,,,12.51,10.37,9.68
1984-04-07,,,,10.37,
1984-04-08,,,,10.37,
1984-04-09,,,12.47,10.32,9.59
1984-04-10,,,12.52,9.49,9.63
1984-04-11,,,12.5,9.25,9.63
1984-04-12,,,12.4,10.34,9.64
1984-04-13,,,12.57,10.24,9.74
1984-04-14,,,,10.24,
1984-04-15,,,,10.24,
1984-04-16,,,12.61,10.5,9.79
1984-04-17,,,12.57,10.45,9.76
1984-04-18,,,12.7,10.61,9.75
1984-04-19,,,12.77,10.73,9.73
1984-04-20,,,,9.77,
1984-04-21,,,,9.77,
1984-04-22,,,,9.77,
1984-04-23,,,12.8,9.63,9.65
1984-04-24,,,12.75,9.55,9.65
1984-04-25,,,12.69,10.67,9.63
1984-04-26,,,12.67,10.63,9.54
1984-04-27,,,12.79,10.49,9.71
1984-04-28,,,,10.49,
1984-04-29,,,,10.49,
1984-04-30,,,12.82,10.9,9.72
1984-05-01,,,12.82,11.04,9.7
1984-05-02,,,12.86,10.88,9.68
1984-05-03,,,12.89,10.45,9.67
1984-05-04,,,13.07,10.04,9.87
1984-05-05,,,,10.04,
1984-05-06,,,,10.04,
1984-05-07,,,13.13,10.48,9.93
1984-05-08,,,13.09,11.06,10.04
1984-05-09,,,13.21,11.12,10.0
1984-05-10,,,13.25,11.0,9.86
1984-05-11,,,13.46,10.58,10.01
1984-05-12,,,,10.58,
1984-05-13,,,,10.58,
1984-05-14,,,13.58,10.33,9.97
1984-05-15,,,13.48,10.55,10.11
1984-05-16,,,13.41,9.99,9.75
1984-05-17,,,13.54,9.92,9.78
1984-05-18,,,13.45,9.01,9.81
1984-05-19,,,,9.01,
1984-05-20,,,,9.01,
1984-05-21,,,13.43,9.71,9.7
1984-05-22,,,13.52,10.73,10.04
1984-05-23,,,13.54,10.84,9.91
1984-05-24,,,13.72,10.72,9.71
1984-05-25,,,13.75,10.04,9.58
1984-05-26,,,,10.04,
1984-05-27,,,,10.04,
1984-05-28,,,,10.04,
1984-05-29,,,13.89,10.51,9.72
1984-05-30,,,13.99,10.71,9.76
1984-05-31,,,13.91,10.81,9.75
1984-06-01,,,13.63,10.53,9.8
1984-06-02,,,,10.53,
1984-06-03,,,,10.53,
1984-06-04,,,13.42,10.99,9.85
1984-06-05,,,13.37,10.65,9.75
1984-06-06,,,13.54,11.03,9.76
1984-06-07,,,13.54,11.01,9.84
1984-06-08,,,13.46,10.76,9.87
1984-06-09,,,,10.76,
1984-06-10,,,,10.76,
1984-06-11,,,13.58,11.16,10.03
1984-06-12,,,13.54,10.83,10.07
1984-06-13,,,13.44,10.66,9.89
1984-06-14,,,13.39,11.04,9.88
1984-06-15,,,13.21,11.33,9.88
1984-06-16,,,,11.33,
1984-06-17,,,,11.33,
1984-06-18,,,13.27,11.56,9.96
1984-06-19,,,13.38,11.55,9.91
1984-06-20,,,13.65,12.31,9.91
1984-06-21,,,13.72,11.9,9.93
1984-06-22,,,13.74,11.51,9.84
1984-06-23,,,,11.51,
1984-06-24,,,,11.51,
1984-06-25,,,13.75,11.08,9.75
1984-06-26,,,13.79,10.84,9.8
1984-06-27,,,13.76,10.51,9.75
1984-06-28,,,13.8,10.64,9.84
1984-06-29,,,13.84,10.85,9.92
1984-06-30,,,,10.85,
1984-07-01,,,,10.85,
1984-07-02,,,13.87,11.43,9.74
1984-07-03,,,13.8,10.88,9.98
1984-07-04,,,,10.88,
1984-07-05,,,13.77,11.25,9.96
1984-07-06,,,13.75,11.13,10.0
1984-07-07,,,,11.13,
1984-07-08,,,,11.13,
1984-07-09,,,13.48,11.52,10.0
1984-07-10,,,13.53,11.37,10.09
1984-07-11,,,13.55,11.22,10.1
1984-07-12,,,13.42,11.03,10.03
1984-07-13,,,13.3,11.0,9.96
1984-07-14,,,,11.0,
1984-07-15,,,,11.0,
1984-07-16,,,13.32,11.45,10.0
1984-07-17,,,13.37,11.4,10.18
1984-07-18,,,13.32,11.6,10.11
1984-07-19,,,13.25,11.36,10.12
1984-07-20,,,13.36,11.09,10.15
1984-07-21,,,,11.09,
1984-07-22,,,,11.09,
1984-07-23,,,13.35,11.49,10.21
1984-07-24,,,13.31,11.21,10.27
1984-07-25,,,13.06,11.02,10.26
1984-07-26,,,12.89,11.29,10.24
1984-07-27,,,12.95,11.33,10.28
1984-07-28,,,,11.33,
1984-07-29,,,,11.33,
1984-07-30,,,13.05,11.53,10.34
1984-07-31,,,12.91,11.83,10.4
1984-08-01,,,12.81,12.04,10.43
1984-08-02,,,12.74,11.65,10.46
1984-08-03,,,12.61,11.5,10.46
1984-08-04,,,,11.5,
1984-08-05,,,,11.5,
1984-08-06,,,12.73,11.76,10.54
1984-08-07,,,12.69,11.74,10.53
1984-08-08,,,12.66,11.5,10.47
1984-08-09,,,12.61,11.62,10.41
1984-08-10,,,12.68,11.57,10.43
1984-08-11,,,,11.57,
1984-08-12,,,,11.57,
1984-08-13,,,12.74,11.73,10.45
1984-08-14,,,12.67,11.52,10.3
1984-08-15,,,12.74,11.82,10.2
1984-08-16,,,12.7,11.74,10.26
1984-08-17,,,12.7,11.77,10.33
1984-08-18,,,,11.77,
1984-08-19,,,,11.77,
1984-08-20,,,12.69,11.87,10.44
1984-08-21,,,12.62,11.83,10.42
1984-08-22,,,12.65,11.61,10.41
1984-08-23,,,12.69,11.57,10.45
1984-08-24,,,12.66,11.53,10.48
1984-08-25,,,,11.53,
1984-08-26,,,,11.53,
1984-08-27,,,12.81,11.68,10.67
1984-08-28,,,12.81,11.47,10.65
1984-08-29,,,12.83,11.2,10.66
1984-08-30,,,12.84,11.65,10.65
1984-08-31,,,12.79,11.64,10.63
1984-09-01,,,,11.64,
1984-09-02,,,,11.64,
1984-09-03,,,,11.64,
1984-09-04,,,12.88,11.81,10.67
1984-09-05,,,12.92,11.72,10.63
1984-09-06,,,12.81,11.71,10.6
1984-09-07,,,12.7,11.56,10.55
1984-09-08,,,,11.56,
1984-09-09,,,,11.56,
1984-09-10,,,12.62,11.36,10.42
1984-09-11,,,12.54,11.23,10.39
1984-09-12,,,12.55,11.66,10.4
1984-09-13,,,12.44,11.55,10.33
1984-09-14,,,12.42,11.38,10.37
1984-09-15,,,,11.38,
1984-09-16,,,,11.38,
1984-09-17,,,12.4,11.64,10.38
1984-09-18,,,12.35,11.53,10.32
1984-09-19,,,12.25,11.35,10.27
1984-09-20,,,12.28,11.12,10.24
1984-09-21,,,12.45,10.89,10.25
1984-09-22,,,,10.89,
1984-09-23,,,,10.89,
1984-09-24,,,12.52,10.94,10.3
1984-09-25,,,12.56,10.52,10.29
1984-09-26,,,12.46,9.84,10.22
1984-09-27,,,12.31,11.0,10.16
1984-09-28,,,12.47,11.23,10.22
1984-09-29,,,,11.23,
1984-09-30,,,,11.23,
1984-10-01,,,12.54,11.38,10.23
1984-10-02,,,12.54,11.42,10.25
1984-10-03,,,12.54,10.91,10.18
1984-10-04,,,12.52,10.58,10.15
1984-10-05,,,12.39,10.21,10.14
1984-10-06,,,,10.21,
1984-10-07,,,,10.21,
1984-10-08,,,,10.21,
1984-10-09,,,12.36,9.91,10.09
1984-10-10,,,12.36,8.72,10.07
1984-10-11,,,12.31,10.25,9.96
1984-10-12,,,12.28,10.02,9.9
1984-10-13,,,,10.02,
1984-10-14,,,,10.02,
1984-10-15,,,12.34,10.54,9.98
1984-10-16,,,12.32,10.45,9.95
1984-10-17,,,12.28,10.27,9.87
1984-10-18,,,12.09,9.92,9.71
1984-10-19,,,11.93,9.83,9.56
1984-10-20,,,,9.83,
1984-10-21,,,,9.83,
1984-10-22,,,11.9,9.95,9.55
1984-10-23,,,11.78,9.24,9.45
1984-10-24,,,11.74,7.53,9.16
1984-10-25,,,11.83,9.24,9.17
1984-10-26,,,11.99,9.59,9.34
1984-10-27,,,,9.59,
1984-10-28,,,,9.59,
1984-10-29,,,11.95,9.99,9.29
1984-10-30,,,11.75,10.1,9.19
1984-10-31,,,11.79,9.99,9.01
1984-11-01,,,11.66,10.26,9.01
1984-11-02,,,11.66,10.15,9.0
1984-11-03,,,,10.15,
1984-11-04,,,,10.15,
1984-11-05,,,11.6,9.57,8.67
1984-11-06,,,,9.47,
1984-11-07,,,11.72,9.35,8.55
1984-11-08,,,11.81,9.76,8.75
1984-11-09,,,11.71,9.5,8.64
1984-11-10,,,,9.5,
1984-11-11,,,,9.5,
1984-11-12,,,,9.5,
1984-11-13,,,11.78,9.51,8.71
1984-11-14,,,11.81,9.56,8.76
1984-11-15,,,11.73,9.62,8.66
1984-11-16,,,11.69,9.54,8.59
1984-11-17,,,,9.54,
1984-11-18,,,,9.54,
1984-11-19,,,11.61,9.45,8.59
1984-11-20,,,11.53,9.28,8.62
1984-11-21,,,11.39,9.32,8.54
1984-11-22,,,,9.32,
1984-11-23,,,11.24,8.97,8.44
1984-11-24,,,,8.97,
1984-11-25,,,,8.97,
1984-11-26,,,11.28,9.03,8.48
1984-11-27,,,11.28,8.96,8.38
1984-11-28,,,11.38,8.78,8.38
1984-11-29,,,11.42,8.63,8.35
1984-11-30,,,11.58,8.92,8.44
1984-12-01,,,,8.92,
1984-12-02,,,,8.92,
1984-12-03,,,11.56,9.27,8.41
1984-12-04,,,11.52,8.8,8.49
1984-12-05,,,11.52,8.35,8.47
1984-12-06,,,11.61,8.93,8.48
1984-12-07,,,11.7,8.62,8.35
1984-12-08,,,,8.62,
1984-12-09,,,,8.62,
1984-12-10,,,11.66,8.75,8.34
1984-12-11,,,11.57,8.75,8.35
1984-12-12,,,11.54,8.58,8.27
1984-12-13,,,11.7,8.42,8.29
1984-12-14,,,11.56,8.26,8.11
1984-12-15,,,,8.26,
1984-12-16,,,,8.26,
1984-12-17,,,11.49,7.83,7.96
1984-12-18,,,11.29,6.93,7.81
1984-12-19,,,11.34,7.98,7.71
1984-12-20,,,11.37,8.29,7.8
1984-12-21,,,11.34,8.06,7.77
1984-12-22,,,,8.06,
1984-12-23,,,,8.06,
1984-12-24,,,11.31,7.53,7.64
1984-12-25,,,,7.53,
1984-12-26,,,11.45,8.12,7.63
1984-12-27,,,11.45,8.51,7.67
1984-12-28,,,11.46,8.62,7.74
1984-12-29,,,,8.62,
1984-12-30,,,,8.62,
1984-12-31,,,11.55,8.74,7.85
1985-01-01,,,,8.74,
1985-01-02,,,11.7,9.37,7.83
1985-01-03,,,11.62,8.77,7.8
1985-01-04,,,11.67,8.18,7.82
1985-01-05,,,,8.18,
1985-01-06,,,,8.18,
1985-01-07,,,11.5,8.23,7.78
1985-01-08,,,11.45,8.3,7.79
1985-01-09,,,11.47,8.02,7.69
1985-01-10,,,11.48,8.23,7.74
1985-01-11,,,11.59,8.24,7.76
1985-01-12,,,,8.24,
1985-01-13,,,,8.24,
1985-01-14,,,11.6,8.15,7.7
1985-01-15,,,11.49,8.03,7.73
1985-01-16,,,11.51,8.51,7.74
1985-01-17,,,11.48,8.27,7.74
1985-01-18,,,11.39,8.1,7.74
1985-01-19,,,,8.1,
1985-01-20,,,,8.1,
1985-01-21,,,,8.1,
1985-01-22,,,11.27,8.29,7.7
1985-01-23,,,11.21,8.36,7.64
1985-01-24,,,11.06,8.33,7.62
1985-01-25,,,11.11,8.37,7.64
1985-01-26,,,,8.37,
1985-01-27,,,,8.37,
1985-01-28,,,11.11,8.62,7.72
1985-01-29,,,11.11,8.61,7.82
1985-01-30,,,11.08,8.49,7.83
1985-01-31,,,11.17,8.73,8.05
1985-02-01,,,11.29,8.74,8.19
1985-02-02,,,,8.74,
1985-02-03,,,,8.74,
1985-02-04,,,11.35,8.61,8.18
1985-02-05,,,11.3,8.36,8.14
1985-02-06,,,11.4,8.22,8.12
1985-02-07,,,11.41,8.41,8.17
1985-02-08,,,11.37,8.49,8.23
1985-02-09,,,,8.49,
1985-02-10,,,,8.49,
1985-02-11,,,11.42,8.3,8.21
1985-02-12,,,,8.3,
1985-02-13,,,11.39,8.61,8.24
1985-02-14,,,11.29,8.59,8.19
1985-02-15,,,11.38,8.53,8.19
1985-02-16,,,,8.53,
1985-02-17,,,,8.53,
1985-02-18,,,,8.53,
1985-02-19,,,11.37,8.63,8.17
1985-02-20,,,11.52,8.67,8.24
1985-02-21,,,11.64,8.67,8.43
1985-02-22,,,11.76,8.5,8.39
1985-02-23,,,,8.5,
1985-02-24,,,,8.5,
1985-02-25,,,11.75,8.52,8.38
1985-02-26,,,11.72,8.04,8.35
1985-02-27,,,11.89,8.06,8.45
1985-02-28,,,11.91,8.74,8.5
1985-03-01,,,11.86,8.74,8.66
1985-03-02,,,,8.74,
1985-03-03,,,,8.74,
1985-03-04,,,11.93,8.73,8.7
1985-03-05,,,11.86,8.53,8.68
1985-03-06,,,11.92,8.21,8.69
1985-03-07,,,11.94,8.47,8.8
1985-03-08,,,11.71,8.42,8.58
1985-03-09,,,,8.42,
1985-03-10,,,,8.42,
1985-03-11,,,11.72,8.26,8.47
1985-03-12,,,11.78,8.53,8.54
1985-03-13,,,11.9,9.12,8.6
1985-03-14,,,11.92,9.12,8.72
1985-03-15,,,11.93,8.81,8.41
1985-03-16,,,,8.81,
1985-03-17,,,,8.81,
1985-03-18,,,12.02,8.62,8.51
1985-03-19,,,11.99,8.62,8.55
1985-03-20,,,11.91,8.49,8.53
1985-03-21,,,11.82,8.6,8.44
1985-03-22,,,11.88,8.61,8.51
1985-03-23,,,,8.61,
1985-03-24,,,,8.61,
1985-03-25,,,11.86,8.45,8.42
1985-03-26,,,11.77,7.99,8.34
1985-03-27,,,11.84,7.79,8.33
1985-03-28,,,11.75,8.89,8.19
1985-03-29,,,11.65,8.58,8.18
1985-03-30,,,,8.58,
1985-03-31,,,,8.58,
1985-04-01,,,11.66,8.83,8.15
1985-04-02,,,11.7,8.79,8.22
1985-04-03,,,11.73,8.49,8.16
1985-04-04,,,11.75,8.56,8.13
1985-04-05,,,,8.14,
1985-04-06,,,,8.14,
1985-04-07,,,,8.14,
1985-04-08,,,11.77,8.58,8.12
1985-04-09,,,11.66,8.68,8.09
1985-04-10,,,11.58,8.94,8.1
1985-04-11,,,11.42,8.81,8.04
1985-04-12,,,11.43,8.49,8.05
1985-04-13,,,,8.49,
1985-04-14,,,,8.49,
1985-04-15,,,11.37,8.57,8.07
1985-04-16,,,11.25,8.3,7.93
1985-04-17,,,11.29,8.09,7.79
1985-04-18,,,11.13,7.84,7.71
1985-04-19,,,11.16,7.6,7.79
1985-04-20,,,,7.6,
1985-04-21,,,,7.6,
1985-04-22,,,11.13,7.52,7.67
1985-04-23,,,11.25,7.88,7.78
1985-04-24,,,11.25,7.81,7.75
1985-04-25,,,11.37,8.23,7.83
1985-04-26,,,11.35,8.14,7.81
1985-04-27,,,,8.14,
1985-04-28,,,,8.14,
1985-04-29,,,11.47,8.41,7.84
1985-04-30,,,11.41,8.58,7.85
1985-05-01,,,11.27,8.83,7.75
1985-05-02,,,11.29,8.83,7.76
1985-05-03,,,11.21,8.28,7.72
1985-05-04,,,,8.28,
1985-05-05,,,,8.28,
1985-05-06,,,11.19,7.97,7.73
1985-05-07,,,11.17,7.98,7.76
1985-05-08,,,11.26,7.71,7.82
1985-05-09,,,11.2,8.08,7.74
1985-05-10,,,11.04,8.18,7.73
1985-05-11,,,,8.18,
1985-05-12,,,,8.18,
1985-05-13,,,11.04,8.16,7.71
1985-05-14,,,10.87,8.02,7.6
1985-05-15,,,10.89,8.17,7.43
1985-05-16,,,10.81,8.24,7.37
1985-05-17,,,10.84,8.0,7.4
1985-05-18,,,,8.0,
1985-05-19,,,,8.0,
1985-05-20,,,10.56,7.75,7.26
1985-05-21,,,10.6,7.65,7.3
1985-05-22,,,10.62,7.76,7.29
1985-05-23,,,10.64,7.8,7.24
1985-05-24,,,10.57,7.46,7.18
1985-05-25,,,,7.46,
1985-05-26,,,,7.46,
1985-05-27,,,,7.46,
1985-05-28,,,10.43,7.71,7.2
1985-05-29,,,10.46,7.87,7.24
1985-05-30,,,10.39,7.71,7.18
1985-05-31,,,10.28,7.64,7.14
1985-06-01,,,,7.64,
1985-06-02,,,,7.64,
1985-06-03,,,10.05,7.84,7.02
1985-06-04,,,10.05,7.91,6.96
1985-06-05,,,9.83,7.87,6.92
1985-06-06,,,9.89,7.77,6.98
1985-06-07,,,10.19,7.6,7.15
1985-06-08,,,,7.6,
1985-06-09,,,,7.6,
1985-06-10,,,10.16,7.76,7.23
1985-06-11,,,10.08,7.62,7.15
1985-06-12,,,10.16,7.4,7.09
1985-06-13,,,10.21,7.38,6.97
1985-06-14,,,9.98,7.27,6.7
1985-06-15,,,,7.27,
1985-06-16,,,,7.27,
1985-06-17,,,9.97,7.25,6.77
1985-06-18,,,9.9,6.77,6.66
1985-06-19,,,10.04,6.73,6.74
1985-06-20,,,10.14,7.34,6.83
1985-06-21,,,10.34,7.41,7.04
1985-06-22,,,,7.41,
1985-06-23,,,,7.41,
1985-06-24,,,10.45,7.59,7.06
1985-06-25,,,10.5,7.6,7.09
1985-06-26,,,10.54,7.46,6.99
1985-06-27,,,10.39,7.74,6.9
1985-06-28,,,10.25,7.95,6.83
1985-06-29,,,,7.95,
1985-06-30,,,,7.95,
1985-07-01,,,10.19,8.12,6.87
1985-07-02,,,10.2,8.13,6.95
1985-07-03,,,10.23,8.58,7.02
1985-07-04,,,,8.58,
1985-07-05,,,9.93,8.05,6.77
1985-07-06,,,,8.05,
1985-07-07,,,,8.05,
1985-07-08,,,10.05,8.13,6.92
1985-07-09,,,10.05,7.96,6.96
1985-07-10,,,10.07,7.7,6.94
1985-07-11,,,10.22,7.8,7.05
1985-07-12,,,10.23,7.67,7.09
1985-07-13,,,,7.67,
1985-07-14,,,,7.67,
1985-07-15,,,10.22,7.71,7.04
1985-07-16,,,10.15,7.58,7.0
1985-07-17,,,10.12,8.26,6.99
1985-07-18,,,10.3,8.01,7.15
1985-07-19,,,10.34,7.91,7.16
1985-07-20,,,,7.91,
1985-07-21,,,,7.91,
1985-07-22,,,10.46,8.07,7.24
1985-07-23,,,10.47,7.83,7.26
1985-07-24,,,10.51,7.55,7.24
1985-07-25,,,10.52,7.49,7.17
1985-07-26,,,10.59,7.41,7.19
1985-07-27,,,,7.41,
1985-07-28,,,,7.41,
1985-07-29,,,10.67,7.6,7.25
1985-07-30,,,10.66,7.57,7.28
1985-07-31,,,10.57,8.61,7.28
1985-08-01,,,10.51,8.26,7.27
1985-08-02,,,10.66,7.94,7.31
1985-08-03,,,,7.94,
1985-08-04,,,,7.94,
1985-08-05,,,10.64,7.85,7.27
1985-08-06,,,10.65,7.76,7.26
1985-08-07,,,10.55,7.73,7.18
1985-08-08,,,10.43,7.68,7.17
1985-08-09,,,10.37,7.61,7.16
1985-08-10,,,,7.61,
1985-08-11,,,,7.61,
1985-08-12,,,10.38,7.85,7.1
1985-08-13,,,10.46,8.02,7.14
1985-08-14,,,10.38,8.75,7.09
1985-08-15,,,10.36,8.53,7.19
1985-08-16,,,10.26,8.22,7.11
1985-08-17,,,,8.22,
1985-08-18,,,,8.22,
1985-08-19,,,10.23,7.99,7.13
1985-08-20,,,10.2,7.67,7.12
1985-08-21,,,10.12,7.57,7.04
1985-08-22,,,10.1,7.79,7.03
1985-08-23,,,10.14,7.69,7.04
1985-08-24,,,,7.69,
1985-08-25,,,,7.69,
1985-08-26,,,10.18,7.86,7.07
1985-08-27,,,10.12,7.93,7.05
1985-08-28,,,10.16,7.82,7.06
1985-08-29,,,10.12,7.81,7.04
1985-08-30,,,10.28,7.8,7.14
1985-08-31,,,,7.8,
1985-09-01,,,,7.8,
1985-09-02,,,,7.8,
1985-09-03,,,10.24,8.24,7.11
1985-09-04,,,10.16,7.91,7.05
1985-09-05,,,10.27,7.72,7.13
1985-09-06,,,10.5,7.68,7.26
1985-09-07,,,,7.68,
1985-09-08,,,,7.68,
1985-09-09,,,10.49,7.95,7.25
1985-09-10,,,10.48,7.83,7.23
1985-09-11,,,10.51,8.03,7.24
1985-09-12,,,10.52,7.95,7.24
1985-09-13,,,10.4,7.77,7.21
1985-09-14,,,,7.77,
1985-09-15,,,,7.77,
1985-09-16,,,10.37,8.06,7.18
1985-09-17,,,10.41,7.82,7.2
1985-09-18,,,10.43,7.82,7.11
1985-09-19,,,10.43,8.03,7.09
1985-09-20,,,10.36,7.93,7.01
1985-09-21,,,,7.93,
1985-09-22,,,,7.93,
1985-09-23,,,10.39,7.92,6.89
1985-09-24,,,10.33,7.85,6.84
1985-09-25,,,10.27,8.15,6.87
1985-09-26,,,10.22,7.87,6.94
1985-09-27,,,,7.97,
1985-09-28,,,,7.97,
1985-09-29,,,,7.97,
1985-09-30,,,10.31,8.84,7.04
1985-10-01,,,10.29,8.26,7.03
1985-10-02,,,10.3,7.97,7.02
1985-10-03,,,10.32,7.9,6.98
1985-10-04,,,10.36,7.73,6.99
1985-10-05,,,,7.73,
1985-10-06,,,,7.73,
1985-10-07,,,10.42,7.8,7.08
1985-10-08,,,10.36,7.7,7.16
1985-10-09,,,10.37,8.32,7.19
1985-10-10,,,10.35,8.28,7.22
1985-10-11,,,10.34,7.94,7.19
1985-10-12,,,,7.94,
1985-10-13,,,,7.94,
1985-10-14,,,,7.94,
1985-10-15,,,10.3,8.16,7.21
1985-10-16,,,10.25,7.98,7.21
1985-10-17,,,10.21,7.99,7.19
1985-10-18,,,10.17,8.0,7.2
1985-10-19,,,,8.0,
1985-10-20,,,,8.0,
1985-10-21,,,10.18,8.15,7.21
1985-10-22,,,10.12,8.11,7.16
1985-10-23,,,10.14,8.71,7.22
1985-10-24,,,10.15,8.22,7.25
1985-10-25,,,10.21,7.87,7.24
1985-10-26,,,,7.87,
1985-10-27,,,,7.87,
1985-10-28,,,10.28,7.86,7.21
1985-10-29,,,10.11,7.73,7.21
1985-10-30,,,9.97,7.8,7.19
1985-10-31,,,10.01,8.08,7.19
1985-11-01,,,9.98,8.32,7.2
1985-11-02,,,,8.32,
1985-11-03,,,,8.32,
1985-11-04,,,9.98,8.33,7.23
1985-11-05,,,9.93,8.29,7.24
1985-11-06,,,9.93,8.42,7.25
1985-11-07,,,9.91,8.18,7.3
1985-11-08,,,9.84,7.87,7.23
1985-11-09,,,,7.87,
1985-11-10,,,,7.87,
1985-11-11,,,,7.87,
1985-11-12,,,9.74,8.03,7.22
1985-11-13,,,9.78,7.97,7.28
1985-11-14,,,9.84,7.95,7.32
1985-11-15,,,9.92,8.58,7.35
1985-11-16,,,,8.58,
1985-11-17,,,,8.58,
1985-11-18,,,9.72,7.81,7.24
1985-11-19,,,9.73,7.29,7.21
1985-11-20,,,9.72,8.12,7.25
1985-11-21,,,9.58,8.04,7.23
1985-11-22,,,9.66,7.41,7.23
1985-11-23,,,,7.41,
1985-11-24,,,,7.41,
1985-11-25,,,9.68,7.94,7.19
1985-11-26,,,9.68,7.9,7.2
1985-11-27,,,9.64,7.88,7.18
1985-11-28,,,,7.88,
1985-11-29,,,9.59,8.54,7.16
1985-11-30,,,,8.54,
1985-12-01,,,,8.54,
1985-12-02,,,9.69,8.56,7.26
1985-12-03,,,9.68,8.68,7.23
1985-12-04,,,9.63,8.69,7.22
1985-12-05,,,9.62,8.29,7.26
1985-12-06,,,9.65,7.99,7.25
1985-12-07,,,,7.99,
1985-12-08,,,,7.99,
1985-12-09,,,9.49,8.02,7.2
1985-12-10,,,9.36,7.93,7.17
1985-12-11,,,9.2,7.99,7.05
1985-12-12,,,9.27,7.9,7.08
1985-12-13,,,9.21,7.84,6.98
1985-12-14,,,,7.84,
1985-12-15,,,,7.84,
1985-12-16,,,9.16,8.0,7.03
1985-12-17,,,9.04,7.93,7.0
1985-12-18,,,9.11,8.98,7.13
1985-12-19,,,9.1,8.17,7.1
1985-12-20,,,9.04,7.99,7.05
1985-12-21,,,,7.99,
1985-12-22,,,,7.99,
1985-12-23,,,9.08,8.03,7.07
1985-12-24,,,9.07,7.97,7.05
1985-12-25,,,,7.97,
1985-12-26,,,9.04,8.0,7.01
1985-12-27,,,8.99,7.62,6.96
1985-12-28,,,,7.62,
1985-12-29,,,,7.62,
1985-12-30,,,9.01,9.08,6.94
1985-12-31,,,9.0,13.46,7.05
1986-01-01,,,,13.46,
1986-01-02,,,9.04,8.76,7.1
1986-01-03,,,9.05,8.34,7.07
1986-01-04,,,,8.34,
1986-01-05,,,,8.34,
1986-01-06,,,9.07,8.0,7.06
1986-01-07,,,8.94,7.82,7.03
1986-01-08,,,9.13,7.79,7.17
1986-01-09,,,9.27,7.93,7.18
1986-01-10,,,9.39,7.87,7.21
1986-01-11,,,,7.87,
1986-01-12,,,,7.87,
1986-01-13,,,9.49,8.08,7.24
1986-01-14,,,9.43,7.94,7.24
1986-01-15,,,9.31,8.04,7.19
1986-01-16,,,9.3,7.92,7.08
1986-01-17,,,9.24,7.8,7.11
1986-01-18,,,,7.8,
1986-01-19,,,,7.8,
1986-01-20,,,,7.8,
1986-01-21,,,9.22,7.96,7.02
1986-01-22,,,9.28,8.01,7.0
1986-01-23,,,9.23,7.89,6.97
1986-01-24,,,9.23,7.79,6.97
1986-01-25,,,,7.79,
1986-01-26,,,,7.79,
1986-01-27,,,9.13,7.95,6.95
1986-01-28,,,9.05,7.85,6.92
1986-01-29,,,9.09,7.78,7.03
1986-01-30,,,9.1,8.02,7.04
1986-01-31,,,9.08,8.09,6.97
1986-02-01,,,,8.09,
1986-02-02,,,,8.09,
1986-02-03,,,9.02,8.02,7.0
1986-02-04,,,8.96,7.79,6.98
1986-02-05,,,8.97,7.69,7.01
1986-02-06,,,9.03,7.73,7.1
1986-02-07,,,9.11,7.8,7.21
1986-02-08,,,,7.8,
1986-02-09,,,,7.8,
1986-02-10,,,9.0,7.92,7.2
1986-02-11,,,8.93,7.84,7.11
1986-02-12,,,8.91,8.03,7.11
1986-02-13,,,8.85,7.89,7.1
1986-02-14,,,8.68,7.75,7.02
1986-02-15,,,,7.75,
1986-02-16,,,,7.75,
1986-02-17,,,,7.75,
1986-02-18,,,8.64,8.09,7.02
1986-02-19,,,8.7,7.91,7.08
1986-02-20,,,8.67,7.82,7.11
1986-02-21,,,8.48,7.73,6.98
1986-02-22,,,,7.73,
1986-02-23,,,,7.73,
1986-02-24,,,8.39,7.89,7.02
1986-02-25,,,8.4,7.88,7.05
1986-02-26,,,8.36,7.95,7.07
1986-02-27,,,8.15,7.91,7.03
1986-02-28,,,8.13,7.95,7.02
1986-03-01,,,,7.95,
1986-03-02,,,,7.95,
1986-03-03,,,7.99,7.93,6.97
1986-03-04,,,7.93,7.76,6.84
1986-03-05,,,8.12,7.77,6.85
1986-03-06,,,8.04,7.66,6.69
1986-03-07,,,7.96,7.39,6.61
1986-03-08,,,,7.39,
1986-03-09,,,,7.39,
1986-03-10,,,7.76,7.42,6.61
1986-03-11,,,7.7,7.53,6.57
1986-03-12,,,7.68,7.88,6.62
1986-03-13,,,7.75,7.56,6.59
1986-03-14,,,7.72,7.39,6.54
1986-03-15,,,,7.39,
1986-03-16,,,,7.39,
1986-03-17,,,7.77,7.6,6.56
1986-03-18,,,7.83,7.55,6.54
1986-03-19,,,7.82,7.38,6.49
1986-03-20,,,7.78,7.25,6.44
1986-03-21,,,7.8,7.17,6.41
1986-03-22,,,,7.17,
1986-03-23,,,,7.17,
1986-03-24,,,7.7,7.24,6.41
1986-03-25,,,7.7,7.35,6.38
1986-03-26,,,7.64,7.41,6.41
1986-03-27,,,7.49,7.42,6.34
1986-03-28,,,,7.11,
1986-03-29,,,,7.11,
1986-03-30,,,,7.11,
1986-03-31,,,7.39,8.06,6.34
1986-04-01,,,7.37,7.49,6.33
1986-04-02,,,7.33,7.45,6.34
1986-04-03,,,7.41,7.44,6.33
1986-04-04,,,7.45,6.97,6.23
1986-04-05,,,,6.97,
1986-04-06,,,,6.97,
1986-04-07,,,7.43,7.09,6.24
1986-04-08,,,7.31,6.96,6.13
1986-04-09,,,7.27,6.92,6.01
1986-04-10,,,7.23,7.11,6.02
1986-04-11,,,7.29,6.87,5.96
1986-04-12,,,,6.87,
1986-04-13,,,,6.87,
1986-04-14,,,7.19,6.99,5.91
1986-04-15,,,7.22,7.07,5.81
1986-04-16,,,6.98,7.02,5.77
1986-04-17,,,7.03,6.79,5.84
1986-04-18,,,7.09,6.71,5.87
1986-04-19,,,,6.71,
1986-04-20,,,,6.71,
1986-04-21,,,7.04,7.0,5.87
1986-04-22,,,7.25,7.14,5.95
1986-04-23,,,7.36,7.37,6.09
1986-04-24,,,7.51,6.99,6.11
1986-04-25,,,7.58,6.78,6.14
1986-04-26,,,,6.78,
1986-04-27,,,,6.78,
1986-04-28,,,7.48,6.9,6.1
1986-04-29,,,7.38,6.87,6.09
1986-04-30,,,7.38,7.05,6.1
1986-05-01,,,7.45,7.13,6.11
1986-05-02,,,7.51,6.86,6.15
1986-05-03,,,,6.86,
1986-05-04,,,,6.86,
1986-05-05,,,7.45,6.88,6.06
1986-05-06,,,7.46,6.73,6.05
1986-05-07,,,7.43,6.74,6.04
1986-05-08,,,7.4,6.84,6.04
1986-05-09,,,7.48,6.78,6.05
1986-05-10,,,,6.78,
1986-05-11,,,,6.78,
1986-05-12,,,7.67,6.92,6.13
1986-05-13,,,7.63,6.85,6.09
1986-05-14,,,7.66,6.82,6.09
1986-05-15,,,7.79,7.0,6.17
1986-05-16,,,7.99,6.8,6.21
1986-05-17,,,,6.8,
1986-05-18,,,,6.8,
1986-05-19,,,7.98,6.89,6.2
1986-05-20,,,7.88,6.86,6.23
1986-05-21,,,7.9,6.96,6.2
1986-05-22,,,7.88,6.87,6.2
1986-05-23,,,7.84,6.79,6.18
1986-05-24,,,,6.79,
1986-05-25,,,,6.79,
1986-05-26,,,,6.79,
1986-05-27,,,7.73,6.98,6.16
1986-05-28,,,7.73,6.97,6.19
1986-05-29,,,7.99,6.84,6.3
1986-05-30,,,8.05,6.84,6.3
1986-05-31,,,,6.84,
1986-06-01,,,,6.84,
1986-06-02,,,8.32,7.05,6.36
1986-06-03,,,8.19,7.1,6.41
1986-06-04,,,8.39,7.16,6.52
1986-06-05,,,8.31,6.99,6.51
1986-06-06,,,7.95,6.85,6.32
1986-06-07,,,,6.85,
1986-06-08,,,,6.85,
1986-06-09,,,8.13,7.0,6.36
1986-06-10,,,8.07,6.87,6.28
1986-06-11,,,8.01,6.84,6.34
1986-06-12,,,7.98,6.9,6.28
1986-06-13,,,7.73,6.84,6.17
1986-06-14,,,,6.84,
1986-06-15,,,,6.84,
1986-06-16,,,7.63,6.95,6.12
1986-06-17,,,7.63,6.83,6.09
1986-06-18,,,7.57,6.87,6.09
1986-06-19,,,7.69,6.88,6.11
1986-06-20,,,7.6,6.83,6.1
1986-06-21,,,,6.83,
1986-06-22,,,,6.83,
1986-06-23,,,7.55,6.91,6.11
1986-06-24,,,7.47,6.88,6.08
1986-06-25,,,7.42,6.84,6.08
1986-06-26,,,7.42,6.85,6.08
1986-06-27,,,7.38,6.82,6.02
1986-06-28,,,,6.82,
1986-06-29,,,,6.82,
1986-06-30,,,7.35,7.72,5.96
1986-07-01,,,7.37,6.97,5.99
1986-07-02,,,7.37,7.12,6.0
1986-07-03,,,7.31,6.87,5.91
1986-07-04,,,,6.87,
1986-07-05,,,,6.87,
1986-07-06,,,,6.87,
1986-07-07,,,7.31,6.93,5.87
1986-07-08,,,7.44,6.88,5.94
1986-07-09,,,7.31,6.8,5.88
1986-07-10,,,7.31,6.78,5.85
1986-07-11,,,7.3,6.47,5.75
1986-07-12,,,,6.47,
1986-07-13,,,,6.47,
1986-07-14,,,7.25,6.48,5.77
1986-07-15,,,7.16,6.39,5.77
1986-07-16,,,7.2,6.54,5.77
1986-07-17,,,7.18,6.5,5.75
1986-07-18,,,7.16,6.38,5.71
1986-07-19,,,,6.38,
1986-07-20,,,,6.38,
1986-07-21,,,7.14,6.48,5.72
1986-07-22,,,7.2,6.39,5.73
1986-07-23,,,7.29,6.41,5.81
1986-07-24,,,7.35,6.33,5.81
1986-07-25,,,7.33,6.3,5.81
1986-07-26,,,,6.3,
1986-07-27,,,,6.3,
1986-07-28,,,7.53,6.42,5.89
1986-07-29,,,7.41,6.31,5.86
1986-07-30,,,7.41,6.26,5.85
1986-07-31,,,7.34,6.35,5.79
1986-08-01,,,7.34,6.38,5.77
1986-08-02,,,,6.38,
1986-08-03,,,,6.38,
1986-08-04,,,7.33,6.38,5.71
1986-08-05,,,7.39,6.35,5.71
1986-08-06,,,7.47,6.28,5.72
1986-08-07,,,7.45,6.33,5.72
1986-08-08,,,7.3,6.36,5.7
1986-08-09,,,,6.36,
1986-08-10,,,,6.36,
1986-08-11,,,7.25,6.4,5.67
1986-08-12,,,7.23,6.28,5.61
1986-08-13,,,7.15,6.09,5.57
1986-08-14,,,7.16,6.29,5.59
1986-08-15,,,7.14,6.47,5.56
1986-08-16,,,,6.47,
1986-08-17,,,,6.47,
1986-08-18,,,7.14,6.41,5.61
1986-08-19,,,7.02,6.32,5.56
1986-08-20,,,7.0,6.24,5.5
1986-08-21,,,6.96,5.94,5.37
1986-08-22,,,7.07,5.86,5.36
1986-08-23,,,,5.86,
1986-08-24,,,,5.86,
1986-08-25,,,7.06,5.9,5.27
1986-08-26,,,6.97,5.83,5.29
1986-08-27,,,7.06,5.86,5.32
1986-08-28,,,7.04,5.87,5.29
1986-08-29,,,6.95,5.77,5.17
1986-08-30,,,,5.77,
1986-08-31,,,,5.77,
1986-09-01,,,,5.77,
1986-09-02,,,7.03,5.94,5.19
1986-09-03,,,7.2,5.92,5.24
1986-09-04,,,7.15,5.83,5.19
1986-09-05,,,7.32,5.75,5.23
1986-09-06,,,,5.75,
1986-09-07,,,,5.75,
1986-09-08,,,7.38,5.86,5.24
1986-09-09,,,7.35,5.83,5.2
1986-09-10,,,7.35,6.0,5.16
1986-09-11,,,7.57,5.88,5.21
1986-09-12,,,7.63,5.86,5.17
1986-09-13,,,,5.86,
1986-09-14,,,,5.86,
1986-09-15,,,7.53,5.97,5.17
1986-09-16,,,7.53,5.88,5.13
1986-09-17,,,7.46,5.82,5.12
1986-09-18,,,7.62,5.84,5.23
1986-09-19,,,7.67,5.8,5.25
1986-09-20,,,,5.8,
1986-09-21,,,,5.8,
1986-09-22,,,7.62,5.89,5.25
1986-09-23,,,7.58,5.75,5.25
1986-09-24,,,7.48,5.76,5.24
1986-09-25,,,7.47,5.91,5.23
1986-09-26,,,7.47,5.9,5.24
1986-09-27,,,,5.9,
1986-09-28,,,,5.9,
1986-09-29,,,7.54,6.03,5.26
1986-09-30,,,7.45,6.9,5.2
1986-10-01,,,7.41,5.99,5.19
1986-10-02,,,7.45,5.94,5.19
1986-10-03,,,7.31,5.79,5.09
1986-10-04,,,,5.79,
1986-10-05,,,,5.79,
1986-10-06,,,7.28,5.78,5.05
1986-10-07,,,7.28,5.56,5.06
1986-10-08,,,7.31,5.57,5.04
1986-10-09,,,7.33,5.84,5.06
1986-10-10,,,7.36,5.78,5.06
1986-10-11,,,,5.78,
1986-10-12,,,,5.78,
1986-10-13,,,,5.78,
1986-10-14,,,7.49,5.95,5.14
1986-10-15,,,7.51,5.93,5.18
1986-10-16,,,7.53,5.89,5.2
1986-10-17,,,7.57,5.84,5.27
1986-10-18,,,,5.84,
1986-10-19,,,,5.84,
1986-10-20,,,7.66,5.91,5.31
1986-10-21,,,7.57,5.86,5.31
1986-10-22,,,7.49,6.17,5.3
1986-10-23,,,7.43,5.94,5.26
1986-10-24,,,7.47,5.83,5.27
1986-10-25,,,,5.83,
1986-10-26,,,,5.83,
1986-10-27,,,7.42,5.9,5.19
1986-10-28,,,7.45,5.85,5.2
1986-10-29,,,7.41,5.83,5.2
1986-10-30,,,7.31,5.88,5.18
1986-10-31,,,7.34,5.93,5.2
1986-11-01,,,,5.93,
1986-11-02,,,,5.93,
1986-11-03,,,7.29,6.0,5.21
1986-11-04,,,7.31,5.94,5.25
1986-11-05,,,7.24,6.55,5.26
1986-11-06,,,7.32,6.07,5.26
1986-11-07,,,7.4,5.94,5.32
1986-11-08,,,,5.94,
1986-11-09,,,,5.94,
1986-11-10,,,7.38,5.99,5.42
1986-11-11,,,,5.99,
1986-11-12,,,7.35,5.99,5.4
1986-11-13,,,7.33,5.94,5.4
1986-11-14,,,7.29,5.89,5.4
1986-11-15,,,,5.89,
1986-11-16,,,,5.89,
1986-11-17,,,7.22,6.14,5.4
1986-11-18,,,7.27,6.02,5.35
1986-11-19,,,7.19,7.13,5.33
1986-11-20,,,7.19,6.16,5.38
1986-11-21,,,7.17,5.96,5.36
1986-11-22,,,,5.96,
1986-11-23,,,,5.96,
1986-11-24,,,7.11,5.98,5.38
1986-11-25,,,7.15,5.98,5.39
1986-11-26,,,7.15,5.99,5.39
1986-11-27,,,,5.99,
1986-11-28,,,7.15,6.03,5.39
1986-11-29,,,,6.03,
1986-11-30,,,,6.03,
1986-12-01,,,7.18,6.38,5.42
1986-12-02,,,7.08,6.54,5.41
1986-12-03,,,7.06,6.72,5.41
1986-12-04,,,7.01,6.14,5.4
1986-12-05,,,7.12,5.94,5.44
1986-12-06,,,,5.94,
1986-12-07,,,,5.94,
1986-12-08,,,7.1,6.02,5.51
1986-12-09,,,7.07,5.95,5.48
1986-12-10,,,7.05,5.86,5.49
1986-12-11,,,7.12,5.86,5.49
1986-12-12,,,7.13,5.93,5.49
1986-12-13,,,,5.93,
1986-12-14,,,,5.93,
1986-12-15,,,7.15,6.53,5.5
1986-12-16,,,7.12,6.48,5.58
1986-12-17,,,7.12,7.46,5.64
1986-12-18,,,7.11,6.44,5.6
1986-12-19,,,7.1,6.22,5.51
1986-12-20,,,,6.22,
1986-12-21,,,,6.22,
1986-12-22,,,7.1,6.48,5.53
1986-12-23,,,7.08,6.39,5.55
1986-12-24,,,7.07,6.23,5.57
1986-12-25,,,,6.23,
1986-12-26,,,7.08,6.42,5.57
1986-12-27,,,,6.42,
1986-12-28,,,,6.42,
1986-12-29,,,7.17,8.38,5.67
1986-12-30,,,7.23,16.17,5.69
1986-12-31,,,7.23,14.35,5.67
1987-01-01,,,,14.35,
1987-01-02,,,7.18,6.46,5.55
1987-01-03,,,,6.46,
1987-01-04,,,,6.46,
1987-01-05,,,7.08,6.86,5.55
1987-01-06,,,7.08,6.56,5.51
1987-01-07,,,7.05,6.2,5.43
1987-01-08,,,7.04,5.98,5.43
1987-01-09,,,7.01,5.93,5.38
1987-01-10,,,,5.93,
1987-01-11,,,,5.93,
1987-01-12,,,7.05,6.22,5.37
1987-01-13,,,7.1,6.19,5.36
1987-01-14,,,7.11,5.89,5.35
1987-01-15,,,7.08,6.01,5.36
1987-01-16,,,7.03,5.97,5.33
1987-01-17,,,,5.97,
1987-01-18,,,,5.97,
1987-01-19,,,,5.97,
1987-01-20,,,7.01,6.13,5.3
1987-01-21,,,7.01,6.07,5.31
1987-01-22,,,7.03,6.08,5.38
1987-01-23,,,7.06,6.02,5.4
1987-01-24,,,,6.02,
1987-01-25,,,,6.02,
1987-01-26,,,7.17,6.14,5.49
1987-01-27,,,7.16,6.15,5.49
1987-01-28,,,7.13,6.5,5.47
1987-01-29,,,7.13,6.22,5.48
1987-01-30,,,7.18,6.28,5.6
1987-01-31,,,,6.28,
1987-02-01,,,,6.28,
1987-02-02,,,7.23,6.3,5.61
1987-02-03,,,7.25,6.2,5.59
1987-02-04,,,7.23,5.97,5.63
1987-02-05,,,7.2,5.95,5.59
1987-02-06,,,7.19,6.07,5.66
1987-02-07,,,,6.07,
1987-02-08,,,,6.07,
1987-02-09,,,7.25,6.29,5.72
1987-02-10,,,7.33,6.33,5.82
1987-02-11,,,7.37,6.17,5.86
1987-02-12,,,7.31,6.22,5.72
1987-02-13,,,7.28,6.1,5.65
1987-02-14,,,,6.1,
1987-02-15,,,,6.1,
1987-02-16,,,,6.1,
1987-02-17,,,7.33,6.59,5.72
1987-02-18,,,7.3,6.25,5.6
1987-02-19,,,7.23,6.0,5.45
1987-02-20,,,7.24,5.92,5.43
1987-02-21,,,,5.92,
1987-02-22,,,,5.92,
1987-02-23,,,7.23,6.06,5.44
1987-02-24,,,7.18,5.95,5.44
1987-02-25,,,7.21,5.89,5.45
1987-02-26,,,7.21,5.97,5.45
1987-02-27,,,7.19,6.02,5.45
1987-02-28,,,,6.02,
1987-03-01,,,,6.02,
1987-03-02,,,7.17,6.18,5.48
1987-03-03,,,7.21,6.22,5.54
1987-03-04,,,7.14,6.01,5.51
1987-03-05,,,7.16,5.99,5.52
1987-03-06,,,7.23,6.0,5.64
1987-03-07,,,,6.0,
1987-03-08,,,,6.0,
1987-03-09,,,7.23,6.21,5.64
1987-03-10,,,7.23,6.29,5.68
1987-03-11,,,7.23,6.32,5.69
1987-03-12,,,7.22,6.14,5.67
1987-03-13,,,7.19,6.05,5.62
1987-03-14,,,,6.05,
1987-03-15,,,,6.05,
1987-03-16,,,7.22,6.25,5.65
1987-03-17,,,7.2,6.05,5.57
1987-03-18,,,7.21,5.97,5.52
1987-03-19,,,7.21,6.06,5.5
1987-03-20,,,7.22,6.09,5.52
1987-03-21,,,,6.09,
1987-03-22,,,,6.09,
1987-03-23,,,7.25,6.21,5.62
1987-03-24,,,7.27,6.14,5.61
1987-03-25,,,7.26,6.28,5.57
1987-03-26,,,7.24,6.21,5.57
1987-03-27,,,7.33,6.15,5.63
1987-03-28,,,,6.15,
1987-03-29,,,,6.15,
1987-03-30,,,7.54,6.33,5.66
1987-03-31,,,7.51,6.23,5.61
1987-04-01,,,7.59,6.22,5.54
1987-04-02,,,7.59,6.14,5.51
1987-04-03,,,7.59,5.99,5.5
1987-04-04,,,,5.99,
1987-04-05,,,,5.99,
1987-04-06,,,7.54,6.2,5.47
1987-04-07,,,7.62,6.17,5.51
1987-04-08,,,7.61,6.45,5.5
1987-04-09,,,7.78,6.27,5.75
1987-04-10,,,7.98,6.35,5.85
1987-04-11,,,,6.35,
1987-04-12,,,,6.35,
1987-04-13,,,8.07,6.56,6.02
1987-04-14,,,8.28,6.55,5.92
1987-04-15,,,8.1,6.45,5.68
1987-04-16,,,8.03,6.26,5.56
1987-04-17,,,,6.05,
1987-04-18,,,,6.05,
1987-04-19,,,,6.05,
1987-04-20,,,8.2,6.21,5.54
1987-04-21,,,8.19,6.42,5.5
1987-04-22,,,8.24,6.78,5.42
1987-04-23,,,8.39,6.42,5.49
1987-04-24,,,8.47,6.29,5.76
1987-04-25,,,,6.29,
1987-04-26,,,,6.29,
1987-04-27,,,8.37,6.57,5.78
1987-04-28,,,8.28,6.75,5.82
1987-04-29,,,8.35,6.87,5.71
1987-04-30,,,8.21,7.63,5.53
1987-05-01,,,8.39,7.67,5.6
1987-05-02,,,,7.67,
1987-05-03,,,,7.67,
1987-05-04,,,8.52,7.0,5.67
1987-05-05,,,8.45,6.86,5.81
1987-05-06,,,8.54,6.61,5.5
1987-05-07,,,8.5,6.84,5.53
1987-05-08,,,8.43,6.72,5.53
1987-05-09,,,,6.72,
1987-05-10,,,,6.72,
1987-05-11,,,8.57,6.84,5.65
1987-05-12,,,8.55,6.75,5.6
1987-05-13,,,8.55,6.67,5.53
1987-05-14,,,8.57,6.75,5.73
1987-05-15,,,8.8,6.84,5.95
1987-05-16,,,,6.84,
1987-05-17,,,,6.84,
1987-05-18,,,8.73,6.88,5.87
1987-05-19,,,8.89,6.67,5.78
1987-05-20,,,8.92,6.6,5.69
1987-05-21,,,8.87,6.77,5.53
1987-05-22,,,8.78,6.72,5.55
1987-05-23,,,,6.72,
1987-05-24,,,,6.72,
1987-05-25,,,,6.72,
1987-05-26,,,8.55,6.97,5.61
1987-05-27,,,8.6,6.97,5.76
1987-05-28,,,8.56,6.8,5.63
1987-05-29,,,8.49,6.63,5.68
1987-05-30,,,,6.63,
1987-05-31,,,,6.63,
1987-06-01,,,8.45,6.74,5.7
1987-06-02,,,8.72,6.56,5.76
1987-06-03,,,8.64,6.58,5.69
1987-06-04,,,8.58,6.74,5.66
1987-06-05,,,8.5,6.7,5.68
1987-06-06,,,,6.7,
1987-06-07,,,,6.7,
1987-06-08,,,8.53,6.75,5.66
1987-06-09,,,8.56,6.68,5.51
1987-06-10,,,8.56,6.63,5.48
1987-06-11,,,8.52,6.73,5.54
1987-06-12,,,8.32,6.71,5.55
1987-06-13,,,,6.71,
1987-06-14,,,,6.71,
1987-06-15,,,8.28,6.85,5.65
1987-06-16,,,8.28,6.74,5.63
1987-06-17,,,8.23,6.8,5.65
1987-06-18,,,8.27,6.81,5.65
1987-06-19,,,8.3,6.76,5.66
1987-06-20,,,,6.76,
1987-06-21,,,,6.76,
1987-06-22,,,8.23,6.83,5.66
1987-06-23,,,8.23,6.84,5.72
1987-06-24,,,8.31,6.75,5.83
1987-06-25,,,8.25,6.81,5.84
1987-06-26,,,8.37,6.72,5.78
1987-06-27,,,,6.72,
1987-06-28,,,,6.72,
1987-06-29,,,8.34,6.68,5.67
1987-06-30,,,8.38,6.56,5.73
1987-07-01,,,8.36,6.07,5.64
1987-07-02,,,8.3,6.68,5.66
1987-07-03,,,,6.59,
1987-07-04,,,,6.59,
1987-07-05,,,,6.59,
1987-07-06,,,8.29,6.73,5.67
1987-07-07,,,8.28,6.72,5.6
1987-07-08,,,8.32,6.59,5.57
1987-07-09,,,8.37,6.62,5.61
1987-07-10,,,8.32,6.54,5.59
1987-07-11,,,,6.54,
1987-07-12,,,,6.54,
1987-07-13,,,8.38,6.62,5.61
1987-07-14,,,8.33,6.4,5.55
1987-07-15,,,8.43,6.38,5.58
1987-07-16,,,8.41,6.56,5.58
1987-07-17,,,8.36,6.56,5.56
1987-07-18,,,,6.56,
1987-07-19,,,,6.56,
1987-07-20,,,8.41,6.66,5.55
1987-07-21,,,8.49,6.58,5.69
1987-07-22,,,8.54,6.52,5.66
1987-07-23,,,8.56,6.6,5.67
1987-07-24,,,8.58,6.62,5.75
1987-07-25,,,,6.62,
1987-07-26,,,,6.62,
1987-07-27,,,8.6,6.64,5.81
1987-07-28,,,8.62,6.58,5.86
1987-07-29,,,8.61,6.7,5.88
1987-07-30,,,8.61,6.72,6.07
1987-07-31,,,8.66,6.75,6.07
1987-08-01,,,,6.75,
1987-08-02,,,,6.75,
1987-08-03,,,8.81,6.82,6.05
1987-08-04,,,8.81,6.76,5.85
1987-08-05,,,8.71,6.68,5.85
1987-08-06,,,8.73,6.62,5.74
1987-08-07,,,8.7,6.57,5.85
1987-08-08,,,,6.57,
1987-08-09,,,,6.57,
1987-08-10,,,8.74,6.58,5.91
1987-08-11,,,8.73,6.47,5.94
1987-08-12,,,8.72,6.65,5.95
1987-08-13,,,8.63,6.67,5.96
1987-08-14,,,8.58,6.75,5.96
1987-08-15,,,,6.75,
1987-08-16,,,,6.75,
1987-08-17,,,8.56,6.91,5.98
1987-08-18,,,8.73,6.7,6.02
1987-08-19,,,8.77,6.66,6.04
1987-08-20,,,8.74,6.63,6.11
1987-08-21,,,8.77,6.62,6.1
1987-08-22,,,,6.62,
1987-08-23,,,,6.62,
1987-08-24,,,8.78,6.77,6.17
1987-08-25,,,8.73,6.85,6.18
1987-08-26,,,8.79,7.24,6.25
1987-08-27,,,8.92,6.9,6.29
1987-08-28,,,9.02,6.84,6.31
1987-08-29,,,,6.84,
1987-08-30,,,,6.84,
1987-08-31,,,9.0,6.95,6.25
1987-09-01,,,9.05,6.84,6.12
1987-09-02,,,9.28,6.77,6.09
1987-09-03,,,9.29,6.84,6.19
1987-09-04,,,9.3,6.85,6.38
1987-09-05,,,,6.85,
1987-09-06,,,,6.85,
1987-09-07,,,,6.85,
1987-09-08,,,9.5,7.15,6.44
1987-09-09,,,9.48,7.23,6.43
1987-09-10,,,9.42,7.19,6.33
1987-09-11,,,9.33,7.13,6.35
1987-09-12,,,,7.13,
1987-09-13,,,,7.13,
1987-09-14,,,9.34,7.24,6.34
1987-09-15,,,9.44,7.42,6.34
1987-09-16,,,9.52,7.26,6.34
1987-09-17,,,9.48,7.09,6.38
1987-09-18,,,9.38,7.05,6.42
1987-09-19,,,,7.05,
1987-09-20,,,,7.05,
1987-09-21,,,9.45,7.32,6.51
1987-09-22,,,9.37,7.54,6.49
1987-09-23,,,9.4,7.74,6.47
1987-09-24,,,9.51,7.35,6.41
1987-09-25,,,9.53,7.27,6.5
1987-09-26,,,,7.27,
1987-09-27,,,,7.27,
1987-09-28,,,9.52,7.48,6.53
1987-09-29,,,9.64,7.9,6.69
1987-09-30,,,9.63,8.38,6.61
1987-10-01,,,9.66,7.71,6.63
1987-10-02,,,9.6,7.42,6.66
1987-10-03,,,,7.42,
1987-10-04,,,,7.42,
1987-10-05,,,9.69,7.45,6.68
1987-10-06,,,9.72,7.32,6.55
1987-10-07,,,9.71,7.3,6.56
1987-10-08,,,9.86,7.55,6.69
1987-10-09,,,9.94,7.58,6.75
1987-10-10,,,,7.58,
1987-10-11,,,,7.58,
1987-10-12,,,,7.58,
1987-10-13,,,9.9,7.65,6.74
1987-10-14,,,10.13,7.59,7.19
1987-10-15,,,10.18,7.76,7.07
1987-10-16,,,10.23,7.55,6.93
1987-10-17,,,,7.55,
1987-10-18,,,,7.55,
1987-10-19,,,10.15,7.61,6.39
1987-10-20,,,9.4,7.07,5.86
1987-10-21,,,9.3,6.47,5.6
1987-10-22,,,8.97,7.14,5.36
1987-10-23,,,8.98,7.0,5.29
1987-10-24,,,,7.0,
1987-10-25,,,,7.0,
1987-10-26,,,8.8,7.24,5.22
1987-10-27,,,8.92,7.14,5.23
1987-10-28,,,9.01,6.72,5.1
1987-10-29,,,8.89,6.76,5.03
1987-10-30,,,8.88,6.62,5.27
1987-10-31,,,,6.62,
1987-11-01,,,,6.62,
1987-11-02,,,8.98,6.64,5.62
1987-11-03,,,8.91,6.06,5.63
1987-11-04,,,8.85,5.69,5.54
1987-11-05,,,8.72,6.57,5.58
1987-11-06,,,8.76,6.7,5.73
1987-11-07,,,,6.7,
1987-11-08,,,,6.7,
1987-11-09,,,8.78,6.82,5.7
1987-11-10,,,8.79,6.63,5.67
1987-11-11,,,,6.63,
1987-11-12,,,8.8,6.72,5.83
1987-11-13,,,8.84,6.8,5.91
1987-11-14,,,,6.8,
1987-11-15,,,,6.8,
1987-11-16,,,8.82,7.11,5.87
1987-11-17,,,8.86,6.72,5.88
1987-11-18,,,8.85,6.46,5.77
1987-11-19,,,8.83,6.82,5.66
1987-11-20,,,8.79,6.74,5.72
1987-11-21,,,,6.74,
1987-11-22,,,,6.74,
1987-11-23,,,8.8,6.89,5.78
1987-11-24,,,8.89,6.77,5.77
1987-11-25,,,8.98,6.73,5.7
1987-11-26,,,,6.73,
1987-11-27,,,9.11,6.76,5.63
1987-11-28,,,,6.76,
1987-11-29,,,,6.76,
1987-11-30,,,8.99,7.19,5.21
1987-12-01,,,9.01,7.04,5.55
1987-12-02,,,9.01,7.0,5.49
1987-12-03,,,8.94,6.99,5.36
1987-12-04,,,8.94,6.82,5.43
1987-12-05,,,,6.82,
1987-12-06,,,,6.82,
1987-12-07,,,9.07,6.93,5.82
1987-12-08,,,9.09,6.79,5.86
1987-12-09,,,9.05,6.72,5.83
1987-12-10,,,9.23,6.83,5.92
1987-12-11,,,9.28,6.81,5.86
1987-12-12,,,,6.81,
1987-12-13,,,,6.81,
1987-12-14,,,9.23,6.78,5.85
1987-12-15,,,9.09,6.51,5.93
1987-12-16,,,9.0,5.52,5.94
1987-12-17,,,9.03,6.67,5.93
1987-12-18,,,8.89,6.75,5.87
1987-12-19,,,,6.75,
1987-12-20,,,,6.75,
1987-12-21,,,8.88,6.85,5.87
1987-12-22,,,8.95,6.77,5.93
1987-12-23,,,8.83,6.74,5.78
1987-12-24,,,8.82,6.7,5.74
1987-12-25,,,,6.7,
1987-12-26,,,,6.7,
1987-12-27,,,,6.7,
1987-12-28,,,8.93,6.91,5.7
1987-12-29,,,8.85,7.21,5.84
1987-12-30,,,8.78,6.77,5.71
1987-12-31,,,8.83,6.89,5.68
1988-01-01,,,,6.89,
1988-01-02,,,,6.89,
1988-01-03,,,,6.89,
1988-01-04,,,8.83,7.3,5.88
1988-01-05,,,8.76,7.34,5.93
1988-01-06,,,8.82,6.94,5.84
1988-01-07,,,8.83,6.91,5.78
1988-01-08,,,8.97,6.8,5.87
1988-01-09,,,,6.8,
1988-01-10,,,,6.8,
1988-01-11,,,8.94,6.89,5.69
1988-01-12,,,8.93,6.75,5.81
1988-01-13,,,8.87,6.72,5.79
1988-01-14,,,8.86,6.86,5.88
1988-01-15,,,8.6,6.89,5.88
1988-01-16,,,,6.89,
1988-01-17,,,,6.89,
1988-01-18,,,,6.89,
1988-01-19,,,8.65,6.96,5.96
1988-01-20,,,8.61,6.86,5.81
1988-01-21,,,8.53,6.67,5.82
1988-01-22,,,8.49,6.57,5.81
1988-01-23,,,,6.57,
1988-01-24,,,,6.57,
1988-01-25,,,8.45,6.86,5.83
1988-01-26,,,8.54,6.78,5.82
1988-01-27,,,8.38,6.57,5.74
1988-01-28,,,8.33,6.73,5.68
1988-01-29,,,8.26,6.79,5.64
1988-01-30,,,,6.79,
1988-01-31,,,,6.79,
1988-02-01,,,8.26,6.96,5.66
1988-02-02,,,8.18,6.78,5.71
1988-02-03,,,8.21,6.55,5.71
1988-02-04,,,8.24,6.57,5.65
1988-02-05,,,8.12,6.58,5.64
1988-02-06,,,,6.58,
1988-02-07,,,,6.58,
1988-02-08,,,8.19,6.58,5.64
1988-02-09,,,8.16,6.04,5.6
1988-02-10,,,8.11,5.72,5.61
1988-02-11,,,8.16,6.5,5.63
1988-02-12,,,8.28,6.59,5.75
1988-02-13,,,,6.59,
1988-02-14,,,,6.59,
1988-02-15,,,,6.59,
1988-02-16,,,8.31,6.9,5.75
1988-02-17,,,8.32,6.79,5.74
1988-02-18,,,8.28,6.65,5.69
1988-02-19,,,8.26,6.66,5.68
1988-02-20,,,,6.66,
1988-02-21,,,,6.66,
1988-02-22,,,8.24,6.77,5.66
1988-02-23,,,8.17,6.63,5.63
1988-02-24,,,8.18,6.43,5.62
1988-02-25,,,8.23,6.6,5.63
1988-02-26,,,8.18,6.56,5.59
1988-02-27,,,,6.56,
1988-02-28,,,,6.56,
1988-02-29,,,8.16,6.67,5.62
1988-03-01,,,8.15,6.66,5.62
1988-03-02,,,8.13,6.62,5.61
1988-03-03,,,8.12,6.58,5.6
1988-03-04,,,8.28,6.51,5.71
1988-03-05,,,,6.51,
1988-03-06,,,,6.51,
1988-03-07,,,8.3,6.51,5.72
1988-03-08,,,8.33,6.36,5.74
1988-03-09,,,8.32,6.59,5.73
1988-03-10,,,8.35,6.7,5.75
1988-03-11,,,8.29,6.6,5.73
1988-03-12,,,,6.6,
1988-03-13,,,,6.6,
1988-03-14,,,8.29,6.7,5.7
1988-03-15,,,8.3,6.6,5.61
1988-03-16,,,8.36,6.48,5.61
1988-03-17,,,8.3,6.47,5.6
1988-03-18,,,8.41,6.45,5.66
1988-03-19,,,,6.45,
1988-03-20,,,,6.45,
1988-03-21,,,8.47,6.45,5.74
1988-03-22,,,8.46,6.46,5.78
1988-03-23,,,8.47,6.83,5.83
1988-03-24,,,8.51,6.66,5.79
1988-03-25,,,8.47,6.6,5.7
1988-03-26,,,,6.6,
1988-03-27,,,,6.6,
1988-03-28,,,8.58,6.64,5.74
1988-03-29,,,8.56,6.57,5.74
1988-03-30,,,8.57,6.66,5.75
1988-03-31,,,8.57,6.83,5.71
1988-04-01,,,,6.7,
1988-04-02,,,,6.7,
1988-04-03,,,,6.7,
1988-04-04,,,8.68,6.71,5.85
1988-04-05,,,8.67,6.83,6.0
1988-04-06,,,8.61,7.3,6.05
1988-04-07,,,8.6,6.93,6.05
1988-04-08,,,8.52,6.84,6.02
1988-04-09,,,,6.84,
1988-04-10,,,,6.84,
1988-04-11,,,8.59,6.83,6.04
1988-04-12,,,8.57,6.75,5.93
1988-04-13,,,8.56,6.67,5.86
1988-04-14,,,8.67,6.74,5.74
1988-04-15,,,8.74,6.87,5.88
1988-04-16,,,,6.87,
1988-04-17,,,,6.87,
1988-04-18,,,8.81,6.84,5.85
1988-04-19,,,8.81,6.85,5.81
1988-04-20,,,8.83,7.49,5.84
1988-04-21,,,8.82,6.95,5.83
1988-04-22,,,8.78,6.81,5.83
1988-04-23,,,,6.81,
1988-04-24,,,,6.81,
1988-04-25,,,8.78,6.9,5.85
1988-04-26,,,8.8,6.81,5.9
1988-04-27,,,8.8,6.83,5.87
1988-04-28,,,8.86,7.1,5.96
1988-04-29,,,8.87,6.98,5.98
1988-04-30,,,,6.98,
1988-05-01,,,,6.98,
1988-05-02,,,8.94,6.86,6.08
1988-05-03,,,8.89,6.6,6.13
1988-05-04,,,8.9,6.24,6.14
1988-05-05,,,8.92,6.86,6.18
1988-05-06,,,9.01,6.88,6.29
1988-05-07,,,,6.88,
1988-05-08,,,,6.88,
1988-05-09,,,9.03,7.12,6.31
1988-05-10,,,9.07,7.32,6.34
1988-05-11,,,9.05,7.2,6.26
1988-05-12,,,9.04,7.1,6.21
1988-05-13,,,9.0,7.14,6.18
1988-05-14,,,,7.14,
1988-05-15,,,,7.14,
1988-05-16,,,9.01,7.3,6.2
1988-05-17,,,9.12,6.98,6.3
1988-05-18,,,9.19,6.45,6.21
1988-05-19,,,9.18,7.04,6.15
1988-05-20,,,9.22,7.15,6.24
1988-05-21,,,,7.15,
1988-05-22,,,,7.15,
1988-05-23,,,9.23,7.21,6.25
1988-05-24,,,9.22,7.07,6.31
1988-05-25,,,9.2,7.19,6.33
1988-05-26,,,9.21,7.49,6.42
1988-05-27,,,9.24,7.42,6.44
1988-05-28,,,,7.42,
1988-05-29,,,,7.42,
1988-05-30,,,,7.42,
1988-05-31,,,9.2,7.48,6.43
1988-06-01,,,9.03,7.24,6.47
1988-06-02,,,9.07,7.37,6.44
1988-06-03,,,8.97,7.34,6.46
1988-06-04,,,,7.34,
1988-06-05,,,,7.34,
1988-06-06,,,8.97,7.45,6.46
1988-06-07,,,9.02,7.38,6.43
1988-06-08,,,8.92,7.37,6.39
1988-06-09,,,8.96,7.32,6.44
1988-06-10,,,8.92,7.34,6.45
1988-06-11,,,,7.34,
1988-06-12,,,,7.34,
1988-06-13,,,8.91,7.52,6.44
1988-06-14,,,8.69,7.39,6.35
1988-06-15,,,8.71,7.75,6.34
1988-06-16,,,8.89,7.51,6.29
1988-06-17,,,9.02,7.54,6.37
1988-06-18,,,,7.54,
1988-06-19,,,,7.54,
1988-06-20,,,9.02,7.62,6.37
1988-06-21,,,9.03,7.57,6.56
1988-06-22,,,8.9,7.46,6.52
1988-06-23,,,8.88,7.55,6.52
1988-06-24,,,8.85,7.56,6.51
1988-06-25,,,,7.56,
1988-06-26,,,,7.56,
1988-06-27,,,8.94,7.61,6.56
1988-06-28,,,8.87,7.68,6.6
1988-06-29,,,8.88,7.87,6.58
1988-06-30,,,8.82,8.27,6.56
1988-07-01,,,8.77,7.75,6.55
1988-07-02,,,,7.75,
1988-07-03,,,,7.75,
1988-07-04,,,,7.75,
1988-07-05,,,8.82,7.75,6.56
1988-07-06,,,8.91,7.67,6.53
1988-07-07,,,8.95,7.66,6.55
1988-07-08,,,9.04,7.54,6.66
1988-07-09,,,,7.54,
1988-07-10,,,,7.54,
1988-07-11,,,9.02,7.59,6.61
1988-07-12,,,9.08,7.51,6.73
1988-07-13,,,9.12,7.78,6.72
1988-07-14,,,9.12,7.8,6.73
1988-07-15,,,9.08,7.87,6.72
1988-07-16,,,,7.87,
1988-07-17,,,,7.87,
1988-07-18,,,9.15,7.89,6.66
1988-07-19,,,9.1,7.79,6.69
1988-07-20,,,9.11,7.74,6.71
1988-07-21,,,9.16,7.85,6.78
1988-07-22,,,9.11,7.87,6.74
1988-07-23,,,,7.87,
1988-07-24,,,,7.87,
1988-07-25,,,9.07,7.89,6.8
1988-07-26,,,9.09,7.82,6.89
1988-07-27,,,9.14,7.42,7.0
1988-07-28,,,9.16,7.88,6.99
1988-07-29,,,9.12,7.84,6.95
1988-07-30,,,,7.84,
1988-07-31,,,,7.84,
1988-08-01,,,9.07,7.91,6.91
1988-08-02,,,9.0,7.81,6.9
1988-08-03,,,9.04,7.73,6.9
1988-08-04,,,8.99,7.75,6.84
1988-08-05,,,9.12,7.74,6.92
1988-08-06,,,,7.74,
1988-08-07,,,,7.74,
1988-08-08,,,9.12,7.78,6.84
1988-08-09,,,9.2,7.73,7.06
1988-08-10,,,9.3,7.8,6.99
1988-08-11,,,9.35,8.15,7.01
1988-08-12,,,9.36,8.14,7.01
1988-08-13,,,,8.14,
1988-08-14,,,,8.14,
1988-08-15,,,9.37,8.41,6.99
1988-08-16,,,9.35,8.22,7.06
1988-08-17,,,9.38,8.11,7.03
1988-08-18,,,9.35,8.14,7.02
1988-08-19,,,9.35,8.09,7.06
1988-08-20,,,,8.09,
1988-08-21,,,,8.09,
1988-08-22,,,9.37,8.05,7.06
1988-08-23,,,9.32,7.89,7.16
1988-08-24,,,9.34,7.82,7.18
1988-08-25,,,9.41,8.21,7.25
1988-08-26,,,9.38,8.16,7.33
1988-08-27,,,,8.16,
1988-08-28,,,,8.16,
1988-08-29,,,9.3,8.16,7.32
1988-08-30,,,9.27,8.08,7.3
1988-08-31,,,9.25,8.14,7.3
1988-09-01,,,9.25,8.27,7.28
1988-09-02,,,9.0,8.27,7.22
1988-09-03,,,,8.27,
1988-09-04,,,,8.27,
1988-09-05,,,,8.27,
1988-09-06,,,8.99,7.98,7.26
1988-09-07,,,8.99,7.74,7.33
1988-09-08,,,8.99,8.13,7.32
1988-09-09,,,8.93,8.13,7.28
1988-09-10,,,,8.13,
1988-09-11,,,,8.13,
1988-09-12,,,8.97,8.17,7.23
1988-09-13,,,8.94,8.11,7.17
1988-09-14,,,8.88,8.09,7.16
1988-09-15,,,8.91,8.24,7.17
1988-09-16,,,8.93,8.08,7.15
1988-09-17,,,,8.08,
1988-09-18,,,,8.08,
1988-09-19,,,8.97,8.05,7.13
1988-09-20,,,8.97,8.06,7.2
1988-09-21,,,8.93,8.63,7.19
1988-09-22,,,8.95,8.28,7.2
1988-09-23,,,8.97,8.21,7.23
1988-09-24,,,,8.21,
1988-09-25,,,,8.21,
1988-09-26,,,9.0,8.27,7.3
1988-09-27,,,9.04,8.26,7.33
1988-09-28,,,9.06,8.25,7.34
1988-09-29,,,8.98,8.39,7.29
1988-09-30,,,8.87,8.54,7.25
1988-10-01,,,,8.54,
1988-10-02,,,,8.54,
1988-10-03,,,8.84,8.18,7.24
1988-10-04,,,8.87,8.1,7.23
1988-10-05,,,8.87,8.39,7.22
1988-10-06,,,8.87,8.31,7.3
1988-10-07,,,8.7,8.27,7.27
1988-10-08,,,,8.27,
1988-10-09,,,,8.27,
1988-10-10,,,,8.27,
1988-10-11,,,8.75,8.29,7.29
1988-10-12,,,8.84,8.22,7.28
1988-10-13,,,8.84,8.15,7.34
1988-10-14,,,8.81,8.14,7.32
1988-10-15,,,,8.14,
1988-10-16,,,,8.14,
1988-10-17,,,8.79,8.37,7.33
1988-10-18,,,8.78,8.33,7.36
1988-10-19,,,8.82,8.64,7.43
1988-10-20,,,8.79,8.38,7.45
1988-10-21,,,8.83,8.29,7.44
1988-10-22,,,,8.29,
1988-10-23,,,,8.29,
1988-10-24,,,8.83,8.31,7.51
1988-10-25,,,8.83,8.26,7.44
1988-10-26,,,8.79,8.24,7.41
1988-10-27,,,8.72,8.27,7.38
1988-10-28,,,8.69,8.3,7.37
1988-10-29,,,,8.3,
1988-10-30,,,,8.3,
1988-10-31,,,8.65,8.39,7.36
1988-11-01,,,8.68,8.35,7.34
1988-11-02,,,8.73,8.63,7.37
1988-11-03,,,8.69,8.37,7.4
1988-11-04,,,8.85,8.27,7.45
1988-11-05,,,,8.27,
1988-11-06,,,,8.27,
1988-11-07,,,8.91,8.35,7.48
1988-11-08,,,8.91,8.33,7.59
1988-11-09,,,8.91,8.29,7.57
1988-11-10,,,8.9,8.27,7.64
1988-11-11,,,,8.27,
1988-11-12,,,,8.27,
1988-11-13,,,,8.27,
1988-11-14,,,8.91,8.95,7.78
1988-11-15,,,8.92,8.44,7.95
1988-11-16,,,9.0,7.37,7.94
1988-11-17,,,9.06,8.33,7.92
1988-11-18,,,9.05,8.29,7.94
1988-11-19,,,,8.29,
1988-11-20,,,,8.29,
1988-11-21,,,9.04,8.37,7.99
1988-11-22,,,9.09,8.4,8.0
1988-11-23,,,9.08,8.34,8.01
1988-11-24,,,,8.34,
1988-11-25,,,9.17,8.43,8.03
1988-11-26,,,,8.43,
1988-11-27,,,,8.43,
1988-11-28,,,9.16,8.55,7.98
1988-11-29,,,9.13,8.39,7.99
1988-11-30,,,9.06,8.5,7.83
1988-12-01,,,9.01,8.54,7.85
1988-12-02,,,9.18,8.63,8.07
1988-12-03,,,,8.63,
1988-12-04,,,,8.63,
1988-12-05,,,9.13,8.65,8.01
1988-12-06,,,8.95,8.59,7.95
1988-12-07,,,9.0,8.49,7.99
1988-12-08,,,9.02,8.5,7.98
1988-12-09,,,9.07,8.52,7.88
1988-12-10,,,,8.52,
1988-12-11,,,,8.52,
1988-12-12,,,9.08,8.58,7.9
1988-12-13,,,9.15,8.39,8.1
1988-12-14,,,9.19,8.51,8.12
1988-12-15,,,9.19,8.81,8.19
1988-12-16,,,9.17,8.9,8.16
1988-12-17,,,,8.9,
1988-12-18,,,,8.9,
1988-12-19,,,9.15,8.96,8.19
1988-12-20,,,9.08,8.85,8.18
1988-12-21,,,9.07,8.79,8.1
1988-12-22,,,9.07,8.85,8.05
1988-12-23,,,9.05,8.74,8.05
1988-12-24,,,,8.74,
1988-12-25,,,,8.74,
1988-12-26,,,,8.74,
1988-12-27,,,9.13,8.84,8.15
1988-12-28,,,9.21,9.39,8.26
1988-12-29,,,9.18,9.64,8.13
1988-12-30,,,9.14,9.04,8.1
1988-12-31,,,,9.04,
1989-01-01,,,,9.04,
1989-01-02,,,,9.04,
1989-01-03,,,9.23,9.4,8.14
1989-01-04,,,9.22,9.35,8.25
1989-01-05,,,9.27,9.0,8.27
1989-01-06,,,9.25,9.04,8.29
1989-01-07,,,,9.04,
1989-01-08,,,,9.04,
1989-01-09,,,9.23,9.19,8.28
1989-01-10,,,9.24,9.15,8.3
1989-01-11,,,9.24,9.1,8.24
1989-01-12,,,9.14,9.15,8.26
1989-01-13,,,9.06,9.1,8.21
1989-01-14,,,,9.1,
1989-01-15,,,,9.1,
1989-01-16,,,,9.1,
1989-01-17,,,9.06,9.26,8.24
1989-01-18,,,8.99,9.07,8.26
1989-01-19,,,9.0,8.98,8.23
1989-01-20,,,9.03,8.97,8.24
1989-01-21,,,,8.97,
1989-01-22,,,,8.97,
1989-01-23,,,9.0,9.1,8.27
1989-01-24,,,8.93,9.1,8.21
1989-01-25,,,8.99,9.32,8.29
1989-01-26,,,8.99,9.25,8.34
1989-01-27,,,8.95,9.17,8.33
1989-01-28,,,,9.17,
1989-01-29,,,,9.17,
1989-01-30,,,9.0,9.18,8.28
1989-01-31,,,9.01,9.14,8.39
1989-02-01,,,8.99,9.02,8.37
1989-02-02,,,8.98,9.03,8.38
1989-02-03,,,9.01,9.08,8.48
1989-02-04,,,,9.08,
1989-02-05,,,,9.08,
1989-02-06,,,9.01,9.08,8.53
1989-02-07,,,8.96,9.0,8.53
1989-02-08,,,8.95,9.38,8.53
1989-02-09,,,9.13,9.31,8.48
1989-02-10,,,9.19,9.19,8.55
1989-02-11,,,,9.19,
1989-02-12,,,,9.19,
1989-02-13,,,9.2,9.3,8.55
1989-02-14,,,9.23,9.29,8.56
1989-02-15,,,9.22,9.4,8.49
1989-02-16,,,9.21,9.35,8.5
1989-02-17,,,9.2,9.31,8.48
1989-02-18,,,,9.31,
1989-02-19,,,,9.31,
1989-02-20,,,,9.31,
1989-02-21,,,9.22,9.33,8.47
1989-02-22,,,9.29,9.81,8.53
1989-02-23,,,9.36,9.6,8.61
1989-02-24,,,9.38,9.79,8.65
1989-02-25,,,,9.79,
1989-02-26,,,,9.79,
1989-02-27,,,9.36,9.92,8.68
1989-02-28,,,9.32,9.87,8.71
1989-03-01,,,9.36,9.82,8.66
1989-03-02,,,9.31,9.83,8.66
1989-03-03,,,9.31,9.7,8.63
1989-03-04,,,,9.7,
1989-03-05,,,,9.7,
1989-03-06,,,9.26,9.77,8.57
1989-03-07,,,9.26,9.59,8.62
1989-03-08,,,9.23,10.5,8.61
1989-03-09,,,9.24,9.89,8.66
1989-03-10,,,9.34,9.82,8.74
1989-03-11,,,,9.82,
1989-03-12,,,,9.82,
1989-03-13,,,9.35,9.82,8.76
1989-03-14,,,9.32,9.78,8.7
1989-03-15,,,9.31,9.84,8.67
1989-03-16,,,9.3,9.79,8.7
1989-03-17,,,9.49,9.81,8.85
1989-03-18,,,,9.81,
1989-03-19,,,,9.81,
1989-03-20,,,9.53,9.85,8.99
1989-03-21,,,9.53,9.8,9.09
1989-03-22,,,9.45,10.18,9.01
1989-03-23,,,9.43,9.92,9.04
1989-03-24,,,,9.88,
1989-03-25,,,,9.88,
1989-03-26,,,,9.88,
1989-03-27,,,9.44,9.9,9.1
1989-03-28,,,9.41,9.88,9.07
1989-03-29,,,9.36,9.84,8.96
1989-03-30,,,9.34,9.89,8.95
1989-03-31,,,9.3,9.79,8.9
1989-04-01,,,,9.79,
1989-04-02,,,,9.79,
1989-04-03,,,9.21,9.92,8.82
1989-04-04,,,9.17,9.52,8.81
1989-04-05,,,9.17,9.28,8.82
1989-04-06,,,9.2,9.85,8.84
1989-04-07,,,9.27,9.83,8.8
1989-04-08,,,,9.83,
1989-04-09,,,,9.83,
1989-04-10,,,9.27,9.85,8.73
1989-04-11,,,9.27,9.79,8.68
1989-04-12,,,9.29,9.78,8.66
1989-04-13,,,9.34,9.84,8.77
1989-04-14,,,9.18,9.83,8.61
1989-04-15,,,,9.83,
1989-04-16,,,,9.83,
1989-04-17,,,9.2,9.89,8.61
1989-04-18,,,9.06,9.71,8.43
1989-04-19,,,9.08,10.71,8.43
1989-04-20,,,9.2,9.89,8.64
1989-04-21,,,9.15,9.87,8.64
1989-04-22,,,,9.87,
1989-04-23,,,,9.87,
1989-04-24,,,9.15,9.88,8.67
1989-04-25,,,9.12,9.85,8.63
1989-04-26,,,9.11,9.82,8.53
1989-04-27,,,9.05,9.85,8.41
1989-04-28,,,9.02,9.82,8.41
1989-04-29,,,,9.82,
1989-04-30,,,,9.82,
1989-05-01,,,9.14,9.85,8.62
1989-05-02,,,9.08,9.83,8.58
1989-05-03,,,9.06,10.15,8.53
1989-05-04,,,9.06,9.91,8.53
1989-05-05,,,8.99,9.9,8.43
1989-05-06,,,,9.9,
1989-05-07,,,,9.9,
1989-05-08,,,9.04,9.84,8.49
1989-05-09,,,9.15,9.79,8.5
1989-05-10,,,9.16,9.77,8.52
1989-05-11,,,9.1,9.74,8.42
1989-05-12,,,8.81,9.67,8.21
1989-05-13,,,,9.67,
1989-05-14,,,,9.67,
1989-05-15,,,8.82,9.79,8.24
1989-05-16,,,8.82,9.76,8.23
1989-05-17,,,8.8,9.92,8.28
1989-05-18,,,8.78,9.8,8.38
1989-05-19,,,8.71,9.73,8.35
1989-05-20,,,,9.73,
1989-05-21,,,,9.73,
1989-05-22,,,8.58,9.7,8.32
1989-05-23,,,8.6,9.73,8.28
1989-05-24,,,8.63,9.75,8.37
1989-05-25,,,8.67,9.76,8.54
1989-05-26,,,8.66,9.71,8.52
1989-05-27,,,,9.71,
1989-05-28,,,,9.71,
1989-05-29,,,,9.71,
1989-05-30,,,8.64,9.77,8.58
1989-05-31,,,8.6,10.48,8.61
1989-06-01,,,8.61,9.84,8.61
1989-06-02,,,8.43,9.73,8.36
1989-06-03,,,,9.73,
1989-06-04,,,,9.73,
1989-06-05,,,8.36,9.64,8.26
1989-06-06,,,8.36,9.58,8.16
1989-06-07,,,8.27,9.48,8.14
1989-06-08,,,8.27,9.47,8.12
1989-06-09,,,8.15,9.36,8.22
1989-06-10,,,,9.36,
1989-06-11,,,,9.36,
1989-06-12,,,8.16,9.35,8.19
1989-06-13,,,8.25,9.3,8.16
1989-06-14,,,8.2,9.22,8.12
1989-06-15,,,8.33,9.46,8.09
1989-06-16,,,8.35,9.5,8.14
1989-06-17,,,,9.5,
1989-06-18,,,,9.5,
1989-06-19,,,8.37,9.44,8.15
1989-06-20,,,8.31,9.41,8.15
1989-06-21,,,8.37,9.55,8.13
1989-06-22,,,8.38,9.66,8.15
1989-06-23,,,8.25,9.57,8.05
1989-06-24,,,,9.57,
1989-06-25,,,,9.57,
1989-06-26,,,8.18,9.51,8.1
1989-06-27,,,8.11,9.55,8.05
1989-06-28,,,8.17,9.64,8.04
1989-06-29,,,8.12,9.69,7.95
1989-06-30,,,8.1,9.63,7.99
1989-07-01,,,,9.63,
1989-07-02,,,,9.63,
1989-07-03,,,8.09,9.49,7.97
1989-07-04,,,,9.49,
1989-07-05,,,8.11,9.48,7.78
1989-07-06,,,8.08,9.46,7.77
1989-07-07,,,8.02,9.23,7.73
1989-07-08,,,,9.23,
1989-07-09,,,,9.23,
1989-07-10,,,7.99,9.22,7.75
1989-07-11,,,8.0,9.25,7.76
1989-07-12,,,8.0,9.54,7.73
1989-07-13,,,8.0,9.31,7.77
1989-07-14,,,8.04,9.22,7.84
1989-07-15,,,,9.22,
1989-07-16,,,,9.22,
1989-07-17,,,8.05,9.28,7.92
1989-07-18,,,8.13,9.24,7.91
1989-07-19,,,8.09,9.21,7.93
1989-07-20,,,8.01,9.19,7.97
1989-07-21,,,8.07,9.2,8.12
1989-07-22,,,,9.2,
1989-07-23,,,,9.2,
1989-07-24,,,8.05,9.17,8.1
1989-07-25,,,8.01,9.14,8.03
1989-07-26,,,8.02,8.86,8.02
1989-07-27,,,7.92,9.0,7.9
1989-07-28,,,7.87,8.94,7.86
1989-07-29,,,,8.94,
1989-07-30,,,,8.94,
1989-07-31,,,7.82,8.94,7.8
1989-08-01,,,7.74,8.95,7.63
1989-08-02,,,7.76,8.95,7.63
1989-08-03,,,7.8,8.94,7.64
1989-08-04,,,8.0,8.93,7.87
1989-08-05,,,,8.93,
1989-08-06,,,,8.93,
1989-08-07,,,8.03,8.95,7.95
1989-08-08,,,8.0,8.95,7.94
1989-08-09,,,8.05,9.24,7.91
1989-08-10,,,8.02,9.02,7.86
1989-08-11,,,8.09,9.0,7.96
1989-08-12,,,,9.0,
1989-08-13,,,,9.0,
1989-08-14,,,8.24,9.04,8.06
1989-08-15,,,8.21,9.19,8.03
1989-08-16,,,8.12,9.03,7.94
1989-08-17,,,8.18,8.95,7.88
1989-08-18,,,8.15,8.93,7.86
1989-08-19,,,,8.93,
1989-08-20,,,,8.93,
1989-08-21,,,8.2,8.94,7.92
1989-08-22,,,8.29,8.92,8.05
1989-08-23,,,8.25,9.44,8.0
1989-08-24,,,8.2,9.05,7.96
1989-08-25,,,8.21,8.98,7.96
1989-08-26,,,,8.98,
1989-08-27,,,,8.98,
1989-08-28,,,8.27,8.95,7.98
1989-08-29,,,8.27,8.92,7.9
1989-08-30,,,8.25,8.89,7.87
1989-08-31,,,8.26,8.92,7.89
1989-09-01,,,8.19,8.93,7.86
1989-09-02,,,,8.93,
1989-09-03,,,,8.93,
1989-09-04,,,,8.93,
1989-09-05,,,8.19,8.93,7.88
1989-09-06,,,8.17,9.14,7.82
1989-09-07,,,8.17,9.0,7.8
1989-09-08,,,8.14,8.98,7.78
1989-09-09,,,,8.98,
1989-09-10,,,,8.98,
1989-09-11,,,8.13,8.95,7.69
1989-09-12,,,8.13,8.93,7.62
1989-09-13,,,8.18,8.89,7.59
1989-09-14,,,8.13,8.9,7.58
1989-09-15,,,8.09,9.02,7.53
1989-09-16,,,,9.02,
1989-09-17,,,,9.02,
1989-09-18,,,8.1,8.96,7.61
1989-09-19,,,8.09,8.94,7.66
1989-09-20,,,8.15,9.48,7.81
1989-09-21,,,8.2,8.97,7.83
1989-09-22,,,8.22,8.99,7.76
1989-09-23,,,,8.99,
1989-09-24,,,,8.99,
1989-09-25,,,8.32,9.09,7.82
1989-09-26,,,8.3,9.05,7.76
1989-09-27,,,8.3,9.03,7.83
1989-09-28,,,8.3,9.2,7.87
1989-09-29,,,8.31,9.24,7.91
1989-09-30,,,,9.24,
1989-10-01,,,,9.24,
1989-10-02,,,8.28,9.16,7.89
1989-10-03,,,8.23,9.08,7.78
1989-10-04,,,8.22,9.13,7.78
1989-10-05,,,8.15,9.02,7.76
1989-10-06,,,8.03,8.92,7.58
1989-10-07,,,,8.92,
1989-10-08,,,,8.92,
1989-10-09,,,,8.92,
1989-10-10,,,8.03,8.91,7.63
1989-10-11,,,8.07,8.88,7.7
1989-10-12,,,8.04,8.82,7.7
1989-10-13,,,7.87,8.81,7.61
1989-10-14,,,,8.81,
1989-10-15,,,,8.81,
1989-10-16,,,7.98,8.63,7.44
1989-10-17,,,8.0,8.7,7.43
1989-10-18,,,8.01,8.75,7.5
1989-10-19,,,7.96,8.71,7.57
1989-10-20,,,7.98,8.71,7.55
1989-10-21,,,,8.71,
1989-10-22,,,,8.71,
1989-10-23,,,7.92,8.73,7.57
1989-10-24,,,7.87,8.72,7.5
1989-10-25,,,7.86,8.73,7.56
1989-10-26,,,7.88,8.75,7.6
1989-10-27,,,7.94,8.74,7.76
1989-10-28,,,,8.74,
1989-10-29,,,,8.74,
1989-10-30,,,7.92,8.75,7.75
1989-10-31,,,7.92,8.89,7.77
1989-11-01,,,7.91,8.98,7.78
1989-11-02,,,7.87,8.77,7.73
1989-11-03,,,7.96,8.74,7.84
1989-11-04,,,,8.74,
1989-11-05,,,,8.74,
1989-11-06,,,8.0,8.74,7.87
1989-11-07,,,7.9,8.64,7.75
1989-11-08,,,7.87,8.48,7.69
1989-11-09,,,7.9,8.42,7.7
1989-11-10,,,7.92,8.4,7.71
1989-11-11,,,,8.4,
1989-11-12,,,,8.4,
1989-11-13,,,7.89,8.44,7.7
1989-11-14,,,7.87,8.44,7.66
1989-11-15,,,7.82,8.73,7.64
1989-11-16,,,7.82,8.52,7.66
1989-11-17,,,7.88,8.45,7.68
1989-11-18,,,,8.45,
1989-11-19,,,,8.45,
1989-11-20,,,7.86,8.47,7.68
1989-11-21,,,7.85,8.5,7.63
1989-11-22,,,7.81,8.38,7.59
1989-11-23,,,,8.38,
1989-11-24,,,7.8,8.3,7.51
1989-11-25,,,,8.3,
1989-11-26,,,,8.3,
1989-11-27,,,7.85,8.56,7.66
1989-11-28,,,7.86,8.73,7.71
1989-11-29,,,7.88,8.99,7.66
1989-11-30,,,7.84,8.6,7.59
1989-12-01,,,7.81,8.51,7.53
1989-12-02,,,,8.51,
1989-12-03,,,,8.51,
1989-12-04,,,7.82,8.53,7.55
1989-12-05,,,7.82,8.51,7.56
1989-12-06,,,7.85,8.47,7.64
1989-12-07,,,7.88,8.48,7.69
1989-12-08,,,7.82,8.46,7.61
1989-12-09,,,,8.46,
1989-12-10,,,,8.46,
1989-12-11,,,7.83,8.44,7.64
1989-12-12,,,7.84,8.44,7.66
1989-12-13,,,7.82,8.58,7.69
1989-12-14,,,7.79,8.51,7.62
1989-12-15,,,7.8,8.56,7.62
1989-12-16,,,,8.56,
1989-12-17,,,,8.56,
1989-12-18,,,7.77,8.56,7.6
1989-12-19,,,7.78,8.5,7.67
1989-12-20,,,7.77,8.42,7.57
1989-12-21,,,7.77,8.27,7.56
1989-12-22,,,7.82,8.19,7.59
1989-12-23,,,,8.19,
1989-12-24,,,,8.19,
1989-12-25,,,,8.19,
1989-12-26,,,7.95,8.43,7.76
1989-12-27,,,7.94,9.18,7.73
1989-12-28,,,7.91,9.45,7.68
1989-12-29,,,7.93,7.97,7.55
1989-12-30,,,,7.97,
1989-12-31,,,,7.97,
1990-01-01,,,,7.97,
1990-01-02,,17.24,7.94,8.54,7.58
1990-01-03,,18.19,7.99,8.37,7.63
1990-01-04,,19.22,7.98,8.29,7.59
1990-01-05,,20.11,7.99,8.2,7.54
1990-01-06,,,,8.2,
1990-01-07,,,,8.2,
1990-01-08,,20.26,8.02,8.27,7.54
1990-01-09,,22.2,8.02,8.25,7.55
1990-01-10,,22.44,8.03,8.12,7.5
1990-01-11,,20.05,8.04,8.21,7.55
1990-01-12,,24.64,8.1,8.16,7.5
1990-01-13,,,,8.16,
1990-01-14,,,,8.16,
1990-01-15,,26.34,,8.16,
1990-01-16,,24.18,8.2,8.31,7.63
1990-01-17,,24.16,8.19,8.26,7.71
1990-01-18,,24.34,8.32,8.23,7.78
1990-01-19,,22.5,8.26,8.19,7.74
1990-01-20,,,,8.19,
1990-01-21,,,,8.19,
1990-01-22,,26.7,8.27,8.19,7.73
1990-01-23,,24.72,8.26,8.19,7.67
1990-01-24,,25.39,8.38,8.4,7.67
1990-01-25,,25.63,8.42,8.24,7.69
1990-01-26,,26.28,8.49,8.24,7.68
1990-01-27,,,,8.24,
1990-01-28,,,,8.24,
1990-01-29,,26.44,8.5,8.24,7.74
1990-01-30,,27.25,8.51,8.23,7.74
1990-01-31,,25.36,8.43,8.26,7.74
1990-02-01,,24.87,8.42,8.25,7.76
1990-02-02,,24.32,8.5,8.23,7.81
1990-02-03,,,,8.23,
1990-02-04,,,,8.23,
1990-02-05,,24.54,8.53,8.22,7.82
1990-02-06,,24.69,8.57,8.19,7.82
1990-02-07,,24.29,8.52,8.22,7.81
1990-02-08,,23.77,8.49,8.21,7.81
1990-02-09,,23.69,8.31,8.21,7.76
1990-02-10,,,,8.21,
1990-02-11,,,,8.21,
1990-02-12,,24.38,8.4,8.21,7.73
1990-02-13,,23.76,8.35,8.21,7.58
1990-02-14,,22.05,8.36,8.21,7.61
1990-02-15,,19.71,8.43,8.32,7.71
1990-02-16,,20.78,8.42,8.19,7.69
1990-02-17,,,,8.19,
1990-02-18,,,,8.19,
1990-02-19,,,,8.19,
1990-02-20,,22.78,8.62,8.24,7.8
1990-02-21,,23.89,8.62,8.41,7.75
1990-02-22,,22.54,8.54,8.28,7.73
1990-02-23,,23.69,8.53,8.25,7.68
1990-02-24,,,,8.25,
1990-02-25,,,,8.25,
1990-02-26,,23.56,8.46,8.28,7.71
1990-02-27,,22.69,8.41,8.27,7.73
1990-02-28,,21.99,8.51,8.29,7.77
1990-03-01,,21.9,8.59,8.3,7.81
1990-03-02,,21.34,8.54,8.27,7.76
1990-03-03,,,,8.27,
1990-03-04,,,,8.27,
1990-03-05,,22.03,8.65,8.24,7.82
1990-03-06,,20.55,8.59,8.21,7.9
1990-03-07,,19.1,8.58,8.4,7.91
1990-03-08,,19.74,8.57,8.3,7.91
1990-03-09,,20.3,8.65,8.29,7.99
1990-03-10,,,,8.29,
1990-03-11,,,,8.29,
1990-03-12,,20.07,8.63,8.28,7.99
1990-03-13,,21.05,8.73,8.23,7.98
1990-03-14,,19.65,8.65,8.21,7.95
1990-03-15,,18.81,8.66,8.29,7.94
1990-03-16,,17.62,8.59,8.22,7.92
1990-03-17,,,,8.22,
1990-03-18,,,,8.22,
1990-03-19,,18.29,8.59,8.24,7.94
1990-03-20,,19.06,8.54,8.26,7.97
1990-03-21,,20.1,8.55,8.47,7.95
1990-03-22,,22.74,8.53,8.28,7.9
1990-03-23,,20.46,8.52,8.25,7.88
1990-03-24,,,,8.25,
1990-03-25,,,,8.25,
1990-03-26,,19.59,8.51,8.25,7.86
1990-03-27,,21.01,8.52,8.26,7.9
1990-03-28,,19.77,8.51,8.3,7.85
1990-03-29,,18.46,8.6,8.37,7.83
1990-03-30,,19.73,8.65,8.3,7.8
1990-03-31,,,,8.3,
1990-04-01,,,,8.3,
1990-04-02,,22.84,8.65,8.34,7.78
1990-04-03,,20.44,8.63,8.31,7.82
1990-04-04,,22.03,8.55,8.37,7.75
1990-04-05,,21.21,8.57,8.31,7.76
1990-04-06,,21.76,8.56,8.26,7.76
1990-04-07,,,,8.26,
1990-04-08,,,,8.26,
1990-04-09,,22.3,8.59,8.24,7.82
1990-04-10,,21.69,8.6,8.21,7.78
1990-04-11,,17.73,8.63,8.2,7.76
1990-04-12,,19.8,8.64,8.21,7.76
1990-04-13,,,,8.18,
1990-04-14,,,,8.18,
1990-04-15,,,,8.18,
1990-04-16,,20.75,8.68,8.31,7.74
1990-04-17,,20.38,8.77,8.39,7.76
1990-04-18,,22.67,8.86,8.46,7.81
1990-04-19,,22.46,8.87,8.31,7.79
1990-04-20,,23.33,8.95,8.24,7.69
1990-04-21,,,,8.24,
1990-04-22,,,,8.24,
1990-04-23,,24.16,8.98,8.25,7.73
1990-04-24,,21.7,9.0,8.21,7.76
1990-04-25,,20.86,9.01,8.21,7.79
1990-04-26,,20.25,9.07,8.21,7.82
1990-04-27,,22.19,9.06,8.18,7.79
1990-04-28,,,,8.18,
1990-04-29,,,,8.18,
1990-04-30,,19.52,9.04,8.23,7.79
1990-05-01,,18.43,9.08,8.11,7.92
1990-05-02,,19.32,9.09,7.73,7.9
1990-05-03,,17.81,9.04,8.19,7.88
1990-05-04,,17.28,8.84,8.21,7.76
1990-05-05,,,,8.21,
1990-05-06,,,,8.21,
1990-05-07,,17.65,8.87,8.23,7.82
1990-05-08,,18.49,8.84,8.2,7.79
1990-05-09,,18.64,8.88,8.18,7.75
1990-05-10,,18.59,8.82,8.23,7.71
1990-05-11,,19.81,8.64,8.24,7.62
1990-05-12,,,,8.24,
1990-05-13,,,,8.24,
1990-05-14,,20.14,8.61,8.27,7.63
1990-05-15,,19.49,8.65,8.34,7.65
1990-05-16,,17.71,8.68,7.53,7.67
1990-05-17,,17.27,8.69,8.2,7.67
1990-05-18,,17.2,8.75,8.22,7.75
1990-05-19,,,,8.22,
1990-05-20,,,,8.22,
1990-05-21,,16.72,8.74,8.24,7.75
1990-05-22,,17.84,8.65,8.22,7.73
1990-05-23,,17.18,8.61,8.24,7.65
1990-05-24,,17.7,8.63,8.29,7.69
1990-05-25,,17.32,8.69,8.27,7.75
1990-05-26,,,,8.27,
1990-05-27,,,,8.27,
1990-05-28,,,,8.27,
1990-05-29,,18.75,8.66,8.26,7.75
1990-05-30,,17.44,8.62,7.69,7.76
1990-05-31,,17.37,8.6,8.23,7.75
1990-06-01,,17.09,8.44,8.28,7.68
1990-06-02,,,,8.28,
1990-06-03,,,,8.28,
1990-06-04,,18.39,8.44,8.28,7.7
1990-06-05,,18.97,8.47,8.27,7.7
1990-06-06,,17.42,8.46,8.22,7.7
1990-06-07,,16.88,8.46,8.25,7.7
1990-06-08,,17.58,8.46,8.26,7.7
1990-06-09,,,,8.26,
1990-06-10,,,,8.26,
1990-06-11,,16.34,8.48,8.26,7.73
1990-06-12,,16.6,8.48,8.23,7.73
1990-06-13,,17.38,8.4,8.61,7.67
1990-06-14,,17.4,8.38,8.29,7.66
1990-06-15,,15.9,8.46,8.29,7.69
1990-06-16,,,,8.29,
1990-06-17,,,,8.29,
1990-06-18,,17.71,8.5,8.28,7.67
1990-06-19,,15.23,8.51,8.25,7.74
1990-06-20,,15.27,8.55,8.24,7.76
1990-06-21,,14.72,8.52,8.25,7.77
1990-06-22,,19.36,8.51,8.24,7.78
1990-06-23,,,,8.24,
1990-06-24,,,,8.24,
1990-06-25,,17.06,8.58,8.3,7.79
1990-06-26,,16.29,8.56,8.33,7.8
1990-06-27,,16.0,8.52,8.39,7.78
1990-06-28,,16.18,8.47,8.36,7.74
1990-06-29,,15.5,8.43,8.32,7.74
1990-06-30,,,,8.32,
1990-07-01,,,,8.32,
1990-07-02,,16.26,8.43,8.35,7.74
1990-07-03,,16.11,8.4,8.32,7.7
1990-07-04,,,,8.32,
1990-07-05,,17.25,8.42,8.32,7.66
1990-07-06,,16.41,8.51,8.32,7.75
1990-07-07,,,,8.32,
1990-07-08,,,,8.32,
1990-07-09,,16.66,8.57,8.33,7.8
1990-07-10,,16.92,8.57,8.34,7.8
1990-07-11,,16.68,8.57,8.01,7.78
1990-07-12,,17.06,8.5,8.29,7.68
1990-07-13,,17.09,8.45,8.18,7.6
1990-07-14,,,,8.18,
1990-07-15,,,,8.18,
1990-07-16,,16.75,8.44,8.07,7.61
1990-07-17,,16.66,8.44,8.05,7.61
1990-07-18,,18.9,8.5,8.02,7.55
1990-07-19,,18.56,8.51,8.04,7.54
1990-07-20,,15.63,8.48,7.99,7.54
1990-07-21,,,,7.99,
1990-07-22,,,,7.99,
1990-07-23,,23.68,8.48,8.02,7.48
1990-07-24,,21.79,8.53,8.02,7.53
1990-07-25,,20.19,8.49,8.28,7.56
1990-07-26,,20.26,8.49,8.05,7.58
1990-07-27,,21.12,8.42,8.01,7.52
1990-07-28,,,,8.01,
1990-07-29,,,,8.01,
1990-07-30,,21.16,8.34,8.03,7.5
1990-07-31,,21.11,8.36,8.05,7.49
1990-08-01,,21.64,8.29,8.07,7.42
1990-08-02,,20.43,8.41,8.09,7.43
1990-08-03,,28.74,8.43,8.03,7.29
1990-08-04,,,,8.03,
1990-08-05,,,,8.03,
1990-08-06,,35.91,8.71,8.04,7.3
1990-08-07,,32.75,8.78,8.05,7.37
1990-08-08,,28.27,8.77,8.19,7.38
1990-08-09,,24.39,8.66,8.1,7.41
1990-08-10,,25.75,8.68,8.05,7.4
1990-08-11,,,,8.05,
1990-08-12,,,,8.05,
1990-08-13,,25.74,8.71,8.23,7.42
1990-08-14,,24.18,8.66,8.14,7.43
1990-08-15,,23.31,8.64,8.28,7.45
1990-08-16,,27.16,8.76,8.44,7.48
1990-08-17,,27.53,8.8,8.2,7.47
1990-08-18,,,,8.2,
1990-08-19,,,,8.2,
1990-08-20,,26.46,8.81,8.08,7.52
1990-08-21,,28.9,8.84,8.0,7.57
1990-08-22,,30.55,8.91,8.96,7.59
1990-08-23,,36.47,9.0,8.13,7.54
1990-08-24,,33.93,9.05,8.07,7.49
1990-08-25,,,,8.07,
1990-08-26,,,,8.07,
1990-08-27,,29.63,8.9,8.08,7.53
1990-08-28,,29.12,8.94,8.07,7.48
1990-08-29,,27.38,8.84,8.04,7.47
1990-08-30,,29.89,8.86,8.06,7.45
1990-08-31,,29.9,8.86,8.06,7.39
1990-09-01,,,,8.06,
1990-09-02,,,,8.06,
1990-09-03,,,,8.06,
1990-09-04,,29.58,8.9,8.17,7.39
1990-09-05,,28.52,8.86,9.31,7.37
1990-09-06,,30.19,8.84,8.2,7.38
1990-09-07,,28.73,8.81,8.13,7.39
1990-09-08,,,,8.13,
1990-09-09,,,,8.13,
1990-09-10,,29.34,8.85,8.13,7.43
1990-09-11,,28.38,8.83,8.08,7.42
1990-09-12,,28.12,8.82,8.03,7.37
1990-09-13,,29.33,8.82,8.03,7.35
1990-09-14,,30.56,8.87,7.93,7.35
1990-09-15,,,,7.93,
1990-09-16,,,,7.93,
1990-09-17,,29.55,8.9,8.04,7.37
1990-09-18,,28.82,8.9,7.87,7.37
1990-09-19,,27.88,8.88,9.53,7.39
1990-09-20,,28.66,8.91,8.17,7.39
1990-09-21,,30.04,8.99,8.22,7.36
1990-09-22,,,,8.22,
1990-09-23,,,,8.22,
1990-09-24,,30.56,9.04,8.33,7.38
1990-09-25,,28.81,9.02,8.35,7.35
1990-09-26,,28.19,9.0,8.29,7.33
1990-09-27,,28.67,8.91,8.21,7.23
1990-09-28,,29.11,8.82,8.03,7.14
1990-09-29,,,,8.03,
1990-09-30,,,,8.03,
1990-10-01,,28.06,8.71,8.25,7.13
1990-10-02,,27.28,8.69,8.32,7.18
1990-10-03,,27.9,8.71,8.71,7.15
1990-10-04,,27.51,8.67,8.31,7.13
1990-10-05,,27.85,8.65,8.19,7.04
1990-10-06,,,,8.19,
1990-10-07,,,,8.19,
1990-10-08,,28.04,,8.19,
1990-10-09,,30.71,8.83,8.21,7.17
1990-10-10,,31.19,8.89,8.11,7.2
1990-10-11,,33.98,8.92,8.02,7.12
1990-10-12,,31.94,8.84,7.98,7.14
1990-10-13,,,,7.98,
1990-10-14,,,,7.98,
1990-10-15,,31.64,8.8,8.07,7.16
1990-10-16,,31.45,8.79,8.01,7.16
1990-10-17,,31.37,8.76,7.69,7.2
1990-10-18,,29.6,8.71,8.04,7.25
1990-10-19,,27.86,8.62,8.01,7.25
1990-10-20,,,,8.01,
1990-10-21,,,,8.01,
1990-10-22,,27.27,8.63,7.99,7.23
1990-10-23,,27.57,8.65,7.93,7.21
1990-10-24,,28.28,8.66,7.94,7.22
1990-10-25,,29.04,8.62,8.02,7.18
1990-10-26,,30.75,8.63,7.97,7.13
1990-10-27,,,,7.97,
1990-10-28,,,,7.97,
1990-10-29,,31.54,8.7,7.87,7.15
1990-10-30,,30.52,8.7,7.84,7.14
1990-10-31,,30.04,8.65,9.52,7.11
1990-11-01,,30.25,8.57,8.06,7.05
1990-11-02,,30.03,8.57,8.02,7.08
1990-11-03,,,,8.02,
1990-11-04,,,,8.02,
1990-11-05,,29.85,8.5,7.96,7.08
1990-11-06,,29.11,8.52,7.89,7.08
1990-11-07,,30.87,8.57,7.8,7.09
1990-11-08,,30.79,8.58,7.77,7.09
1990-11-09,,26.96,8.49,7.73,7.05
1990-11-10,,,,7.73,
1990-11-11,,,,7.73,
1990-11-12,,25.6,,7.73,
1990-11-13,,24.58,8.37,8.0,7.04
1990-11-14,,22.89,8.36,8.92,7.07
1990-11-15,,22.57,8.37,8.12,7.09
1990-11-16,,21.34,8.3,7.85,7.08
1990-11-17,,,,7.85,
1990-11-18,,,,7.85,
1990-11-19,,20.95,8.35,7.72,7.1
1990-11-20,,20.09,8.31,7.65,7.09
1990-11-21,,21.09,8.27,7.59,7.04
1990-11-22,,,,7.59,
1990-11-23,,20.98,8.28,7.56,7.03
1990-11-24,,,,7.56,
1990-11-25,,,,7.56,
1990-11-26,,22.76,8.27,7.65,7.03
1990-11-27,,22.86,8.28,7.62,7.04
1990-11-28,,22.96,8.3,7.39,7.06
1990-11-29,,23.91,8.32,7.65,7.03
1990-11-30,,22.16,8.26,7.61,7.02
1990-12-01,,,,7.61,
1990-12-02,,,,7.61,
1990-12-03,,22.29,8.22,7.65,7.05
1990-12-04,,22.03,8.2,7.58,7.01
1990-12-05,,20.94,8.16,7.47,7.0
1990-12-06,,22.62,8.18,7.44,7.0
1990-12-07,,22.59,8.03,7.25,6.89
1990-12-08,,,,7.25,
1990-12-09,,,,7.25,
1990-12-10,,23.58,7.98,7.18,6.86
1990-12-11,,23.75,7.94,7.05,6.84
1990-12-12,,21.28,7.91,7.36,6.79
1990-12-13,,23.05,7.98,7.25,6.83
1990-12-14,,23.85,8.05,7.29,6.85
1990-12-15,,,,7.29,
1990-12-16,,,,7.29,
1990-12-17,,24.85,8.02,7.44,6.81
1990-12-18,,23.11,7.99,7.37,6.73
1990-12-19,,23.08,8.0,7.13,6.62
1990-12-20,,23.13,8.05,7.2,6.55
1990-12-21,,22.66,8.11,7.06,6.59
1990-12-22,,,,7.06,
1990-12-23,,,,7.06,
1990-12-24,,24.03,8.2,6.45,6.53
1990-12-25,,,,6.45,
1990-12-26,,24.18,8.15,8.86,6.48
1990-12-27,,24.81,8.11,8.65,6.47
1990-12-28,,25.05,8.14,7.54,6.45
1990-12-29,,,,7.54,
1990-12-30,,,,7.54,
1990-12-31,,26.38,8.08,5.53,6.44
1991-01-01,,,,5.53,
1991-01-02,,26.62,7.97,7.85,6.46
1991-01-03,,27.93,7.93,7.18,6.44
1991-01-04,,27.19,8.02,6.52,6.53
1991-01-05,,,,6.52,
1991-01-06,,,,6.52,
1991-01-07,,28.95,8.13,6.26,6.51
1991-01-08,,30.38,8.16,5.94,6.44
1991-01-09,,33.3,8.25,5.88,6.25
1991-01-10,,31.33,8.16,6.81,6.21
1991-01-11,,32.63,8.2,6.68,6.16
1991-01-12,,,,6.68,
1991-01-13,,,,6.68,
1991-01-14,,36.2,8.23,6.83,6.05
1991-01-15,,36.16,8.22,6.89,6.05
1991-01-16,,33.2,8.24,6.81,6.04
1991-01-17,,27.45,8.05,6.6,6.12
1991-01-18,,25.39,8.03,5.9,6.07
1991-01-19,,,,5.9,
1991-01-20,,,,5.9,
1991-01-21,,24.33,,5.9,
1991-01-22,,24.9,8.07,7.56,6.05
1991-01-23,,23.92,8.04,10.39,6.14
1991-01-24,,22.86,8.0,7.69,6.13
1991-01-25,,22.2,8.06,7.59,6.17
1991-01-26,,,,7.59,
1991-01-27,,,,7.59,
1991-01-28,,23.05,8.06,7.61,6.25
1991-01-29,,23.17,8.03,7.16,6.22
1991-01-30,,21.37,8.05,6.96,6.2
1991-01-31,,20.91,8.03,8.18,6.19
1991-02-01,,21.04,7.91,6.3,6.0
1991-02-02,,,,6.3,
1991-02-03,,,,6.3,
1991-02-04,,21.86,7.88,6.1,5.98
1991-02-05,,21.46,7.85,5.49,5.97
1991-02-06,,22.68,7.79,5.57,5.91
1991-02-07,,23.6,7.82,6.38,5.94
1991-02-08,,23.38,7.77,6.27,5.92
1991-02-09,,,,6.27,
1991-02-10,,,,6.27,
1991-02-11,,22.56,7.78,6.37,5.88
1991-02-12,,22.26,7.78,6.26,5.85
1991-02-13,,20.86,7.78,6.24,5.86
1991-02-14,,21.48,7.8,6.37,5.85
1991-02-15,,19.57,7.78,6.02,5.91
1991-02-16,,,,6.02,
1991-02-17,,,,6.02,
1991-02-18,,,,6.02,
1991-02-19,,19.84,7.8,6.24,5.96
1991-02-20,,22.26,7.84,7.11,5.94
1991-02-21,,20.78,7.88,6.54,5.92
1991-02-22,,21.01,7.91,6.27,5.95
1991-02-23,,,,6.27,
1991-02-24,,,,6.27,
1991-02-25,,22.86,7.91,6.43,5.99
1991-02-26,,20.38,7.96,6.12,6.04
1991-02-27,,21.26,7.98,6.26,6.03
1991-02-28,,21.23,8.02,6.99,6.04
1991-03-01,,,8.12,6.35,6.09
1991-03-02,,,,6.35,
1991-03-03,,,,6.35,
1991-03-04,,20.86,8.12,6.36,6.06
1991-03-05,,20.45,8.08,6.31,6.05
1991-03-06,,20.55,8.11,6.55,6.08
1991-03-07,,21.05,8.07,6.46,6.07
1991-03-08,,20.81,8.13,6.2,5.97
1991-03-09,,,,6.2,
1991-03-10,,,,6.2,
1991-03-11,,20.88,8.06,6.1,5.89
1991-03-12,,18.82,8.09,6.03,5.86
1991-03-13,,16.09,8.02,5.98,5.83
1991-03-14,,14.94,8.02,5.93,5.76
1991-03-15,,14.9,8.1,5.96,5.8
1991-03-16,,,,5.96,
1991-03-17,,,,5.96,
1991-03-18,,15.79,8.15,6.03,5.84
1991-03-19,,16.11,8.25,6.16,5.89
1991-03-20,,16.04,8.2,6.67,5.88
1991-03-21,,16.86,8.16,6.22,5.87
1991-03-22,,16.49,8.13,6.05,5.87
1991-03-23,,,,6.05,
1991-03-24,,,,6.05,
1991-03-25,,16.76,8.13,6.08,5.88
1991-03-26,,16.31,8.13,6.17,5.86
1991-03-27,,16.55,8.08,6.11,5.81
1991-03-28,,16.88,8.05,6.14,5.74
1991-03-29,,,,5.53,
1991-03-30,,,,5.53,
1991-03-31,,,,5.53,
1991-04-01,,17.42,8.07,6.48,5.76
1991-04-02,,17.4,8.03,6.46,5.77
1991-04-03,,17.61,8.05,6.36,5.77
1991-04-04,,18.01,8.0,6.22,5.74
1991-04-05,,17.63,7.99,5.92,5.71
1991-04-06,,,,5.92,
1991-04-07,,,,5.92,
1991-04-08,,17.41,7.98,5.89,5.65
1991-04-09,,20.12,8.03,5.66,5.61
1991-04-10,,19.73,8.1,5.75,5.61
1991-04-11,,17.24,8.09,5.71,5.57
1991-04-12,,18.45,7.98,5.36,5.51
1991-04-13,,,,5.36,
1991-04-14,,,,5.36,
1991-04-15,,16.5,7.95,6.04,5.59
1991-04-16,,15.82,7.97,6.05,5.61
1991-04-17,,15.47,7.95,5.95,5.56
1991-04-18,,16.26,8.02,6.0,5.66
1991-04-19,,15.68,8.1,5.89,5.75
1991-04-20,,,,5.89,
1991-04-21,,,,5.89,
1991-04-22,,16.78,8.15,5.95,5.69
1991-04-23,,17.02,8.12,5.92,5.71
1991-04-24,,16.72,8.06,5.89,5.66
1991-04-25,,17.15,8.07,5.95,5.61
1991-04-26,,17.27,8.06,5.89,5.62
1991-04-27,,,,5.89,
1991-04-28,,,,5.89,
1991-04-29,,18.27,8.07,5.93,5.59
1991-04-30,,18.24,8.02,5.98,5.51
1991-05-01,,17.77,8.01,5.9,5.54
1991-05-02,,17.52,7.97,5.86,5.46
1991-05-03,,17.24,8.04,5.76,5.47
1991-05-04,,,,5.76,
1991-05-05,,,,5.76,
1991-05-06,,17.92,8.05,5.82,5.46
1991-05-07,,17.46,8.06,5.79,5.5
1991-05-08,,17.78,8.04,5.75,5.5
1991-05-09,,17.17,8.02,5.76,5.48
1991-05-10,,17.54,8.12,5.69,5.48
1991-05-11,,,,5.69,
1991-05-12,,,,5.69,
1991-05-13,,17.66,8.07,5.8,5.47
1991-05-14,,18.0,8.14,5.85,5.49
1991-05-15,,18.38,8.13,6.01,5.45
1991-05-16,,17.24,8.12,5.89,5.4
1991-05-17,,16.64,8.08,5.79,5.4
1991-05-18,,,,5.79,
1991-05-19,,,,5.79,
1991-05-20,,17.1,8.1,5.82,5.45
1991-05-21,,16.07,8.06,5.76,5.5
1991-05-22,,16.16,8.06,5.71,5.46
1991-05-23,,16.11,8.1,5.69,5.4
1991-05-24,,15.23,8.1,5.65,5.4
1991-05-25,,,,5.65,
1991-05-26,,,,5.65,
1991-05-27,,,,5.65,
1991-05-28,,15.67,8.07,5.99,5.4
1991-05-29,,15.9,8.07,5.79,5.45
1991-05-30,,16.02,8.02,5.84,5.45
1991-05-31,,15.93,8.06,5.92,5.53
1991-06-01,,,,5.92,
1991-06-02,,,,5.92,
1991-06-03,,16.87,8.14,5.96,5.6
1991-06-04,,16.17,8.14,5.96,5.57
1991-06-05,,16.4,8.19,5.88,5.59
1991-06-06,,16.93,8.23,5.82,5.56
1991-06-07,,16.98,8.29,5.71,5.56
1991-06-08,,,,5.71,
1991-06-09,,,,5.71,
1991-06-10,,17.47,8.29,5.83,5.58
1991-06-11,,17.32,8.29,5.79,5.57
1991-06-12,,17.72,8.36,5.67,5.56
1991-06-13,,16.99,8.34,5.79,5.58
1991-06-14,,15.98,8.29,5.71,5.59
1991-06-15,,,,5.71,
1991-06-16,,,,5.71,
1991-06-17,,15.5,8.3,5.94,5.59
1991-06-18,,16.14,8.32,5.82,5.62
1991-06-19,,17.44,8.33,5.8,5.57
1991-06-20,,16.75,8.3,5.79,5.56
1991-06-21,,16.51,8.32,5.75,5.57
1991-06-22,,,,5.75,
1991-06-23,,,,5.75,
1991-06-24,,18.28,8.33,5.83,5.56
1991-06-25,,17.85,8.33,5.9,5.58
1991-06-26,,17.98,8.33,5.73,5.56
1991-06-27,,17.87,8.32,5.91,5.55
1991-06-28,,19.55,8.24,6.74,5.54
1991-06-29,,,,6.74,
1991-06-30,,,,6.74,
1991-07-01,,18.64,8.26,6.38,5.58
1991-07-02,,17.63,8.27,6.09,5.58
1991-07-03,,19.47,8.26,5.77,5.56
1991-07-04,,,,5.77,
1991-07-05,,18.35,8.34,5.76,5.58
1991-07-06,,,,5.76,
1991-07-07,,,,5.76,
1991-07-08,,20.29,8.34,5.91,5.57
1991-07-09,,19.76,8.36,5.82,5.59
1991-07-10,,19.19,8.35,5.72,5.58
1991-07-11,,17.39,8.3,5.86,5.56
1991-07-12,,18.29,8.26,5.8,5.55
1991-07-13,,,,5.8,
1991-07-14,,,,5.8,
1991-07-15,,17.78,8.26,5.96,5.57
1991-07-16,,17.49,8.27,5.91,5.59
1991-07-17,,17.52,8.3,5.82,5.61
1991-07-18,,15.77,8.31,5.83,5.59
1991-07-19,,15.5,8.28,5.75,5.58
1991-07-20,,,,5.75,
1991-07-21,,,,5.75,
1991-07-22,,16.9,8.28,5.81,5.57
1991-07-23,,16.58,8.31,5.74,5.59
1991-07-24,,16.41,8.24,5.63,5.58
1991-07-25,,15.74,8.2,5.82,5.58
1991-07-26,,15.45,8.2,5.76,5.58
1991-07-27,,,,5.76,
1991-07-28,,,,5.76,
1991-07-29,,15.67,8.2,5.8,5.57
1991-07-30,,15.47,8.21,5.75,5.56
1991-07-31,,15.18,8.2,5.85,5.53
1991-08-01,,15.47,8.2,5.86,5.55
1991-08-02,,15.26,8.06,5.72,5.46
1991-08-03,,,,5.72,
1991-08-04,,,,5.72,
1991-08-05,,15.92,8.04,5.79,5.5
1991-08-06,,15.54,7.97,5.7,5.41
1991-08-07,,15.56,7.93,6.29,5.38
1991-08-08,,15.98,7.98,5.71,5.37
1991-08-09,,15.45,7.98,5.59,5.32
1991-08-10,,,,5.59,
1991-08-11,,,,5.59,
1991-08-12,,15.26,7.95,5.66,5.31
1991-08-13,,14.73,7.91,5.64,5.29
1991-08-14,,15.09,7.82,5.58,5.29
1991-08-15,,15.19,7.84,5.77,5.3
1991-08-16,,16.01,7.84,5.55,5.26
1991-08-17,,,,5.55,
1991-08-18,,,,5.55,
1991-08-19,,21.19,7.83,5.54,5.11
1991-08-20,,18.86,7.81,5.57,5.11
1991-08-21,,15.62,7.8,6.24,5.28
1991-08-22,,14.59,7.78,5.69,5.31
1991-08-23,,14.41,7.88,5.55,5.39
1991-08-24,,,,5.55,
1991-08-25,,,,5.55,
1991-08-26,,14.81,7.91,5.63,5.41
1991-08-27,,15.46,7.89,5.59,5.38
1991-08-28,,15.31,7.82,5.52,5.3
1991-08-29,,14.82,7.74,5.49,5.27
1991-08-30,,14.46,7.82,5.5,5.33
1991-08-31,,,,5.5,
1991-09-01,,,,5.5,
1991-09-02,,,,5.5,
1991-09-03,,16.57,7.81,5.82,5.34
1991-09-04,,17.18,7.81,5.87,5.33
1991-09-05,,17.31,7.83,5.67,5.32
1991-09-06,,16.76,7.76,5.53,5.29
1991-09-07,,,,5.53,
1991-09-08,,,,5.53,
1991-09-09,,17.73,7.73,5.59,5.28
1991-09-10,,18.22,7.73,5.53,5.24
1991-09-11,,17.96,7.74,5.51,5.26
1991-09-12,,16.21,7.67,5.53,5.22
1991-09-13,,17.88,7.66,5.31,5.16
1991-09-14,,,,5.31,
1991-09-15,,,,5.31,
1991-09-16,,17.82,7.63,5.56,5.18
1991-09-17,,17.68,7.62,5.61,5.19
1991-09-18,,17.56,7.62,5.43,5.18
1991-09-19,,17.56,7.61,5.37,5.2
1991-09-20,,17.08,7.57,5.24,5.19
1991-09-21,,,,5.24,
1991-09-22,,,,5.24,
1991-09-23,,16.38,7.55,5.32,5.21
1991-09-24,,16.04,7.56,5.32,5.17
1991-09-25,,15.68,7.58,5.32,5.17
1991-09-26,,15.35,7.56,5.4,5.13
1991-09-27,,16.31,7.49,5.24,5.13
1991-09-28,,,,5.24,
1991-09-29,,,,5.24,
1991-09-30,,15.85,7.47,5.6,5.11
1991-10-01,,14.81,7.45,5.4,5.1
1991-10-02,,15.81,7.47,5.2,5.09
1991-10-03,,17.04,7.47,5.33,5.04
1991-10-04,,15.63,7.39,5.16,5.02
1991-10-05,,,,5.16,
1991-10-06,,,,5.16,
1991-10-07,,18.58,7.4,5.22,5.02
1991-10-08,,17.81,7.43,5.18,5.02
1991-10-09,,18.54,7.51,5.15,5.01
1991-10-10,,17.8,7.58,5.17,5.03
1991-10-11,,17.6,7.49,5.03,4.99
1991-10-12,,,,5.03,
1991-10-13,,,,5.03,
1991-10-14,,16.71,,5.03,
1991-10-15,,16.22,7.46,5.58,4.96
1991-10-16,,14.85,7.45,6.11,4.97
1991-10-17,,16.32,7.55,5.33,5.03
1991-10-18,,15.87,7.53,5.2,5.03
1991-10-19,,,,5.2,
1991-10-20,,,,5.2,
1991-10-21,,16.66,7.62,5.27,5.04
1991-10-22,,16.55,7.67,5.25,5.06
1991-10-23,,16.26,7.69,5.21,5.04
1991-10-24,,15.62,7.65,5.22,4.97
1991-10-25,,15.75,7.68,5.21,4.96
1991-10-26,,,,5.21,
1991-10-27,,,,5.21,
1991-10-28,,15.45,7.65,5.27,4.94
1991-10-29,,15.55,7.51,5.11,4.89
1991-10-30,,15.46,7.48,4.44,4.84
1991-10-31,,15.48,7.47,5.23,4.82
1991-11-01,,15.6,7.48,5.03,4.75
1991-11-02,,,,5.03,
1991-11-03,,,,5.03,
1991-11-04,,16.35,7.5,5.09,4.74
1991-11-05,,16.48,7.56,5.06,4.76
1991-11-06,,16.47,7.51,4.87,4.63
1991-11-07,,15.97,7.43,4.8,4.63
1991-11-08,,15.43,7.41,4.71,4.62
1991-11-09,,,,4.71,
1991-11-10,,,,4.71,
1991-11-11,,14.89,,4.71,
1991-11-12,,14.04,7.37,4.89,4.62
1991-11-13,,13.95,7.41,4.62,4.63
1991-11-14,,13.96,7.35,4.86,4.63
1991-11-15,,21.18,7.33,4.98,4.59
1991-11-16,,,,4.98,
1991-11-17,,,,4.98,
1991-11-18,,18.28,7.33,4.88,4.58
1991-11-19,,20.34,7.37,4.78,4.53
1991-11-20,,20.4,7.38,4.74,4.49
1991-11-21,,19.11,7.39,4.74,4.43
1991-11-22,,21.2,7.44,4.75,4.42
1991-11-23,,,,4.75,
1991-11-24,,,,4.75,
1991-11-25,,21.92,7.45,4.89,4.43
1991-11-26,,19.8,7.42,4.52,4.4
1991-11-27,,19.84,7.42,4.38,4.39
1991-11-28,,,,4.38,
1991-11-29,,20.26,7.38,4.86,4.35
1991-11-30,,,,4.86,
1991-12-01,,,,4.86,
1991-12-02,,20.18,7.32,5.0,4.38
1991-12-03,,19.7,7.28,4.86,4.36
1991-12-04,,19.54,7.17,4.71,4.31
1991-12-05,,20.19,7.21,4.72,4.31
1991-12-06,,19.04,7.26,4.52,4.24
1991-12-07,,,,4.52,
1991-12-08,,,,4.52,
1991-12-09,,19.74,7.22,4.52,4.15
1991-12-10,,19.89,7.21,4.4,4.2
1991-12-11,,20.57,7.22,4.59,4.15
1991-12-12,,19.08,7.19,4.57,4.15
1991-12-13,,17.88,7.22,4.42,4.15
1991-12-14,,,,4.42,
1991-12-15,,,,4.42,
1991-12-16,,17.62,7.21,4.65,4.14
1991-12-17,,18.12,7.18,4.5,4.11
1991-12-18,,17.78,7.19,4.47,4.12
1991-12-19,,17.96,7.11,4.6,4.04
1991-12-20,,17.65,6.97,4.11,3.74
1991-12-21,,,,4.11,
1991-12-22,,,,4.11,
1991-12-23,,16.61,6.88,4.26,3.76
1991-12-24,,15.67,6.88,4.19,3.81
1991-12-25,,,,4.19,
1991-12-26,,15.44,6.85,4.59,3.82
1991-12-27,,15.7,6.82,4.14,3.86
1991-12-28,,,,4.14,
1991-12-29,,,,4.14,
1991-12-30,,17.63,6.76,4.12,3.87
1991-12-31,,19.31,6.71,4.09,3.88
1992-01-01,,,,4.09,
1992-01-02,,18.95,6.78,4.61,3.86
1992-01-03,,18.75,6.85,4.06,3.85
1992-01-04,,,,4.06,
1992-01-05,,,,4.06,
1992-01-06,,18.96,6.82,4.04,3.81
1992-01-07,,19.23,6.76,3.67,3.75
1992-01-08,,18.72,6.77,4.83,3.72
1992-01-09,,18.96,6.79,4.22,3.77
1992-01-10,,18.45,6.85,3.96,3.82
1992-01-11,,,,3.96,
1992-01-12,,,,3.96,
1992-01-13,,18.01,6.92,3.98,3.81
1992-01-14,,17.01,7.03,3.95,3.82
1992-01-15,,17.39,7.05,4.04,3.84
1992-01-16,,17.64,7.13,3.94,3.79
1992-01-17,,16.32,7.09,3.56,3.79
1992-01-18,,,,3.56,
1992-01-19,,,,3.56,
1992-01-20,,16.42,,3.56,
1992-01-21,,17.92,7.03,4.11,3.73
1992-01-22,,16.75,7.09,4.82,3.75
1992-01-23,,16.46,7.2,4.15,3.77
1992-01-24,,16.24,7.25,3.96,3.81
1992-01-25,,,,3.96,
1992-01-26,,,,3.96,
1992-01-27,,16.67,7.24,4.08,3.85
1992-01-28,,17.67,7.16,4.0,3.83
1992-01-29,,17.62,7.25,3.93,3.86
1992-01-30,,17.49,7.31,4.02,3.83
1992-01-31,,17.4,7.31,4.4,3.84
1992-02-01,,,,4.4,
1992-02-02,,,,4.4,
1992-02-03,,18.2,7.36,4.0,3.84
1992-02-04,,17.96,7.29,3.83,3.84
1992-02-05,,18.22,7.21,4.17,3.84
1992-02-06,,18.79,7.2,4.1,3.81
1992-02-07,,18.51,7.2,3.89,3.74
1992-02-08,,,,3.89,
1992-02-09,,,,3.89,
1992-02-10,,18.56,7.21,3.95,3.73
1992-02-11,,17.7,7.23,3.91,3.75
1992-02-12,,17.37,7.3,3.9,3.75
1992-02-13,,17.45,7.4,4.0,3.79
1992-02-14,,17.03,7.41,4.0,3.79
1992-02-15,,,,4.0,
1992-02-16,,,,4.0,
1992-02-17,,,,4.0,
1992-02-18,,18.22,7.47,4.81,3.81
1992-02-19,,17.16,7.42,4.57,3.85
1992-02-20,,16.72,7.41,4.1,3.88
1992-02-21,,16.87,7.45,3.9,3.93
1992-02-22,,,,3.9,
1992-02-23,,,,3.9,
1992-02-24,,17.13,7.47,4.04,3.93
1992-02-25,,16.35,7.44,3.97,3.96
1992-02-26,,16.64,7.33,3.93,3.94
1992-02-27,,16.51,7.35,3.96,3.93
1992-02-28,,16.68,7.27,4.13,3.93
1992-02-29,,,,4.13,
1992-03-01,,,,4.13,
1992-03-02,,16.88,7.38,4.32,4.03
1992-03-03,,17.26,7.43,4.02,4.04
1992-03-04,,17.89,7.43,3.86,4.03
1992-03-05,,18.47,7.51,4.08,4.04
1992-03-06,,19.75,7.48,3.95,4.04
1992-03-07,,,,3.95,
1992-03-08,,,,3.95,
1992-03-09,,19.68,7.42,4.0,4.01
1992-03-10,,18.68,7.43,3.87,4.01
1992-03-11,,19.79,7.51,3.83,4.01
1992-03-12,,19.72,7.62,3.94,4.02
1992-03-13,,18.35,7.71,3.85,4.06
1992-03-14,,,,3.85,
1992-03-15,,,,3.85,
1992-03-16,,18.46,7.69,4.28,4.06
1992-03-17,,16.79,7.62,4.14,4.06
1992-03-18,,16.69,7.62,4.4,4.05
1992-03-19,,16.52,7.57,4.09,4.05
1992-03-20,,16.82,7.64,3.9,4.06
1992-03-21,,,,3.9,
1992-03-22,,,,3.9,
1992-03-23,,16.73,7.62,3.98,4.08
1992-03-24,,16.32,7.53,3.86,4.05
1992-03-25,,16.19,7.53,3.95,4.01
1992-03-26,,16.29,7.57,4.07,4.01
1992-03-27,,16.02,7.54,3.85,4.01
1992-03-28,,,,3.85,
1992-03-29,,,,3.85,
1992-03-30,,15.97,7.54,3.94,4.01
1992-03-31,,16.18,7.54,4.07,4.05
1992-04-01,,16.48,7.46,4.98,4.01
1992-04-02,,17.06,7.47,4.15,4.02
1992-04-03,,16.72,7.42,3.97,3.96
1992-04-04,,,,3.97,
1992-04-05,,,,3.97,
1992-04-06,,16.72,7.41,3.99,3.96
1992-04-07,,18.81,7.41,3.92,3.87
1992-04-08,,20.15,7.44,3.87,3.87
1992-04-09,,17.89,7.35,3.76,3.66
1992-04-10,,16.85,7.37,3.44,3.65
1992-04-11,,,,3.44,
1992-04-12,,,,3.44,
1992-04-13,,16.99,7.33,3.74,3.62
1992-04-14,,15.98,7.35,3.68,3.62
1992-04-15,,15.15,7.37,4.02,3.62
1992-04-16,,14.85,7.45,3.78,3.65
1992-04-17,,,,3.08,
1992-04-18,,,,3.08,
1992-04-19,,,,3.08,
1992-04-20,,15.93,7.59,3.75,3.69
1992-04-21,,16.53,7.58,3.83,3.68
1992-04-22,,15.96,7.57,3.72,3.68
1992-04-23,,15.83,7.59,3.68,3.67
1992-04-24,,15.71,7.55,3.63,3.67
1992-04-25,,,,3.63,
1992-04-26,,,,3.63,
1992-04-27,,16.49,7.6,3.84,3.71
1992-04-28,,16.24,7.57,3.5,3.71
1992-04-29,,15.95,7.6,3.62,3.71
1992-04-30,,15.53,7.61,3.85,3.7
1992-05-01,,16.61,7.56,3.75,3.63
1992-05-02,,,,3.75,
1992-05-03,,,,3.75,
1992-05-04,,16.92,7.58,3.8,3.64
1992-05-05,,16.66,7.56,3.77,3.64
1992-05-06,,16.81,7.46,3.71,3.62
1992-05-07,,16.54,7.49,3.74,3.62
1992-05-08,,15.65,7.41,3.71,3.63
1992-05-09,,,,3.71,
1992-05-10,,,,3.71,
1992-05-11,,15.17,7.4,3.88,3.64
1992-05-12,,15.68,7.36,3.75,3.62
1992-05-13,,15.19,7.34,4.37,3.59
1992-05-14,,15.49,7.34,3.93,3.57
1992-05-15,,14.82,7.28,3.96,3.58
1992-05-16,,,,3.96,
1992-05-17,,,,3.96,
1992-05-18,,14.62,7.28,3.88,3.6
1992-05-19,,13.57,7.2,3.8,3.54
1992-05-20,,13.62,7.25,3.75,3.57
1992-05-21,,13.92,7.39,3.85,3.67
1992-05-22,,13.73,7.35,3.74,3.68
1992-05-23,,,,3.74,
1992-05-24,,,,3.74,
1992-05-25,,,,3.74,
1992-05-26,,14.92,7.46,4.02,3.74
1992-05-27,,13.99,7.44,3.78,3.7
1992-05-28,,13.77,7.36,3.87,3.68
1992-05-29,,13.86,7.33,3.8,3.7
1992-05-30,,,,3.8,
1992-05-31,,,,3.8,
1992-06-01,,14.43,7.39,3.96,3.75
1992-06-02,,14.57,7.35,3.89,3.74
1992-06-03,,14.35,7.34,3.82,3.71
1992-06-04,,13.66,7.34,3.78,3.69
1992-06-05,,14.65,7.31,3.61,3.68
1992-06-06,,,,3.61,
1992-06-07,,,,3.61,
1992-06-08,,15.19,7.31,3.72,3.68
1992-06-09,,15.97,7.33,3.57,3.68
1992-06-10,,16.62,7.35,3.96,3.68
1992-06-11,,16.29,7.33,3.8,3.66
1992-06-12,,14.95,7.29,3.65,3.66
1992-06-13,,,,3.65,
1992-06-14,,,,3.65,
1992-06-15,,14.76,7.28,3.88,3.65
1992-06-16,,15.22,7.24,3.74,3.64
1992-06-17,,18.08,7.23,3.72,3.62
1992-06-18,,18.2,7.19,3.71,3.61
1992-06-19,,16.31,7.24,3.66,3.65
1992-06-20,,,,3.66,
1992-06-21,,,,3.66,
1992-06-22,,16.66,7.24,3.85,3.64
1992-06-23,,14.53,7.25,3.7,3.68
1992-06-24,,14.4,7.2,3.81,3.64
1992-06-25,,14.4,7.14,3.87,3.62
1992-06-26,,14.67,7.15,3.67,3.62
1992-06-27,,,,3.67,
1992-06-28,,,,3.67,
1992-06-29,,13.21,7.12,3.8,3.57
1992-06-30,,13.35,7.14,4.53,3.57
1992-07-01,,13.34,7.1,3.89,3.55
1992-07-02,,13.88,6.93,3.46,3.24
1992-07-03,,,,2.84,
1992-07-04,,,,2.84,
1992-07-05,,,,2.84,
1992-07-06,,14.87,6.9,3.15,3.22
1992-07-07,,15.83,6.87,3.35,3.21
1992-07-08,,15.53,6.91,4.19,3.22
1992-07-09,,14.6,6.91,3.46,3.21
1992-07-10,,13.7,6.93,3.2,3.22
1992-07-11,,,,3.2,
1992-07-12,,,,3.2,
1992-07-13,,14.01,6.97,3.28,3.21
1992-07-14,,13.5,6.97,3.25,3.21
1992-07-15,,12.52,6.9,3.38,3.18
1992-07-16,,12.27,6.87,3.32,3.17
1992-07-17,,12.6,6.9,3.12,3.16
1992-07-18,,,,3.12,
1992-07-19,,,,3.12,
1992-07-20,,12.66,6.9,3.32,3.18
1992-07-21,,12.6,6.89,3.15,3.19
1992-07-22,,13.57,6.85,3.4,3.17
1992-07-23,,13.33,6.72,3.29,3.16
1992-07-24,,13.37,6.73,3.08,3.16
1992-07-25,,,,3.08,
1992-07-26,,,,3.08,
1992-07-27,,13.9,6.69,3.29,3.19
1992-07-28,,13.05,6.63,3.27,3.19
1992-07-29,,13.44,6.6,3.15,3.18
1992-07-30,,13.5,6.69,3.17,3.18
1992-07-31,,13.17,6.72,3.37,3.18
1992-08-01,,,,3.37,
1992-08-02,,,,3.37,
1992-08-03,,13.83,6.72,3.37,3.17
1992-08-04,,13.58,6.66,3.28,3.17
1992-08-05,,13.82,6.64,3.35,3.17
1992-08-06,,14.23,6.65,3.34,3.16
1992-08-07,,13.94,6.57,3.2,3.14
1992-08-08,,,,3.2,
1992-08-09,,,,3.2,
1992-08-10,,14.51,6.52,3.32,3.13
1992-08-11,,15.09,6.5,3.23,3.13
1992-08-12,,14.88,6.48,3.22,3.12
1992-08-13,,15.34,6.55,3.3,3.09
1992-08-14,,14.66,6.53,3.22,3.06
1992-08-15,,,,3.22,
1992-08-16,,,,3.22,
1992-08-17,,14.61,6.56,3.54,3.07
1992-08-18,,13.84,6.48,3.26,3.07
1992-08-19,,14.35,6.47,3.56,3.08
1992-08-20,,14.48,6.46,3.37,3.08
1992-08-21,,15.01,6.53,3.2,3.07
1992-08-22,,,,3.2,
1992-08-23,,,,3.2,
1992-08-24,,16.19,6.68,3.35,3.15
1992-08-25,,15.62,6.73,3.29,3.17
1992-08-26,,14.5,6.68,3.31,3.16
1992-08-27,,13.66,6.64,3.36,3.16
1992-08-28,,13.14,6.63,3.28,3.16
1992-08-29,,,,3.28,
1992-08-30,,,,3.28,
1992-08-31,,13.58,6.62,3.51,3.16
1992-09-01,,13.4,6.56,3.39,3.15
1992-09-02,,12.73,6.54,3.21,3.14
1992-09-03,,12.88,6.54,3.33,3.14
1992-09-04,,12.98,6.4,3.02,2.92
1992-09-05,,,,3.02,
1992-09-06,,,,3.02,
1992-09-07,,,,3.02,
1992-09-08,,13.65,6.29,3.13,2.9
1992-09-09,,13.36,6.31,3.08,2.91
1992-09-10,,12.92,6.31,3.06,2.91
1992-09-11,,12.47,6.37,3.01,2.92
1992-09-12,,,,3.01,
1992-09-13,,,,3.01,
1992-09-14,,13.0,6.32,3.22,2.89
1992-09-15,,13.63,6.4,3.2,2.92
1992-09-16,,14.72,6.41,4.48,2.9
1992-09-17,,14.31,6.4,3.22,2.88
1992-09-18,,13.74,6.41,3.02,2.88
1992-09-19,,,,3.02,
1992-09-20,,,,3.02,
1992-09-21,,13.45,6.42,3.1,2.91
1992-09-22,,13.88,6.5,3.04,2.92
1992-09-23,,13.83,6.54,3.06,2.92
1992-09-24,,13.44,6.48,3.15,2.89
1992-09-25,,14.8,6.41,3.19,2.8
1992-09-26,,,,3.19,
1992-09-27,,,,3.19,
1992-09-28,,15.19,6.37,3.45,2.78
1992-09-29,,14.97,6.37,3.26,2.73
1992-09-30,,14.28,6.37,4.47,2.69
1992-10-01,,16.31,6.23,3.58,2.61
1992-10-02,,17.79,6.26,3.15,2.63
1992-10-03,,,,3.15,
1992-10-04,,,,3.15,
1992-10-05,,20.01,6.24,3.22,2.64
1992-10-06,,19.95,6.3,3.1,2.73
1992-10-07,,21.02,6.46,3.06,2.83
1992-10-08,,19.26,6.41,3.04,2.79
1992-10-09,,20.51,6.52,2.97,2.83
1992-10-10,,,,2.97,
1992-10-11,,,,2.97,
1992-10-12,,19.49,,2.97,
1992-10-13,,17.9,6.51,3.53,2.86
1992-10-14,,18.42,6.51,3.96,2.93
1992-10-15,,17.11,6.53,3.4,2.92
1992-10-16,,17.01,6.6,2.99,2.9
1992-10-17,,,,2.99,
1992-10-18,,,,2.99,
1992-10-19,,17.31,6.69,3.05,2.97
1992-10-20,,16.87,6.86,2.97,3.02
1992-10-21,,16.62,6.8,2.95,2.93
1992-10-22,,15.84,6.74,2.96,2.91
1992-10-23,,16.46,6.83,2.9,2.93
1992-10-24,,,,2.9,
1992-10-25,,,,2.9,
1992-10-26,,16.32,6.83,3.12,2.92
1992-10-27,,16.24,6.78,2.91,2.94
1992-10-28,,15.95,6.76,3.06,2.94
1992-10-29,,15.47,6.71,3.08,2.95
1992-10-30,,16.15,6.8,3.04,2.96
1992-10-31,,,,3.04,
1992-11-01,,,,3.04,
1992-11-02,,16.67,6.88,3.21,3.01
1992-11-03,,17.33,6.87,3.09,3.03
1992-11-04,,16.28,6.89,2.98,3.02
1992-11-05,,15.38,6.87,2.92,3.01
1992-11-06,,14.69,6.97,2.86,3.06
1992-11-07,,,,2.86,
1992-11-08,,,,2.86,
1992-11-09,,14.23,7.0,2.98,3.08
1992-11-10,,14.37,6.91,2.93,3.08
1992-11-11,,13.99,,2.93,
1992-11-12,,14.37,6.79,3.04,3.06
1992-11-13,,14.61,6.82,2.85,3.08
1992-11-14,,,,2.85,
1992-11-15,,,,2.85,
1992-11-16,,14.86,6.9,3.28,3.12
1992-11-17,,15.01,6.86,3.06,3.17
1992-11-18,,14.55,6.78,2.89,3.15
1992-11-19,,14.33,6.81,2.94,3.15
1992-11-20,,13.67,6.84,2.9,3.2
1992-11-21,,,,2.9,
1992-11-22,,,,2.9,
1992-11-23,,13.4,6.86,2.89,3.24
1992-11-24,,12.66,6.82,2.58,3.22
1992-11-25,,12.5,6.84,4.6,3.24
1992-11-26,,,,4.6,
1992-11-27,,12.58,6.93,3.13,3.25
1992-11-28,,,,3.13,
1992-11-29,,,,3.13,
1992-11-30,,13.01,6.95,3.45,3.27
1992-12-01,,12.8,6.94,3.17,3.33
1992-12-02,,12.56,6.93,2.99,3.34
1992-12-03,,12.03,6.91,3.0,3.3
1992-12-04,,11.81,6.84,2.86,3.25
1992-12-05,,,,2.86,
1992-12-06,,,,2.86,
1992-12-07,,12.0,6.78,2.92,3.25
1992-12-08,,11.73,6.73,2.77,3.26
1992-12-09,,12.58,6.76,3.3,3.23
1992-12-10,,12.75,6.77,3.08,3.22
1992-12-11,,12.34,6.8,2.76,3.25
1992-12-12,,,,2.76,
1992-12-13,,,,2.76,
1992-12-14,,12.66,6.83,2.99,3.26
1992-12-15,,12.41,6.83,3.17,3.22
1992-12-16,,12.58,6.77,3.02,3.21
1992-12-17,,12.14,6.77,2.97,3.2
1992-12-18,,11.66,6.76,2.73,3.16
1992-12-19,,,,2.73,
1992-12-20,,,,2.73,
1992-12-21,,11.65,6.71,3.06,3.17
1992-12-22,,11.75,6.65,2.97,3.2
1992-12-23,,11.51,6.68,3.38,3.18
1992-12-24,,11.57,6.69,2.85,3.16
1992-12-25,,,,2.85,
1992-12-26,,,,2.85,
1992-12-27,,,,2.85,
1992-12-28,,12.22,6.72,3.27,3.18
1992-12-29,,12.29,6.69,2.74,3.2
1992-12-30,,12.6,6.68,2.6,3.12
1992-12-31,,12.57,6.7,2.66,3.08
1993-01-01,,,,2.66,
1993-01-02,,,,2.66,
1993-01-03,,,,2.66,
1993-01-04,,13.36,6.6,3.6,3.08
1993-01-05,,13.35,6.61,3.33,3.11
1993-01-06,,13.37,6.63,3.62,3.1
1993-01-07,,14.72,6.76,3.25,3.12
1993-01-08,,13.77,6.75,2.93,3.06
1993-01-09,,,,2.93,
1993-01-10,,,,2.93,
1993-01-11,,12.86,6.71,3.06,3.05
1993-01-12,,12.78,6.72,2.91,3.02
1993-01-13,,12.42,6.71,2.87,3.0
1993-01-14,,11.99,6.65,2.97,2.98
1993-01-15,,11.57,6.6,2.96,2.94
1993-01-16,,,,2.96,
1993-01-17,,,,2.96,
1993-01-18,,11.49,,2.96,
1993-01-19,,12.06,6.59,3.35,2.99
1993-01-20,,12.15,6.61,3.56,3.01
1993-01-21,,11.69,6.6,3.05,2.99
1993-01-22,,11.3,6.57,2.86,2.97
1993-01-23,,,,2.86,
1993-01-24,,,,2.86,
1993-01-25,,11.38,6.48,3.06,2.95
1993-01-26,,11.45,6.5,2.96,2.95
1993-01-27,,12.01,6.48,2.94,2.91
1993-01-28,,12.04,6.44,2.97,2.9
1993-01-29,,12.42,6.39,3.02,2.9
1993-01-30,,,,3.02,
1993-01-31,,,,3.02,
1993-02-01,,12.33,6.38,3.25,2.9
1993-02-02,,12.25,6.46,3.18,2.96
1993-02-03,,12.12,6.45,3.56,2.93
1993-02-04,,12.29,6.39,3.08,2.9
1993-02-05,,12.9,6.32,2.87,2.9
1993-02-06,,,,2.87,
1993-02-07,,,,2.87,
1993-02-08,,13.22,6.37,2.94,2.92
1993-02-09,,13.48,6.41,2.9,2.93
1993-02-10,,13.43,6.4,2.88,2.94
1993-02-11,,12.69,6.37,2.97,2.92
1993-02-12,,12.38,6.35,2.95,2.93
1993-02-13,,,,2.95,
1993-02-14,,,,2.95,
1993-02-15,,,,2.95,
1993-02-16,,15.76,6.34,3.59,2.93
1993-02-17,,15.9,6.28,3.09,2.91
1993-02-18,,15.56,6.17,2.98,2.89
1993-02-19,,15.02,6.15,2.86,2.93
1993-02-20,,,,2.86,
1993-02-21,,,,2.86,
1993-02-22,,14.7,6.09,2.96,2.95
1993-02-23,,15.04,5.92,2.91,2.94
1993-02-24,,14.72,6.01,2.91,2.96
1993-02-25,,13.76,6.03,3.03,2.95
1993-02-26,,13.16,6.03,3.18,2.95
1993-02-27,,,,3.18,
1993-02-28,,,,3.18,
1993-03-01,,13.6,5.94,3.65,2.95
1993-03-02,,12.49,5.95,3.19,2.97
1993-03-03,,13.13,5.88,3.29,2.94
1993-03-04,,13.44,5.83,3.1,2.91
1993-03-05,,14.08,5.9,3.02,3.0
1993-03-06,,,,3.02,
1993-03-07,,,,3.02,
1993-03-08,,16.22,5.85,3.06,3.0
1993-03-09,,14.17,5.91,2.98,2.99
1993-03-10,,13.91,5.97,2.96,2.98
1993-03-11,,14.26,5.96,3.0,2.96
1993-03-12,,15.66,6.11,2.93,2.97
1993-03-13,,,,2.93,
1993-03-14,,,,2.93,
1993-03-15,,14.74,6.17,3.16,2.99
1993-03-16,,14.51,6.06,2.72,2.98
1993-03-17,,14.53,6.02,3.58,2.98
1993-03-18,,14.17,5.93,3.03,2.95
1993-03-19,,13.23,5.95,2.88,2.96
1993-03-20,,,,2.88,
1993-03-21,,,,2.88,
1993-03-22,,13.66,5.96,2.99,2.94
1993-03-23,,13.02,5.91,2.93,2.92
1993-03-24,,12.44,5.95,2.92,2.92
1993-03-25,,12.08,5.98,3.05,2.91
1993-03-26,,12.21,6.09,3.04,2.93
1993-03-27,,,,3.04,
1993-03-28,,,,3.04,
1993-03-29,,12.63,6.06,3.34,2.94
1993-03-30,,12.23,6.02,2.91,2.91
1993-03-31,,12.53,6.03,3.83,2.89
1993-04-01,,13.02,6.06,3.31,2.9
1993-04-02,,14.5,6.16,3.13,2.91
1993-04-03,,,,3.13,
1993-04-04,,,,3.13,
1993-04-05,,14.12,6.13,3.15,2.9
1993-04-06,,14.24,6.08,2.97,2.91
1993-04-07,,13.64,6.07,2.93,2.92
1993-04-08,,12.83,5.97,2.94,2.9
1993-04-09,,,,2.82,
1993-04-10,,,,2.82,
1993-04-11,,,,2.82,
1993-04-12,,11.93,5.92,3.11,2.89
1993-04-13,,11.7,5.93,2.98,2.85
1993-04-14,,11.76,5.9,3.03,2.82
1993-04-15,,10.96,5.88,3.15,2.84
1993-04-16,,11.29,5.89,2.84,2.84
1993-04-17,,,,2.84,
1993-04-18,,,,2.84,
1993-04-19,,12.06,5.87,2.94,2.81
1993-04-20,,11.94,5.87,2.84,2.79
1993-04-21,,12.11,5.86,2.95,2.8
1993-04-22,,12.68,5.85,2.97,2.82
1993-04-23,,13.36,5.89,2.85,2.84
1993-04-24,,,,2.85,
1993-04-25,,,,2.85,
1993-04-26,,15.25,5.94,2.99,2.89
1993-04-27,,13.93,6.02,2.72,2.91
1993-04-28,,13.12,6.03,2.88,2.92
1993-04-29,,12.8,5.99,2.94,2.9
1993-04-30,,12.42,6.05,3.01,2.91
1993-05-01,,,,3.01,
1993-05-02,,,,3.01,
1993-05-03,,12.9,5.96,3.03,2.87
1993-05-04,,12.14,5.92,2.94,2.87
1993-05-05,,12.38,5.93,2.9,2.89
1993-05-06,,13.22,5.89,2.88,2.86
1993-05-07,,13.01,5.92,2.83,2.87
1993-05-08,,,,2.83,
1993-05-09,,,,2.83,
1993-05-10,,13.72,5.89,2.99,2.87
1993-05-11,,13.35,5.89,2.98,2.89
1993-05-12,,13.56,5.96,2.95,2.9
1993-05-13,,14.76,6.02,2.97,2.93
1993-05-14,,14.39,6.03,2.94,2.96
1993-05-15,,,,2.94,
1993-05-16,,,,2.94,
1993-05-17,,14.13,6.07,3.34,3.0
1993-05-18,,14.19,6.15,2.97,3.01
1993-05-19,,14.29,6.11,2.94,2.97
1993-05-20,,13.98,6.09,2.97,2.96
1993-05-21,,14.51,6.16,2.96,3.0
1993-05-22,,,,2.96,
1993-05-23,,,,2.96,
1993-05-24,,14.1,6.16,3.15,3.04
1993-05-25,,14.04,6.17,3.21,3.07
1993-05-26,,12.88,6.12,3.26,3.05
1993-05-27,,13.1,6.11,3.11,3.06
1993-05-28,,13.47,6.16,3.02,3.06
1993-05-29,,,,3.02,
1993-05-30,,,,3.02,
1993-05-31,,,,3.02,
1993-06-01,,13.67,6.07,3.33,3.04
1993-06-02,,13.48,6.06,3.12,3.07
1993-06-03,,13.54,6.02,3.03,3.03
1993-06-04,,12.86,6.11,2.98,3.11
1993-06-05,,,,2.98,
1993-06-06,,,,2.98,
1993-06-07,,14.07,6.08,3.14,3.1
1993-06-08,,14.74,6.09,2.72,3.13
1993-06-09,,13.96,6.07,2.92,3.11
1993-06-10,,13.31,6.07,3.01,3.11
1993-06-11,,12.71,5.97,2.93,3.05
1993-06-12,,,,2.93,
1993-06-13,,,,2.93,
1993-06-14,,12.33,5.97,3.06,3.05
1993-06-15,,11.99,5.96,3.14,3.05
1993-06-16,,11.87,5.96,3.04,3.04
1993-06-17,,11.66,5.93,3.02,3.03
1993-06-18,,12.24,5.97,2.91,3.06
1993-06-19,,,,2.91,
1993-06-20,,,,2.91,
1993-06-21,,12.25,5.92,3.03,3.06
1993-06-22,,11.65,5.91,2.98,3.09
1993-06-23,,12.04,5.91,3.24,3.12
1993-06-24,,12.25,5.88,3.02,3.1
1993-06-25,,11.25,5.84,2.96,3.08
1993-06-26,,,,2.96,
1993-06-27,,,,2.96,
1993-06-28,,11.11,5.8,3.08,3.07
1993-06-29,,11.29,5.79,3.0,3.03
1993-06-30,,11.26,5.8,3.92,3.03
1993-07-01,,11.51,5.8,3.27,2.99
1993-07-02,,11.33,5.76,2.96,2.95
1993-07-03,,,,2.96,
1993-07-04,,,,2.96,
1993-07-05,,,,2.96,
1993-07-06,,13.87,5.8,3.19,3.01
1993-07-07,,13.05,5.8,3.39,3.04
1993-07-08,,12.24,5.78,3.09,3.02
1993-07-09,,10.8,5.76,2.96,3.02
1993-07-10,,,,2.96,
1993-07-11,,,,2.96,
1993-07-12,,10.85,5.75,3.12,3.01
1993-07-13,,11.02,5.78,2.99,3.04
1993-07-14,,10.78,5.72,2.97,3.01
1993-07-15,,10.6,5.72,3.13,3.01
1993-07-16,,10.96,5.71,2.97,3.01
1993-07-17,,,,2.97,
1993-07-18,,,,2.97,
1993-07-19,,11.46,5.71,3.13,3.03
1993-07-20,,11.05,5.75,3.08,3.06
1993-07-21,,11.97,5.83,3.36,3.07
1993-07-22,,11.69,5.9,3.12,3.09
1993-07-23,,11.32,5.95,2.99,3.09
1993-07-24,,,,2.99,
1993-07-25,,,,2.99,
1993-07-26,,11.32,5.93,3.11,3.08
1993-07-27,,11.34,5.92,3.01,3.1
1993-07-28,,11.37,5.9,2.98,3.08
1993-07-29,,11.25,5.81,3.04,3.02
1993-07-30,,11.73,5.83,3.07,3.03
1993-07-31,,,,3.07,
1993-08-01,,,,3.07,
1993-08-02,,11.47,5.85,3.26,3.07
1993-08-03,,11.49,5.83,3.06,3.08
1993-08-04,,11.71,5.87,3.14,3.08
1993-08-05,,12.03,5.86,3.05,3.05
1993-08-06,,12.33,5.86,2.96,3.04
1993-08-07,,,,2.96,
1993-08-08,,,,2.96,
1993-08-09,,12.39,5.82,3.04,3.02
1993-08-10,,12.31,5.82,2.96,3.03
1993-08-11,,12.07,5.75,2.92,3.02
1993-08-12,,12.38,5.77,2.97,3.01
1993-08-13,,12.19,5.72,3.0,3.02
1993-08-14,,,,3.0,
1993-08-15,,,,3.0,
1993-08-16,,12.01,5.68,3.34,3.02
1993-08-17,,11.59,5.7,3.1,3.01
1993-08-18,,11.52,5.69,3.02,2.99
1993-08-19,,11.63,5.64,3.02,2.98
1993-08-20,,11.62,5.61,2.95,2.99
1993-08-21,,,,2.95,
1993-08-22,,,,2.95,
1993-08-23,,12.15,5.6,3.01,2.99
1993-08-24,,11.8,5.54,2.95,2.99
1993-08-25,,12.1,5.51,3.03,2.98
1993-08-26,,12.14,5.42,3.06,3.0
1993-08-27,,11.91,5.48,2.99,3.02
1993-08-28,,,,2.99,
1993-08-29,,,,2.99,
1993-08-30,,11.74,5.44,3.11,3.02
1993-08-31,,11.85,5.45,3.19,3.01
1993-09-01,,11.48,5.46,3.25,3.01
1993-09-02,,11.87,5.41,3.03,2.99
1993-09-03,,11.16,5.31,2.94,2.94
1993-09-04,,,,2.94,
1993-09-05,,,,2.94,
1993-09-06,,,,2.94,
1993-09-07,,12.9,5.23,3.11,2.93
1993-09-08,,13.24,5.23,3.02,2.96
1993-09-09,,12.67,5.35,2.99,2.98
1993-09-10,,11.7,5.29,2.94,2.96
1993-09-11,,,,2.94,
1993-09-12,,,,2.94,
1993-09-13,,12.16,5.26,3.05,2.97
1993-09-14,,13.15,5.37,3.0,2.99
1993-09-15,,12.7,5.39,3.38,2.96
1993-09-16,,13.36,5.37,3.1,2.95
1993-09-17,,13.39,5.38,2.99,2.95
1993-09-18,,,,2.99,
1993-09-19,,,,2.99,
1993-09-20,,14.6,5.42,3.38,2.95
1993-09-21,,17.3,5.47,3.23,2.92
1993-09-22,,13.75,5.45,3.14,2.92
1993-09-23,,13.36,5.42,3.06,2.93
1993-09-24,,12.47,5.42,2.99,2.93
1993-09-25,,,,2.99,
1993-09-26,,,,2.99,
1993-09-27,,12.49,5.3,3.16,2.91
1993-09-28,,12.19,5.28,3.08,2.9
1993-09-29,,12.63,5.35,3.1,2.93
1993-09-30,,12.99,5.4,3.99,2.92
1993-10-01,,11.83,5.34,3.19,2.92
1993-10-02,,,,3.19,
1993-10-03,,,,3.19,
1993-10-04,,12.85,5.34,3.11,2.93
1993-10-05,,12.97,5.35,3.04,3.0
1993-10-06,,12.68,5.35,2.98,2.98
1993-10-07,,13.14,5.33,2.95,2.98
1993-10-08,,12.04,5.26,2.87,2.98
1993-10-09,,,,2.87,
1993-10-10,,,,2.87,
1993-10-11,,12.26,,2.87,
1993-10-12,,12.41,5.27,3.07,3.01
1993-10-13,,11.38,5.27,2.85,3.03
1993-10-14,,11.0,5.23,2.99,3.01
1993-10-15,,10.87,5.19,2.97,3.01
1993-10-16,,,,2.97,
1993-10-17,,,,2.97,
1993-10-18,,11.33,5.27,3.03,3.02
1993-10-19,,11.61,5.27,2.94,3.06
1993-10-20,,11.32,5.26,2.91,3.04
1993-10-21,,11.2,5.35,2.94,3.05
1993-10-22,,11.48,5.42,2.95,3.04
1993-10-23,,,,2.95,
1993-10-24,,,,2.95,
1993-10-25,,11.83,5.47,3.17,3.04
1993-10-26,,11.83,5.43,3.03,3.09
1993-10-27,,12.01,5.44,2.82,3.09
1993-10-28,,11.88,5.41,3.04,3.04
1993-10-29,,11.46,5.43,3.03,3.03
1993-10-30,,,,3.03,
1993-10-31,,,,3.03,
1993-11-01,,11.78,5.56,3.15,3.06
1993-11-02,,11.74,5.63,3.02,3.12
1993-11-03,,13.26,5.67,2.98,3.09
1993-11-04,,14.68,5.67,2.99,3.08
1993-11-05,,14.97,5.75,2.95,3.06
1993-11-06,,,,2.95,
1993-11-07,,,,2.95,
1993-11-08,,14.31,5.7,3.04,3.06
1993-11-09,,13.94,5.64,2.95,3.11
1993-11-10,,13.72,5.72,2.91,3.12
1993-11-11,,13.88,,2.91,
1993-11-12,,13.33,5.66,3.03,3.11
1993-11-13,,,,3.03,
1993-11-14,,,,3.03,
1993-11-15,,14.46,5.69,3.23,3.11
1993-11-16,,15.11,5.66,3.02,3.09
1993-11-17,,15.57,5.65,2.99,3.09
1993-11-18,,14.65,5.72,2.99,3.11
1993-11-19,,15.03,5.84,2.94,3.13
1993-11-20,,,,2.94,
1993-11-21,,,,2.94,
1993-11-22,,15.9,5.89,3.05,3.13
1993-11-23,,14.27,5.82,2.94,3.12
1993-11-24,,13.51,5.84,3.03,3.12
1993-11-25,,,,3.03,
1993-11-26,,13.77,5.78,3.09,3.11
1993-11-27,,,,3.09,
1993-11-28,,,,3.09,
1993-11-29,,14.12,5.76,3.12,3.12
1993-11-30,,13.76,5.83,3.16,3.14
1993-12-01,,13.83,5.82,3.07,3.12
1993-12-02,,13.51,5.81,3.04,3.11
1993-12-03,,12.69,5.8,2.96,3.11
1993-12-04,,,,2.96,
1993-12-05,,,,2.96,
1993-12-06,,12.84,5.72,2.97,3.09
1993-12-07,,12.41,5.71,2.67,3.09
1993-12-08,,12.46,5.71,2.87,3.08
1993-12-09,,12.43,5.68,2.94,3.06
1993-12-10,,12.6,5.73,2.9,3.05
1993-12-11,,,,2.9,
1993-12-12,,,,2.9,
1993-12-13,,10.98,5.78,2.96,3.05
1993-12-14,,11.13,5.82,2.95,3.04
1993-12-15,,11.03,5.83,3.06,3.03
1993-12-16,,10.9,5.84,3.03,3.03
1993-12-17,,11.08,5.81,2.94,3.03
1993-12-18,,,,2.94,
1993-12-19,,,,2.94,
1993-12-20,,10.75,5.83,3.03,3.05
1993-12-21,,10.08,5.85,2.97,3.07
1993-12-22,,9.31,5.74,3.08,3.06
1993-12-23,,9.48,5.72,3.05,3.06
1993-12-24,,,,2.97,
1993-12-25,,,,2.97,
1993-12-26,,,,2.97,
1993-12-27,,9.7,5.72,3.11,3.06
1993-12-28,,9.82,5.72,2.98,3.06
1993-12-29,,10.46,5.74,2.85,3.01
1993-12-30,,10.69,5.82,2.82,2.98
1993-12-31,,11.66,5.83,2.85,3.01
1994-01-01,,,,2.85,
1994-01-02,,,,2.85,
1994-01-03,,12.57,5.92,3.15,3.03
1994-01-04,,11.91,5.88,3.03,3.08
1994-01-05,,10.94,5.9,3.46,3.07
1994-01-06,,11.27,5.84,3.08,3.05
1994-01-07,,10.96,5.7,2.96,3.01
1994-01-08,,,,2.96,
1994-01-09,,,,2.96,
1994-01-10,,10.74,5.67,3.02,2.99
1994-01-11,,11.29,5.67,2.97,2.98
1994-01-12,,11.65,5.6,2.93,2.96
1994-01-13,,12.08,5.71,2.94,2.95
1994-01-14,,11.15,5.78,2.95,2.97
1994-01-15,,,,2.95,
1994-01-16,,,,2.95,
1994-01-17,,11.88,,2.95,
1994-01-18,,11.63,5.74,3.97,2.96
1994-01-19,,11.76,5.76,3.2,2.97
1994-01-20,,11.16,5.71,2.97,2.95
1994-01-21,,11.09,5.73,2.91,2.95
1994-01-22,,,,2.91,
1994-01-23,,,,2.91,
1994-01-24,,11.6,5.74,3.04,2.93
1994-01-25,,11.38,5.78,3.04,2.93
1994-01-26,,11.17,5.77,3.04,2.92
1994-01-27,,10.3,5.73,3.0,2.92
1994-01-28,,9.94,5.68,2.98,2.93
1994-01-29,,,,2.98,
1994-01-30,,,,2.98,
1994-01-31,,10.63,5.7,3.68,2.96
1994-02-01,,10.65,5.77,3.25,3.03
1994-02-02,,10.61,5.77,3.31,3.06
1994-02-03,,10.75,5.81,3.12,3.13
1994-02-04,,15.25,5.94,3.19,3.23
1994-02-05,,,,3.19,
1994-02-06,,,,3.19,
1994-02-07,,13.96,5.96,3.31,3.22
1994-02-08,,13.66,6.01,3.24,3.25
1994-02-09,,13.3,5.92,3.15,3.25
1994-02-10,,14.24,5.91,3.16,3.26
1994-02-11,,14.46,5.88,3.14,3.26
1994-02-12,,,,3.14,
1994-02-13,,,,3.14,
1994-02-14,,14.28,5.9,3.35,3.26
1994-02-15,,13.4,5.88,3.49,3.27
1994-02-16,,13.13,5.89,3.34,3.27
1994-02-17,,13.79,6.0,3.3,3.28
1994-02-18,,14.7,6.09,3.21,3.29
1994-02-19,,,,3.21,
1994-02-20,,,,3.21,
1994-02-21,,,,3.21,
1994-02-22,,13.52,6.05,3.33,3.29
1994-02-23,,13.91,6.13,3.25,3.38
1994-02-24,,15.96,6.22,3.25,3.36
1994-02-25,,14.8,6.21,3.23,3.37
1994-02-26,,,,3.23,
1994-02-27,,,,3.23,
1994-02-28,,14.87,6.15,3.49,3.36
1994-03-01,,15.83,6.28,3.31,3.5
1994-03-02,,16.08,6.3,3.24,3.47
1994-03-03,,16.36,6.35,3.26,3.48
1994-03-04,,16.0,6.38,3.25,3.53
1994-03-05,,,,3.25,
1994-03-06,,,,3.25,
1994-03-07,,14.26,6.32,3.29,3.52
1994-03-08,,16.23,6.38,3.24,3.55
1994-03-09,,14.41,6.38,3.22,3.53
1994-03-10,,16.55,6.48,3.22,3.49
1994-03-11,,14.87,6.46,3.17,3.49
1994-03-12,,,,3.17,
1994-03-13,,,,3.17,
1994-03-14,,16.61,6.5,3.3,3.54
1994-03-15,,14.78,6.47,3.25,3.58
1994-03-16,,14.51,6.4,3.05,3.53
1994-03-17,,12.76,6.4,3.24,3.47
1994-03-18,,13.32,6.49,3.22,3.48
1994-03-19,,,,3.22,
1994-03-20,,,,3.22,
1994-03-21,,14.34,6.55,3.36,3.52
1994-03-22,,13.39,6.44,3.44,3.52
1994-03-23,,12.31,6.44,3.47,3.46
1994-03-24,,13.43,6.58,3.49,3.45
1994-03-25,,13.67,6.61,3.53,3.48
1994-03-26,,,,3.53,
1994-03-27,,,,3.53,
1994-03-28,,14.9,6.63,3.53,3.5
1994-03-29,,16.49,6.71,3.45,3.51
1994-03-30,,18.59,6.78,3.36,3.49
1994-03-31,,20.45,6.77,4.18,3.48
1994-04-01,,,,3.64,
1994-04-02,,,,3.64,
1994-04-03,,,,3.64,
1994-04-04,,23.87,7.16,3.62,3.65
1994-04-05,,18.13,6.97,3.6,3.66
1994-04-06,,17.38,6.93,3.48,3.59
1994-04-07,,16.98,6.86,3.46,3.53
1994-04-08,,16.92,6.94,3.36,3.56
1994-04-09,,,,3.36,
1994-04-10,,,,3.36,
1994-04-11,,16.61,6.92,3.41,3.54
1994-04-12,,16.42,6.87,3.24,3.56
1994-04-13,,17.02,6.93,3.43,3.56
1994-04-14,,16.27,6.97,3.49,3.58
1994-04-15,,15.98,6.97,3.51,3.59
1994-04-16,,,,3.51,
1994-04-17,,,,3.51,
1994-04-18,,17.22,7.14,3.7,3.7
1994-04-19,,16.93,7.1,3.71,3.74
1994-04-20,,17.01,7.05,3.71,3.74
1994-04-21,,14.93,6.91,3.7,3.74
1994-04-22,,14.94,6.93,3.7,3.75
1994-04-23,,,,3.7,
1994-04-24,,,,3.7,
1994-04-25,,14.26,6.86,3.78,3.76
1994-04-26,,13.8,6.86,3.42,3.88
1994-04-27,,,,3.15,
1994-04-28,,14.51,7.04,3.66,3.89
1994-04-29,,13.77,7.06,3.73,3.87
1994-04-30,,,,3.73,
1994-05-01,,,,3.73,
1994-05-02,,14.11,7.09,3.86,3.92
1994-05-03,,13.81,7.13,3.81,4.02
1994-05-04,,14.29,7.14,3.78,4.05
1994-05-05,,14.56,7.11,3.77,4.03
1994-05-06,,15.08,7.35,3.78,4.18
1994-05-07,,,,3.78,
1994-05-08,,,,3.78,
1994-05-09,,16.16,7.49,3.77,4.25
1994-05-10,,15.19,7.33,3.58,4.24
1994-05-11,,15.55,7.4,3.42,4.22
1994-05-12,,15.46,7.36,3.78,4.13
1994-05-13,,14.54,7.29,3.84,4.12
1994-05-14,,,,3.84,
1994-05-15,,,,3.84,
1994-05-16,,14.67,7.24,4.29,4.15
1994-05-17,,14.08,7.03,4.27,4.2
1994-05-18,,12.55,7.03,4.26,4.19
1994-05-19,,12.33,6.96,4.23,4.13
1994-05-20,,12.79,7.02,4.21,4.15
1994-05-21,,,,4.21,
1994-05-22,,,,4.21,
1994-05-23,,13.49,7.19,4.28,4.16
1994-05-24,,12.73,7.17,4.19,4.22
1994-05-25,,12.43,7.14,4.24,4.18
1994-05-26,,12.5,7.09,4.23,4.16
1994-05-27,,12.49,7.12,4.19,4.18
1994-05-28,,,,4.19,
1994-05-29,,,,4.19,
1994-05-30,,,,4.19,
1994-05-31,,13.03,7.17,4.6,4.16
1994-06-01,,12.72,7.12,4.33,4.18
1994-06-02,,12.73,7.07,4.25,4.13
1994-06-03,,12.19,6.98,4.16,4.12
1994-06-04,,,,4.16,
1994-06-05,,,,4.16,
1994-06-06,,13.03,6.91,4.17,4.09
1994-06-07,,13.05,6.95,4.03,4.12
1994-06-08,,13.32,6.96,4.0,4.11
1994-06-09,,13.21,6.98,4.17,4.12
1994-06-10,,12.69,7.03,4.18,4.11
1994-06-11,,,,4.18,
1994-06-12,,,,4.18,
1994-06-13,,11.92,7.07,4.24,4.12
1994-06-14,,11.6,7.0,4.23,4.11
1994-06-15,,11.52,7.1,4.3,4.13
1994-06-16,,11.22,7.07,4.26,4.11
1994-06-17,,12.31,7.14,4.17,4.12
1994-06-18,,,,4.17,
1994-06-19,,,,4.17,
1994-06-20,,13.96,7.16,4.24,4.12
1994-06-21,,14.7,7.22,4.14,4.2
1994-06-22,,14.02,7.13,4.18,4.18
1994-06-23,,14.12,7.1,4.18,4.15
1994-06-24,,16.72,7.22,4.17,4.17
1994-06-25,,,,4.17,
1994-06-26,,,,4.17,
1994-06-27,,15.53,7.18,4.29,4.14
1994-06-28,,15.04,7.26,4.21,4.18
1994-06-29,,14.42,7.24,4.15,4.15
1994-06-30,,14.97,7.34,5.96,4.15
1994-07-01,,14.36,7.34,3.82,4.2
1994-07-02,,,,3.82,
1994-07-03,,,,3.82,
1994-07-04,,,,3.82,
1994-07-05,,14.92,7.31,4.37,4.21
1994-07-06,,14.7,7.32,5.02,4.28
1994-07-07,,14.01,7.3,4.36,4.25
1994-07-08,,13.26,7.42,4.32,4.37
1994-07-09,,,,4.32,
1994-07-10,,,,4.32,
1994-07-11,,13.83,7.47,4.31,4.43
1994-07-12,,13.4,7.43,4.23,4.45
1994-07-13,,12.42,7.41,4.22,4.41
1994-07-14,,11.64,7.25,4.22,4.3
1994-07-15,,11.28,7.25,4.22,4.26
1994-07-16,,,,4.22,
1994-07-17,,,,4.22,
1994-07-18,,11.44,7.2,4.23,4.24
1994-07-19,,11.65,7.15,4.19,4.26
1994-07-20,,11.7,7.25,4.78,4.3
1994-07-21,,11.65,7.27,4.3,4.33
1994-07-22,,11.22,7.29,4.26,4.38
1994-07-23,,,,4.26,
1994-07-24,,,,4.26,
1994-07-25,,11.46,7.27,4.32,4.38
1994-07-26,,11.66,7.28,4.26,4.41
1994-07-27,,11.93,7.34,4.28,4.46
1994-07-28,,12.03,7.29,4.3,4.42
1994-07-29,,11.13,7.12,4.29,4.27
1994-07-30,,,,4.29,
1994-07-31,,,,4.29,
1994-08-01,,11.17,7.13,4.34,4.28
1994-08-02,,11.27,7.11,4.21,4.33
1994-08-03,,11.35,7.09,4.25,4.33
1994-08-04,,12.18,7.12,4.28,4.32
1994-08-05,,12.34,7.28,4.28,4.46
1994-08-06,,,,4.28,
1994-08-07,,,,4.28,
1994-08-08,,12.41,7.28,4.3,4.47
1994-08-09,,12.54,7.33,4.23,4.45
1994-08-10,,11.91,7.3,4.19,4.38
1994-08-11,,12.13,7.36,4.22,4.34
1994-08-12,,11.09,7.27,4.22,4.38
1994-08-13,,,,4.22,
1994-08-14,,,,4.22,
1994-08-15,,12.06,7.3,4.5,4.45
1994-08-16,,11.39,7.19,4.35,4.62
1994-08-17,,11.54,7.15,4.72,4.57
1994-08-18,,12.07,7.28,4.7,4.59
1994-08-19,,12.83,7.27,4.64,4.56
1994-08-20,,,,4.64,
1994-08-21,,,,4.64,
1994-08-22,,12.62,7.31,4.69,4.54
1994-08-23,,11.75,7.28,4.64,4.57
1994-08-24,,11.57,7.22,4.64,4.54
1994-08-25,,12.02,7.29,4.75,4.56
1994-08-26,,12.19,7.24,4.71,4.56
1994-08-27,,,,4.71,
1994-08-28,,,,4.71,
1994-08-29,,11.82,7.24,4.78,4.57
1994-08-30,,11.23,7.2,4.67,4.59
1994-08-31,,11.97,7.19,4.7,4.56
1994-09-01,,11.86,7.19,4.76,4.55
1994-09-02,,11.4,7.21,4.72,4.55
1994-09-03,,,,4.72,
1994-09-04,,,,4.72,
1994-09-05,,,,4.72,
1994-09-06,,11.69,7.27,4.81,4.55
1994-09-07,,11.81,7.29,4.74,4.54
1994-09-08,,11.86,7.3,4.72,4.55
1994-09-09,,13.12,7.44,4.68,4.58
1994-09-10,,,,4.68,
1994-09-11,,,,4.68,
1994-09-12,,14.01,7.46,4.73,4.59
1994-09-13,,13.77,7.44,4.64,4.6
1994-09-14,,13.09,7.41,4.78,4.58
1994-09-15,,11.88,7.35,4.79,4.58
1994-09-16,,12.8,7.52,4.68,4.61
1994-09-17,,,,4.68,
1994-09-18,,,,4.68,
1994-09-19,,13.06,7.49,4.71,4.58
1994-09-20,,14.45,7.53,4.7,4.62
1994-09-21,,14.49,7.56,4.87,4.79
1994-09-22,,13.89,7.56,4.78,4.79
1994-09-23,,14.53,7.57,4.71,4.78
1994-09-24,,,,4.71,
1994-09-25,,,,4.71,
1994-09-26,,14.56,7.57,4.78,4.78
1994-09-27,,14.13,7.61,4.29,4.71
1994-09-28,,13.25,7.57,4.61,4.54
1994-09-29,,13.97,7.64,4.77,4.58
1994-09-30,,14.28,7.62,5.44,4.67
1994-10-01,,,,5.44,
1994-10-02,,,,5.44,
1994-10-03,,15.44,7.66,4.83,4.73
1994-10-04,,16.66,7.7,4.78,4.96
1994-10-05,,15.92,7.77,4.77,4.96
1994-10-06,,16.24,7.78,4.77,4.97
1994-10-07,,14.92,7.7,4.57,4.88
1994-10-08,,,,4.57,
1994-10-09,,,,4.57,
1994-10-10,,14.72,,4.57,
1994-10-11,,13.55,7.65,4.71,4.89
1994-10-12,,14.51,7.69,4.56,4.99
1994-10-13,,14.9,7.64,4.71,4.91
1994-10-14,,13.32,7.61,4.71,4.86
1994-10-15,,,,4.71,
1994-10-16,,,,4.71,
1994-10-17,,14.76,7.62,4.78,4.85
1994-10-18,,14.59,7.64,4.71,4.91
1994-10-19,,15.13,7.68,4.69,4.92
1994-10-20,,15.99,7.8,4.7,5.0
1994-10-21,,15.91,7.81,4.68,5.0
1994-10-22,,,,4.68,
1994-10-23,,,,4.68,
1994-10-24,,16.97,7.86,4.72,5.02
1994-10-25,,16.13,7.88,4.67,5.06
1994-10-26,,15.7,7.88,4.88,5.0
1994-10-27,,15.67,7.88,4.77,4.98
1994-10-28,,14.56,7.82,4.76,5.01
1994-10-29,,,,4.76,
1994-10-30,,,,4.76,
1994-10-31,,14.56,7.81,4.9,5.03
1994-11-01,,14.84,7.91,4.76,5.08
1994-11-02,,15.34,7.96,4.67,5.09
1994-11-03,,15.58,7.96,4.71,5.1
1994-11-04,,16.75,8.04,4.66,5.18
1994-11-05,,,,4.66,
1994-11-06,,,,4.66,
1994-11-07,,17.37,8.05,4.69,5.22
1994-11-08,,16.3,8.01,4.51,5.23
1994-11-09,,16.42,7.94,5.28,5.2
1994-11-10,,16.0,7.98,4.99,5.23
1994-11-11,,16.5,,4.99,
1994-11-12,,,,4.99,
1994-11-13,,,,4.99,
1994-11-14,,16.68,7.94,5.48,5.28
1994-11-15,,16.66,7.92,5.59,5.38
1994-11-16,,15.56,7.97,5.53,5.37
1994-11-17,,15.91,8.03,5.51,5.35
1994-11-18,,16.0,8.01,5.43,5.34
1994-11-19,,,,5.43,
1994-11-20,,,,5.43,
1994-11-21,,16.13,8.03,5.49,5.33
1994-11-22,,17.24,8.0,5.43,5.34
1994-11-23,,18.41,7.81,6.0,5.29
1994-11-24,,,,6.0,
1994-11-25,,17.44,7.8,6.03,5.29
1994-11-26,,,,6.03,
1994-11-27,,,,6.03,
1994-11-28,,16.83,7.88,5.67,5.39
1994-11-29,,16.15,7.95,5.54,5.53
1994-11-30,,15.95,7.91,5.66,5.56
1994-12-01,,16.69,7.92,5.49,5.55
1994-12-02,,16.55,7.81,5.42,5.63
1994-12-03,,,,5.42,
1994-12-04,,,,5.42,
1994-12-05,,16.1,7.83,5.4,5.76
1994-12-06,,16.05,7.73,5.07,5.77
1994-12-07,,16.28,7.81,6.09,5.66
1994-12-08,,18.15,7.79,5.53,5.67
1994-12-09,,16.04,7.79,5.48,5.66
1994-12-10,,,,5.48,
1994-12-11,,,,5.48,
1994-12-12,,15.46,7.85,5.52,5.72
1994-12-13,,14.48,7.83,5.41,5.78
1994-12-14,,13.03,7.8,5.46,5.68
1994-12-15,,12.87,7.79,5.61,5.54
1994-12-16,,12.79,7.81,5.34,5.56
1994-12-17,,,,5.34,
1994-12-18,,,,5.34,
1994-12-19,,13.02,7.81,5.27,5.56
1994-12-20,,12.98,7.81,5.43,5.48
1994-12-21,,12.05,7.8,6.56,5.41
1994-12-22,,12.42,7.84,5.8,5.46
1994-12-23,,11.82,7.85,5.31,5.53
1994-12-24,,,,5.31,
1994-12-25,,,,5.31,
1994-12-26,,,,5.31,
1994-12-27,,12.07,7.76,5.6,5.53
1994-12-28,,12.81,7.8,5.48,5.52
1994-12-29,,12.86,7.82,5.49,5.51
1994-12-30,,13.2,7.84,4.94,5.53
1994-12-31,,,,4.94,
1995-01-01,,,,4.94,
1995-01-02,,,,4.94,
1995-01-03,,14.25,7.88,5.98,5.53
1995-01-04,,13.53,7.82,6.59,5.69
1995-01-05,,13.5,7.88,5.72,5.72
1995-01-06,,13.13,7.87,5.52,5.74
1995-01-07,,,,5.52,
1995-01-08,,,,5.52,
1995-01-09,,13.33,7.89,5.52,5.75
1995-01-10,,12.52,7.84,5.44,5.74
1995-01-11,,12.15,7.79,5.44,5.63
1995-01-12,,12.83,7.8,5.5,5.62
1995-01-13,,11.1,7.69,5.47,5.57
1995-01-14,,,,5.47,
1995-01-15,,,,5.47,
1995-01-16,,11.14,,5.47,
1995-01-17,,11.79,7.7,5.69,5.62
1995-01-18,,11.57,7.71,5.06,5.71
1995-01-19,,11.86,7.74,5.44,5.71
1995-01-20,,12.15,7.82,5.37,5.75
1995-01-21,,,,5.37,
1995-01-22,,,,5.37,
1995-01-23,,12.79,7.83,5.47,5.76
1995-01-24,,11.94,7.86,5.45,5.81
1995-01-25,,11.46,7.8,5.46,5.77
1995-01-26,,11.25,7.76,5.53,5.77
1995-01-27,,11.25,7.66,5.67,5.76
1995-01-28,,,,5.67,
1995-01-29,,,,5.67,
1995-01-30,,12.26,7.65,5.76,5.73
1995-01-31,,11.96,7.6,5.86,5.83
1995-02-01,,11.73,7.66,5.25,5.9
1995-02-02,,11.13,7.68,5.98,5.85
1995-02-03,,10.98,7.49,5.94,5.8
1995-02-04,,,,5.94,
1995-02-05,,,,5.94,
1995-02-06,,11.22,7.53,5.99,5.8
1995-02-07,,11.17,7.52,5.94,5.81
1995-02-08,,11.42,7.53,5.93,5.77
1995-02-09,,11.63,7.58,5.95,5.78
1995-02-10,,11.28,7.62,5.94,5.81
1995-02-11,,,,5.94,
1995-02-12,,,,5.94,
1995-02-13,,11.41,7.61,6.0,5.8
1995-02-14,,11.43,7.51,5.82,5.79
1995-02-15,,11.52,7.45,5.95,5.77
1995-02-16,,11.61,7.4,5.96,5.69
1995-02-17,,11.71,7.43,5.93,5.7
1995-02-18,,,,5.93,
1995-02-19,,,,5.93,
1995-02-20,,,,5.93,
1995-02-21,,12.05,7.44,5.99,5.74
1995-02-22,,11.39,7.34,5.9,5.69
1995-02-23,,11.15,7.34,5.91,5.72
1995-02-24,,10.84,7.33,5.87,5.72
1995-02-25,,,,5.87,
1995-02-26,,,,5.87,
1995-02-27,,12.51,7.24,5.99,5.72
1995-02-28,,11.75,7.22,6.1,5.76
1995-03-01,,11.65,7.23,5.56,5.76
1995-03-02,,12.02,7.3,5.94,5.75
1995-03-03,,11.45,7.36,5.93,5.72
1995-03-04,,,,5.93,
1995-03-05,,,,5.93,
1995-03-06,,12.17,7.41,5.95,5.74
1995-03-07,,14.22,7.44,5.93,5.78
1995-03-08,,13.72,7.36,5.91,5.77
1995-03-09,,13.36,7.3,5.92,5.73
1995-03-10,,12.38,7.23,5.9,5.77
1995-03-11,,,,5.9,
1995-03-12,,,,5.9,
1995-03-13,,12.15,7.19,5.96,5.76
1995-03-14,,12.1,7.09,5.93,5.75
1995-03-15,,12.42,7.09,6.06,5.74
1995-03-16,,11.95,7.05,5.97,5.74
1995-03-17,,11.8,7.12,5.95,5.74
1995-03-18,,,,5.95,
1995-03-19,,,,5.95,
1995-03-20,,11.34,7.12,6.0,5.73
1995-03-21,,11.53,7.16,5.97,5.74
1995-03-22,,11.29,7.21,5.97,5.73
1995-03-23,,11.43,7.21,6.01,5.71
1995-03-24,,11.19,7.09,6.03,5.67
1995-03-25,,,,6.03,
1995-03-26,,,,6.03,
1995-03-27,,11.83,7.05,6.13,5.66
1995-03-28,,11.33,7.16,6.1,5.71
1995-03-29,,12.51,7.16,6.07,5.66
1995-03-30,,12.62,7.18,6.16,5.7
1995-03-31,,13.37,7.2,6.3,5.7
1995-04-01,,,,6.3,
1995-04-02,,,,6.3,
1995-04-03,,13.5,7.14,6.28,5.7
1995-04-04,,12.62,7.12,6.08,5.73
1995-04-05,,12.96,7.12,5.98,5.7
1995-04-06,,12.81,7.09,5.95,5.67
1995-04-07,,12.85,7.11,5.94,5.68
1995-04-08,,,,5.94,
1995-04-09,,,,5.94,
1995-04-10,,12.79,7.12,6.0,5.65
1995-04-11,,12.73,7.09,5.91,5.66
1995-04-12,,12.04,7.06,6.17,5.64
1995-04-13,,11.48,7.03,6.17,5.58
1995-04-14,,,,6.09,
1995-04-15,,,,6.09,
1995-04-16,,,,6.09,
1995-04-17,,12.33,7.04,6.14,5.62
1995-04-18,,12.96,7.04,5.98,5.61
1995-04-19,,13.09,7.06,5.92,5.62
1995-04-20,,12.1,7.02,5.96,5.6
1995-04-21,,11.86,7.01,5.93,5.62
1995-04-22,,,,5.93,
1995-04-23,,,,5.93,
1995-04-24,,11.92,7.01,5.98,5.62
1995-04-25,,12.41,7.01,5.97,5.67
1995-04-26,,12.28,7.01,6.23,5.67
1995-04-27,,11.93,7.04,6.04,5.69
1995-04-28,,11.75,7.07,6.06,5.69
1995-04-29,,,,6.06,
1995-04-30,,,,6.06,
1995-05-01,,12.14,7.09,6.1,5.71
1995-05-02,,11.88,7.04,6.01,5.71
1995-05-03,,11.69,6.96,6.0,5.66
1995-05-04,,12.64,6.85,6.01,5.6
1995-05-05,,12.06,6.69,5.98,5.57
1995-05-06,,,,5.98,
1995-05-07,,,,5.98,
1995-05-08,,12.22,6.7,6.04,5.58
1995-05-09,,12.75,6.61,5.95,5.63
1995-05-10,,13.08,6.66,6.03,5.64
1995-05-11,,12.98,6.68,6.0,5.66
1995-05-12,,11.84,6.67,5.99,5.69
1995-05-13,,,,5.99,
1995-05-14,,,,5.99,
1995-05-15,,12.38,6.62,6.17,5.7
1995-05-16,,12.2,6.57,6.01,5.69
1995-05-17,,12.36,6.53,5.97,5.68
1995-05-18,,13.13,6.61,5.98,5.69
1995-05-19,,12.81,6.61,5.94,5.69
1995-05-20,,,,5.94,
1995-05-21,,,,5.94,
1995-05-22,,11.68,6.63,6.0,5.71
1995-05-23,,11.55,6.57,5.96,5.73
1995-05-24,,11.26,6.44,6.16,5.69
1995-05-25,,11.63,6.39,6.04,5.66
1995-05-26,,12.2,6.4,5.97,5.66
1995-05-27,,,,5.97,
1995-05-28,,,,5.97,
1995-05-29,,,,5.97,
1995-05-30,,12.52,6.3,6.07,5.65
1995-05-31,,12.85,6.3,6.17,5.63
1995-06-01,,12.21,6.2,6.04,5.5
1995-06-02,,12.98,6.1,6.02,5.42
1995-06-03,,,,6.02,
1995-06-04,,,,6.02,
1995-06-05,,13.45,6.08,5.99,5.51
1995-06-06,,13.0,6.08,5.96,5.52
1995-06-07,,12.84,6.2,6.15,5.57
1995-06-08,,12.89,6.22,6.08,5.59
1995-06-09,,12.76,6.4,6.02,5.6
1995-06-10,,,,6.02,
1995-06-11,,,,6.02,
1995-06-12,,11.91,6.37,6.02,5.56
1995-06-13,,11.29,6.14,5.97,5.44
1995-06-14,,11.29,6.15,5.99,5.44
1995-06-15,,11.23,6.18,6.1,5.48
1995-06-16,,10.75,6.21,6.02,5.49
1995-06-17,,,,6.02,
1995-06-18,,,,6.02,
1995-06-19,,11.21,6.13,6.05,5.46
1995-06-20,,11.16,6.16,6.01,5.48
1995-06-21,,11.32,6.13,5.77,5.43
1995-06-22,,11.44,6.04,5.99,5.37
1995-06-23,,11.12,6.06,5.94,5.38
1995-06-24,,,,5.94,
1995-06-25,,,,5.94,
1995-06-26,,11.8,6.11,5.99,5.39
1995-06-27,,12.37,6.15,5.94,5.42
1995-06-28,,11.74,6.1,5.92,5.4
1995-06-29,,11.59,6.28,5.96,5.5
1995-06-30,,11.38,6.21,6.11,5.44
1995-07-01,,,,6.11,
1995-07-02,,,,6.11,
1995-07-03,,11.57,6.21,5.89,5.46
1995-07-04,,,,5.89,
1995-07-05,,12.1,6.19,7.41,5.51
1995-07-06,,11.52,6.05,6.06,5.37
1995-07-07,,11.77,6.04,5.77,5.38
1995-07-08,,,,5.77,
1995-07-09,,,,5.77,
1995-07-10,,12.19,6.04,5.78,5.36
1995-07-11,,12.25,6.09,5.75,5.39
1995-07-12,,12.31,6.1,5.74,5.38
1995-07-13,,12.56,6.09,5.75,5.39
1995-07-14,,12.08,6.15,5.68,5.43
1995-07-15,,,,5.68,
1995-07-16,,,,5.68,
1995-07-17,,12.26,6.22,5.76,5.45
1995-07-18,,12.68,6.25,5.67,5.44
1995-07-19,,13.49,6.43,5.82,5.41
1995-07-20,,12.78,6.43,5.8,5.43
1995-07-21,,12.37,6.53,5.74,5.44
1995-07-22,,,,5.74,
1995-07-23,,,,5.74,
1995-07-24,,12.55,6.46,5.75,5.44
1995-07-25,,12.77,6.43,5.73,5.45
1995-07-26,,13.18,6.48,5.76,5.46
1995-07-27,,13.18,6.43,5.78,5.41
1995-07-28,,13.18,6.49,5.77,5.42
1995-07-29,,,,5.77,
1995-07-30,,,,5.77,
1995-07-31,,13.49,6.45,5.97,5.42
1995-08-01,,13.56,6.5,5.55,5.44
1995-08-02,,13.66,6.44,6.21,5.42
1995-08-03,,13.78,6.53,5.79,5.42
1995-08-04,,13.21,6.5,5.72,5.41
1995-08-05,,,,5.72,
1995-08-06,,,,5.72,
1995-08-07,,13.1,6.48,5.76,5.4
1995-08-08,,13.06,6.47,5.7,5.38
1995-08-09,,12.75,6.47,5.67,5.39
1995-08-10,,13.0,6.51,5.68,5.4
1995-08-11,,12.9,6.59,5.67,5.42
1995-08-12,,,,5.67,
1995-08-13,,,,5.67,
1995-08-14,,13.24,6.59,5.76,5.43
1995-08-15,,12.35,6.57,5.9,5.45
1995-08-16,,12.45,6.54,5.86,5.43
1995-08-17,,12.13,6.57,5.76,5.44
1995-08-18,,12.03,6.57,5.68,5.44
1995-08-19,,,,5.68,
1995-08-20,,,,5.68,
1995-08-21,,13.42,6.54,5.71,5.45
1995-08-22,,12.6,6.57,5.68,5.46
1995-08-23,,13.17,6.6,5.68,5.43
1995-08-24,,12.94,6.5,5.71,5.36
1995-08-25,,12.33,6.38,5.71,5.34
1995-08-26,,,,5.71,
1995-08-27,,,,5.71,
1995-08-28,,12.48,6.34,5.72,5.31
1995-08-29,,12.65,6.36,5.48,5.34
1995-08-30,,12.03,6.33,5.9,5.3
1995-08-31,,11.52,6.28,5.93,5.29
1995-09-01,,11.29,6.22,5.72,5.29
1995-09-02,,,,5.72,
1995-09-03,,,,5.72,
1995-09-04,,,,5.72,
1995-09-05,,11.65,6.18,5.86,5.31
1995-09-06,,11.65,6.17,5.75,5.32
1995-09-07,,11.85,6.21,5.74,5.34
1995-09-08,,11.16,6.24,5.67,5.36
1995-09-09,,,,5.67,
1995-09-10,,,,5.67,
1995-09-11,,11.51,6.24,5.73,5.35
1995-09-12,,11.46,6.16,5.65,5.31
1995-09-13,,11.35,6.18,5.96,5.31
1995-09-14,,11.1,6.08,5.88,5.28
1995-09-15,,11.58,6.11,5.8,5.3
1995-09-16,,,,5.8,
1995-09-17,,,,5.8,
1995-09-18,,12.34,6.17,5.76,5.29
1995-09-19,,12.67,6.14,5.73,5.2
1995-09-20,,12.35,6.1,5.72,5.18
1995-09-21,,12.5,6.21,5.71,5.24
1995-09-22,,12.46,6.25,5.66,5.19
1995-09-23,,,,5.66,
1995-09-24,,,,5.66,
1995-09-25,,13.22,6.26,5.75,5.24
1995-09-26,,12.9,6.28,5.73,5.29
1995-09-27,,12.9,6.3,6.45,5.26
1995-09-28,,12.46,6.28,6.05,5.28
1995-09-29,,12.74,6.17,6.2,5.24
1995-09-30,,,,6.2,
1995-10-01,,,,6.2,
1995-10-02,,13.95,6.15,5.93,5.26
1995-10-03,,14.5,6.13,5.75,5.35
1995-10-04,,14.86,6.12,5.69,5.31
1995-10-05,,15.74,6.06,5.69,5.28
1995-10-06,,13.98,6.06,5.65,5.31
1995-10-07,,,,5.65,
1995-10-08,,,,5.65,
1995-10-09,,14.85,,5.65,
1995-10-10,,14.97,6.07,5.74,5.29
1995-10-11,,14.57,6.09,6.01,5.31
1995-10-12,,14.24,6.07,5.8,5.3
1995-10-13,,13.67,5.97,5.7,5.29
1995-10-14,,,,5.7,
1995-10-15,,,,5.7,
1995-10-16,,14.62,5.97,5.74,5.32
1995-10-17,,14.03,5.97,5.66,5.27
1995-10-18,,14.05,5.99,5.65,5.25
1995-10-19,,13.55,5.98,5.7,5.25
1995-10-20,,13.46,6.04,5.7,5.27
1995-10-21,,,,5.7,
1995-10-22,,,,5.7,
1995-10-23,,14.17,6.07,5.74,5.27
1995-10-24,,13.85,6.02,5.7,5.22
1995-10-25,,14.49,6.0,6.09,5.23
1995-10-26,,15.59,6.06,5.76,5.22
1995-10-27,,14.63,6.05,5.68,5.25
1995-10-28,,,,5.68,
1995-10-29,,,,5.68,
1995-10-30,,14.26,6.04,5.78,5.28
1995-10-31,,13.83,6.03,5.97,5.32
1995-11-01,,13.41,5.98,5.76,5.32
1995-11-02,,13.19,5.92,5.72,5.31
1995-11-03,,12.26,5.94,5.66,5.31
1995-11-04,,,,5.66,
1995-11-05,,,,5.66,
1995-11-06,,12.74,5.96,5.71,5.34
1995-11-07,,13.05,5.99,5.65,5.37
1995-11-08,,12.16,5.92,5.93,5.36
1995-11-09,,12.46,5.97,5.74,5.39
1995-11-10,,12.97,6.0,5.68,5.42
1995-11-11,,,,5.68,
1995-11-12,,,,5.68,
1995-11-13,,13.2,5.98,5.74,5.42
1995-11-14,,13.38,5.97,5.71,5.38
1995-11-15,,12.95,6.0,5.94,5.39
1995-11-16,,12.57,5.93,5.84,5.36
1995-11-17,,12.49,5.92,5.7,5.35
1995-11-18,,,,5.7,
1995-11-19,,,,5.7,
1995-11-20,,12.37,5.93,5.73,5.35
1995-11-21,,11.74,5.92,5.68,5.36
1995-11-22,,11.81,5.93,6.31,5.36
1995-11-23,,,,6.31,
1995-11-24,,11.87,5.91,5.97,5.32
1995-11-25,,,,5.97,
1995-11-26,,,,5.97,
1995-11-27,,12.43,5.88,5.77,5.34
1995-11-28,,11.57,5.88,5.69,5.37
1995-11-29,,11.65,5.85,5.72,5.34
1995-11-30,,11.58,5.76,6.11,5.32
1995-12-01,,11.11,5.71,5.56,5.29
1995-12-02,,,,5.56,
1995-12-03,,,,5.56,
1995-12-04,,10.66,5.63,5.74,5.31
1995-12-05,,11.65,5.65,5.72,5.31
1995-12-06,,12.7,5.67,5.99,5.32
1995-12-07,,12.74,5.72,5.82,5.34
1995-12-08,,11.12,5.73,5.73,5.34
1995-12-09,,,,5.73,
1995-12-10,,,,5.73,
1995-12-11,,11.06,5.71,5.73,5.33
1995-12-12,,10.63,5.72,5.69,5.25
1995-12-13,,10.36,5.74,5.7,5.26
1995-12-14,,11.07,5.74,5.82,5.26
1995-12-15,,11.44,5.75,5.78,5.2
1995-12-16,,,,5.78,
1995-12-17,,,,5.78,
1995-12-18,,14.55,5.85,5.76,5.2
1995-12-19,,13.16,5.81,5.63,5.09
1995-12-20,,12.2,5.76,6.74,5.0
1995-12-21,,10.77,5.77,5.74,4.91
1995-12-22,,11.51,5.71,5.44,4.9
1995-12-23,,,,5.44,
1995-12-24,,,,5.44,
1995-12-25,,,,5.44,
1995-12-26,,11.49,5.69,5.5,4.86
1995-12-27,,11.98,5.66,5.39,4.9
1995-12-28,,12.25,5.63,5.53,4.84
1995-12-29,,12.52,5.58,4.73,4.96
1995-12-30,,,,4.73,
1995-12-31,,,,4.73,
1996-01-01,,,,4.73,
1996-01-02,,12.19,5.6,6.06,4.97
1996-01-03,,12.1,5.58,6.93,5.05
1996-01-04,,13.78,5.65,5.69,5.04
1996-01-05,,13.58,5.69,5.46,5.03
1996-01-06,,,,5.46,
1996-01-07,,,,5.46,
1996-01-08,,13.11,5.68,6.01,5.03
1996-01-09,,15.21,5.7,5.28,5.01
1996-01-10,,16.4,5.8,5.35,5.04
1996-01-11,,14.69,5.78,5.52,5.04
1996-01-12,,14.23,5.75,5.5,5.05
1996-01-13,,,,5.5,
1996-01-14,,,,5.5,
1996-01-15,,14.99,,5.5,
1996-01-16,,14.09,5.66,5.84,5.0
1996-01-17,,14.25,5.58,5.91,4.99
1996-01-18,,13.58,5.53,5.51,4.96
1996-01-19,,12.7,5.54,5.4,4.96
1996-01-20,,,,5.4,
1996-01-21,,,,5.4,
1996-01-22,,13.34,5.61,5.46,4.98
1996-01-23,,13.56,5.66,5.44,4.97
1996-01-24,,12.54,5.62,5.5,4.97
1996-01-25,,12.94,5.7,5.56,4.97
1996-01-26,,12.0,5.65,5.51,4.97
1996-01-27,,,,5.51,
1996-01-28,,,,5.51,
1996-01-29,,12.19,5.69,5.53,5.0
1996-01-30,,12.42,5.63,5.37,4.99
1996-01-31,,12.53,5.6,5.71,4.91
1996-02-01,,12.65,5.63,5.27,4.89
1996-02-02,,13.23,5.66,5.23,4.85
1996-02-03,,,,5.23,
1996-02-04,,,,5.23,
1996-02-05,,13.46,5.7,5.23,4.86
1996-02-06,,14.59,5.68,5.16,4.84
1996-02-07,,14.11,5.66,5.13,4.8
1996-02-08,,13.89,5.66,5.18,4.78
1996-02-09,,14.63,5.66,5.17,4.79
1996-02-10,,,,5.17,
1996-02-11,,,,5.17,
1996-02-12,,14.69,5.61,5.12,4.8
1996-02-13,,14.94,5.58,4.93,4.79
1996-02-14,,15.59,5.62,4.92,4.8
1996-02-15,,16.13,5.7,5.36,4.78
1996-02-16,,15.37,5.76,5.13,4.76
1996-02-17,,,,5.13,
1996-02-18,,,,5.13,
1996-02-19,,,,5.13,
1996-02-20,,16.8,6.01,5.2,4.83
1996-02-21,,14.47,5.98,5.1,4.82
1996-02-22,,14.56,5.92,5.15,4.81
1996-02-23,,14.78,5.97,5.14,4.83
1996-02-24,,,,5.14,
1996-02-25,,,,5.14,
1996-02-26,,16.38,6.01,5.19,4.85
1996-02-27,,16.63,6.06,5.2,4.88
1996-02-28,,16.72,6.11,6.18,4.88
1996-02-29,,17.04,6.13,6.05,4.89
1996-03-01,,16.72,5.99,5.81,4.86
1996-03-02,,,,5.81,
1996-03-03,,,,5.81,
1996-03-04,,16.67,5.92,5.33,4.89
1996-03-05,,16.1,5.96,5.13,4.89
1996-03-06,,16.56,6.05,5.08,4.9
1996-03-07,,16.49,6.07,5.21,4.9
1996-03-08,,20.7,6.41,5.16,4.88
1996-03-09,,,,5.16,
1996-03-10,,,,5.16,
1996-03-11,,19.4,6.33,5.25,4.96
1996-03-12,,19.09,6.36,5.25,4.96
1996-03-13,,18.13,6.35,5.49,4.96
1996-03-14,,16.93,6.36,5.56,4.98
1996-03-15,,16.54,6.46,5.42,5.01
1996-03-16,,,,5.42,
1996-03-17,,,,5.42,
1996-03-18,,17.31,6.43,5.27,5.03
1996-03-19,,18.35,6.41,5.2,5.05
1996-03-20,,18.66,6.34,5.21,5.02
1996-03-21,,17.74,6.28,5.21,4.94
1996-03-22,,17.05,6.32,5.17,4.97
1996-03-23,,,,5.17,
1996-03-24,,,,5.17,
1996-03-25,,17.84,6.26,5.29,4.93
1996-03-26,,17.8,6.25,5.23,5.0
1996-03-27,,17.89,6.34,5.29,5.03
1996-03-28,,18.16,6.41,5.31,5.05
1996-03-29,,18.88,6.34,5.25,5.0
1996-03-30,,,,5.25,
1996-03-31,,,,5.25,
1996-04-01,,17.9,6.31,5.53,5.03
1996-04-02,,16.45,6.25,5.29,5.02
1996-04-03,,16.33,6.27,5.25,5.01
1996-04-04,,16.18,6.33,5.25,4.98
1996-04-05,,,6.57,4.89,5.02
1996-04-06,,,,4.89,
1996-04-07,,,,4.89,
1996-04-08,,18.72,6.63,5.14,5.02
1996-04-09,,17.32,6.56,5.07,4.97
1996-04-10,,20.22,6.63,5.46,4.95
1996-04-11,,19.65,6.68,5.33,4.95
1996-04-12,,17.38,6.52,5.22,4.94
1996-04-13,,,,5.22,
1996-04-14,,,,5.22,
1996-04-15,,16.83,6.47,5.33,4.87
1996-04-16,,16.45,6.48,5.17,4.82
1996-04-17,,17.07,6.52,5.17,4.83
1996-04-18,,16.41,6.58,5.19,4.85
1996-04-19,,15.12,6.53,5.1,4.88
1996-04-20,,,,5.1,
1996-04-21,,,,5.1,
1996-04-22,,15.38,6.48,5.23,4.88
1996-04-23,,15.01,6.52,5.38,4.97
1996-04-24,,14.91,6.57,5.57,5.0
1996-04-25,,14.72,6.56,5.34,4.96
1996-04-26,,14.75,6.54,5.21,4.98
1996-04-27,,,,5.21,
1996-04-28,,,,5.21,
1996-04-29,,15.45,6.59,5.25,5.0
1996-04-30,,15.83,6.66,5.5,5.01
1996-05-01,,16.07,6.68,5.41,4.98
1996-05-02,,18.62,6.85,5.28,4.99
1996-05-03,,16.7,6.9,5.14,5.0
1996-05-04,,,,5.14,
1996-05-05,,,,5.14,
1996-05-06,,16.92,6.86,5.26,4.99
1996-05-07,,16.87,6.87,5.24,5.01
1996-05-08,,15.78,6.78,5.31,5.0
1996-05-09,,16.99,6.84,5.28,4.99
1996-05-10,,15.61,6.75,5.2,4.99
1996-05-11,,,,5.2,
1996-05-12,,,,5.2,
1996-05-13,,15.16,6.72,5.25,5.02
1996-05-14,,14.9,6.66,5.25,5.01
1996-05-15,,15.59,6.65,5.47,5.0
1996-05-16,,15.71,6.7,5.24,5.01
1996-05-17,,15.13,6.65,5.15,5.01
1996-05-18,,,,5.15,
1996-05-19,,,,5.15,
1996-05-20,,15.8,6.62,5.21,5.02
1996-05-21,,16.0,6.65,5.23,5.04
1996-05-22,,15.5,6.63,5.41,5.04
1996-05-23,,16.17,6.68,5.2,5.04
1996-05-24,,15.54,6.65,5.14,5.04
1996-05-25,,,,5.14,
1996-05-26,,,,5.14,
1996-05-27,,,,5.14,
1996-05-28,,16.92,6.67,5.33,5.04
1996-05-29,,17.15,6.77,5.24,5.04
1996-05-30,,16.02,6.78,5.34,5.04
1996-05-31,,16.07,6.85,5.31,5.04
1996-06-01,,,,5.31,
1996-06-02,,,,5.31,
1996-06-03,,16.86,6.87,5.44,5.08
1996-06-04,,16.18,6.86,5.23,5.08
1996-06-05,,16.04,6.82,5.34,5.08
1996-06-06,,16.84,6.76,5.29,5.07
1996-06-07,,16.1,6.93,5.21,5.12
1996-06-08,,,,5.21,
1996-06-09,,,,5.21,
1996-06-10,,16.78,6.97,5.28,5.15
1996-06-11,,16.68,6.99,5.24,5.13
1996-06-12,,17.0,7.03,5.25,5.12
1996-06-13,,17.12,7.01,5.27,5.1
1996-06-14,,18.64,6.95,5.3,5.07
1996-06-15,,,,5.3,
1996-06-16,,,,5.3,
1996-06-17,,17.46,6.9,5.47,5.05
1996-06-18,,17.45,6.93,5.27,5.07
1996-06-19,,17.54,6.96,6.25,5.09
1996-06-20,,16.97,6.98,5.37,5.12
1996-06-21,,15.8,6.96,5.19,5.12
1996-06-22,,,,5.19,
1996-06-23,,,,5.19,
1996-06-24,,15.91,6.94,5.18,5.13
1996-06-25,,15.43,6.91,5.15,5.1
1996-06-26,,15.23,6.91,5.18,5.1
1996-06-27,,14.19,6.83,5.27,5.06
1996-06-28,,13.68,6.73,5.0,5.04
1996-06-29,,,,5.0,
1996-06-30,,,,5.0,
1996-07-01,,13.78,6.74,7.8,5.08
1996-07-02,,14.19,6.8,5.29,5.18
1996-07-03,,14.21,6.78,5.38,5.1
1996-07-04,,,,5.38,
1996-07-05,,16.09,7.06,5.28,5.16
1996-07-06,,,,5.28,
1996-07-07,,,,5.28,
1996-07-08,,16.42,7.05,5.27,5.16
1996-07-09,,15.49,7.0,5.14,5.2
1996-07-10,,15.51,6.95,5.16,5.15
1996-07-11,,17.81,6.9,5.21,5.12
1996-07-12,,17.09,6.85,5.18,5.14
1996-07-13,,,,5.18,
1996-07-14,,,,5.18,
1996-07-15,,20.11,6.89,5.42,5.15
1996-07-16,,20.1,6.84,5.2,5.13
1996-07-17,,19.22,6.83,5.25,5.12
1996-07-18,,17.93,6.72,5.28,5.11
1996-07-19,,17.26,6.78,5.22,5.14
1996-07-20,,,,5.22,
1996-07-21,,,,5.22,
1996-07-22,,20.41,6.84,5.25,5.15
1996-07-23,,21.55,6.8,5.25,5.16
1996-07-24,,21.44,6.87,5.29,5.17
1996-07-25,,19.39,6.87,5.45,5.15
1996-07-26,,17.45,6.85,5.26,5.15
1996-07-27,,,,5.26,
1996-07-28,,,,5.26,
1996-07-29,,20.09,6.93,5.37,5.21
1996-07-30,,20.53,6.89,5.33,5.2
1996-07-31,,19.46,6.8,6.75,5.18
1996-08-01,,18.76,6.65,6.29,5.11
1996-08-02,,16.19,6.51,5.34,5.07
1996-08-03,,,,5.34,
1996-08-04,,,,5.34,
1996-08-05,,17.36,6.53,5.15,5.05
1996-08-06,,16.93,6.54,5.1,5.05
1996-08-07,,16.24,6.55,5.07,5.04
1996-08-08,,16.04,6.56,5.15,5.01
1996-08-09,,15.77,6.5,5.1,5.01
1996-08-10,,,,5.1,
1996-08-11,,,,5.1,
1996-08-12,,15.57,6.49,5.17,5.01
1996-08-13,,16.41,6.57,4.89,5.03
1996-08-14,,15.96,6.58,5.22,5.02
1996-08-15,,15.46,6.62,5.48,5.05
1996-08-16,,14.81,6.56,5.15,5.04
1996-08-17,,,,5.15,
1996-08-18,,,,5.15,
1996-08-19,,15.27,6.59,5.17,5.05
1996-08-20,,14.73,6.59,5.08,5.04
1996-08-21,,14.52,6.61,5.09,5.01
1996-08-22,,13.71,6.62,5.17,5.0
1996-08-23,,14.18,6.72,5.22,5.01
1996-08-24,,,,5.22,
1996-08-25,,,,5.22,
1996-08-26,,15.38,6.8,5.28,5.06
1996-08-27,,15.11,6.78,5.13,5.06
1996-08-28,,15.1,6.79,5.24,5.06
1996-08-29,,16.22,6.86,5.24,5.1
1996-08-30,,17.01,6.96,5.28,5.15
1996-08-31,,,,5.28,
1996-09-01,,,,5.28,
1996-09-02,,,,5.28,
1996-09-03,,18.47,6.92,6.01,5.17
1996-09-04,,18.64,6.94,5.35,5.18
1996-09-05,,20.51,6.98,5.19,5.2
1996-09-06,,17.1,6.94,5.13,5.19
1996-09-07,,,,5.13,
1996-09-08,,,,5.13,
1996-09-09,,16.36,6.9,5.2,5.13
1996-09-10,,16.25,6.94,5.1,5.15
1996-09-11,,16.06,6.94,5.26,5.17
1996-09-12,,15.97,6.88,5.33,5.14
1996-09-13,,15.2,6.74,5.29,5.07
1996-09-14,,,,5.29,
1996-09-15,,,,5.29,
1996-09-16,,15.43,6.73,5.38,5.05
1996-09-17,,15.74,6.81,5.02,5.17
1996-09-18,,15.86,6.83,4.96,5.14
1996-09-19,,16.03,6.87,5.29,5.11
1996-09-20,,15.65,6.85,5.3,5.15
1996-09-21,,,,5.3,
1996-09-22,,,,5.3,
1996-09-23,,16.46,6.83,5.32,5.15
1996-09-24,,16.45,6.77,5.28,5.03
1996-09-25,,16.22,6.71,5.56,4.94
1996-09-26,,16.11,6.66,5.28,4.87
1996-09-27,,16.1,6.68,5.21,4.91
1996-09-28,,,,5.21,
1996-09-29,,,,5.21,
1996-09-30,,16.95,6.72,6.09,4.91
1996-10-01,,17.05,6.65,5.53,4.97
1996-10-02,,16.78,6.61,5.24,4.9
1996-10-03,,16.77,6.61,5.17,4.91
1996-10-04,,14.8,6.48,5.04,4.88
1996-10-05,,,,5.04,
1996-10-06,,,,5.04,
1996-10-07,,15.11,6.53,5.16,4.93
1996-10-08,,15.58,6.53,5.11,4.99
1996-10-09,,16.09,6.55,5.43,4.99
1996-10-10,,16.26,6.61,5.29,5.01
1996-10-11,,15.07,6.55,5.16,5.0
1996-10-12,,,,5.16,
1996-10-13,,,,5.16,
1996-10-14,,15.13,,5.16,
1996-10-15,,15.83,6.56,5.41,5.03
1996-10-16,,15.6,6.57,5.2,5.01
1996-10-17,,15.41,6.51,5.19,4.98
1996-10-18,,15.08,6.5,5.12,4.98
1996-10-19,,,,5.12,
1996-10-20,,,,5.12,
1996-10-21,,15.98,6.52,5.21,4.99
1996-10-22,,16.4,6.56,5.19,5.02
1996-10-23,,16.45,6.56,5.58,5.0
1996-10-24,,16.89,6.57,5.29,5.0
1996-10-25,,17.29,6.54,5.27,5.0
1996-10-26,,,,5.27,
1996-10-27,,,,5.27,
1996-10-28,,18.34,6.56,5.29,5.05
1996-10-29,,18.28,6.4,5.22,5.01
1996-10-30,,18.48,6.4,5.31,5.01
1996-10-31,,18.11,6.37,5.63,5.03
1996-11-01,,17.89,6.38,5.19,5.03
1996-11-02,,,,5.19,
1996-11-03,,,,5.19,
1996-11-04,,18.04,6.36,5.21,5.02
1996-11-05,,17.65,6.28,5.34,5.03
1996-11-06,,16.97,6.3,5.46,5.03
1996-11-07,,17.21,6.26,5.28,5.02
1996-11-08,,15.78,6.29,5.17,5.04
1996-11-09,,,,5.17,
1996-11-10,,,,5.17,
1996-11-11,,14.04,,5.17,
1996-11-12,,15.36,6.19,5.3,5.04
1996-11-13,,14.89,6.2,5.21,5.03
1996-11-14,,13.79,6.15,5.34,5.03
1996-11-15,,14.36,6.19,5.53,5.02
1996-11-16,,,,5.53,
1996-11-17,,,,5.53,
1996-11-18,,15.12,6.2,5.15,5.03
1996-11-19,,15.23,6.17,5.29,5.03
1996-11-20,,15.94,6.14,5.53,5.03
1996-11-21,,15.77,6.15,5.28,5.04
1996-11-22,,14.92,6.15,5.24,5.04
1996-11-23,,,,5.24,
1996-11-24,,,,5.24,
1996-11-25,,15.91,6.13,5.38,5.03
1996-11-26,,16.97,6.13,5.28,5.03
1996-11-27,,16.96,6.14,5.42,5.02
1996-11-28,,,,5.42,
1996-11-29,,17.14,6.06,5.44,5.0
1996-11-30,,,,5.44,
1996-12-01,,,,5.44,
1996-12-02,,17.93,6.08,5.67,4.95
1996-12-03,,18.68,6.06,5.09,4.92
1996-12-04,,17.93,6.11,6.12,4.9
1996-12-05,,18.14,6.22,5.36,4.91
1996-12-06,,18.82,6.26,5.21,4.9
1996-12-07,,,,5.21,
1996-12-08,,,,5.21,
1996-12-09,,17.75,6.21,5.19,4.86
1996-12-10,,17.88,6.23,5.17,4.83
1996-12-11,,19.68,6.38,5.19,4.83
1996-12-12,,20.45,6.4,5.25,4.84
1996-12-13,,21.09,6.33,5.28,4.8
1996-12-14,,,,5.28,
1996-12-15,,,,5.28,
1996-12-16,,21.99,6.39,5.56,4.86
1996-12-17,,20.77,6.42,5.38,4.87
1996-12-18,,19.42,6.46,5.6,4.9
1996-12-19,,18.77,6.36,5.29,4.88
1996-12-20,,18.85,6.35,5.15,4.89
1996-12-21,,,,5.15,
1996-12-22,,,,5.15,
1996-12-23,,19.5,6.34,5.26,4.97
1996-12-24,,18.68,6.36,5.14,4.96
1996-12-25,,,,5.14,
1996-12-26,,18.59,6.35,5.26,4.97
1996-12-27,,19.13,6.3,4.77,4.98
1996-12-28,,,,4.77,
1996-12-29,,,,4.77,
1996-12-30,,19.51,6.31,5.53,5.04
1996-12-31,,20.92,6.43,6.26,5.07
1997-01-01,,,,6.26,
1997-01-02,,21.14,6.54,5.79,5.05
1997-01-03,,19.13,6.52,5.17,5.04
1997-01-04,,,,5.17,
1997-01-05,,,,5.17,
1997-01-06,,19.89,6.54,5.26,5.05
1997-01-07,,19.35,6.57,5.2,5.02
1997-01-08,,20.24,6.6,5.2,5.02
1997-01-09,,20.91,6.52,5.25,5.0
1997-01-10,,19.63,6.63,5.17,5.04
1997-01-11,,,,5.17,
1997-01-12,,,,5.17,
1997-01-13,,19.84,6.63,5.24,5.04
1997-01-14,,19.27,6.53,5.14,5.05
1997-01-15,,19.4,6.53,5.22,5.02
1997-01-16,,19.61,6.57,5.26,5.03
1997-01-17,,18.63,6.56,5.14,5.01
1997-01-18,,,,5.14,
1997-01-19,,,,5.14,
1997-01-20,,18.6,,5.14,
1997-01-21,,17.81,6.52,5.33,5.03
1997-01-22,,17.09,6.56,5.21,5.04
1997-01-23,,18.47,6.6,5.24,5.04
1997-01-24,,19.33,6.64,5.13,5.03
1997-01-25,,,,5.13,
1997-01-26,,,,5.13,
1997-01-27,,20.16,6.69,5.33,5.06
1997-01-28,,20.74,6.64,5.27,5.04
1997-01-29,,20.23,6.63,5.05,5.04
1997-01-30,,19.47,6.61,5.3,5.04
1997-01-31,,,6.53,5.37,5.02
1997-02-01,,,,5.37,
1997-02-02,,,,5.37,
1997-02-03,,19.58,6.47,5.36,4.98
1997-02-04,,19.43,6.45,5.18,4.97
1997-02-05,,21.06,6.47,5.17,5.0
1997-02-06,,20.16,6.49,5.22,5.01
1997-02-07,,18.9,6.43,5.08,5.01
1997-02-08,,,,5.08,
1997-02-09,,,,5.08,
1997-02-10,,20.65,6.43,5.18,5.01
1997-02-11,,19.97,6.43,5.07,5.01
1997-02-12,,19.48,6.39,4.63,5.02
1997-02-13,,19.23,6.32,5.19,5.0
1997-02-14,,19.18,6.28,5.15,4.97
1997-02-15,,,,5.15,
1997-02-16,,,,5.15,
1997-02-17,,,,5.15,
1997-02-18,,19.7,6.28,5.55,4.98
1997-02-19,,20.61,6.3,5.19,4.98
1997-02-20,,21.41,6.38,5.15,4.97
1997-02-21,,20.55,6.36,5.08,4.96
1997-02-22,,,,5.08,
1997-02-23,,,,5.08,
1997-02-24,,19.84,6.39,5.22,4.99
1997-02-25,,19.98,6.4,5.28,5.0
1997-02-26,,20.74,6.56,5.2,5.08
1997-02-27,,21.08,6.58,5.29,5.08
1997-02-28,,21.1,6.56,5.5,5.09
1997-03-01,,,,5.5,
1997-03-02,,,,5.5,
1997-03-03,,20.89,6.58,5.4,5.1
1997-03-04,,20.62,6.6,5.16,5.11
1997-03-05,,19.49,6.6,5.15,5.07
1997-03-06,,20.48,6.62,5.22,5.09
1997-03-07,,19.32,6.57,5.21,5.08
1997-03-08,,,,5.21,
1997-03-09,,,,5.21,
1997-03-10,,19.0,6.56,5.24,5.06
1997-03-11,,19.25,6.57,5.21,5.04
1997-03-12,,19.61,6.6,5.01,5.07
1997-03-13,,19.79,6.72,5.21,5.12
1997-03-14,,19.81,6.71,5.15,5.1
1997-03-15,,,,5.15,
1997-03-16,,,,5.15,
1997-03-17,,20.95,6.72,5.39,5.13
1997-03-18,,21.26,6.72,5.42,5.11
1997-03-19,,21.74,6.74,5.36,5.15
1997-03-20,,21.22,6.75,5.32,5.2
1997-03-21,,19.69,6.74,5.28,5.26
1997-03-22,,,,5.28,
1997-03-23,,,,5.28,
1997-03-24,,20.06,6.72,5.47,5.25
1997-03-25,,19.26,6.75,5.57,5.29
1997-03-26,,18.32,6.8,5.61,5.21
1997-03-27,,20.5,6.9,5.68,5.23
1997-03-28,,,,5.52,
1997-03-29,,,,5.52,
1997-03-30,,,,5.52,
1997-03-31,,22.14,6.92,7.07,5.21
1997-04-01,,20.84,6.9,6.18,5.18
1997-04-02,,21.3,6.88,5.5,5.16
1997-04-03,,21.19,6.86,5.52,5.13
1997-04-04,,19.23,6.92,5.32,5.15
1997-04-05,,,,5.32,
1997-04-06,,,,5.32,
1997-04-07,,18.51,6.87,5.43,5.15
1997-04-08,,18.44,6.91,5.34,5.11
1997-04-09,,18.56,6.91,5.31,5.1
1997-04-10,,19.01,6.91,5.51,5.15
1997-04-11,,19.76,6.98,5.4,5.17
1997-04-12,,,,5.4,
1997-04-13,,,,5.4,
1997-04-14,,19.09,6.98,5.49,5.17
1997-04-15,,18.25,6.88,5.61,5.17
1997-04-16,,17.64,6.9,5.56,5.15
1997-04-17,,18.71,6.86,5.49,5.15
1997-04-18,,18.75,6.84,5.35,5.15
1997-04-19,,,,5.35,
1997-04-20,,,,5.35,
1997-04-21,,20.1,6.87,5.34,5.15
1997-04-22,,19.52,6.84,5.5,5.22
1997-04-23,,20.48,6.89,5.95,5.23
1997-04-24,,20.83,6.93,5.62,5.18
1997-04-25,,21.15,6.94,5.53,5.17
1997-04-26,,,,5.53,
1997-04-27,,,,5.53,
1997-04-28,,21.34,6.92,5.72,5.19
1997-04-29,,19.81,6.77,5.53,5.2
1997-04-30,,20.06,6.72,5.82,5.14
1997-05-01,,19.87,6.69,5.73,5.1
1997-05-02,,17.51,6.68,5.47,5.1
1997-05-03,,,,5.47,
1997-05-04,,,,5.47,
1997-05-05,,20.13,6.67,5.49,5.05
1997-05-06,,20.85,6.67,5.5,5.07
1997-05-07,,21.34,6.76,5.7,5.08
1997-05-08,,21.26,6.72,5.66,5.07
1997-05-09,,20.11,6.67,5.46,5.05
1997-05-10,,,,5.46,
1997-05-11,,,,5.46,
1997-05-12,,20.25,6.65,5.49,5.04
1997-05-13,,20.81,6.71,5.42,5.1
1997-05-14,,21.09,6.68,5.45,5.05
1997-05-15,,19.91,6.67,5.71,4.99
1997-05-16,,21.57,6.7,5.44,5.06
1997-05-17,,,,5.44,
1997-05-18,,,,5.44,
1997-05-19,,21.48,6.71,5.55,5.16
1997-05-20,,19.26,6.7,5.51,5.25
1997-05-21,,19.28,6.74,5.56,4.99
1997-05-22,,18.77,6.76,5.48,5.04
1997-05-23,,18.08,6.74,5.36,5.04
1997-05-24,,,,5.36,
1997-05-25,,,,5.36,
1997-05-26,,,,5.36,
1997-05-27,,19.36,6.79,5.59,5.02
1997-05-28,,19.28,6.8,5.52,5.04
1997-05-29,,19.02,6.75,5.56,4.89
1997-05-30,,19.19,6.67,5.58,4.82
1997-05-31,,,,5.58,
1997-06-01,,,,5.58,
1997-06-02,,20.85,6.66,5.63,4.79
1997-06-03,,20.01,6.63,5.42,4.92
1997-06-04,,20.1,6.62,5.4,4.96
1997-06-05,,20.36,6.62,5.51,4.97
1997-06-06,,18.94,6.51,5.42,4.93
1997-06-07,,,,5.42,
1997-06-08,,,,5.42,
1997-06-09,,19.46,6.55,5.51,4.92
1997-06-10,,19.04,6.57,5.59,4.92
1997-06-11,,18.85,6.56,5.5,4.85
1997-06-12,,18.51,6.48,5.58,4.84
1997-06-13,,19.27,6.43,5.56,4.86
1997-06-14,,,,5.56,
1997-06-15,,,,5.56,
1997-06-16,,19.77,6.4,6.22,4.85
1997-06-17,,20.17,6.43,5.46,4.92
1997-06-18,,20.45,6.4,5.43,4.9
1997-06-19,,20.1,6.4,5.5,4.95
1997-06-20,,20.2,6.37,5.39,4.94
1997-06-21,,,,5.39,
1997-06-22,,,,5.39,
1997-06-23,,21.19,6.4,5.45,5.04
1997-06-24,,20.74,6.42,5.39,4.94
1997-06-25,,21.5,6.45,5.46,4.94
1997-06-26,,21.82,6.5,5.5,5.03
1997-06-27,,21.22,6.46,5.52,5.02
1997-06-28,,,,5.52,
1997-06-29,,,,5.52,
1997-06-30,,21.53,6.51,6.87,5.06
1997-07-01,,21.0,6.45,6.24,5.04
1997-07-02,,19.7,6.42,5.54,5.06
1997-07-03,,17.82,6.31,5.46,5.01
1997-07-04,,,,5.46,
1997-07-05,,,,5.46,
1997-07-06,,,,5.46,
1997-07-07,,19.13,6.27,5.62,4.96
1997-07-08,,18.76,6.27,5.46,4.99
1997-07-09,,20.4,6.25,5.44,4.98
1997-07-10,,19.92,6.26,5.45,5.01
1997-07-11,,19.06,6.23,5.33,5.0
1997-07-12,,,,5.33,
1997-07-13,,,,5.33,
1997-07-14,,19.58,6.26,5.5,5.02
1997-07-15,,19.0,6.26,5.47,5.08
1997-07-16,,19.36,6.2,5.64,5.03
1997-07-17,,20.54,6.19,5.49,5.04
1997-07-18,,22.28,6.24,5.37,5.1
1997-07-19,,,,5.37,
1997-07-20,,,,5.37,
1997-07-21,,23.51,6.27,5.5,5.13
1997-07-22,,21.77,6.15,5.44,5.04
1997-07-23,,21.3,6.14,5.48,5.06
1997-07-24,,20.96,6.16,5.57,5.09
1997-07-25,,20.82,6.18,5.51,5.1
1997-07-26,,,,5.51,
1997-07-27,,,,5.51,
1997-07-28,,21.84,6.16,5.59,5.1
1997-07-29,,22.02,6.11,5.52,5.1
1997-07-30,,21.39,6.05,5.78,5.1
1997-07-31,,21.48,6.02,5.96,5.11
1997-08-01,,22.29,6.2,5.65,5.14
1997-08-02,,,,5.65,
1997-08-03,,,,5.65,
1997-08-04,,21.94,6.23,5.53,5.14
1997-08-05,,20.64,6.23,5.48,5.15
1997-08-06,,20.05,6.21,5.45,5.15
1997-08-07,,19.77,6.24,5.48,5.16
1997-08-08,,22.46,6.38,5.34,5.15
1997-08-09,,,,5.34,
1997-08-10,,,,5.34,
1997-08-11,,22.77,6.36,5.56,5.17
1997-08-12,,23.75,6.39,5.52,5.17
1997-08-13,,24.52,6.36,5.56,5.18
1997-08-14,,23.11,6.27,5.63,5.2
1997-08-15,,24.45,6.27,5.59,5.15
1997-08-16,,,,5.59,
1997-08-17,,,,5.59,
1997-08-18,,24.37,6.21,5.49,5.13
1997-08-19,,22.64,6.21,5.47,5.11
1997-08-20,,21.09,6.24,5.8,5.1
1997-08-21,,23.83,6.3,5.64,5.13
1997-08-22,,24.74,6.38,5.49,5.11
1997-08-23,,,,5.49,
1997-08-24,,,,5.49,
1997-08-25,,24.1,6.39,5.65,5.16
1997-08-26,,24.73,6.38,5.62,5.14
1997-08-27,,24.26,6.38,5.52,5.14
1997-08-28,,24.51,6.3,5.64,5.1
1997-08-29,,24.76,6.34,5.52,5.1
1997-08-30,,,,5.52,
1997-08-31,,,,5.52,
1997-09-01,,,,5.52,
1997-09-02,,24.53,6.31,6.23,5.07
1997-09-03,,24.95,6.33,5.54,5.01
1997-09-04,,25.27,6.33,5.48,5.01
1997-09-05,,24.31,6.37,5.39,5.03
1997-09-06,,,,5.39,
1997-09-07,,,,5.39,
1997-09-08,,24.4,6.33,5.58,5.02
1997-09-09,,23.89,6.34,5.5,5.02
1997-09-10,,24.64,6.37,5.61,4.98
1997-09-11,,25.99,6.39,5.55,5.0
1997-09-12,,25.17,6.29,5.49,4.97
1997-09-13,,,,5.49,
1997-09-14,,,,5.49,
1997-09-15,,25.74,6.28,5.77,5.0
1997-09-16,,23.77,6.11,5.52,4.96
1997-09-17,,24.1,6.1,5.74,4.97
1997-09-18,,23.48,6.11,5.53,4.97
1997-09-19,,22.74,6.09,5.36,4.93
1997-09-20,,,,5.36,
1997-09-21,,,,5.36,
1997-09-22,,22.08,6.06,5.51,4.91
1997-09-23,,22.0,6.1,5.45,4.89
1997-09-24,,22.64,6.04,5.57,4.81
1997-09-25,,22.96,6.13,5.59,4.8
1997-09-26,,22.26,6.08,5.44,4.86
1997-09-27,,,,5.44,
1997-09-28,,,,5.44,
1997-09-29,,22.23,6.1,5.68,4.87
1997-09-30,,22.91,6.12,5.81,4.93
1997-10-01,,22.32,6.04,5.65,4.97
1997-10-02,,22.27,6.01,5.52,4.94
1997-10-03,,21.54,6.01,5.42,4.9
1997-10-04,,,,5.42,
1997-10-05,,,,5.42,
1997-10-06,,21.61,5.96,5.48,4.87
1997-10-07,,20.29,5.94,5.42,4.93
1997-10-08,,20.77,6.08,5.52,4.96
1997-10-09,,22.31,6.09,5.45,5.0
1997-10-10,,19.75,6.15,5.37,5.0
1997-10-11,,,,5.37,
1997-10-12,,,,5.37,
1997-10-13,,20.26,,5.37,
1997-10-14,,19.99,6.07,5.61,4.95
1997-10-15,,20.05,6.1,5.64,4.93
1997-10-16,,20.53,6.09,5.5,4.94
1997-10-17,,21.69,6.17,5.47,4.92
1997-10-18,,,,5.47,
1997-10-19,,,,5.47,
1997-10-20,,20.72,6.15,5.57,4.91
1997-10-21,,19.53,6.14,5.53,4.94
1997-10-22,,19.86,6.12,5.76,5.02
1997-10-23,,22.99,6.04,5.57,4.99
1997-10-24,,23.17,6.01,5.47,5.01
1997-10-25,,,,5.47,
1997-10-26,,,,5.47,
1997-10-27,,31.12,5.91,5.58,4.96
1997-10-28,,31.22,5.98,5.49,5.11
1997-10-29,,33.75,5.91,5.43,5.05
1997-10-30,,38.2,5.84,5.54,5.03
1997-10-31,,35.09,5.84,5.56,5.07
1997-11-01,,,,5.56,
1997-11-02,,,,5.56,
1997-11-03,,32.09,5.91,5.72,5.11
1997-11-04,,32.24,5.95,5.54,5.11
1997-11-05,,32.18,5.95,5.75,5.13
1997-11-06,,32.57,5.9,5.6,5.17
1997-11-07,,36.27,5.9,5.45,5.17
1997-11-08,,,,5.45,
1997-11-09,,,,5.45,
1997-11-10,,36.63,5.91,5.5,5.21
1997-11-11,,36.38,,5.5,
1997-11-12,,37.84,5.89,5.53,5.16
1997-11-13,,36.64,5.87,5.5,5.13
1997-11-14,,33.66,5.86,5.44,5.13
1997-11-15,,,,5.44,
1997-11-16,,,,5.44,
1997-11-17,,31.58,5.85,5.68,5.18
1997-11-18,,31.55,5.85,5.45,5.17
1997-11-19,,29.93,5.82,5.59,5.14
1997-11-20,,27.32,5.84,5.57,5.14
1997-11-21,,26.65,5.82,5.41,5.11
1997-11-22,,,,5.41,
1997-11-23,,,,5.41,
1997-11-24,,29.8,5.86,5.51,5.16
1997-11-25,,28.95,5.85,5.55,5.16
1997-11-26,,,5.86,5.57,5.12
1997-11-27,,,,5.57,
1997-11-28,,27.43,5.86,5.5,5.08
1997-11-29,,,,5.5,
1997-11-30,,,,5.5,
1997-12-01,,26.01,5.86,5.92,5.1
1997-12-02,,25.66,5.86,5.55,5.12
1997-12-03,,23.92,5.83,5.5,5.12
1997-12-04,,23.84,5.84,5.51,5.13
1997-12-05,,22.65,5.92,5.39,5.16
1997-12-06,,,,5.39,
1997-12-07,,,,5.39,
1997-12-08,,23.22,5.96,5.41,5.2
1997-12-09,,23.36,5.95,5.29,5.13
1997-12-10,,24.55,5.9,5.43,5.07
1997-12-11,,27.63,5.82,5.52,5.06
1997-12-12,,27.92,5.74,5.55,5.05
1997-12-13,,,,5.55,
1997-12-14,,,,5.55,
1997-12-15,,27.37,5.78,5.97,5.1
1997-12-16,,26.11,5.77,5.56,5.09
1997-12-17,,26.33,5.81,5.95,5.11
1997-12-18,,27.19,5.76,5.63,5.1
1997-12-19,,29.18,5.72,5.46,5.19
1997-12-20,,,,5.46,
1997-12-21,,,,5.46,
1997-12-22,,28.56,5.72,5.55,5.3
1997-12-23,,29.86,5.73,5.45,5.31
1997-12-24,,30.27,5.76,5.08,5.24
1997-12-25,,,,5.08,
1997-12-26,,29.27,5.75,5.19,5.21
1997-12-27,,,,5.19,
1997-12-28,,,,5.19,
1997-12-29,,26.79,5.76,5.57,5.26
1997-12-30,,24.38,5.8,6.07,5.3
1997-12-31,,24.01,5.75,5.84,5.22
1998-01-01,,,,5.84,
1998-01-02,,23.42,5.67,6.06,5.18
1998-01-03,,,,6.06,
1998-01-04,,,,6.06,
1998-01-05,,24.36,5.52,5.51,5.09
1998-01-06,,25.66,5.49,5.35,5.08
1998-01-07,,25.07,5.55,5.29,5.09
1998-01-08,,26.01,5.49,5.42,5.0
1998-01-09,,28.69,5.4,5.48,4.92
1998-01-10,,,,5.48,
1998-01-11,,,,5.48,
1998-01-12,,28.02,5.39,5.48,4.91
1998-01-13,,25.17,5.41,5.42,5.03
1998-01-14,,23.75,5.45,5.36,5.04
1998-01-15,,23.45,5.48,5.6,5.0
1998-01-16,,21.65,5.54,5.54,5.02
1998-01-17,,,,5.54,
1998-01-18,,,,5.54,
1998-01-19,,,,5.54,
1998-01-20,,21.65,5.57,5.52,5.02
1998-01-21,,22.53,5.54,5.4,5.0
1998-01-22,,23.16,5.56,5.47,5.0
1998-01-23,,23.32,5.7,5.51,5.04
1998-01-24,,,,5.51,
1998-01-25,,,,5.51,
1998-01-26,,23.97,5.63,5.62,5.01
1998-01-27,,22.27,5.7,5.52,5.1
1998-01-28,,22.06,5.69,5.58,5.09
1998-01-29,,21.65,5.58,5.63,5.06
1998-01-30,,21.47,5.53,5.48,5.06
1998-01-31,,,,5.48,
1998-02-01,,,,5.48,
1998-02-02,,21.36,5.57,5.71,5.1
1998-02-03,,20.67,5.56,5.47,5.12
1998-02-04,,20.55,5.57,5.41,4.98
1998-02-05,,21.29,5.62,5.45,5.01
1998-02-06,,20.51,5.62,5.4,5.04
1998-02-07,,,,5.4,
1998-02-08,,,,5.4,
1998-02-09,,21.55,5.65,5.47,5.01
1998-02-10,,20.66,5.64,5.44,5.07
1998-02-11,,20.38,5.53,5.48,5.08
1998-02-12,,19.73,5.52,5.52,5.08
1998-02-13,,19.84,5.49,5.45,5.09
1998-02-14,,,,5.45,
1998-02-15,,,,5.45,
1998-02-16,,,,5.45,
1998-02-17,,20.76,5.44,6.0,5.04
1998-02-18,,19.66,5.49,5.44,5.06
1998-02-19,,19.88,5.51,5.43,5.07
1998-02-20,,19.0,5.54,5.46,5.08
1998-02-21,,,,5.46,
1998-02-22,,,,5.46,
1998-02-23,,18.99,5.58,5.55,5.12
1998-02-24,,19.35,5.69,5.49,5.13
1998-02-25,,18.62,5.63,5.69,5.17
1998-02-26,,18.63,5.65,5.61,5.2
1998-02-27,,18.55,5.62,5.57,5.18
1998-02-28,,,,5.57,
1998-03-01,,,,5.57,
1998-03-02,,19.19,5.72,5.82,5.18
1998-03-03,,19.04,5.77,5.57,5.09
1998-03-04,,19.58,5.76,5.46,5.05
1998-03-05,,20.93,5.78,5.48,5.04
1998-03-06,,19.14,5.73,5.41,5.02
1998-03-07,,,,5.41,
1998-03-08,,,,5.41,
1998-03-09,,20.23,5.67,5.5,5.03
1998-03-10,,19.43,5.67,5.44,4.96
1998-03-11,,18.89,5.63,5.52,4.96
1998-03-12,,18.25,5.56,5.52,4.95
1998-03-13,,18.71,5.58,5.43,4.96
1998-03-14,,,,5.43,
1998-03-15,,,,5.43,
1998-03-16,,18.51,5.54,5.64,4.97
1998-03-17,,18.66,5.56,5.47,5.01
1998-03-18,,18.29,5.58,5.35,5.03
1998-03-19,,17.76,5.58,5.39,5.04
1998-03-20,,18.69,5.57,5.34,5.05
1998-03-21,,,,5.34,
1998-03-22,,,,5.34,
1998-03-23,,19.98,5.57,5.41,5.02
1998-03-24,,20.51,5.58,5.41,5.03
1998-03-25,,22.54,5.64,5.75,5.04
1998-03-26,,22.81,5.68,5.55,5.08
1998-03-27,,23.47,5.68,5.47,5.08
1998-03-28,,,,5.47,
1998-03-29,,,,5.47,
1998-03-30,,24.66,5.72,5.62,5.09
1998-03-31,,24.22,5.67,5.88,5.02
1998-04-01,,23.37,5.62,5.72,4.99
1998-04-02,,21.98,5.56,5.45,4.97
1998-04-03,,21.82,5.47,5.47,4.95
1998-04-04,,,,5.47,
1998-04-05,,,,5.47,
1998-04-06,,22.47,5.51,5.46,4.97
1998-04-07,,23.66,5.53,5.4,4.94
1998-04-08,,23.17,5.58,5.64,4.93
1998-04-09,,21.51,5.59,5.5,4.94
1998-04-10,,,,5.41,
1998-04-11,,,,5.41,
1998-04-12,,,,5.41,
1998-04-13,,22.77,5.66,5.52,5.05
1998-04-14,,21.61,5.63,5.47,5.02
1998-04-15,,20.89,5.6,5.56,4.95
1998-04-16,,22.06,5.59,5.5,4.91
1998-04-17,,20.76,5.59,5.36,4.92
1998-04-18,,,,5.36,
1998-04-19,,,,5.36,
1998-04-20,,20.39,5.65,5.36,4.91
1998-04-21,,19.91,5.68,5.37,4.94
1998-04-22,,19.44,5.68,5.29,4.96
1998-04-23,,20.6,5.69,5.46,4.96
1998-04-24,,21.97,5.67,5.43,4.95
1998-04-25,,,,5.43,
1998-04-26,,,,5.43,
1998-04-27,,26.09,5.8,5.45,4.94
1998-04-28,,24.17,5.8,5.28,4.93
1998-04-29,,22.78,5.81,5.33,4.94
1998-04-30,,21.18,5.68,5.59,4.87
1998-05-01,,19.34,5.67,5.46,4.89
1998-05-02,,,,5.46,
1998-05-03,,,,5.46,
1998-05-04,,20.32,5.67,5.22,4.91
1998-05-05,,21.46,5.7,5.22,4.98
1998-05-06,,22.79,5.67,5.04,4.98
1998-05-07,,23.39,5.67,5.34,4.98
1998-05-08,,20.57,5.71,5.47,5.0
1998-05-09,,,,5.47,
1998-05-10,,,,5.47,
1998-05-11,,21.05,5.79,5.53,5.0
1998-05-12,,20.98,5.7,5.54,4.99
1998-05-13,,20.44,5.64,5.58,4.99
1998-05-14,,19.64,5.67,5.66,5.04
1998-05-15,,20.44,5.68,5.72,5.04
1998-05-16,,,,5.72,
1998-05-17,,,,5.72,
1998-05-18,,21.69,5.64,5.52,5.05
1998-05-19,,20.39,5.65,5.35,5.09
1998-05-20,,19.89,5.61,5.52,5.07
1998-05-21,,19.38,5.65,5.49,5.1
1998-05-22,,18.99,5.64,5.38,5.08
1998-05-23,,,,5.38,
1998-05-24,,,,5.38,
1998-05-25,,,,5.38,
1998-05-26,,22.07,5.59,5.62,5.0
1998-05-27,,22.59,5.56,5.53,4.96
1998-05-28,,20.74,5.58,5.63,4.93
1998-05-29,,21.32,5.56,5.63,4.89
1998-05-30,,,,5.63,
1998-05-31,,,,5.63,
1998-06-01,,22.83,5.53,5.79,4.85
1998-06-02,,22.0,5.56,5.5,4.95
1998-06-03,,22.85,5.57,5.6,5.0
1998-06-04,,21.22,5.59,5.55,4.98
1998-06-05,,19.78,5.58,5.38,4.98
1998-06-06,,,,5.38,
1998-06-07,,,,5.38,
1998-06-08,,20.58,5.58,5.44,5.0
1998-06-09,,20.52,5.59,5.38,5.03
1998-06-10,,21.48,5.51,5.53,5.01
1998-06-11,,23.57,5.44,5.62,4.97
1998-06-12,,22.78,5.43,5.53,4.99
1998-06-13,,,,5.53,
1998-06-14,,,,5.53,
1998-06-15,,25.94,5.38,5.78,4.98
1998-06-16,,24.8,5.45,5.55,5.06
1998-06-17,,22.89,5.54,5.55,5.09
1998-06-18,,22.4,5.5,5.54,5.05
1998-06-19,,21.92,5.47,5.36,5.03
1998-06-20,,,,5.36,
1998-06-21,,,,5.36,
1998-06-22,,21.94,5.46,5.42,4.99
1998-06-23,,20.17,5.45,5.36,4.97
1998-06-24,,20.02,5.46,5.54,4.91
1998-06-25,,20.25,5.46,5.64,4.89
1998-06-26,,19.36,5.46,5.47,4.87
1998-06-27,,,,5.47,
1998-06-28,,,,5.47,
1998-06-29,,19.57,5.47,5.69,4.89
1998-06-30,,19.71,5.44,7.06,4.97
1998-07-01,,18.0,5.44,6.35,4.96
1998-07-02,,17.67,5.42,5.62,4.94
1998-07-03,,,,5.41,
1998-07-04,,,,5.41,
1998-07-05,,,,5.41,
1998-07-06,,18.63,5.39,5.54,4.93
1998-07-07,,18.62,5.42,5.46,4.95
1998-07-08,,17.82,5.43,5.44,4.96
1998-07-09,,18.16,5.41,5.51,4.94
1998-07-10,,17.92,5.42,5.43,4.93
1998-07-11,,,,5.43,
1998-07-12,,,,5.43,
1998-07-13,,18.26,5.46,5.5,4.96
1998-07-14,,17.88,5.49,5.45,5.02
1998-07-15,,17.89,5.48,5.7,5.01
1998-07-16,,16.97,5.5,5.57,5.03
1998-07-17,,16.23,5.51,5.42,5.01
1998-07-18,,,,5.42,
1998-07-19,,,,5.42,
1998-07-20,,17.34,5.48,5.65,5.0
1998-07-21,,20.1,5.45,5.51,4.96
1998-07-22,,20.32,5.46,5.48,4.94
1998-07-23,,23.01,5.45,5.55,4.96
1998-07-24,,23.01,5.45,5.53,4.95
1998-07-25,,,,5.53,
1998-07-26,,,,5.53,
1998-07-27,,23.13,5.47,5.68,4.96
1998-07-28,,25.25,5.5,5.5,4.94
1998-07-29,,24.79,5.52,5.49,4.94
1998-07-30,,22.66,5.5,5.61,4.94
1998-07-31,,24.8,5.5,5.63,4.97
1998-08-01,,,,5.63,
1998-08-02,,,,5.63,
1998-08-03,,25.98,5.46,5.69,4.98
1998-08-04,,31.06,5.43,5.54,4.97
1998-08-05,,29.83,5.43,5.53,4.95
1998-08-06,,28.2,5.44,5.54,4.9
1998-08-07,,27.02,5.4,5.44,4.86
1998-08-08,,,,5.44,
1998-08-09,,,,5.44,
1998-08-10,,28.75,5.41,5.56,4.86
1998-08-11,,31.91,5.37,5.47,4.9
1998-08-12,,28.55,5.4,5.58,4.89
1998-08-13,,29.92,5.44,5.6,4.91
1998-08-14,,34.34,5.4,5.56,4.9
1998-08-15,,,,5.56,
1998-08-16,,,,5.56,
1998-08-17,,31.86,5.4,5.8,4.93
1998-08-18,,28.4,5.41,5.54,4.93
1998-08-19,,28.69,5.42,5.48,4.94
1998-08-20,,30.0,5.38,5.51,4.91
1998-08-21,,33.14,5.32,5.46,4.88
1998-08-22,,,,5.46,
1998-08-23,,,,5.46,
1998-08-24,,31.8,5.3,5.51,4.94
1998-08-25,,30.33,5.25,5.5,4.96
1998-08-26,,31.14,5.26,5.49,4.93
1998-08-27,,38.55,5.12,5.55,4.86
1998-08-28,,39.6,5.09,5.51,4.78
1998-08-29,,,,5.51,
1998-08-30,,,,5.51,
1998-08-31,,44.28,5.05,5.89,4.77
1998-09-01,,36.48,5.05,5.75,4.79
1998-09-02,,36.76,5.1,5.53,4.78
1998-09-03,,41.43,5.03,5.52,4.71
1998-09-04,,43.31,5.02,5.41,4.74
1998-09-05,,,,5.41,
1998-09-06,,,,5.41,
1998-09-07,,,,5.41,
1998-09-08,,37.9,5.04,5.66,4.74
1998-09-09,,39.66,4.95,5.45,4.76
1998-09-10,,45.29,4.76,5.55,4.66
1998-09-11,,43.74,4.85,5.46,4.75
1998-09-12,,,,5.46,
1998-09-13,,,,5.46,
1998-09-14,,38.57,4.87,5.65,4.72
1998-09-15,,36.58,4.9,5.71,4.67
1998-09-16,,35.94,4.88,5.49,4.62
1998-09-17,,39.23,4.8,5.47,4.58
1998-09-18,,38.63,4.7,5.38,4.51
1998-09-19,,,,5.38,
1998-09-20,,,,5.38,
1998-09-21,,38.58,4.69,5.47,4.56
1998-09-22,,36.62,4.73,5.38,4.69
1998-09-23,,32.47,4.69,5.48,4.55
1998-09-24,,34.66,4.64,5.42,4.44
1998-09-25,,34.55,4.6,5.51,4.41
1998-09-26,,,,5.51,
1998-09-27,,,,5.51,
1998-09-28,,34.87,4.61,5.55,4.36
1998-09-29,,36.08,4.59,5.44,4.43
1998-09-30,,40.95,4.44,6.14,4.26
1998-10-01,,43.48,4.33,5.73,4.13
1998-10-02,,40.47,4.31,5.39,4.12
1998-10-03,,,,5.39,
1998-10-04,,,,5.39,
1998-10-05,,42.81,4.16,5.45,4.06
1998-10-06,,41.2,4.24,4.65,4.08
1998-10-07,,43.51,4.34,4.57,4.05
1998-10-08,,45.74,4.56,5.15,3.8
1998-10-09,,42.2,4.77,5.02,3.79
1998-10-10,,,,5.02,
1998-10-11,,,,5.02,
1998-10-12,,40.07,,5.02,
1998-10-13,,40.23,4.73,5.4,3.8
1998-10-14,,38.96,4.58,5.33,3.93
1998-10-15,,33.34,4.58,5.49,4.05
1998-10-16,,34.82,4.44,4.73,3.56
1998-10-17,,,,4.73,
1998-10-18,,,,4.73,
1998-10-19,,33.13,4.47,4.79,3.71
1998-10-20,,33.11,4.57,4.8,3.86
1998-10-21,,33.21,4.59,4.83,3.91
1998-10-22,,31.53,4.62,4.96,3.88
1998-10-23,,32.27,4.7,4.86,3.87
1998-10-24,,,,4.86,
1998-10-25,,,,4.86,
1998-10-26,,32.38,4.73,5.03,4.0
1998-10-27,,32.95,4.63,5.0,3.96
1998-10-28,,32.42,4.6,5.06,4.18
1998-10-29,,29.5,4.54,5.24,4.22
1998-10-30,,28.05,4.64,5.35,4.23
1998-10-31,,,,5.35,
1998-11-01,,,,5.35,
1998-11-02,,27.26,4.77,5.35,4.31
1998-11-03,,27.76,4.78,5.04,4.39
1998-11-04,,27.37,4.83,4.85,4.45
1998-11-05,,26.01,4.82,5.05,4.47
1998-11-06,,25.7,4.93,4.64,4.52
1998-11-07,,,,4.64,
1998-11-08,,,,4.64,
1998-11-09,,28.09,4.88,4.95,4.52
1998-11-10,,28.17,4.81,4.84,4.43
1998-11-11,,28.47,,4.84,
1998-11-12,,29.28,4.77,5.13,4.37
1998-11-13,,29.03,4.82,4.98,4.36
1998-11-14,,,,4.98,
1998-11-15,,,,4.98,
1998-11-16,,28.9,4.85,5.45,4.41
1998-11-17,,27.95,4.87,4.61,4.31
1998-11-18,,27.13,4.85,4.07,4.33
1998-11-19,,25.5,4.85,4.38,4.35
1998-11-20,,22.47,4.82,4.4,4.35
1998-11-21,,,,4.4,
1998-11-22,,,,4.4,
1998-11-23,,21.84,4.84,4.58,4.48
1998-11-24,,23.28,4.85,4.64,4.51
1998-11-25,,22.15,4.83,4.98,4.46
1998-11-26,,,,4.98,
1998-11-27,,22.09,4.81,4.84,4.44
1998-11-28,,,,4.84,
1998-11-29,,,,4.84,
1998-11-30,,26.01,4.74,5.11,4.42
1998-12-01,,24.97,4.67,4.82,4.38
1998-12-02,,25.43,4.59,4.58,4.37
1998-12-03,,28.7,4.58,4.66,4.34
1998-12-04,,25.31,4.62,4.67,4.37
1998-12-05,,,,4.67,
1998-12-06,,,,4.67,
1998-12-07,,24.9,4.69,4.71,4.4
1998-12-08,,25.58,4.6,4.66,4.32
1998-12-09,,25.66,4.56,4.7,4.32
1998-12-10,,26.81,4.53,4.97,4.37
1998-12-11,,27.72,4.61,4.91,4.39
1998-12-12,,,,4.91,
1998-12-13,,,,4.91,
1998-12-14,,31.31,4.58,5.09,4.4
1998-12-15,,29.42,4.62,5.1,4.38
1998-12-16,,29.96,4.58,4.91,4.35
1998-12-17,,27.96,4.58,4.8,4.35
1998-12-18,,25.04,4.58,4.67,4.38
1998-12-19,,,,4.67,
1998-12-20,,,,4.67,
1998-12-21,,23.86,4.64,4.72,4.42
1998-12-22,,22.78,4.7,4.63,4.39
1998-12-23,,20.21,4.81,4.66,4.47
1998-12-24,,21.48,4.86,4.27,4.46
1998-12-25,,,,4.27,
1998-12-26,,,,4.27,
1998-12-27,,,,4.27,
1998-12-28,,23.5,4.78,4.88,4.45
1998-12-29,,22.18,4.71,4.6,4.48
1998-12-30,,23.34,4.65,4.8,4.44
1998-12-31,,24.42,4.65,4.07,4.37
1999-01-01,,,,4.07,
1999-01-02,,,,4.07,
1999-01-03,,,,4.07,
1999-01-04,,26.17,4.69,5.04,4.38
1999-01-05,,24.46,4.74,4.54,4.37
1999-01-06,,23.34,4.73,4.23,4.36
1999-01-07,,24.37,4.77,4.49,4.33
1999-01-08,,23.28,4.86,4.74,4.37
1999-01-09,,,,4.74,
1999-01-10,,,,4.74,
1999-01-11,,25.46,4.9,5.17,4.39
1999-01-12,,28.1,4.82,4.78,4.37
1999-01-13,,30.11,4.74,4.62,4.34
1999-01-14,,32.98,4.63,4.82,4.33
1999-01-15,,29.24,4.66,4.68,4.33
1999-01-16,,,,4.68,
1999-01-17,,,,4.68,
1999-01-18,,,,4.68,
1999-01-19,,29.24,4.71,4.55,4.29
1999-01-20,,28.6,4.76,4.41,4.26
1999-01-21,,30.92,4.7,4.36,4.22
1999-01-22,,31.95,4.64,4.62,4.26
1999-01-23,,,,4.62,
1999-01-24,,,,4.62,
1999-01-25,,31.13,4.67,4.97,4.31
1999-01-26,,29.23,4.69,4.84,4.35
1999-01-27,,29.73,4.68,4.61,4.36
1999-01-28,,28.11,4.67,4.8,4.38
1999-01-29,,26.25,4.66,4.79,4.37
1999-01-30,,,,4.79,
1999-01-31,,,,4.79,
1999-02-01,,27.67,4.75,4.86,4.42
1999-02-02,,28.16,4.79,4.56,4.42
1999-02-03,,27.88,4.83,4.65,4.37
1999-02-04,,29.48,4.89,4.88,4.38
1999-02-05,,29.67,4.94,4.76,4.39
1999-02-06,,,,4.76,
1999-02-07,,,,4.76,
1999-02-08,,30.27,4.94,4.85,4.4
1999-02-09,,31.36,4.91,4.73,4.42
1999-02-10,,30.45,4.9,4.66,4.37
1999-02-11,,27.42,4.93,4.73,4.39
1999-02-12,,29.76,5.06,4.68,4.43
1999-02-13,,,,4.68,
1999-02-14,,,,4.68,
1999-02-15,,,,4.68,
1999-02-16,,29.65,5.03,5.09,4.41
1999-02-17,,30.65,4.98,4.73,4.41
1999-02-18,,30.45,5.04,4.71,4.42
1999-02-19,,29.3,5.07,4.72,4.45
1999-02-20,,,,4.72,
1999-02-21,,,,4.72,
1999-02-22,,25.87,5.03,4.78,4.5
1999-02-23,,26.49,5.1,4.73,4.54
1999-02-24,,27.21,5.18,4.88,4.55
1999-02-25,,28.01,5.32,4.89,4.51
1999-02-26,,27.88,5.29,4.84,4.55
1999-02-27,,,,4.84,
1999-02-28,,,,4.84,
1999-03-01,,28.37,5.4,5.1,4.58
1999-03-02,,29.22,5.35,4.73,4.53
1999-03-03,,29.04,5.39,4.74,4.49
1999-03-04,,26.67,5.41,4.8,4.49
1999-03-05,,24.08,5.34,4.8,4.5
1999-03-06,,,,4.8,
1999-03-07,,,,4.8,
1999-03-08,,24.54,5.29,4.83,4.51
1999-03-09,,25.02,5.18,4.74,4.47
1999-03-10,,24.79,5.2,4.82,4.47
1999-03-11,,24.37,5.21,4.8,4.49
1999-03-12,,24.84,5.16,4.74,4.47
1999-03-13,,,,4.74,
1999-03-14,,,,4.74,
1999-03-15,,25.24,5.15,5.01,4.46
1999-03-16,,25.15,5.11,4.77,4.43
1999-03-17,,25.57,5.14,4.73,4.41
1999-03-18,,24.13,5.11,4.72,4.39
1999-03-19,,24.32,5.17,4.75,4.39
1999-03-20,,,,4.75,
1999-03-21,,,,4.75,
1999-03-22,,25.0,5.21,4.81,4.4
1999-03-23,,27.27,5.2,4.79,4.38
1999-03-24,,26.6,5.17,4.93,4.38
1999-03-25,,24.33,5.21,4.97,4.39
1999-03-26,,24.04,5.21,4.78,4.39
1999-03-27,,,,4.78,
1999-03-28,,,,4.78,
1999-03-29,,23.54,5.28,4.84,4.39
1999-03-30,,22.73,5.21,4.77,4.36
1999-03-31,,23.26,5.25,4.98,4.37
1999-04-01,,22.06,5.27,5.41,4.32
1999-04-02,,,5.2,4.69,4.31
1999-04-03,,,,4.69,
1999-04-04,,,,4.69,
1999-04-05,,22.19,5.2,4.76,4.29
1999-04-06,,22.65,5.13,4.7,4.3
1999-04-07,,22.81,5.14,4.64,4.3
1999-04-08,,22.59,5.03,4.72,4.28
1999-04-09,,21.77,5.05,4.65,4.3
1999-04-10,,,,4.65,
1999-04-11,,,,4.65,
1999-04-12,,21.93,5.06,4.69,4.22
1999-04-13,,22.73,5.12,4.66,4.2
1999-04-14,,24.94,5.13,4.72,4.18
1999-04-15,,23.93,5.18,4.77,4.2
1999-04-16,,23.9,5.23,4.62,4.22
1999-04-17,,,,4.62,
1999-04-18,,,,4.62,
1999-04-19,,26.42,5.18,4.6,4.22
1999-04-20,,25.02,5.16,4.49,4.26
1999-04-21,,23.31,5.17,4.58,4.24
1999-04-22,,22.62,5.25,4.65,4.28
1999-04-23,,22.76,5.26,4.71,4.31
1999-04-24,,,,4.71,
1999-04-25,,,,4.71,
1999-04-26,,23.53,5.23,5.09,4.35
1999-04-27,,23.36,5.22,4.83,4.38
1999-04-28,,24.4,5.27,4.83,4.39
1999-04-29,,25.06,5.22,4.91,4.39
1999-04-30,,25.07,5.36,5.03,4.43
1999-05-01,,,,5.03,
1999-05-02,,,,5.03,
1999-05-03,,24.15,5.38,5.01,4.47
1999-05-04,,25.62,5.42,4.71,4.5
1999-05-05,,25.19,5.4,4.6,4.48
1999-05-06,,27.44,5.52,4.77,4.49
1999-05-07,,25.36,5.54,4.67,4.49
1999-05-08,,,,4.67,
1999-05-09,,,,4.67,
1999-05-10,,26.62,5.54,4.69,4.47
1999-05-11,,25.62,5.59,4.69,4.49
1999-05-12,,26.13,5.51,4.72,4.47
1999-05-13,,25.02,5.41,4.78,4.46
1999-05-14,,26.86,5.62,4.81,4.51
1999-05-15,,,,4.81,
1999-05-16,,,,4.81,
1999-05-17,,27.28,5.66,5.01,4.55
1999-05-18,,27.26,5.68,4.64,4.53
1999-05-19,,25.08,5.6,4.48,4.5
1999-05-20,,24.46,5.6,4.75,4.48
1999-05-21,,24.4,5.52,4.67,4.48
1999-05-22,,,,4.67,
1999-05-23,,,,4.67,
1999-05-24,,27.62,5.5,4.73,4.51
1999-05-25,,28.9,5.49,4.8,4.51
1999-05-26,,27.57,5.55,4.81,4.53
1999-05-27,,28.12,5.62,4.87,4.52
1999-05-28,,25.39,5.64,4.61,4.53
1999-05-29,,,,4.61,
1999-05-30,,,,4.61,
1999-05-31,,,,4.61,
1999-06-01,,26.62,5.78,4.78,4.56
1999-06-02,,26.21,5.8,4.45,4.61
1999-06-03,,26.2,5.8,4.77,4.52
1999-06-04,,23.43,5.82,4.69,4.44
1999-06-05,,,,4.69,
1999-06-06,,,,4.69,
1999-06-07,,23.78,5.81,4.73,4.4
1999-06-08,,24.02,5.83,4.68,4.49
1999-06-09,,23.9,5.87,4.72,4.47
1999-06-10,,25.32,5.92,4.79,4.54
1999-06-11,,25.9,6.02,4.74,4.6
1999-06-12,,,,4.74,
1999-06-13,,,,4.74,
1999-06-14,,26.51,5.98,4.74,4.57
1999-06-15,,25.91,5.98,4.67,4.61
1999-06-16,,22.4,5.94,4.71,4.54
1999-06-17,,21.95,5.79,4.73,4.51
1999-06-18,,21.75,5.84,4.69,4.55
1999-06-19,,,,4.69,
1999-06-20,,,,4.69,
1999-06-21,,21.81,5.9,4.74,4.57
1999-06-22,,21.7,5.94,4.69,4.6
1999-06-23,,21.32,6.0,4.71,4.6
1999-06-24,,23.06,6.05,4.87,4.6
1999-06-25,,21.76,6.02,4.91,4.66
1999-06-26,,,,4.91,
1999-06-27,,,,4.91,
1999-06-28,,22.63,5.96,5.04,4.68
1999-06-29,,22.51,5.93,4.91,4.7
1999-06-30,,21.09,5.81,5.12,4.65
1999-07-01,,19.69,5.85,5.76,4.55
1999-07-02,,18.66,5.82,4.82,4.55
1999-07-03,,,,4.82,
1999-07-04,,,,4.82,
1999-07-05,,,,4.82,
1999-07-06,,20.73,5.88,5.03,4.53
1999-07-07,,20.35,5.92,4.92,4.54
1999-07-08,,20.24,5.85,4.94,4.55
1999-07-09,,17.96,5.84,4.98,4.56
1999-07-10,,,,4.98,
1999-07-11,,,,4.98,
1999-07-12,,19.73,5.74,5.01,4.57
1999-07-13,,19.95,5.71,4.9,4.58
1999-07-14,,19.71,5.74,4.99,4.59
1999-07-15,,18.68,5.72,5.14,4.57
1999-07-16,,17.42,5.68,4.92,4.55
1999-07-17,,,,4.92,
1999-07-18,,,,4.92,
1999-07-19,,19.07,5.66,4.97,4.52
1999-07-20,,21.79,5.65,4.92,4.51
1999-07-21,,21.46,5.66,4.96,4.46
1999-07-22,,23.05,5.78,5.06,4.48
1999-07-23,,23.32,5.84,5.0,4.52
1999-07-24,,,,5.0,
1999-07-25,,,,5.0,
1999-07-26,,24.98,5.86,5.09,4.58
1999-07-27,,23.23,5.82,4.91,4.57
1999-07-28,,22.85,5.81,4.98,4.58
1999-07-29,,24.52,5.88,5.12,4.59
1999-07-30,,24.64,5.92,5.07,4.62
1999-07-31,,,,5.07,
1999-08-01,,,,5.07,
1999-08-02,,25.59,5.92,5.18,4.65
1999-08-03,,26.27,5.95,4.98,4.7
1999-08-04,,27.4,5.96,4.94,4.65
1999-08-05,,27.01,5.88,5.0,4.61
1999-08-06,,26.6,6.02,4.93,4.66
1999-08-07,,,,4.93,
1999-08-08,,,,4.93,
1999-08-09,,27.66,6.13,4.99,4.76
1999-08-10,,28.45,6.16,4.92,4.81
1999-08-11,,25.39,6.05,5.05,4.77
1999-08-12,,25.03,6.08,5.1,4.66
1999-08-13,,22.31,5.98,5.01,4.6
1999-08-14,,,,5.01,
1999-08-15,,,,5.01,
1999-08-16,,23.07,5.98,5.24,4.62
1999-08-17,,21.67,5.89,4.94,4.69
1999-08-18,,23.3,5.88,4.89,4.63
1999-08-19,,24.39,5.9,4.97,4.62
1999-08-20,,22.95,5.88,4.95,4.7
1999-08-21,,,,4.95,
1999-08-22,,,,4.95,
1999-08-23,,22.55,5.89,5.06,4.78
1999-08-24,,22.4,5.85,5.08,4.85
1999-08-25,,20.96,5.73,5.2,4.79
1999-08-26,,21.21,5.75,5.3,4.79
1999-08-27,,21.83,5.85,5.24,4.84
1999-08-28,,,,5.24,
1999-08-29,,,,5.24,
1999-08-30,,24.63,5.95,5.37,4.85
1999-08-31,,24.45,5.98,5.57,4.84
1999-09-01,,22.93,5.99,5.41,4.83
1999-09-02,,24.53,6.03,5.26,4.78
1999-09-03,,20.98,5.89,5.09,4.78
1999-09-04,,,,5.09,
1999-09-05,,,,5.09,
1999-09-06,,,,5.09,
1999-09-07,,23.44,5.95,5.33,4.69
1999-09-08,,23.82,5.93,5.17,4.69
1999-09-09,,23.01,5.97,5.24,4.68
1999-09-10,,22.03,5.89,5.17,4.62
1999-09-11,,,,5.17,
1999-09-12,,,,5.17,
1999-09-13,,22.89,5.92,5.27,4.64
1999-09-14,,23.77,5.96,5.26,4.69
1999-09-15,,24.56,5.94,5.41,4.62
1999-09-16,,25.25,5.9,5.23,4.57
1999-09-17,,23.3,5.87,5.11,4.54
1999-09-18,,,,5.11,
1999-09-19,,,,5.11,
1999-09-20,,24.03,5.91,5.2,4.56
1999-09-21,,25.65,5.94,5.12,4.66
1999-09-22,,25.19,5.92,5.21,4.69
1999-09-23,,27.84,5.87,5.29,4.69
1999-09-24,,27.79,5.75,5.23,4.65
1999-09-25,,,,5.23,
1999-09-26,,,,5.23,
1999-09-27,,26.4,5.83,5.35,4.68
1999-09-28,,26.06,5.89,5.32,4.71
1999-09-29,,26.49,5.97,5.26,4.69
1999-09-30,,25.41,5.9,5.51,4.74
1999-10-01,,24.93,6.0,5.26,4.74
1999-10-02,,,,5.26,
1999-10-03,,,,5.26,
1999-10-04,,24.46,5.95,5.23,4.69
1999-10-05,,24.79,6.02,5.16,4.72
1999-10-06,,22.06,6.04,5.21,4.68
1999-10-07,,23.58,6.05,5.28,4.7
1999-10-08,,20.49,6.04,5.1,4.68
1999-10-09,,,,5.1,
1999-10-10,,,,5.1,
1999-10-11,,20.63,,5.1,
1999-10-12,,22.84,6.07,5.3,4.73
1999-10-13,,25.96,6.12,5.2,4.84
1999-10-14,,26.05,6.17,5.22,4.88
1999-10-15,,28.75,6.09,5.28,4.9
1999-10-16,,,,5.28,
1999-10-17,,,,5.28,
1999-10-18,,28.19,6.12,5.2,4.94
1999-10-19,,26.56,6.18,5.07,5.0
1999-10-20,,23.9,6.19,4.92,5.0
1999-10-21,,24.02,6.2,5.2,4.99
1999-10-22,,21.64,6.21,5.11,4.92
1999-10-23,,,,5.11,
1999-10-24,,,,5.11,
1999-10-25,,23.6,6.22,5.23,4.89
1999-10-26,,24.26,6.24,5.22,5.0
1999-10-27,,24.2,6.19,5.29,4.99
1999-10-28,,21.34,6.12,5.31,4.96
1999-10-29,,22.2,6.02,5.27,4.97
1999-10-30,,,,5.27,
1999-10-31,,,,5.27,
1999-11-01,,22.09,6.06,5.38,4.98
1999-11-02,,23.1,6.04,5.18,4.99
1999-11-03,,23.16,6.01,5.21,4.97
1999-11-04,,23.0,5.95,5.27,4.95
1999-11-05,,21.66,5.92,5.14,4.99
1999-11-06,,,,5.14,
1999-11-07,,,,5.14,
1999-11-08,,21.87,5.95,5.23,5.04
1999-11-09,,22.7,5.97,5.22,5.04
1999-11-10,,22.26,6.0,5.27,5.05
1999-11-11,,22.07,,5.27,
1999-11-12,,21.65,5.93,5.45,5.08
1999-11-13,,,,5.45,
1999-11-14,,,,5.45,
1999-11-15,,22.74,5.94,5.64,5.12
1999-11-16,,20.73,5.97,5.4,5.14
1999-11-17,,20.96,6.04,5.41,5.09
1999-11-18,,19.76,6.06,5.49,5.08
1999-11-19,,19.11,6.07,5.43,5.08
1999-11-20,,,,5.43,
1999-11-21,,,,5.43,
1999-11-22,,19.98,6.09,5.53,5.08
1999-11-23,,21.0,6.08,5.59,5.13
1999-11-24,,20.26,6.09,5.72,5.14
1999-11-25,,,,5.72,
1999-11-26,,22.33,6.12,5.59,5.14
1999-11-27,,,,5.59,
1999-11-28,,,,5.59,
1999-11-29,,23.57,6.21,5.61,5.17
1999-11-30,,24.18,6.18,5.63,5.15
1999-12-01,,22.23,6.21,5.71,5.12
1999-12-02,,21.77,6.24,5.58,5.1
1999-12-03,,19.32,6.17,5.42,5.1
1999-12-04,,,,5.42,
1999-12-05,,,,5.42,
1999-12-06,,20.58,6.16,5.48,5.09
1999-12-07,,21.09,6.11,5.42,5.07
1999-12-08,,21.25,6.15,5.42,5.07
1999-12-09,,21.19,6.14,5.51,5.1
1999-12-10,,21.48,6.08,5.42,5.14
1999-12-11,,,,5.42,
1999-12-12,,,,5.42,
1999-12-13,,21.72,6.11,5.46,5.22
1999-12-14,,23.06,6.22,5.31,5.23
1999-12-15,,22.03,6.25,5.56,5.19
1999-12-16,,21.91,6.31,5.54,5.23
1999-12-17,,21.35,6.3,5.4,5.28
1999-12-18,,,,5.4,
1999-12-19,,,,5.4,
1999-12-20,,23.78,6.36,5.54,5.39
1999-12-21,,22.66,6.38,5.52,5.42
1999-12-22,,22.43,6.39,5.45,5.39
1999-12-23,,21.12,6.41,5.4,5.31
1999-12-24,,,,4.96,
1999-12-25,,,,4.96,
1999-12-26,,,,4.96,
1999-12-27,,23.07,6.4,5.33,5.3
1999-12-28,,22.97,6.43,4.86,5.25
1999-12-29,,23.09,6.4,4.61,5.08
1999-12-30,,24.76,6.39,4.88,5.07
1999-12-31,,24.64,6.45,3.99,5.17
2000-01-01,,,,3.99,
2000-01-02,,,,3.99,
2000-01-03,,24.21,6.58,5.43,5.27
2000-01-04,,27.01,6.49,5.38,5.27
2000-01-05,,26.41,6.62,5.41,5.28
2000-01-06,,25.73,6.57,5.54,5.25
2000-01-07,,21.72,6.52,5.61,5.22
2000-01-08,,,,5.61,
2000-01-09,,,,5.61,
2000-01-10,,21.71,6.57,5.74,5.24
2000-01-11,,22.5,6.67,5.63,5.27
2000-01-12,,22.84,6.72,5.59,5.29
2000-01-13,,21.71,6.63,5.58,5.25
2000-01-14,,19.66,6.69,5.56,5.25
2000-01-15,,,,5.56,
2000-01-16,,,,5.56,
2000-01-17,,,,5.56,
2000-01-18,,21.5,6.75,5.83,5.24
2000-01-19,,21.72,6.73,5.47,5.35
2000-01-20,,21.75,6.79,5.44,5.32
2000-01-21,,20.82,6.79,5.36,5.31
2000-01-22,,,,5.36,
2000-01-23,,,,5.36,
2000-01-24,,24.07,6.69,5.53,5.32
2000-01-25,,23.02,6.7,5.46,5.4
2000-01-26,,23.03,6.69,5.52,5.41
2000-01-27,,23.54,6.68,5.61,5.42
2000-01-28,,26.14,6.66,5.58,5.48
2000-01-29,,,,5.58,
2000-01-30,,,,5.58,
2000-01-31,,24.95,6.68,5.87,5.53
2000-02-01,,23.45,6.62,5.79,5.54
2000-02-02,,23.12,6.6,5.64,5.49
2000-02-03,,22.01,6.49,5.71,5.46
2000-02-04,,21.54,6.53,5.7,5.5
2000-02-05,,,,5.7,
2000-02-06,,,,5.7,
2000-02-07,,22.79,6.64,5.76,5.47
2000-02-08,,21.25,6.59,5.67,5.52
2000-02-09,,22.9,6.56,5.76,5.49
2000-02-10,,23.07,6.67,5.79,5.5
2000-02-11,,24.42,6.63,5.71,5.49
2000-02-12,,,,5.71,
2000-02-13,,,,5.71,
2000-02-14,,24.38,6.56,5.79,5.47
2000-02-15,,22.92,6.56,5.85,5.58
2000-02-16,,23.51,6.56,5.67,5.56
2000-02-17,,23.17,6.58,5.66,5.57
2000-02-18,,26.0,6.49,5.7,5.58
2000-02-19,,,,5.7,
2000-02-20,,,,5.7,
2000-02-21,,,,5.7,
2000-02-22,,25.86,6.36,5.81,5.6
2000-02-23,,23.89,6.44,5.77,5.64
2000-02-24,,24.38,6.36,5.76,5.63
2000-02-25,,25.2,6.36,5.73,5.62
2000-02-26,,,,5.73,
2000-02-27,,,,5.73,
2000-02-28,,24.68,6.37,5.81,5.63
2000-02-29,,23.37,6.42,5.85,5.62
2000-03-01,,21.64,6.39,5.78,5.6
2000-03-02,,21.06,6.4,5.76,5.6
2000-03-03,,19.21,6.39,5.72,5.63
2000-03-04,,,,5.72,
2000-03-05,,,,5.72,
2000-03-06,,21.5,6.42,5.73,5.66
2000-03-07,,24.31,6.39,5.68,5.67
2000-03-08,,23.82,6.38,5.77,5.67
2000-03-09,,22.21,6.35,5.79,5.66
2000-03-10,,21.24,6.39,5.75,5.7
2000-03-11,,,,5.75,
2000-03-12,,,,5.75,
2000-03-13,,22.85,6.36,5.81,5.71
2000-03-14,,24.41,6.31,5.8,5.71
2000-03-15,,22.34,6.29,5.9,5.69
2000-03-16,,20.77,6.26,5.77,5.7
2000-03-17,,22.37,6.2,5.76,5.72
2000-03-18,,,,5.76,
2000-03-19,,,,5.76,
2000-03-20,,22.96,6.18,5.82,5.74
2000-03-21,,21.7,6.13,5.81,5.74
2000-03-22,,21.49,6.13,6.02,5.74
2000-03-23,,22.26,6.08,6.04,5.73
2000-03-24,,23.31,6.2,5.98,5.74
2000-03-25,,,,5.98,
2000-03-26,,,,5.98,
2000-03-27,,24.53,6.21,6.07,5.69
2000-03-28,,24.86,6.17,6.02,5.72
2000-03-29,,24.1,6.18,5.98,5.73
2000-03-30,,25.47,6.06,6.11,5.71
2000-03-31,,24.11,6.03,6.17,5.72
2000-04-01,,,,6.17,
2000-04-02,,,,6.17,
2000-04-03,,24.03,6.0,6.15,5.69
2000-04-04,,27.12,5.9,5.98,5.67
2000-04-05,,28.41,5.9,6.08,5.7
2000-04-06,,27.15,5.93,6.05,5.72
2000-04-07,,24.39,5.86,5.95,5.73
2000-04-08,,,,5.95,
2000-04-09,,,,5.95,
2000-04-10,,25.99,5.8,6.05,5.7
2000-04-11,,27.25,5.89,5.97,5.67
2000-04-12,,28.98,5.97,5.93,5.67
2000-04-13,,29.4,5.94,5.97,5.65
2000-04-14,,33.49,5.85,6.08,5.65
2000-04-15,,,,6.08,
2000-04-16,,,,6.08,
2000-04-17,,28.95,6.01,6.18,5.65
2000-04-18,,26.12,6.05,5.93,5.65
2000-04-19,,27.02,5.99,5.93,5.65
2000-04-20,,25.85,5.99,6.05,5.63
2000-04-21,,,,5.94,
2000-04-22,,,,5.94,
2000-04-23,,,,5.94,
2000-04-24,,27.37,6.0,5.9,5.61
2000-04-25,,25.24,6.14,5.99,5.63
2000-04-26,,26.97,6.14,6.0,5.59
2000-04-27,,26.19,6.23,6.0,5.59
2000-04-28,,26.2,6.23,6.06,5.66
2000-04-29,,,,6.06,
2000-04-30,,,,6.06,
2000-05-01,,25.88,6.29,6.17,5.67
2000-05-02,,28.5,6.32,6.05,5.75
2000-05-03,,31.63,6.4,6.05,5.74
2000-05-04,,30.77,6.46,6.05,5.73
2000-05-05,,27.53,6.51,5.94,5.79
2000-05-06,,,,5.94,
2000-05-07,,,,5.94,
2000-05-08,,28.2,6.57,6.01,5.87
2000-05-09,,28.93,6.53,5.92,5.96
2000-05-10,,29.87,6.47,5.95,5.96
2000-05-11,,27.76,6.43,6.05,5.96
2000-05-12,,26.05,6.51,6.11,5.96
2000-05-13,,,,6.11,
2000-05-14,,,,6.11,
2000-05-15,,24.86,6.47,6.34,5.94
2000-05-16,,24.34,6.43,6.13,6.02
2000-05-17,,23.98,6.48,6.25,5.88
2000-05-18,,23.96,6.56,6.49,5.75
2000-05-19,,25.44,6.51,6.51,5.71
2000-05-20,,,,6.51,
2000-05-21,,,,6.51,
2000-05-22,,26.0,6.44,6.52,5.71
2000-05-23,,25.87,6.45,6.47,5.84
2000-05-24,,24.32,6.47,6.48,5.75
2000-05-25,,24.58,6.39,6.56,5.68
2000-05-26,,24.47,6.33,6.4,5.65
2000-05-27,,,,6.4,
2000-05-28,,,,6.4,
2000-05-29,,,,6.4,
2000-05-30,,23.62,6.38,6.71,5.6
2000-05-31,,23.65,6.29,6.83,5.48
2000-06-01,,22.36,6.2,6.65,5.57
2000-06-02,,21.48,6.15,6.44,5.7
2000-06-03,,,,6.44,
2000-06-04,,,,6.44,
2000-06-05,,22.71,6.12,6.51,5.72
2000-06-06,,23.05,6.14,6.47,5.82
2000-06-07,,22.48,6.13,6.5,5.75
2000-06-08,,22.77,6.13,6.54,5.74
2000-06-09,,22.14,6.13,6.47,5.75
2000-06-10,,,,6.47,
2000-06-11,,,,6.47,
2000-06-12,,22.32,6.09,6.54,5.69
2000-06-13,,21.67,6.11,6.46,5.72
2000-06-14,,21.48,6.06,6.54,5.66
2000-06-15,,20.68,6.05,6.7,5.67
2000-06-16,,20.5,5.99,6.46,5.66
2000-06-17,,,,6.46,
2000-06-18,,,,6.46,
2000-06-19,,20.63,6.0,6.51,5.64
2000-06-20,,20.88,6.03,6.49,5.63
2000-06-21,,20.61,6.11,6.47,5.65
2000-06-22,,22.0,6.12,6.52,5.67
2000-06-23,,22.34,6.19,6.51,5.69
2000-06-24,,,,6.51,
2000-06-25,,,,6.51,
2000-06-26,,22.45,6.11,6.63,5.66
2000-06-27,,21.8,6.1,6.56,5.67
2000-06-28,,20.29,6.11,6.5,5.65
2000-06-29,,19.7,6.04,6.76,5.68
2000-06-30,,19.54,6.03,6.86,5.71
2000-07-01,,,,6.86,
2000-07-02,,,,6.86,
2000-07-03,,19.83,6.0,7.03,5.75
2000-07-04,,,,7.03,
2000-07-05,,21.16,5.99,6.52,5.82
2000-07-06,,20.94,6.05,6.51,5.85
2000-07-07,,19.22,6.01,6.42,5.87
2000-07-08,,,,6.42,
2000-07-09,,,,6.42,
2000-07-10,,20.33,6.04,6.51,5.9
2000-07-11,,20.11,6.06,6.39,5.93
2000-07-12,,20.03,6.09,6.38,5.99
2000-07-13,,20.03,6.01,6.5,6.0
2000-07-14,,19.32,6.1,6.51,5.99
2000-07-15,,,,6.51,
2000-07-16,,,,6.51,
2000-07-17,,19.45,6.17,6.58,5.98
2000-07-18,,19.75,6.16,6.47,5.98
2000-07-19,,19.65,6.16,6.45,6.0
2000-07-20,,18.94,6.01,6.52,6.0
2000-07-21,,18.94,6.01,6.51,5.95
2000-07-22,,,,6.51,
2000-07-23,,,,6.51,
2000-07-24,,19.92,6.04,6.52,5.98
2000-07-25,,19.39,6.04,6.46,6.02
2000-07-26,,19.67,6.04,6.49,6.0
2000-07-27,,19.6,6.02,6.52,6.04
2000-07-28,,20.84,6.04,6.44,6.02
2000-07-29,,,,6.44,
2000-07-30,,,,6.44,
2000-07-31,,20.74,6.04,6.64,6.03
2000-08-01,,20.55,6.0,6.51,6.07
2000-08-02,,20.0,5.98,6.42,6.07
2000-08-03,,19.99,5.95,6.45,6.05
2000-08-04,,18.62,5.91,6.44,6.05
2000-08-05,,,,6.44,
2000-08-06,,,,6.44,
2000-08-07,,19.03,5.97,6.46,6.06
2000-08-08,,18.79,5.93,6.44,6.08
2000-08-09,,19.18,5.81,6.48,6.07
2000-08-10,,19.19,5.76,6.52,6.07
2000-08-11,,18.55,5.79,6.5,6.11
2000-08-12,,,,6.5,
2000-08-13,,,,6.5,
2000-08-14,,17.88,5.78,6.58,6.09
2000-08-15,,17.98,5.81,6.63,6.1
2000-08-16,,18.02,5.83,6.48,6.09
2000-08-17,,17.48,5.81,6.47,6.09
2000-08-18,,17.05,5.78,6.44,6.09
2000-08-19,,,,6.44,
2000-08-20,,,,6.44,
2000-08-21,,17.35,5.79,6.48,6.09
2000-08-22,,17.47,5.78,6.42,6.1
2000-08-23,,17.38,5.73,6.5,6.11
2000-08-24,,17.04,5.73,6.56,6.11
2000-08-25,,16.53,5.73,6.54,6.13
2000-08-26,,,,6.54,
2000-08-27,,,,6.54,
2000-08-28,,16.54,5.78,6.57,6.14
2000-08-29,,16.89,5.81,6.51,6.13
2000-08-30,,17.69,5.81,6.51,6.14
2000-08-31,,16.84,5.73,6.65,6.13
2000-09-01,,17.53,5.68,6.52,6.09
2000-09-02,,,,6.52,
2000-09-03,,,,6.52,
2000-09-04,,,,6.52,
2000-09-05,,19.82,5.69,6.61,6.07
2000-09-06,,20.79,5.72,6.56,6.03
2000-09-07,,19.42,5.76,6.53,6.02
2000-09-08,,18.46,5.73,6.5,5.97
2000-09-09,,,,6.5,
2000-09-10,,,,6.5,
2000-09-11,,18.4,5.77,6.5,5.95
2000-09-12,,18.59,5.78,6.47,5.92
2000-09-13,,18.32,5.74,6.47,5.92
2000-09-14,,18.26,5.79,6.5,5.97
2000-09-15,,18.52,5.84,6.55,5.97
2000-09-16,,,,6.55,
2000-09-17,,,,6.55,
2000-09-18,,20.25,5.88,6.44,5.97
2000-09-19,,19.54,5.86,6.4,5.99
2000-09-20,,19.93,5.91,6.5,5.98
2000-09-21,,20.18,5.88,6.53,5.98
2000-09-22,,20.74,5.85,6.48,5.99
2000-09-23,,,,6.48,
2000-09-24,,,,6.48,
2000-09-25,,21.41,5.84,6.54,5.99
2000-09-26,,21.88,5.81,6.5,6.0
2000-09-27,,21.67,5.83,6.5,6.02
2000-09-28,,19.47,5.82,6.59,6.07
2000-09-29,,20.57,5.8,6.6,6.05
2000-09-30,,,,6.6,
2000-10-01,,,,6.6,
2000-10-02,,21.23,5.83,6.68,6.03
2000-10-03,,21.85,5.87,6.46,6.06
2000-10-04,,21.54,5.9,6.51,6.06
2000-10-05,,21.03,5.87,6.54,6.07
2000-10-06,,22.71,5.82,6.43,6.06
2000-10-07,,,,6.43,
2000-10-08,,,,6.43,
2000-10-09,,24.02,,6.43,
2000-10-10,,24.86,5.8,6.57,6.05
2000-10-11,,26.57,5.77,6.46,6.05
2000-10-12,,30.51,5.73,6.47,6.01
2000-10-13,,27.6,5.73,6.46,6.02
2000-10-14,,,,6.46,
2000-10-15,,,,6.46,
2000-10-16,,26.79,5.74,6.59,6.06
2000-10-17,,27.84,5.68,6.45,6.12
2000-10-18,,28.72,5.66,6.53,6.12
2000-10-19,,25.09,5.66,6.54,6.14
2000-10-20,,24.24,5.64,6.5,6.13
2000-10-21,,,,6.5,
2000-10-22,,,,6.5,
2000-10-23,,24.69,5.59,6.53,6.16
2000-10-24,,24.28,5.63,6.49,6.17
2000-10-25,,26.65,5.67,6.53,6.2
2000-10-26,,28.62,5.69,6.53,6.18
2000-10-27,,26.47,5.72,6.51,6.17
2000-10-28,,,,6.51,
2000-10-29,,,,6.51,
2000-10-30,,25.46,5.74,6.59,6.19
2000-10-31,,23.63,5.77,6.59,6.19
2000-11-01,,24.28,5.74,6.61,6.18
2000-11-02,,23.92,5.74,6.54,6.19
2000-11-03,,23.67,5.83,6.48,6.2
2000-11-04,,,,6.48,
2000-11-05,,,,6.48,
2000-11-06,,24.52,5.87,6.49,6.24
2000-11-07,,24.91,5.87,6.48,6.23
2000-11-08,,25.66,5.87,6.51,6.22
2000-11-09,,27.2,5.82,6.52,6.21
2000-11-10,,28.53,5.82,6.48,6.19
2000-11-11,,,,6.48,
2000-11-12,,,,6.48,
2000-11-13,,29.06,5.77,6.55,6.19
2000-11-14,,26.81,5.76,6.52,6.18
2000-11-15,,26.15,5.72,6.61,6.19
2000-11-16,,25.05,5.68,6.55,6.17
2000-11-17,,24.81,5.71,6.48,6.17
2000-11-18,,,,6.48,
2000-11-19,,,,6.48,
2000-11-20,,27.43,5.68,6.52,6.18
2000-11-21,,26.62,5.67,6.5,6.18
2000-11-22,,27.71,5.62,6.58,6.18
2000-11-23,,,,6.58,
2000-11-24,,26.0,5.63,6.49,6.18
2000-11-25,,,,6.49,
2000-11-26,,,,6.49,
2000-11-27,,26.93,5.64,6.5,6.14
2000-11-28,,27.64,5.59,6.46,6.1
2000-11-29,,27.49,5.55,6.5,6.06
2000-11-30,,29.65,5.48,6.62,6.03
2000-12-01,,27.48,5.52,6.6,6.05
2000-12-02,,,,6.6,
2000-12-03,,,,6.6,
2000-12-04,,27.78,5.53,6.57,6.0
2000-12-05,,24.99,5.43,6.51,5.91
2000-12-06,,25.07,5.32,6.48,5.92
2000-12-07,,25.34,5.32,6.49,5.94
2000-12-08,,22.41,5.35,6.47,5.92
2000-12-09,,,,6.47,
2000-12-10,,,,6.47,
2000-12-11,,23.51,5.37,6.49,5.91
2000-12-12,,24.88,5.36,6.43,5.89
2000-12-13,,23.63,5.29,6.47,5.89
2000-12-14,,24.86,5.23,6.53,5.89
2000-12-15,,26.55,5.2,6.58,5.85
2000-12-16,,,,6.58,
2000-12-17,,,,6.58,
2000-12-18,,27.7,5.17,6.5,5.78
2000-12-19,,27.17,5.19,6.47,5.76
2000-12-20,,31.74,5.08,6.47,5.66
2000-12-21,,29.66,5.03,6.48,5.24
2000-12-22,,27.55,5.02,6.44,5.13
2000-12-23,,,,6.44,
2000-12-24,,,,6.44,
2000-12-25,,,,6.44,
2000-12-26,,28.73,5.04,6.58,5.61
2000-12-27,,28.14,5.11,6.53,5.59
2000-12-28,,26.57,5.13,6.53,5.71
2000-12-29,,26.85,5.12,5.41,5.73
2000-12-30,,,,5.41,
2000-12-31,,,,5.41,
2001-01-01,,,,5.41,
2001-01-02,,29.99,4.92,6.67,5.69
2001-01-03,,26.6,5.14,6.35,5.53
2001-01-04,,26.97,5.03,5.92,5.23
2001-01-05,,28.67,4.93,5.83,4.99
2001-01-06,,,,5.83,
2001-01-07,,,,5.83,
2001-01-08,,29.84,4.94,5.98,5.06
2001-01-09,,27.99,4.98,5.95,5.1
2001-01-10,,26.8,5.1,6.06,5.15
2001-01-11,,25.79,5.14,6.05,5.17
2001-01-12,,24.56,5.25,5.98,5.19
2001-01-13,,,,5.98,
2001-01-14,,,,5.98,
2001-01-15,,,,5.98,
2001-01-16,,25.28,5.24,6.2,5.22
2001-01-17,,24.93,5.19,5.94,5.22
2001-01-18,,23.37,5.12,5.93,5.14
2001-01-19,,23.24,5.19,5.92,5.1
2001-01-20,,,,5.92,
2001-01-21,,,,5.92,
2001-01-22,,23.25,5.25,6.0,5.11
2001-01-23,,21.57,5.3,5.97,5.1
2001-01-24,,22.03,5.33,6.05,5.14
2001-01-25,,22.64,5.29,6.1,5.14
2001-01-26,,22.57,5.29,5.96,5.04
2001-01-27,,,,5.96,
2001-01-28,,,,5.96,
2001-01-29,,22.61,5.32,5.98,4.99
2001-01-30,,22.57,5.24,5.9,4.89
2001-01-31,,22.02,5.19,5.74,4.86
2001-02-01,,21.66,5.1,5.57,4.87
2001-02-02,,21.95,5.17,5.5,4.93
2001-02-03,,,,5.5,
2001-02-04,,,,5.5,
2001-02-05,,22.19,5.18,5.52,4.96
2001-02-06,,21.98,5.22,5.48,4.94
2001-02-07,,21.67,5.1,5.5,4.94
2001-02-08,,21.46,5.1,5.5,4.95
2001-02-09,,22.03,5.03,5.44,4.93
2001-02-10,,,,5.44,
2001-02-11,,,,5.44,
2001-02-12,,21.92,5.05,5.48,4.93
2001-02-13,,21.37,5.07,5.46,4.92
2001-02-14,,21.52,5.13,5.5,4.94
2001-02-15,,20.27,5.19,5.57,4.95
2001-02-16,,22.12,5.11,5.46,4.89
2001-02-17,,,,5.46,
2001-02-18,,,,5.46,
2001-02-19,,,,5.46,
2001-02-20,,24.69,5.11,5.57,4.92
2001-02-21,,25.75,5.14,5.5,4.89
2001-02-22,,26.76,5.15,5.52,4.88
2001-02-23,,27.21,5.1,5.46,4.77
2001-02-24,,,,5.46,
2001-02-25,,,,5.46,
2001-02-26,,25.43,5.05,5.55,4.71
2001-02-27,,26.49,4.96,5.49,4.7
2001-02-28,,28.35,4.92,5.59,4.73
2001-03-01,,28.08,4.87,5.59,4.72
2001-03-02,,27.43,4.95,5.52,4.72
2001-03-03,,,,5.52,
2001-03-04,,,,5.52,
2001-03-05,,27.12,4.98,5.52,4.7
2001-03-06,,25.89,4.99,5.39,4.67
2001-03-07,,24.12,4.92,5.34,4.57
2001-03-08,,24.29,4.89,5.46,4.56
2001-03-09,,25.62,4.95,5.42,4.61
2001-03-10,,,,5.42,
2001-03-11,,,,5.42,
2001-03-12,,30.32,4.92,5.5,4.54
2001-03-13,,27.55,4.95,5.5,4.54
2001-03-14,,29.61,4.84,5.48,4.43
2001-03-15,,28.56,4.81,5.52,4.41
2001-03-16,,29.91,4.78,5.4,4.43
2001-03-17,,,,5.4,
2001-03-18,,,,5.4,
2001-03-19,,29.78,4.82,5.38,4.42
2001-03-20,,30.96,4.78,5.14,4.38
2001-03-21,,31.93,4.77,5.05,4.21
2001-03-22,,32.84,4.73,5.04,4.16
2001-03-23,,30.45,4.8,4.94,4.19
2001-03-24,,,,4.94,
2001-03-25,,,,4.94,
2001-03-26,,29.04,4.85,5.03,4.19
2001-03-27,,27.04,5.0,5.04,4.24
2001-03-28,,28.58,4.97,5.05,4.23
2001-03-29,,29.17,4.98,5.19,4.22
2001-03-30,,28.64,4.93,5.29,4.2
2001-03-31,,,,5.29,
2001-04-01,,,,5.29,
2001-04-02,,31.21,4.98,5.3,4.12
2001-04-03,,34.72,4.94,5.1,4.05
2001-04-04,,34.07,4.94,5.01,4.0
2001-04-05,,29.94,4.98,5.04,4.01
2001-04-06,,31.69,4.89,4.94,3.85
2001-04-07,,,,4.94,
2001-04-08,,,,4.94,
2001-04-09,,31.91,4.93,4.98,3.84
2001-04-10,,29.44,5.09,4.96,3.85
2001-04-11,,28.46,5.12,4.95,3.98
2001-04-12,,26.12,5.17,5.02,3.92
2001-04-13,,,,5.01,
2001-04-14,,,,5.01,
2001-04-15,,,,5.01,
2001-04-16,,26.33,5.28,5.17,4.05
2001-04-17,,25.61,5.21,4.99,4.02
2001-04-18,,24.13,5.14,4.67,3.82
2001-04-19,,24.16,5.27,4.47,3.78
2001-04-20,,25.38,5.29,4.38,3.68
2001-04-21,,,,4.38,
2001-04-22,,,,4.38,
2001-04-23,,28.16,5.2,4.4,3.66
2001-04-24,,28.49,5.22,4.41,3.71
2001-04-25,,27.4,5.28,4.54,3.75
2001-04-26,,25.96,5.2,4.57,3.74
2001-04-27,,24.02,5.34,4.51,3.76
2001-04-28,,,,4.51,
2001-04-29,,,,4.51,
2001-04-30,,25.48,5.35,4.67,3.86
2001-05-01,,24.2,5.3,4.61,3.83
2001-05-02,,24.23,5.31,4.35,3.8
2001-05-03,,25.78,5.22,4.48,3.75
2001-05-04,,23.91,5.21,4.41,3.65
2001-05-05,,,,4.41,
2001-05-06,,,,4.41,
2001-05-07,,24.86,5.21,4.47,3.65
2001-05-08,,24.44,5.24,4.41,3.62
2001-05-09,,24.35,5.2,4.43,3.64
2001-05-10,,24.0,5.31,4.51,3.66
2001-05-11,,23.54,5.51,4.47,3.69
2001-05-12,,,,4.47,
2001-05-13,,,,4.47,
2001-05-14,,24.26,5.46,4.43,3.63
2001-05-15,,23.71,5.5,4.22,3.55
2001-05-16,,21.89,5.48,4.04,3.49
2001-05-17,,21.47,5.46,4.04,3.49
2001-05-18,,21.23,5.41,3.95,3.53
2001-05-19,,,,3.95,
2001-05-20,,,,3.95,
2001-05-21,,20.76,5.41,4.02,3.57
2001-05-22,,21.35,5.42,3.99,3.56
2001-05-23,,22.08,5.41,3.97,3.56
2001-05-24,,20.57,5.52,3.98,3.62
2001-05-25,,20.6,5.52,3.94,3.58
2001-05-26,,,,3.94,
2001-05-27,,,,3.94,
2001-05-28,,,,3.94,
2001-05-29,,22.14,5.54,4.09,3.63
2001-05-30,,22.76,5.54,4.05,3.6
2001-05-31,,22.64,5.43,4.24,3.55
2001-06-01,,21.59,5.39,4.14,3.59
2001-06-02,,,,4.14,
2001-06-03,,,,4.14,
2001-06-04,,21.38,5.35,4.03,3.6
2001-06-05,,19.58,5.29,3.93,3.55
2001-06-06,,20.39,5.27,3.91,3.54
2001-06-07,,19.67,5.33,3.92,3.55
2001-06-08,,19.92,5.38,4.02,3.56
2001-06-09,,,,4.02,
2001-06-10,,,,4.02,
2001-06-11,,20.7,5.32,4.03,3.52
2001-06-12,,20.7,5.27,3.98,3.48
2001-06-13,,21.45,5.28,4.04,3.47
2001-06-14,,23.12,5.26,4.03,3.48
2001-06-15,,22.81,5.27,3.94,3.44
2001-06-16,,,,3.94,
2001-06-17,,,,3.94,
2001-06-18,,23.17,5.27,3.91,3.44
2001-06-19,,22.34,5.26,3.91,3.43
2001-06-20,,21.71,5.24,3.98,3.41
2001-06-21,,19.38,5.22,4.02,3.43
2001-06-22,,20.02,5.14,3.98,3.37
2001-06-23,,,,3.98,
2001-06-24,,,,3.98,
2001-06-25,,20.67,5.16,3.97,3.38
2001-06-26,,21.2,5.24,3.75,3.38
2001-06-27,,20.88,5.26,3.68,3.44
2001-06-28,,20.01,5.35,3.86,3.56
2001-06-29,,19.06,5.42,3.95,3.57
2001-06-30,,,,3.95,
2001-07-01,,,,3.95,
2001-07-02,,18.76,5.37,4.11,3.59
2001-07-03,,18.92,5.41,3.69,3.58
2001-07-04,,,,3.69,
2001-07-05,,20.09,5.44,3.72,3.57
2001-07-06,,21.63,5.41,3.6,3.55
2001-07-07,,,,3.6,
2001-07-08,,,,3.6,
2001-07-09,,22.48,5.37,3.67,3.57
2001-07-10,,23.25,5.32,3.71,3.55
2001-07-11,,24.01,5.31,3.78,3.5
2001-07-12,,22.09,5.27,3.78,3.52
2001-07-13,,21.14,5.27,3.75,3.54
2001-07-14,,,,3.75,
2001-07-15,,,,3.75,
2001-07-16,,22.91,5.21,3.82,3.56
2001-07-17,,22.61,5.22,3.71,3.53
2001-07-18,,23.6,5.12,3.73,3.46
2001-07-19,,22.51,5.13,3.77,3.47
2001-07-20,,22.34,5.15,3.8,3.45
2001-07-21,,,,3.8,
2001-07-22,,,,3.8,
2001-07-23,,23.74,5.13,3.82,3.48
2001-07-24,,25.24,5.13,3.82,3.48
2001-07-25,,24.0,5.2,3.89,3.48
2001-07-26,,23.01,5.19,3.87,3.48
2001-07-27,,22.0,5.13,3.75,3.47
2001-07-28,,,,3.75,
2001-07-29,,,,3.75,
2001-07-30,,22.69,5.11,3.79,3.49
2001-07-31,,21.62,5.07,3.82,3.46
2001-08-01,,20.56,5.11,3.79,3.45
2001-08-02,,20.09,5.17,3.68,3.45
2001-08-03,,19.89,5.2,3.69,3.44
2001-08-04,,,,3.69,
2001-08-05,,,,3.69,
2001-08-06,,21.89,5.19,3.73,3.44
2001-08-07,,21.01,5.2,3.69,3.44
2001-08-08,,22.32,4.99,3.75,3.41
2001-08-09,,21.75,5.04,3.77,3.38
2001-08-10,,20.55,4.99,3.7,3.36
2001-08-11,,,,3.7,
2001-08-12,,,,3.7,
2001-08-13,,20.42,4.97,3.79,3.37
2001-08-14,,20.48,4.97,3.76,3.35
2001-08-15,,20.91,5.0,3.83,3.35
2001-08-16,,21.54,4.95,3.75,3.32
2001-08-17,,23.84,4.84,3.66,3.29
2001-08-18,,,,3.66,
2001-08-19,,,,3.66,
2001-08-20,,22.87,4.91,3.64,3.34
2001-08-21,,24.4,4.87,3.53,3.31
2001-08-22,,22.44,4.91,3.51,3.31
2001-08-23,,22.23,4.89,3.55,3.33
2001-08-24,,19.71,4.93,3.51,3.35
2001-08-25,,,,3.51,
2001-08-26,,,,3.51,
2001-08-27,,20.56,4.94,3.54,3.37
2001-08-28,,22.0,4.85,3.5,3.33
2001-08-29,,23.03,4.78,3.5,3.34
2001-08-30,,25.41,4.79,3.58,3.29
2001-08-31,,24.92,4.85,3.66,3.3
2001-09-01,,,,3.66,
2001-09-02,,,,3.66,
2001-09-03,,,,3.66,
2001-09-04,,25.85,4.99,3.67,3.36
2001-09-05,,26.35,4.97,3.49,3.33
2001-09-06,,28.61,4.86,3.52,3.27
2001-09-07,,30.99,4.8,3.44,3.2
2001-09-08,,,,3.44,
2001-09-09,,,,3.44,
2001-09-10,,31.84,4.84,3.5,3.19
2001-09-11,,,,3.5,
2001-09-12,,,,3.56,
2001-09-13,,,4.64,3.31,2.68
2001-09-14,,,4.57,3.13,2.59
2001-09-15,,,,3.13,
2001-09-16,,,,3.13,
2001-09-17,,41.76,4.63,2.13,2.54
2001-09-18,,38.87,4.72,1.25,2.43
2001-09-19,,40.56,4.69,1.19,2.15
2001-09-20,,43.74,4.75,2.22,2.18
2001-09-21,,42.66,4.7,3.11,2.21
2001-09-22,,,,3.11,
2001-09-23,,,,3.11,
2001-09-24,,37.75,4.73,3.31,2.33
2001-09-25,,35.81,4.72,3.11,2.35
2001-09-26,,35.26,4.65,2.96,2.33
2001-09-27,,34.0,4.58,3.08,2.33
2001-09-28,,31.93,4.6,2.75,2.35
2001-09-29,,,,2.75,
2001-09-30,,,,2.75,
2001-10-01,,32.32,4.55,3.02,2.32
2001-10-02,,31.18,4.53,2.35,2.22
2001-10-03,,31.34,4.5,2.27,2.19
2001-10-04,,31.97,4.53,2.45,2.17
2001-10-05,,33.39,4.52,2.42,2.15
2001-10-06,,,,2.42,
2001-10-07,,,,2.42,
2001-10-08,,35.12,,2.42,
2001-10-09,,34.83,4.62,2.5,2.18
2001-10-10,,31.6,4.61,2.42,2.18
2001-10-11,,31.5,4.69,2.42,2.23
2001-10-12,,35.27,4.68,2.39,2.21
2001-10-13,,,,2.39,
2001-10-14,,,,2.39,
2001-10-15,,35.31,4.62,2.51,2.21
2001-10-16,,32.88,4.59,2.47,2.18
2001-10-17,,35.08,4.59,2.51,2.18
2001-10-18,,34.95,4.58,2.5,2.15
2001-10-19,,34.11,4.63,2.47,2.15
2001-10-20,,,,2.47,
2001-10-21,,,,2.47,
2001-10-22,,32.25,4.63,2.52,2.18
2001-10-23,,32.0,4.66,2.48,2.16
2001-10-24,,30.95,4.61,2.53,2.13
2001-10-25,,29.46,4.56,2.54,2.1
2001-10-26,,28.42,4.53,2.51,2.1
2001-10-27,,,,2.51,
2001-10-28,,,,2.51,
2001-10-29,,31.64,4.5,2.55,2.05
2001-10-30,,33.46,4.44,2.55,2.01
2001-10-31,,33.56,4.3,2.66,2.01
2001-11-01,,32.31,4.24,2.61,2.02
2001-11-02,,30.71,4.37,2.43,1.97
2001-11-03,,,,2.43,
2001-11-04,,,,2.43,
2001-11-05,,30.5,4.31,2.45,1.97
2001-11-06,,28.8,4.3,2.13,1.82
2001-11-07,,29.13,4.22,2.04,1.77
2001-11-08,,28.62,4.32,2.03,1.81
2001-11-09,,27.44,4.34,1.98,1.8
2001-11-10,,,,1.98,
2001-11-11,,,,1.98,
2001-11-12,,29.35,,1.98,
2001-11-13,,26.47,4.41,2.1,1.81
2001-11-14,,26.56,4.54,2.16,1.84
2001-11-15,,25.56,4.79,2.22,1.88
2001-11-16,,25.07,4.91,1.98,1.91
2001-11-17,,,,1.98,
2001-11-18,,,,1.98,
2001-11-19,,24.46,4.8,2.01,1.9
2001-11-20,,24.12,4.88,1.97,1.91
2001-11-21,,24.19,4.98,1.93,1.92
2001-11-22,,,,1.93,
2001-11-23,,23.25,5.04,1.88,1.91
2001-11-24,,,,1.88,
2001-11-25,,,,1.88,
2001-11-26,,23.79,5.05,2.04,1.94
2001-11-27,,24.0,4.98,2.01,1.88
2001-11-28,,25.9,4.98,2.04,1.84
2001-11-29,,25.18,4.79,2.09,1.77
2001-11-30,,23.84,4.78,2.06,1.75
2001-12-01,,,,2.06,
2001-12-02,,,,2.06,
2001-12-03,,25.77,4.75,2.05,1.75
2001-12-04,,24.08,4.7,1.93,1.71
2001-12-05,,23.02,4.92,1.89,1.74
2001-12-06,,23.71,5.04,1.87,1.72
2001-12-07,,23.49,5.2,1.92,1.66
2001-12-08,,,,1.92,
2001-12-09,,,,1.92,
2001-12-10,,25.62,5.17,1.9,1.68
2001-12-11,,25.3,5.13,1.8,1.63
2001-12-12,,24.87,5.02,1.81,1.64
2001-12-13,,25.91,5.13,1.86,1.66
2001-12-14,,24.63,5.24,1.88,1.7
2001-12-15,,,,1.88,
2001-12-16,,,,1.88,
2001-12-17,,24.26,5.26,1.93,1.71
2001-12-18,,23.29,5.16,1.71,1.68
2001-12-19,,22.58,5.08,1.71,1.66
2001-12-20,,23.67,5.08,1.79,1.66
2001-12-21,,22.5,5.12,1.78,1.68
2001-12-22,,,,1.78,
2001-12-23,,,,1.78,
2001-12-24,,22.62,5.18,1.68,1.69
2001-12-25,,,,1.68,
2001-12-26,,22.29,5.22,1.89,1.72
2001-12-27,,21.59,5.13,1.85,1.71
2001-12-28,,21.4,5.15,1.54,1.69
2001-12-29,,,,1.54,
2001-12-30,,,,1.54,
2001-12-31,,23.8,5.07,1.52,1.71
2002-01-01,,,,1.52,
2002-01-02,,22.71,5.2,1.92,1.71
2002-01-03,,21.34,5.16,1.72,1.7
2002-01-04,,20.45,5.18,1.61,1.69
2002-01-05,,,,1.61,
2002-01-06,,,,1.61,
2002-01-07,,21.94,5.09,1.61,1.66
2002-01-08,,21.83,5.1,1.61,1.65
2002-01-09,,22.13,5.1,1.74,1.65
2002-01-10,,22.36,5.0,1.81,1.65
2002-01-11,,22.6,4.92,1.71,1.55
2002-01-12,,,,1.71,
2002-01-13,,,,1.71,
2002-01-14,,23.58,4.91,1.78,1.55
2002-01-15,,22.7,4.88,1.75,1.57
2002-01-16,,23.45,4.88,1.69,1.58
2002-01-17,,22.25,4.98,1.68,1.61
2002-01-18,,22.52,4.94,1.71,1.59
2002-01-19,,,,1.71,
2002-01-20,,,,1.71,
2002-01-21,,,,1.71,
2002-01-22,,23.61,4.96,1.84,1.66
2002-01-23,,21.88,5.05,1.81,1.68
2002-01-24,,21.15,5.07,1.8,1.69
2002-01-25,,21.01,5.1,1.78,1.69
2002-01-26,,,,1.78,
2002-01-27,,,,1.78,
2002-01-28,,21.14,5.12,1.79,1.7
2002-01-29,,24.35,5.02,1.78,1.69
2002-01-30,,23.22,5.02,1.78,1.72
2002-01-31,,21.09,5.07,1.85,1.73
2002-02-01,,21.12,5.02,1.77,1.73
2002-02-02,,,,1.77,
2002-02-03,,,,1.77,
2002-02-04,,24.87,4.94,1.74,1.74
2002-02-05,,25.45,4.92,1.64,1.73
2002-02-06,,26.09,4.92,1.66,1.71
2002-02-07,,25.11,4.93,1.74,1.7
2002-02-08,,23.26,4.9,1.69,1.7
2002-02-09,,,,1.69,
2002-02-10,,,,1.69,
2002-02-11,,21.78,4.91,1.76,1.7
2002-02-12,,21.62,4.97,1.72,1.72
2002-02-13,,20.85,5.01,1.75,1.73
2002-02-14,,21.77,4.95,1.81,1.72
2002-02-15,,22.37,4.86,1.73,1.71
2002-02-16,,,,1.73,
2002-02-17,,,,1.73,
2002-02-18,,,,1.73,
2002-02-19,,24.43,4.88,1.77,1.71
2002-02-20,,22.66,4.88,1.76,1.73
2002-02-21,,23.8,4.88,1.77,1.73
2002-02-22,,22.86,4.84,1.71,1.73
2002-02-23,,,,1.71,
2002-02-24,,,,1.71,
2002-02-25,,21.84,4.86,1.8,1.74
2002-02-26,,21.68,4.93,1.77,1.74
2002-02-27,,21.49,4.84,1.76,1.74
2002-02-28,,21.59,4.88,1.83,1.76
2002-03-01,,19.96,4.98,1.78,1.74
2002-03-02,,,,1.78,
2002-03-03,,,,1.78,
2002-03-04,,20.5,5.02,1.68,1.76
2002-03-05,,20.3,5.02,1.63,1.77
2002-03-06,,19.94,5.06,1.71,1.75
2002-03-07,,20.04,5.22,1.77,1.75
2002-03-08,,19.27,5.33,1.69,1.77
2002-03-09,,,,1.69,
2002-03-10,,,,1.69,
2002-03-11,,19.84,5.33,1.75,1.8
2002-03-12,,19.59,5.32,1.68,1.81
2002-03-13,,19.46,5.28,1.73,1.79
2002-03-14,,19.2,5.4,1.79,1.82
2002-03-15,,18.42,5.35,1.8,1.82
2002-03-16,,,,1.8,
2002-03-17,,,,1.8,
2002-03-18,,18.93,5.32,1.71,1.83
2002-03-19,,18.16,5.33,1.67,1.82
2002-03-20,,18.46,5.4,1.78,1.81
2002-03-21,,18.15,5.39,1.74,1.8
2002-03-22,,17.77,5.4,1.68,1.8
2002-03-23,,,,1.68,
2002-03-24,,,,1.68,
2002-03-25,,18.48,5.41,1.75,1.79
2002-03-26,,18.13,5.35,1.71,1.78
2002-03-27,,17.7,5.35,1.69,1.78
2002-03-28,,17.4,5.42,1.77,1.76
2002-03-29,,,,1.74,
2002-03-30,,,,1.74,
2002-03-31,,,,1.74,
2002-04-01,,18.73,5.44,1.88,1.75
2002-04-02,,19.16,5.36,1.74,1.77
2002-04-03,,20.2,5.3,1.81,1.76
2002-04-04,,19.78,5.28,1.74,1.75
2002-04-05,,19.13,5.22,1.7,1.73
2002-04-06,,,,1.7,
2002-04-07,,,,1.7,
2002-04-08,,19.61,5.25,1.72,1.72
2002-04-09,,19.47,5.22,1.68,1.7
2002-04-10,,18.19,5.24,1.73,1.68
2002-04-11,,20.3,5.22,1.83,1.69
2002-04-12,,19.42,5.18,1.79,1.68
2002-04-13,,,,1.79,
2002-04-14,,,,1.79,
2002-04-15,,19.82,5.15,1.84,1.68
2002-04-16,,18.11,5.2,1.68,1.71
2002-04-17,,18.43,5.24,1.73,1.7
2002-04-18,,19.29,5.23,1.71,1.69
2002-04-19,,18.3,5.21,1.67,1.7
2002-04-20,,,,1.67,
2002-04-21,,,,1.67,
2002-04-22,,19.77,5.19,1.73,1.69
2002-04-23,,20.28,5.18,1.71,1.7
2002-04-24,,20.77,5.11,1.76,1.69
2002-04-25,,20.95,5.1,1.82,1.71
2002-04-26,,22.14,5.08,1.79,1.72
2002-04-27,,,,1.79,
2002-04-28,,,,1.79,
2002-04-29,,24.05,5.13,1.81,1.74
2002-04-30,,21.91,5.11,1.82,1.74
2002-05-01,,20.06,5.08,1.88,1.74
2002-05-02,,20.07,5.13,1.79,1.74
2002-05-03,,20.19,5.08,1.73,1.73
2002-05-04,,,,1.73,
2002-05-05,,,,1.73,
2002-05-06,,22.56,5.1,1.75,1.73
2002-05-07,,21.94,5.09,1.72,1.73
2002-05-08,,20.39,5.24,1.71,1.73
2002-05-09,,21.56,5.2,1.74,1.74
2002-05-10,,22.41,5.15,1.74,1.74
2002-05-11,,,,1.74,
2002-05-12,,,,1.74,
2002-05-13,,20.72,5.23,1.75,1.74
2002-05-14,,19.35,5.32,1.69,1.75
2002-05-15,,19.19,5.28,1.84,1.73
2002-05-16,,18.5,5.2,1.76,1.72
2002-05-17,,17.7,5.27,1.7,1.73
2002-05-18,,,,1.7,
2002-05-19,,,,1.7,
2002-05-20,,19.24,5.21,1.72,1.72
2002-05-21,,20.05,5.18,1.68,1.72
2002-05-22,,19.58,5.13,1.73,1.71
2002-05-23,,18.23,5.16,1.76,1.71
2002-05-24,,18.9,5.16,1.75,1.71
2002-05-25,,,,1.75,
2002-05-26,,,,1.75,
2002-05-27,,,,1.75,
2002-05-28,,20.31,5.16,1.88,1.73
2002-05-29,,20.39,5.11,1.79,1.72
2002-05-30,,20.61,5.06,1.8,1.72
2002-05-31,,19.98,5.08,1.79,1.71
2002-06-01,,,,1.79,
2002-06-02,,,,1.79,
2002-06-03,,23.37,5.06,1.83,1.72
2002-06-04,,23.89,5.04,1.73,1.73
2002-06-05,,22.61,5.08,1.7,1.72
2002-06-06,,24.16,5.04,1.75,1.71
2002-06-07,,23.51,5.1,1.73,1.71
2002-06-08,,,,1.73,
2002-06-09,,,,1.73,
2002-06-10,,23.72,5.07,1.76,1.72
2002-06-11,,24.45,5.02,1.72,1.72
2002-06-12,,24.15,4.98,1.75,1.71
2002-06-13,,25.02,4.94,1.76,1.69
2002-06-14,,25.96,4.83,1.75,1.68
2002-06-15,,,,1.75,
2002-06-16,,,,1.75,
2002-06-17,,24.64,4.89,1.82,1.7
2002-06-18,,24.24,4.88,1.71,1.7
2002-06-19,,26.06,4.76,1.69,1.68
2002-06-20,,27.48,4.85,1.75,1.7
2002-06-21,,27.23,4.79,1.74,1.69
2002-06-22,,,,1.74,
2002-06-23,,,,1.74,
2002-06-24,,26.98,4.87,1.77,1.7
2002-06-25,,27.84,4.88,1.75,1.7
2002-06-26,,28.42,4.75,1.78,1.67
2002-06-27,,26.29,4.84,1.81,1.67
2002-06-28,,25.4,4.86,1.73,1.67
2002-06-29,,,,1.73,
2002-06-30,,,,1.73,
2002-07-01,,27.11,4.85,1.83,1.68
2002-07-02,,28.96,4.77,1.72,1.69
2002-07-03,,29.42,4.78,1.71,1.69
2002-07-04,,,,1.71,
2002-07-05,,27.11,4.9,1.72,1.69
2002-07-06,,,,1.72,
2002-07-07,,,,1.72,
2002-07-08,,28.25,4.84,1.75,1.7
2002-07-09,,30.22,4.78,1.72,1.69
2002-07-10,,34.1,4.66,1.74,1.69
2002-07-11,,33.85,4.66,1.76,1.69
2002-07-12,,32.94,4.63,1.71,1.68
2002-07-13,,,,1.71,
2002-07-14,,,,1.71,
2002-07-15,,35.03,4.66,1.83,1.68
2002-07-16,,36.65,4.75,1.72,1.69
2002-07-17,,35.45,4.71,1.71,1.69
2002-07-18,,35.12,4.66,1.74,1.69
2002-07-19,,38.17,4.61,1.72,1.68
2002-07-20,,,,1.72,
2002-07-21,,,,1.72,
2002-07-22,,41.87,4.51,1.77,1.68
2002-07-23,,44.92,4.47,1.73,1.67
2002-07-24,,39.86,4.49,1.67,1.66
2002-07-25,,39.27,4.43,1.75,1.67
2002-07-26,,35.51,4.43,1.69,1.66
2002-07-27,,,,1.69,
2002-07-28,,,,1.69,
2002-07-29,,31.33,4.62,1.75,1.69
2002-07-30,,31.92,4.65,1.71,1.69
2002-07-31,,32.03,4.51,1.76,1.68
2002-08-01,,36.95,4.47,1.79,1.65
2002-08-02,,41.29,4.33,1.72,1.6
2002-08-03,,,,1.72,
2002-08-04,,,,1.72,
2002-08-05,,45.08,4.29,1.77,1.61
2002-08-06,,42.03,4.42,1.74,1.62
2002-08-07,,38.73,4.35,1.71,1.56
2002-08-08,,36.33,4.4,1.71,1.59
2002-08-09,,35.33,4.27,1.68,1.59
2002-08-10,,,,1.68,
2002-08-11,,,,1.68,
2002-08-12,,37.05,4.22,1.76,1.64
2002-08-13,,35.82,4.12,1.74,1.6
2002-08-14,,32.36,4.06,1.78,1.61
2002-08-15,,29.43,4.17,1.87,1.59
2002-08-16,,28.81,4.32,1.7,1.59
2002-08-17,,,,1.7,
2002-08-18,,,,1.7,
2002-08-19,,28.61,4.29,1.72,1.63
2002-08-20,,29.59,4.17,1.7,1.59
2002-08-21,,28.23,4.2,1.72,1.6
2002-08-22,,27.75,4.3,1.73,1.62
2002-08-23,,29.32,4.25,1.72,1.62
2002-08-24,,,,1.72,
2002-08-25,,,,1.72,
2002-08-26,,29.89,4.22,1.81,1.64
2002-08-27,,30.11,4.29,1.79,1.65
2002-08-28,,33.32,4.22,1.8,1.64
2002-08-29,,33.67,4.16,1.82,1.65
2002-08-30,,32.64,4.14,1.81,1.66
2002-08-31,,,,1.81,
2002-09-01,,,,1.81,
2002-09-02,,,,1.81,
2002-09-03,,39.97,3.98,1.87,1.61
2002-09-04,,37.44,3.96,1.74,1.6
2002-09-05,,38.86,3.91,1.75,1.58
2002-09-06,,36.33,4.05,1.71,1.63
2002-09-07,,,,1.71,
2002-09-08,,,,1.71,
2002-09-09,,36.45,4.05,1.76,1.66
2002-09-10,,35.08,4.0,1.74,1.65
2002-09-11,,34.81,4.07,1.72,1.66
2002-09-12,,37.5,3.98,1.74,1.66
2002-09-13,,35.82,3.92,1.72,1.66
2002-09-14,,,,1.72,
2002-09-15,,,,1.72,
2002-09-16,,36.74,3.9,1.83,1.68
2002-09-17,,38.01,3.87,1.72,1.67
2002-09-18,,37.52,3.86,1.68,1.65
2002-09-19,,40.65,3.79,1.69,1.62
2002-09-20,,38.98,3.79,1.7,1.62
2002-09-21,,,,1.7,
2002-09-22,,,,1.7,
2002-09-23,,39.68,3.7,1.74,1.62
2002-09-24,,40.52,3.69,1.75,1.62
2002-09-25,,37.33,3.77,1.79,1.63
2002-09-26,,34.6,3.79,1.8,1.62
2002-09-27,,36.97,3.69,1.78,1.6
2002-09-28,,,,1.78,
2002-09-29,,,,1.78,
2002-09-30,,39.69,3.63,1.85,1.54
2002-10-01,,34.12,3.72,1.85,1.56
2002-10-02,,36.83,3.71,1.75,1.55
2002-10-03,,37.31,3.7,1.76,1.54
2002-10-04,,39.46,3.69,1.72,1.58
2002-10-05,,,,1.72,
2002-10-06,,,,1.72,
2002-10-07,,42.64,3.64,1.74,1.6
2002-10-08,,41.02,3.65,1.72,1.58
2002-10-09,,42.13,3.61,1.73,1.54
2002-10-10,,37.55,3.68,1.75,1.55
2002-10-11,,35.7,3.83,1.73,1.55
2002-10-12,,,,1.73,
2002-10-13,,,,1.73,
2002-10-14,,36.04,,1.73,
2002-10-15,,34.02,4.07,1.88,1.65
2002-10-16,,36.0,4.06,1.73,1.63
2002-10-17,,34.1,4.16,1.74,1.64
2002-10-18,,33.53,4.14,1.71,1.64
2002-10-19,,,,1.71,
2002-10-20,,,,1.71,
2002-10-21,,33.11,4.24,1.73,1.68
2002-10-22,,34.09,4.27,1.71,1.66
2002-10-23,,33.2,4.26,1.76,1.65
2002-10-24,,34.03,4.16,1.8,1.62
2002-10-25,,30.0,4.12,1.82,1.61
2002-10-26,,,,1.82,
2002-10-27,,,,1.82,
2002-10-28,,31.07,4.1,1.79,1.56
2002-10-29,,32.27,3.97,1.75,1.48
2002-10-30,,31.23,3.99,1.72,1.48
2002-10-31,,31.14,3.93,1.82,1.42
2002-11-01,,29.3,4.01,1.74,1.41
2002-11-02,,,,1.74,
2002-11-03,,,,1.74,
2002-11-04,,30.82,4.07,1.71,1.41
2002-11-05,,31.23,4.1,1.64,1.4
2002-11-06,,30.73,4.09,1.48,1.21
2002-11-07,,31.42,3.88,1.27,1.2
2002-11-08,,29.41,3.85,1.18,1.2
2002-11-09,,,,1.18,
2002-11-10,,,,1.18,
2002-11-11,,31.3,,1.18,
2002-11-12,,30.58,3.84,1.29,1.2
2002-11-13,,31.24,3.84,1.17,1.19
2002-11-14,,28.67,4.03,1.29,1.2
2002-11-15,,26.65,4.05,1.35,1.2
2002-11-16,,,,1.35,
2002-11-17,,,,1.35,
2002-11-18,,27.66,4.02,1.21,1.21
2002-11-19,,27.41,3.99,1.2,1.19
2002-11-20,,25.32,4.08,1.23,1.2
2002-11-21,,23.81,4.14,1.27,1.2
2002-11-22,,23.16,4.18,1.25,1.21
2002-11-23,,,,1.25,
2002-11-24,,,,1.25,
2002-11-25,,24.07,4.19,1.32,1.22
2002-11-26,,25.97,4.08,1.26,1.2
2002-11-27,,27.25,4.26,1.27,1.21
2002-11-28,,,,1.27,
2002-11-29,,27.5,4.22,1.23,1.2
2002-11-30,,,,1.23,
2002-12-01,,,,1.23,
2002-12-02,,27.46,4.22,1.27,1.22
2002-12-03,,28.33,4.24,1.24,1.21
2002-12-04,,28.92,4.18,1.23,1.2
2002-12-05,,30.1,4.13,1.24,1.2
2002-12-06,,28.88,4.09,1.21,1.19
2002-12-07,,,,1.21,
2002-12-08,,,,1.21,
2002-12-09,,30.78,4.06,1.22,1.21
2002-12-10,,28.76,4.06,1.22,1.19
2002-12-11,,27.76,4.01,1.29,1.19
2002-12-12,,27.29,4.01,1.29,1.19
2002-12-13,,28.18,4.07,1.25,1.19
2002-12-14,,,,1.25,
2002-12-15,,,,1.25,
2002-12-16,,26.24,4.15,1.36,1.21
2002-12-17,,26.66,4.13,1.26,1.2
2002-12-18,,28.29,4.06,1.25,1.19
2002-12-19,,30.21,3.96,1.28,1.19
2002-12-20,,26.71,3.97,1.26,1.19
2002-12-21,,,,1.26,
2002-12-22,,,,1.26,
2002-12-23,,26.2,3.98,1.28,1.17
2002-12-24,,26.49,3.95,1.15,1.17
2002-12-25,,,,1.15,
2002-12-26,,27.37,3.93,1.28,1.16
2002-12-27,,29.55,3.83,1.2,1.14
2002-12-28,,,,1.2,
2002-12-29,,,,1.2,
2002-12-30,,29.62,3.82,1.23,1.2
2002-12-31,,28.62,3.83,1.16,1.2
2003-01-01,,,,1.16,
2003-01-02,,25.39,4.07,1.3,1.2
2003-01-03,,24.68,4.05,1.12,1.2
2003-01-04,,,,1.12,
2003-01-05,,,,1.12,
2003-01-06,,24.91,4.09,1.22,1.19
2003-01-07,,25.13,4.04,1.2,1.17
2003-01-08,,25.53,4.0,1.29,1.17
2003-01-09,,24.25,4.19,1.29,1.18
2003-01-10,,24.32,4.16,1.25,1.18
2003-01-11,,,,1.25,
2003-01-12,,,,1.25,
2003-01-13,,24.9,4.15,1.26,1.19
2003-01-14,,24.57,4.1,1.24,1.17
2003-01-15,,25.51,4.1,1.3,1.18
2003-01-16,,25.01,4.1,1.24,1.16
2003-01-17,,25.7,4.05,1.2,1.16
2003-01-18,,,,1.2,
2003-01-19,,,,1.2,
2003-01-20,,,,1.2,
2003-01-21,,27.59,4.01,1.31,1.17
2003-01-22,,29.01,3.95,1.26,1.15
2003-01-23,,27.53,3.98,1.27,1.15
2003-01-24,,31.51,3.94,1.21,1.14
2003-01-25,,,,1.21,
2003-01-26,,,,1.21,
2003-01-27,,34.69,3.98,1.3,1.15
2003-01-28,,31.93,4.0,1.23,1.16
2003-01-29,,31.26,4.06,1.26,1.16
2003-01-30,,31.32,4.0,1.29,1.16
2003-01-31,,31.17,4.0,1.33,1.16
2003-02-01,,,,1.33,
2003-02-02,,,,1.33,
2003-02-03,,31.02,4.01,1.3,1.16
2003-02-04,,32.76,3.96,1.21,1.14
2003-02-05,,33.04,4.02,1.21,1.16
2003-02-06,,33.35,3.97,1.23,1.15
2003-02-07,,34.01,3.96,1.21,1.15
2003-02-08,,,,1.21,
2003-02-09,,,,1.21,
2003-02-10,,33.99,3.99,1.25,1.15
2003-02-11,,33.68,3.98,1.22,1.16
2003-02-12,,34.33,3.93,1.23,1.16
2003-02-13,,33.7,3.89,1.28,1.15
2003-02-14,,32.62,3.95,1.3,1.16
2003-02-15,,,,1.3,
2003-02-16,,,,1.3,
2003-02-17,,,,1.3,
2003-02-18,,31.11,3.94,1.35,1.17
2003-02-19,,31.31,3.88,1.24,1.16
2003-02-20,,31.16,3.85,1.25,1.17
2003-02-21,,30.25,3.9,1.21,1.17
2003-02-22,,,,1.21,
2003-02-23,,,,1.21,
2003-02-24,,31.98,3.86,1.25,1.19
2003-02-25,,31.74,3.81,1.28,1.18
2003-02-26,,31.94,3.78,1.28,1.19
2003-02-27,,30.53,3.76,1.31,1.19
2003-02-28,,29.63,3.71,1.33,1.18
2003-03-01,,,,1.33,
2003-03-02,,,,1.33,
2003-03-03,,30.43,3.68,1.33,1.18
2003-03-04,,31.83,3.65,1.2,1.17
2003-03-05,,30.38,3.63,1.22,1.16
2003-03-06,,31.37,3.67,1.23,1.16
2003-03-07,,31.08,3.63,1.2,1.1
2003-03-08,,,,1.2,
2003-03-09,,,,1.2,
2003-03-10,,33.31,3.59,1.23,1.06
2003-03-11,,33.61,3.6,1.21,1.08
2003-03-12,,33.51,3.6,1.23,1.08
2003-03-13,,31.76,3.74,1.31,1.1
2003-03-14,,30.98,3.72,1.3,1.11
2003-03-15,,,,1.3,
2003-03-16,,,,1.3,
2003-03-17,,31.75,3.82,1.31,1.13
2003-03-18,,30.43,3.91,1.2,1.12
2003-03-19,,31.54,3.98,1.2,1.14
2003-03-20,,30.44,4.01,1.23,1.15
2003-03-21,,28.67,4.11,1.2,1.16
2003-03-22,,,,1.2,
2003-03-23,,,,1.2,
2003-03-24,,30.39,3.98,1.23,1.15
2003-03-25,,28.75,3.97,1.24,1.16
2003-03-26,,28.23,3.96,1.26,1.16
2003-03-27,,27.96,3.95,1.29,1.14
2003-03-28,,27.75,3.92,1.26,1.12
2003-03-29,,,,1.26,
2003-03-30,,,,1.26,
2003-03-31,,29.15,3.83,1.38,1.12
2003-04-01,,28.36,3.84,1.29,1.1
2003-04-02,,28.02,3.94,1.19,1.11
2003-04-03,,28.21,3.93,1.24,1.09
2003-04-04,,29.13,3.96,1.22,1.09
2003-04-05,,,,1.22,
2003-04-06,,,,1.22,
2003-04-07,,28.45,4.03,1.25,1.15
2003-04-08,,27.13,3.95,1.22,1.13
2003-04-09,,27.11,3.93,1.24,1.11
2003-04-10,,25.6,3.95,1.27,1.12
2003-04-11,,24.44,4.0,1.24,1.15
2003-04-12,,,,1.24,
2003-04-13,,,,1.24,
2003-04-14,,23.41,4.04,1.32,1.18
2003-04-15,,22.56,3.98,1.34,1.16
2003-04-16,,22.52,3.96,1.26,1.15
2003-04-17,,21.5,3.98,1.28,1.16
2003-04-18,,,,1.24,
2003-04-19,,,,1.24,
2003-04-20,,,,1.24,
2003-04-21,,21.95,4.0,1.29,1.16
2003-04-22,,20.7,4.01,1.26,1.16
2003-04-23,,20.8,4.02,1.24,1.15
2003-04-24,,20.33,3.93,1.24,1.13
2003-04-25,,20.8,3.91,1.28,1.12
2003-04-26,,,,1.28,
2003-04-27,,,,1.28,
2003-04-28,,20.84,3.92,1.29,1.12
2003-04-29,,20.76,3.96,1.27,1.13
2003-04-30,,21.21,3.89,1.31,1.11
2003-05-01,,21.59,3.88,1.3,1.08
2003-05-02,,20.63,3.94,1.24,1.1
2003-05-03,,,,1.24,
2003-05-04,,,,1.24,
2003-05-05,,21.13,3.92,1.27,1.11
2003-05-06,,20.8,3.84,1.28,1.08
2003-05-07,,21.0,3.72,1.28,1.09
2003-05-08,,21.24,3.7,1.27,1.07
2003-05-09,,19.69,3.69,1.24,1.09
2003-05-10,,,,1.24,
2003-05-11,,,,1.24,
2003-05-12,,19.52,3.64,1.25,1.08
2003-05-13,,19.91,3.63,1.23,1.07
2003-05-14,,20.0,3.53,1.3,1.04
2003-05-15,,19.24,3.53,1.36,1.04
2003-05-16,,18.4,3.46,1.26,1.03
2003-05-17,,,,1.26,
2003-05-18,,,,1.26,
2003-05-19,,20.51,3.46,1.26,1.03
2003-05-20,,21.29,3.38,1.23,1.02
2003-05-21,,21.21,3.39,1.23,1.04
2003-05-22,,19.78,3.34,1.25,1.06
2003-05-23,,19.17,3.34,1.21,1.06
2003-05-24,,,,1.21,
2003-05-25,,,,1.21,
2003-05-26,,,,1.21,
2003-05-27,,19.99,3.41,1.32,1.07
2003-05-28,,20.03,3.44,1.29,1.1
2003-05-29,,20.43,3.34,1.29,1.08
2003-05-30,,19.47,3.37,1.28,1.09
2003-05-31,,,,1.28,
2003-06-01,,,,1.28,
2003-06-02,,20.85,3.43,1.27,1.12
2003-06-03,,20.84,3.34,1.21,1.06
2003-06-04,,20.62,3.3,1.22,1.03
2003-06-05,,20.83,3.34,1.26,1.02
2003-06-06,,21.25,3.37,1.24,1.03
2003-06-07,,,,1.24,
2003-06-08,,,,1.24,
2003-06-09,,22.15,3.29,1.25,1.01
2003-06-10,,20.64,3.2,1.22,0.95
2003-06-11,,20.21,3.21,1.25,0.92
2003-06-12,,20.41,3.18,1.25,0.9
2003-06-13,,20.66,3.13,1.24,0.84
2003-06-14,,,,1.24,
2003-06-15,,,,1.24,
2003-06-16,,20.22,3.18,1.33,0.85
2003-06-17,,20.01,3.27,1.24,0.88
2003-06-18,,19.76,3.37,1.22,0.87
2003-06-19,,19.8,3.35,1.22,0.8
2003-06-20,,19.14,3.4,1.23,0.81
2003-06-21,,,,1.23,
2003-06-22,,,,1.23,
2003-06-23,,20.58,3.32,1.21,0.83
2003-06-24,,20.75,3.29,1.15,0.81
2003-06-25,,20.81,3.38,1.18,0.9
2003-06-26,,19.4,3.55,1.1,0.89
2003-06-27,,19.16,3.58,1.08,0.85
2003-06-28,,,,1.08,
2003-06-29,,,,1.08,
2003-06-30,,19.52,3.54,1.45,0.89
2003-07-01,,19.46,3.56,1.11,0.87
2003-07-02,,19.03,3.56,1.01,0.85
2003-07-03,,19.39,3.67,0.96,0.85
2003-07-04,,,,0.96,
2003-07-05,,,,0.96,
2003-07-06,,,,0.96,
2003-07-07,,20.06,3.74,1.0,0.9
2003-07-08,,19.48,3.75,0.93,0.9
2003-07-09,,18.93,3.73,0.96,0.88
2003-07-10,,19.19,3.7,1.0,0.87
2003-07-11,,18.47,3.66,0.98,0.87
2003-07-12,,,,0.98,
2003-07-13,,,,0.98,
2003-07-14,,19.59,3.74,1.07,0.89
2003-07-15,,19.55,3.94,1.13,0.9
2003-07-16,,19.76,3.97,1.01,0.89
2003-07-17,,20.22,3.98,1.02,0.88
2003-07-18,,19.11,4.0,0.99,0.89
2003-07-19,,,,0.99,
2003-07-20,,,,0.99,
2003-07-21,,19.78,4.19,1.02,0.91
2003-07-22,,19.17,4.17,1.0,0.91
2003-07-23,,18.64,4.12,1.05,0.91
2003-07-24,,18.6,4.2,1.04,0.91
2003-07-25,,17.75,4.22,1.03,0.91
2003-07-26,,,,1.03,
2003-07-27,,,,1.03,
2003-07-28,,18.36,4.31,1.05,0.95
2003-07-29,,18.67,4.42,1.04,0.97
2003-07-30,,18.85,4.34,1.03,0.96
2003-07-31,,19.49,4.49,1.04,0.94
2003-08-01,,20.75,4.44,1.0,0.93
2003-08-02,,,,1.0,
2003-08-03,,,,1.0,
2003-08-04,,21.27,4.35,1.0,0.95
2003-08-05,,22.68,4.47,0.86,0.94
2003-08-06,,21.5,4.32,0.88,0.93
2003-08-07,,20.26,4.3,0.95,0.93
2003-08-08,,19.59,4.27,0.96,0.94
2003-08-09,,,,0.96,
2003-08-10,,,,0.96,
2003-08-11,,19.75,4.38,1.02,0.94
2003-08-12,,17.94,4.37,0.99,0.93
2003-08-13,,18.77,4.58,1.01,0.94
2003-08-14,,18.47,4.55,1.22,0.94
2003-08-15,,18.27,4.55,1.39,0.93
2003-08-16,,,,1.39,
2003-08-17,,,,1.39,
2003-08-18,,18.18,4.49,1.03,0.94
2003-08-19,,17.86,4.38,0.93,0.94
2003-08-20,,17.82,4.45,0.89,0.94
2003-08-21,,17.84,4.53,1.01,0.95
2003-08-22,,18.55,4.48,0.99,0.96
2003-08-23,,,,0.99,
2003-08-24,,,,0.99,
2003-08-25,,19.53,4.53,1.04,1.0
2003-08-26,,19.49,4.5,1.0,0.99
2003-08-27,,19.13,4.54,0.98,0.98
2003-08-28,,18.48,4.42,1.04,0.97
2003-08-29,,18.63,4.45,1.01,0.96
2003-08-30,,,,1.01,
2003-08-31,,,,1.01,
2003-09-01,,,,1.01,
2003-09-02,,19.02,4.61,1.06,0.96
2003-09-03,,19.44,4.6,0.96,0.95
2003-09-04,,18.71,4.52,0.98,0.95
2003-09-05,,18.17,4.35,0.96,0.94
2003-09-06,,,,0.96,
2003-09-07,,,,0.96,
2003-09-08,,18.26,4.41,0.99,0.95
2003-09-09,,18.85,4.37,0.95,0.94
2003-09-10,,20.01,4.28,0.95,0.94
2003-09-11,,19.25,4.35,1.0,0.94
2003-09-12,,18.68,4.27,1.02,0.94
2003-09-13,,,,1.02,
2003-09-14,,,,1.02,
2003-09-15,,19.28,4.28,1.11,0.94
2003-09-16,,18.03,4.29,0.97,0.91
2003-09-17,,18.15,4.2,0.97,0.93
2003-09-18,,17.57,4.19,1.0,0.94
2003-09-19,,17.54,4.17,0.99,0.93
2003-09-20,,,,0.99,
2003-09-21,,,,0.99,
2003-09-22,,19.65,4.26,1.02,0.94
2003-09-23,,19.47,4.24,1.01,0.92
2003-09-24,,21.22,4.16,1.03,0.93
2003-09-25,,22.26,4.12,1.08,0.92
2003-09-26,,22.23,4.04,1.03,0.92
2003-09-27,,,,1.03,
2003-09-28,,,,1.03,
2003-09-29,,21.67,4.09,1.04,0.95
2003-09-30,,22.72,3.96,1.17,0.93
2003-10-01,,21.07,3.96,1.11,0.93
2003-10-02,,20.8,4.03,1.02,0.92
2003-10-03,,19.5,4.21,0.99,0.92
2003-10-04,,,,0.99,
2003-10-05,,,,0.99,
2003-10-06,,19.51,4.17,0.99,0.92
2003-10-07,,19.41,4.27,0.98,0.9
2003-10-08,,19.18,4.27,0.99,0.89
2003-10-09,,18.82,4.32,1.02,0.89
2003-10-10,,18.45,4.29,1.0,0.9
2003-10-11,,,,1.0,
2003-10-12,,,,1.0,
2003-10-13,,17.55,,1.0,
2003-10-14,,17.37,4.37,1.08,0.91
2003-10-15,,17.69,4.43,1.09,0.91
2003-10-16,,17.19,4.47,1.04,0.91
2003-10-17,,17.62,4.41,0.98,0.91
2003-10-18,,,,0.98,
2003-10-19,,,,0.98,
2003-10-20,,17.04,4.41,1.02,0.93
2003-10-21,,16.55,4.38,0.99,0.91
2003-10-22,,17.67,4.29,0.99,0.94
2003-10-23,,17.68,4.34,1.02,0.94
2003-10-24,,17.71,4.24,1.01,0.93
2003-10-25,,,,1.01,
2003-10-26,,,,1.01,
2003-10-27,,18.05,4.3,1.03,0.96
2003-10-28,,16.82,4.23,0.98,0.94
2003-10-29,,16.43,4.31,0.97,0.94
2003-10-30,,16.33,4.36,1.02,0.94
2003-10-31,,16.1,4.33,1.03,0.94
2003-11-01,,,,1.03,
2003-11-02,,,,1.03,
2003-11-03,,16.55,4.4,1.02,0.94
2003-11-04,,16.55,4.33,0.98,0.93
2003-11-05,,16.86,4.38,0.98,0.94
2003-11-06,,16.74,4.45,1.0,0.94
2003-11-07,,16.93,4.48,0.98,0.94
2003-11-08,,,,0.98,
2003-11-09,,,,0.98,
2003-11-10,,17.62,4.49,0.99,0.95
2003-11-11,,17.54,,0.99,
2003-11-12,,16.75,4.44,1.0,0.93
2003-11-13,,16.47,4.3,0.99,0.92
2003-11-14,,16.94,4.22,0.98,0.93
2003-11-15,,,,0.98,
2003-11-16,,,,0.98,
2003-11-17,,18.6,4.18,1.04,0.94
2003-11-18,,19.11,4.17,0.98,0.94
2003-11-19,,18.8,4.24,0.98,0.93
2003-11-20,,19.48,4.16,1.0,0.93
2003-11-21,,18.98,4.15,0.98,0.92
2003-11-22,,,,0.98,
2003-11-23,,,,0.98,
2003-11-24,,17.44,4.23,0.98,0.94
2003-11-25,,16.71,4.19,1.02,0.93
2003-11-26,,16.23,4.25,1.01,0.92
2003-11-27,,,,1.01,
2003-11-28,,16.32,4.34,1.01,0.91
2003-11-29,,,,1.01,
2003-11-30,,,,1.01,
2003-12-01,,16.77,4.4,1.03,0.93
2003-12-02,,16.27,4.38,0.97,0.92
2003-12-03,,16.63,4.41,0.98,0.92
2003-12-04,,16.3,4.38,0.99,0.91
2003-12-05,,17.09,4.23,0.98,0.9
2003-12-06,,,,0.98,
2003-12-07,,,,0.98,
2003-12-08,,16.54,4.29,0.99,0.91
2003-12-09,,17.63,4.32,0.97,0.91
2003-12-10,,17.87,4.3,0.99,0.91
2003-12-11,,16.73,4.27,0.99,0.88
2003-12-12,,16.41,4.26,0.99,0.89
2003-12-13,,,,0.99,
2003-12-14,,,,0.99,
2003-12-15,,17.23,4.28,1.04,0.89
2003-12-16,,15.93,4.24,0.99,0.89
2003-12-17,,15.58,4.19,0.99,0.88
2003-12-18,,16.16,4.16,1.01,0.87
2003-12-19,,16.42,4.15,0.98,0.86
2003-12-20,,,,0.98,
2003-12-21,,,,0.98,
2003-12-22,,16.94,4.18,1.02,0.89
2003-12-23,,16.49,4.28,1.0,0.88
2003-12-24,,16.66,4.2,0.97,0.88
2003-12-25,,,,0.97,
2003-12-26,,17.45,4.17,0.97,0.85
2003-12-27,,,,0.97,
2003-12-28,,,,0.97,
2003-12-29,,17.09,4.24,0.98,0.89
2003-12-30,,17.68,4.29,0.93,0.92
2003-12-31,,18.31,4.27,0.94,0.93
2004-01-01,,,,0.94,
2004-01-02,,18.22,4.38,1.01,0.91
2004-01-03,,,,1.01,
2004-01-04,,,,1.01,
2004-01-05,,17.49,4.41,0.97,0.9
2004-01-06,,16.73,4.29,0.92,0.9
2004-01-07,,15.5,4.27,0.94,0.89
2004-01-08,,15.61,4.27,0.99,0.86
2004-01-09,,16.75,4.11,0.99,0.85
2004-01-10,,,,0.99,
2004-01-11,,,,0.99,
2004-01-12,,16.82,4.11,1.0,0.88
2004-01-13,,18.04,4.05,0.99,0.87
2004-01-14,,16.75,4.01,1.01,0.86
2004-01-15,,15.56,3.99,1.04,0.86
2004-01-16,,15.0,4.04,0.98,0.87
2004-01-17,,,,0.98,
2004-01-18,,,,0.98,
2004-01-19,,,,0.98,
2004-01-20,,15.21,4.08,1.02,0.88
2004-01-21,,14.34,4.05,1.0,0.87
2004-01-22,,14.71,3.99,1.02,0.86
2004-01-23,,14.84,4.09,1.0,0.88
2004-01-24,,,,1.0,
2004-01-25,,,,1.0,
2004-01-26,,14.55,4.16,1.08,0.89
2004-01-27,,15.35,4.11,1.02,0.89
2004-01-28,,16.78,4.22,0.99,0.92
2004-01-29,,17.14,4.22,1.0,0.92
2004-01-30,,16.63,4.16,1.03,0.9
2004-01-31,,,,1.03,
2004-02-01,,,,1.03,
2004-02-02,,17.11,4.18,1.01,0.93
2004-02-03,,17.34,4.13,0.97,0.92
2004-02-04,,17.87,4.15,1.0,0.92
2004-02-05,,17.71,4.2,1.01,0.92
2004-02-06,,16.0,4.12,0.99,0.91
2004-02-07,,,,0.99,
2004-02-08,,,,0.99,
2004-02-09,,16.39,4.09,1.01,0.93
2004-02-10,,15.94,4.13,1.0,0.93
2004-02-11,,15.39,4.05,1.0,0.91
2004-02-12,,15.31,4.1,1.02,0.91
2004-02-13,,15.58,4.05,1.01,0.9
2004-02-14,,,,1.01,
2004-02-15,,,,1.01,
2004-02-16,,,,1.01,
2004-02-17,,15.4,4.05,1.02,0.93
2004-02-18,,15.59,4.05,1.0,0.92
2004-02-19,,15.8,4.05,1.0,0.92
2004-02-20,,16.04,4.1,0.99,0.92
2004-02-21,,,,0.99,
2004-02-22,,,,0.99,
2004-02-23,,16.29,4.05,1.0,0.95
2004-02-24,,15.9,4.04,0.99,0.95
2004-02-25,,14.93,4.02,1.02,0.94
2004-02-26,,14.83,4.05,1.03,0.94
2004-02-27,,14.55,3.99,1.04,0.94
2004-02-28,,,,1.04,
2004-02-29,,,,1.04,
2004-03-01,,14.44,4.0,1.04,0.95
2004-03-02,,14.86,4.05,1.0,0.95
2004-03-03,,14.55,4.07,1.0,0.95
2004-03-04,,14.4,4.04,0.99,0.94
2004-03-05,,14.48,3.85,1.0,0.93
2004-03-06,,,,1.0,
2004-03-07,,,,1.0,
2004-03-08,,15.79,3.78,1.0,0.95
2004-03-09,,16.6,3.73,0.99,0.94
2004-03-10,,18.67,3.74,1.0,0.94
2004-03-11,,20.67,3.74,1.01,0.95
2004-03-12,,18.3,3.78,0.99,0.94
2004-03-13,,,,0.99,
2004-03-14,,,,0.99,
2004-03-15,,21.13,3.78,1.05,0.95
2004-03-16,,20.34,3.7,0.99,0.94
2004-03-17,,18.11,3.71,1.0,0.92
2004-03-18,,18.53,3.76,1.0,0.92
2004-03-19,,19.15,3.8,0.99,0.92
2004-03-20,,,,0.99,
2004-03-21,,,,0.99,
2004-03-22,,21.58,3.74,1.01,0.94
2004-03-23,,20.67,3.73,0.99,0.93
2004-03-24,,19.81,3.73,0.99,0.92
2004-03-25,,17.88,3.75,1.02,0.92
2004-03-26,,17.33,3.85,1.0,0.93
2004-03-27,,,,1.0,
2004-03-28,,,,1.0,
2004-03-29,,16.5,3.91,1.0,0.95
2004-03-30,,16.28,3.91,0.98,0.94
2004-03-31,,16.74,3.86,1.05,0.93
2004-04-01,,16.65,3.91,1.03,0.92
2004-04-02,,15.64,4.15,1.0,0.93
2004-04-03,,,,1.0,
2004-04-04,,,,1.0,
2004-04-05,,14.97,4.24,1.01,0.93
2004-04-06,,15.32,4.19,1.0,0.92
2004-04-07,,15.76,4.19,1.0,0.93
2004-04-08,,16.26,4.21,1.02,0.92
2004-04-09,,,,1.01,
2004-04-10,,,,1.01,
2004-04-11,,,,1.01,
2004-04-12,,15.28,4.25,1.0,0.93
2004-04-13,,17.26,4.35,1.0,0.93
2004-04-14,,15.62,4.4,1.01,0.94
2004-04-15,,15.74,4.42,1.03,0.93
2004-04-16,,14.94,4.37,0.99,0.92
2004-04-17,,,,0.99,
2004-04-18,,,,0.99,
2004-04-19,,15.42,4.39,1.0,0.95
2004-04-20,,16.67,4.43,0.99,0.96
2004-04-21,,15.6,4.45,0.99,0.98
2004-04-22,,14.61,4.4,1.0,0.95
2004-04-23,,14.01,4.48,0.99,0.96
2004-04-24,,,,0.99,
2004-04-25,,,,0.99,
2004-04-26,,14.77,4.46,1.01,0.98
2004-04-27,,15.07,4.43,0.99,0.97
2004-04-28,,16.29,4.5,1.01,0.96
2004-04-29,,16.6,4.55,1.03,0.95
2004-04-30,,17.19,4.53,1.03,0.96
2004-05-01,,,,1.03,
2004-05-02,,,,1.03,
2004-05-03,,16.62,4.53,1.03,0.99
2004-05-04,,16.55,4.56,1.0,0.99
2004-05-05,,15.77,4.61,0.99,0.97
2004-05-06,,17.05,4.63,1.0,0.98
2004-05-07,,18.13,4.79,0.99,1.05
2004-05-08,,,,0.99,
2004-05-09,,,,0.99,
2004-05-10,,19.77,4.81,1.0,1.07
2004-05-11,,18.57,4.79,0.96,1.04
2004-05-12,,18.14,4.83,0.98,1.02
2004-05-13,,18.86,4.85,1.0,0.98
2004-05-14,,18.47,4.79,1.02,0.97
2004-05-15,,,,1.02,
2004-05-16,,,,1.02,
2004-05-17,,19.96,4.7,1.05,1.05
2004-05-18,,19.33,4.74,1.0,1.04
2004-05-19,,18.93,4.79,1.0,1.02
2004-05-20,,18.67,4.72,1.0,1.01
2004-05-21,,18.49,4.76,0.99,1.01
2004-05-22,,,,0.99,
2004-05-23,,,,0.99,
2004-05-24,,18.08,4.75,1.0,1.06
2004-05-25,,15.96,4.73,1.0,1.06
2004-05-26,,15.97,4.67,0.99,1.06
2004-05-27,,15.28,4.6,1.0,1.04
2004-05-28,,15.5,4.66,1.02,1.06
2004-05-29,,,,1.02,
2004-05-30,,,,1.02,
2004-05-31,,,,1.02,
2004-06-01,,16.3,4.71,1.02,1.15
2004-06-02,,16.08,4.74,0.98,1.15
2004-06-03,,17.03,4.71,0.99,1.15
2004-06-04,,16.78,4.78,0.99,1.18
2004-06-05,,,,0.99,
2004-06-06,,,,0.99,
2004-06-07,,15.39,4.78,0.99,1.23
2004-06-08,,15.01,4.78,0.97,1.25
2004-06-09,,15.39,4.82,0.99,1.25
2004-06-10,,15.04,4.81,1.0,1.27
2004-06-11,,15.04,,1.0,
2004-06-12,,,,1.0,
2004-06-13,,,,1.0,
2004-06-14,,16.07,4.89,1.02,1.4
2004-06-15,,15.05,4.69,1.03,1.32
2004-06-16,,14.79,4.74,1.0,1.28
2004-06-17,,15.15,4.71,1.01,1.25
2004-06-18,,14.99,4.72,1.0,1.26
2004-06-19,,,,1.0,
2004-06-20,,,,1.0,
2004-06-21,,15.26,4.7,1.0,1.32
2004-06-22,,14.31,4.72,1.0,1.3
2004-06-23,,13.98,4.71,1.02,1.27
2004-06-24,,14.81,4.66,1.03,1.26
2004-06-25,,15.19,4.66,1.05,1.28
2004-06-26,,,,1.05,
2004-06-27,,,,1.05,
2004-06-28,,16.07,4.76,1.09,1.36
2004-06-29,,15.47,4.7,1.13,1.36
2004-06-30,,14.34,4.62,1.38,1.31
2004-07-01,,15.2,4.57,1.4,1.2
2004-07-02,,15.08,4.48,1.25,1.27
2004-07-03,,,,1.25,
2004-07-04,,,,1.25,
2004-07-05,,,,1.25,
2004-07-06,,16.25,4.49,1.3,1.32
2004-07-07,,15.81,4.5,1.26,1.28
2004-07-08,,16.2,4.49,1.26,1.25
2004-07-09,,15.78,4.49,1.24,1.25
2004-07-10,,,,1.24,
2004-07-11,,,,1.24,
2004-07-12,,14.96,4.46,1.26,1.32
2004-07-13,,14.46,4.5,1.24,1.32
2004-07-14,,13.76,4.5,1.24,1.32
2004-07-15,,14.71,4.5,1.3,1.32
2004-07-16,,14.34,4.38,1.24,1.32
2004-07-17,,,,1.24,
2004-07-18,,,,1.24,
2004-07-19,,15.17,4.38,1.25,1.33
2004-07-20,,14.17,4.47,1.25,1.34
2004-07-21,,16.41,4.5,1.25,1.33
2004-07-22,,15.75,4.48,1.26,1.34
2004-07-23,,16.5,4.45,1.25,1.35
2004-07-24,,,,1.25,
2004-07-25,,,,1.25,
2004-07-26,,17.3,4.49,1.27,1.43
2004-07-27,,16.55,4.62,1.27,1.44
2004-07-28,,16.15,4.61,1.29,1.43
2004-07-29,,15.68,4.6,1.3,1.42
2004-07-30,,15.32,4.5,1.29,1.42
2004-07-31,,,,1.29,
2004-08-01,,,,1.29,
2004-08-02,,15.37,4.48,1.28,1.48
2004-08-03,,16.03,4.45,1.24,1.46
2004-08-04,,16.21,4.45,1.22,1.46
2004-08-05,,18.32,4.43,1.3,1.45
2004-08-06,,19.34,4.24,1.32,1.41
2004-08-07,,,,1.32,
2004-08-08,,,,1.32,
2004-08-09,,18.89,4.28,1.35,1.49
2004-08-10,,17.47,4.32,1.43,1.48
2004-08-11,,18.04,4.3,1.5,1.42
2004-08-12,,19.08,4.27,1.51,1.41
2004-08-13,,17.98,4.22,1.48,1.41
2004-08-14,,,,1.48,
2004-08-15,,,,1.48,
2004-08-16,,17.57,4.26,1.43,1.47
2004-08-17,,17.02,4.21,1.2,1.46
2004-08-18,,16.23,4.23,1.39,1.46
2004-08-19,,16.96,4.22,1.5,1.45
2004-08-20,,16.0,4.24,1.5,1.46
2004-08-21,,,,1.5,
2004-08-22,,,,1.5,
2004-08-23,,15.88,4.28,1.51,1.52
2004-08-24,,15.33,4.28,1.51,1.52
2004-08-25,,14.98,4.26,1.55,1.52
2004-08-26,,14.91,4.22,1.55,1.52
2004-08-27,,14.71,4.23,1.52,1.53
2004-08-28,,,,1.52,
2004-08-29,,,,1.52,
2004-08-30,,15.44,4.19,1.54,1.59
2004-08-31,,15.29,4.13,1.55,1.57
2004-09-01,,14.91,4.13,1.53,1.55
2004-09-02,,14.28,4.2,1.51,1.57
2004-09-03,,13.91,4.3,1.48,1.62
2004-09-04,,,,1.48,
2004-09-05,,,,1.48,
2004-09-06,,,,1.48,
2004-09-07,,14.07,4.26,1.54,1.64
2004-09-08,,14.06,4.18,1.51,1.62
2004-09-09,,14.01,4.22,1.49,1.61
2004-09-10,,13.76,4.19,1.48,1.63
2004-09-11,,,,1.48,
2004-09-12,,,,1.48,
2004-09-13,,13.17,4.16,1.51,1.64
2004-09-14,,13.56,4.15,1.4,1.63
2004-09-15,,14.64,4.18,1.57,1.64
2004-09-16,,14.39,4.08,1.61,1.64
2004-09-17,,14.03,4.14,1.58,1.68
2004-09-18,,,,1.58,
2004-09-19,,,,1.58,
2004-09-20,,14.43,4.07,1.64,1.7
2004-09-21,,13.66,4.05,1.7,1.69
2004-09-22,,14.74,4.0,1.78,1.68
2004-09-23,,14.8,4.02,1.8,1.69
2004-09-24,,14.28,4.04,1.76,1.7
2004-09-25,,,,1.76,
2004-09-26,,,,1.76,
2004-09-27,,14.62,4.01,1.76,1.72
2004-09-28,,13.83,4.02,1.72,1.69
2004-09-29,,13.21,4.1,1.76,1.69
2004-09-30,,13.34,4.14,1.94,1.68
2004-10-01,,12.75,4.21,1.86,1.67
2004-10-02,,,,1.86,
2004-10-03,,,,1.86,
2004-10-04,,13.41,4.19,1.77,1.69
2004-10-05,,13.95,4.18,1.73,1.68
2004-10-06,,13.28,4.23,1.74,1.68
2004-10-07,,14.5,4.26,1.76,1.67
2004-10-08,,15.05,4.15,1.71,1.67
2004-10-09,,,,1.71,
2004-10-10,,,,1.71,
2004-10-11,,14.71,,1.71,
2004-10-12,,15.05,4.12,1.78,1.69
2004-10-13,,15.42,4.09,1.73,1.69
2004-10-14,,16.43,4.03,1.77,1.71
2004-10-15,,15.04,4.07,1.79,1.72
2004-10-16,,,,1.79,
2004-10-17,,,,1.79,
2004-10-18,,14.71,4.07,1.73,1.78
2004-10-19,,15.13,4.07,1.72,1.79
2004-10-20,,14.85,4.01,1.74,1.79
2004-10-21,,14.54,4.01,1.76,1.81
2004-10-22,,15.28,4.0,1.72,1.81
2004-10-23,,,,1.72,
2004-10-24,,,,1.72,
2004-10-25,,16.58,3.99,1.76,1.87
2004-10-26,,16.39,4.01,1.72,1.88
2004-10-27,,15.72,4.11,1.77,1.88
2004-10-28,,15.39,4.09,1.79,1.87
2004-10-29,,16.27,4.05,1.79,1.87
2004-10-30,,,,1.79,
2004-10-31,,,,1.79,
2004-11-01,,16.27,4.11,1.83,1.96
2004-11-02,,16.18,4.1,1.74,1.94
2004-11-03,,14.04,4.09,1.73,1.92
2004-11-04,,13.97,4.1,1.77,1.94
2004-11-05,,13.84,4.21,1.76,1.99
2004-11-06,,,,1.76,
2004-11-07,,,,1.76,
2004-11-08,,13.8,4.22,1.8,2.04
2004-11-09,,13.61,4.22,1.79,2.04
2004-11-10,,13.08,4.25,1.92,2.04
2004-11-11,,13.04,,1.92,
2004-11-12,,13.33,4.2,2.02,2.04
2004-11-13,,,,2.02,
2004-11-14,,,,2.02,
2004-11-15,,13.38,4.2,2.06,2.09
2004-11-16,,13.21,4.21,1.98,2.1
2004-11-17,,13.21,4.14,1.99,2.09
2004-11-18,,12.98,4.12,1.99,2.09
2004-11-19,,13.5,4.2,1.99,2.1
2004-11-20,,,,1.99,
2004-11-21,,,,1.99,
2004-11-22,,12.97,4.18,2.01,2.16
2004-11-23,,12.67,4.19,2.0,2.15
2004-11-24,,12.72,4.2,2.02,2.14
2004-11-25,,,,2.02,
2004-11-26,,12.79,4.24,2.01,2.16
2004-11-27,,,,2.01,
2004-11-28,,,,2.01,
2004-11-29,,13.3,4.34,2.03,2.2
2004-11-30,,13.24,4.36,2.02,2.19
2004-12-01,,12.97,4.38,2.04,2.18
2004-12-02,,12.98,4.4,2.0,2.18
2004-12-03,,12.96,4.27,1.98,2.17
2004-12-04,,,,1.98,
2004-12-05,,,,1.98,
2004-12-06,,13.19,4.24,2.04,2.22
2004-12-07,,13.67,4.23,1.99,2.21
2004-12-08,,13.19,4.14,2.01,2.2
2004-12-09,,12.88,4.19,2.05,2.2
2004-12-10,,12.76,4.16,2.09,2.21
2004-12-11,,,,2.09,
2004-12-12,,,,2.09,
2004-12-13,,12.54,4.16,2.18,2.21
2004-12-14,,12.73,4.14,2.24,2.18
2004-12-15,,12.35,4.09,2.31,2.17
2004-12-16,,12.27,4.19,2.26,2.16
2004-12-17,,11.95,4.21,2.23,2.16
2004-12-18,,,,2.23,
2004-12-19,,,,2.23,
2004-12-20,,11.83,4.21,2.26,2.19
2004-12-21,,11.55,4.18,2.24,2.17
2004-12-22,,11.45,4.21,2.25,2.15
2004-12-23,,11.23,4.23,2.34,2.15
2004-12-24,,,,2.27,
2004-12-25,,,,2.27,
2004-12-26,,,,2.27,
2004-12-27,,12.14,4.3,2.24,2.24
2004-12-28,,12.0,4.31,2.24,2.22
2004-12-29,,11.62,4.33,2.23,2.19
2004-12-30,,12.56,4.27,2.24,2.18
2004-12-31,,13.29,4.24,1.97,2.18
2005-01-01,,,,1.97,
2005-01-02,,,,1.97,
2005-01-03,,14.08,4.23,2.31,2.29
2005-01-04,,13.98,4.29,2.25,2.3
2005-01-05,,14.09,4.29,2.25,2.29
2005-01-06,,13.58,4.29,2.25,2.27
2005-01-07,,13.49,4.29,2.24,2.28
2005-01-08,,,,2.24,
2005-01-09,,,,2.24,
2005-01-10,,13.23,4.29,2.26,2.33
2005-01-11,,13.19,4.26,2.24,2.31
2005-01-12,,12.56,4.25,2.25,2.3
2005-01-13,,12.84,4.2,2.29,2.31
2005-01-14,,12.43,4.23,2.29,2.32
2005-01-15,,,,2.29,
2005-01-16,,,,2.29,
2005-01-17,,,,2.29,
2005-01-18,,12.47,4.21,2.31,2.36
2005-01-19,,13.18,4.2,2.19,2.33
2005-01-20,,13.83,4.17,2.25,2.31
2005-01-21,,14.36,4.16,2.26,2.31
2005-01-22,,,,2.26,
2005-01-23,,,,2.26,
2005-01-24,,14.65,4.14,2.26,2.34
2005-01-25,,14.06,4.2,2.29,2.36
2005-01-26,,13.44,4.21,2.33,2.37
2005-01-27,,13.24,4.22,2.39,2.4
2005-01-28,,13.24,4.16,2.48,2.41
2005-01-29,,,,2.48,
2005-01-30,,,,2.48,
2005-01-31,,12.82,4.14,2.5,2.48
2005-02-01,,12.03,4.15,2.4,2.47
2005-02-02,,11.66,4.15,2.29,2.47
2005-02-03,,11.79,4.18,2.49,2.44
2005-02-04,,11.21,4.09,2.51,2.43
2005-02-05,,,,2.51,
2005-02-06,,,,2.51,
2005-02-07,,11.73,4.07,2.5,2.48
2005-02-08,,11.6,4.05,2.48,2.48
2005-02-09,,12.0,4.0,2.5,2.47
2005-02-10,,11.51,4.07,2.51,2.47
2005-02-11,,11.43,4.1,2.5,2.5
2005-02-12,,,,2.5,
2005-02-13,,,,2.5,
2005-02-14,,11.52,4.08,2.51,2.55
2005-02-15,,11.27,4.1,2.53,2.55
2005-02-16,,11.1,4.16,2.48,2.53
2005-02-17,,11.77,4.19,2.5,2.53
2005-02-18,,11.18,4.27,2.51,2.56
2005-02-19,,,,2.51,
2005-02-20,,,,2.51,
2005-02-21,,,,2.51,
2005-02-22,,13.14,4.29,2.57,2.63
2005-02-23,,12.39,4.27,2.53,2.63
2005-02-24,,11.57,4.29,2.55,2.64
2005-02-25,,11.49,4.27,2.54,2.69
2005-02-26,,,,2.54,
2005-02-27,,,,2.54,
2005-02-28,,12.08,4.36,2.52,2.72
2005-03-01,,12.04,4.38,2.39,2.7
2005-03-02,,12.5,4.38,2.48,2.68
2005-03-03,,12.93,4.39,2.51,2.7
2005-03-04,,11.94,4.32,2.5,2.7
2005-03-05,,,,2.5,
2005-03-06,,,,2.5,
2005-03-07,,12.26,4.31,2.51,2.71
2005-03-08,,12.4,4.38,2.49,2.7
2005-03-09,,12.7,4.52,2.5,2.7
2005-03-10,,12.49,4.48,2.52,2.69
2005-03-11,,12.8,4.56,2.51,2.7
2005-03-12,,,,2.51,
2005-03-13,,,,2.51,
2005-03-14,,12.39,4.52,2.59,2.75
2005-03-15,,13.15,4.54,2.61,2.75
2005-03-16,,13.49,4.52,2.57,2.74
2005-03-17,,13.29,4.47,2.68,2.73
2005-03-18,,13.14,4.51,2.7,2.75
2005-03-19,,,,2.7,
2005-03-20,,,,2.7,
2005-03-21,,13.61,4.53,2.71,2.8
2005-03-22,,14.27,4.63,2.72,2.83
2005-03-23,,14.06,4.61,2.73,2.77
2005-03-24,,13.42,4.6,2.75,2.78
2005-03-25,,,,2.8,
2005-03-26,,,,2.8,
2005-03-27,,,,2.8,
2005-03-28,,13.75,4.64,2.79,2.79
2005-03-29,,14.49,4.6,2.72,2.78
2005-03-30,,13.64,4.56,2.74,2.77
2005-03-31,,14.02,4.5,2.96,2.73
2005-04-01,,14.09,4.46,2.83,2.74
2005-04-02,,,,2.83,
2005-04-03,,,,2.83,
2005-04-04,,14.11,4.47,2.78,2.75
2005-04-05,,13.68,4.48,2.72,2.74
2005-04-06,,13.15,4.44,2.73,2.71
2005-04-07,,12.33,4.49,2.76,2.71
2005-04-08,,12.62,4.5,2.75,2.73
2005-04-09,,,,2.75,
2005-04-10,,,,2.75,
2005-04-11,,11.98,4.45,2.78,2.71
2005-04-12,,11.3,4.38,2.77,2.71
2005-04-13,,13.31,4.38,2.76,2.72
2005-04-14,,14.53,4.37,2.79,2.72
2005-04-15,,17.74,4.27,2.82,2.73
2005-04-16,,,,2.82,
2005-04-17,,,,2.82,
2005-04-18,,16.56,4.27,2.75,2.85
2005-04-19,,14.96,4.21,2.74,2.85
2005-04-20,,16.92,4.22,2.74,2.81
2005-04-21,,14.41,4.32,2.75,2.82
2005-04-22,,15.38,4.26,2.74,2.87
2005-04-23,,,,2.74,
2005-04-24,,,,2.74,
2005-04-25,,14.62,4.26,2.82,2.88
2005-04-26,,14.91,4.28,2.78,2.86
2005-04-27,,14.87,4.25,2.63,2.83
2005-04-28,,16.86,4.19,2.89,2.82
2005-04-29,,15.31,4.21,2.97,2.84
2005-04-30,,,,2.97,
2005-05-01,,,,2.97,
2005-05-02,,15.12,4.21,2.98,2.88
2005-05-03,,14.53,4.21,2.95,2.85
2005-05-04,,13.85,4.2,2.99,2.81
2005-05-05,,13.98,4.19,2.99,2.75
2005-05-06,,14.05,4.28,2.98,2.8
2005-05-07,,,,2.98,
2005-05-08,,,,2.98,
2005-05-09,,13.75,4.29,2.99,2.86
2005-05-10,,14.91,4.23,2.99,2.84
2005-05-11,,14.45,4.21,2.99,2.81
2005-05-12,,16.12,4.18,3.01,2.82
2005-05-13,,16.32,4.12,3.01,2.76
2005-05-14,,,,3.01,
2005-05-15,,,,3.01,
2005-05-16,,15.68,4.13,3.06,2.84
2005-05-17,,14.57,4.12,2.99,2.82
2005-05-18,,13.63,4.07,3.0,2.8
2005-05-19,,13.32,4.11,3.02,2.81
2005-05-20,,13.14,4.13,3.01,2.83
2005-05-21,,,,3.01,
2005-05-22,,,,3.01,
2005-05-23,,12.95,4.07,3.01,2.91
2005-05-24,,12.69,4.04,2.99,2.88
2005-05-25,,12.58,4.08,3.01,2.89
2005-05-26,,12.24,4.08,3.01,2.88
2005-05-27,,12.15,4.08,3.01,2.9
2005-05-28,,,,3.01,
2005-05-29,,,,3.01,
2005-05-30,,,,3.01,
2005-05-31,,13.29,4.0,3.09,2.93
2005-06-01,,12.36,3.91,3.02,2.91
2005-06-02,,11.84,3.89,3.0,2.91
2005-06-03,,12.15,3.98,2.99,2.94
2005-06-04,,,,2.99,
2005-06-05,,,,2.99,
2005-06-06,,12.28,3.96,3.0,2.96
2005-06-07,,12.39,3.92,2.96,2.96
2005-06-08,,12.7,3.95,2.96,2.96
2005-06-09,,12.08,3.98,3.01,2.93
2005-06-10,,11.96,4.05,3.01,2.94
2005-06-11,,,,3.01,
2005-06-12,,,,3.01,
2005-06-13,,11.65,4.09,3.04,2.97
2005-06-14,,11.79,4.13,3.01,2.95
2005-06-15,,11.46,4.12,3.05,2.94
2005-06-16,,11.15,4.09,3.0,2.91
2005-06-17,,11.48,4.09,2.99,2.92
2005-06-18,,,,2.99,
2005-06-19,,,,2.99,
2005-06-20,,11.47,4.11,3.01,2.96
2005-06-21,,11.08,4.06,2.96,2.96
2005-06-22,,11.05,3.95,2.93,2.97
2005-06-23,,12.13,3.96,3.05,3.0
2005-06-24,,12.18,3.92,3.07,3.02
2005-06-25,,,,3.07,
2005-06-26,,,,3.07,
2005-06-27,,12.52,3.9,3.17,3.09
2005-06-28,,11.58,3.97,3.17,3.08
2005-06-29,,11.77,3.99,3.2,3.06
2005-06-30,,12.04,3.94,3.35,3.06
2005-07-01,,11.4,4.06,3.36,3.1
2005-07-02,,,,3.36,
2005-07-03,,,,3.36,
2005-07-04,,,,3.36,
2005-07-05,,11.68,4.11,3.27,3.15
2005-07-06,,12.27,4.08,2.99,3.12
2005-07-07,,12.49,4.05,3.18,3.08
2005-07-08,,11.45,4.11,3.22,3.1
2005-07-09,,,,3.22,
2005-07-10,,,,3.22,
2005-07-11,,11.28,4.11,3.23,3.13
2005-07-12,,10.95,4.15,3.23,3.14
2005-07-13,,10.84,4.17,3.27,3.15
2005-07-14,,10.81,4.19,3.32,3.16
2005-07-15,,10.33,4.18,3.32,3.18
2005-07-16,,,,3.32,
2005-07-17,,,,3.32,
2005-07-18,,10.77,4.22,3.19,3.23
2005-07-19,,10.45,4.2,3.13,3.24
2005-07-20,,10.23,4.17,3.25,3.23
2005-07-21,,10.97,4.28,3.27,3.27
2005-07-22,,10.52,4.23,3.25,3.3
2005-07-23,,,,3.25,
2005-07-24,,,,3.25,
2005-07-25,,11.1,4.25,3.28,3.37
2005-07-26,,10.99,4.24,3.25,3.36
2005-07-27,,10.36,4.27,3.27,3.33
2005-07-28,,10.52,4.2,3.27,3.33
2005-07-29,,11.57,4.28,3.31,3.34
2005-07-30,,,,3.31,
2005-07-31,,,,3.31,
2005-08-01,,12.08,4.32,3.3,3.41
2005-08-02,,11.75,4.34,3.2,3.41
2005-08-03,,11.83,4.3,3.35,3.38
2005-08-04,,12.52,4.32,3.44,3.39
2005-08-05,,12.48,4.4,3.49,3.44
2005-08-06,,,,3.49,
2005-08-07,,,,3.49,
2005-08-08,,13.21,4.42,3.5,3.47
2005-08-09,,12.4,4.41,3.47,3.44
2005-08-10,,12.38,4.4,3.48,3.43
2005-08-11,,12.42,4.32,3.51,3.43
2005-08-12,,12.74,4.24,3.55,3.44
2005-08-13,,,,3.55,
2005-08-14,,,,3.55,
2005-08-15,,12.26,4.27,3.61,3.47
2005-08-16,,13.52,4.23,3.46,3.46
2005-08-17,,13.3,4.28,3.57,3.44
2005-08-18,,13.42,4.21,3.5,3.42
2005-08-19,,13.42,4.21,3.54,3.44
2005-08-20,,,,3.54,
2005-08-21,,,,3.54,
2005-08-22,,13.42,4.22,3.51,3.46
2005-08-23,,13.34,4.2,3.49,3.46
2005-08-24,,14.17,4.19,3.5,3.45
2005-08-25,,13.73,4.18,3.55,3.46
2005-08-26,,13.72,4.2,3.54,3.47
2005-08-27,,,,3.54,
2005-08-28,,,,3.54,
2005-08-29,,13.52,4.2,3.54,3.47
2005-08-30,,13.65,4.16,3.52,3.46
2005-08-31,,12.6,4.02,3.63,3.44
2005-09-01,,13.15,4.02,3.57,3.4
2005-09-02,,13.57,4.03,3.49,3.38
2005-09-03,,,,3.49,
2005-09-04,,,,3.49,
2005-09-05,,,,3.49,
2005-09-06,,12.93,4.09,3.57,3.45
2005-09-07,,12.52,4.15,3.48,3.41
2005-09-08,,12.93,4.15,3.49,3.4
2005-09-09,,11.98,4.14,3.49,3.41
2005-09-10,,,,3.49,
2005-09-11,,,,3.49,
2005-09-12,,11.65,4.18,3.5,3.44
2005-09-13,,12.39,4.14,3.45,3.4
2005-09-14,,12.91,4.17,3.54,3.35
2005-09-15,,12.49,4.22,3.67,3.37
2005-09-16,,11.22,4.26,3.62,3.42
2005-09-17,,,,3.62,
2005-09-18,,,,3.62,
2005-09-19,,12.14,4.25,3.62,3.51
2005-09-20,,12.64,4.26,3.67,3.54
2005-09-21,,13.79,4.19,3.72,3.34
2005-09-22,,13.33,4.19,3.77,3.39
2005-09-23,,12.96,4.25,3.76,3.4
2005-09-24,,,,3.76,
2005-09-25,,,,3.76,
2005-09-26,,13.04,4.3,3.83,3.46
2005-09-27,,12.76,4.3,3.73,3.42
2005-09-28,,12.63,4.26,3.76,3.39
2005-09-29,,12.24,4.29,3.82,3.46
2005-09-30,,11.92,4.34,3.93,3.47
2005-10-01,,,,3.93,
2005-10-02,,,,3.93,
2005-10-03,,12.46,4.39,3.87,3.54
2005-10-04,,13.2,4.38,3.75,3.55
2005-10-05,,14.55,4.36,3.75,3.5
2005-10-06,,14.96,4.37,3.76,3.52
2005-10-07,,14.59,4.35,3.73,3.54
2005-10-08,,,,3.73,
2005-10-09,,,,3.73,
2005-10-10,,15.55,,3.73,
2005-10-11,,15.63,4.39,3.72,3.65
2005-10-12,,16.22,4.45,3.36,3.62
2005-10-13,,16.47,4.48,3.75,3.66
2005-10-14,,14.87,4.48,3.77,3.69
2005-10-15,,,,3.77,
2005-10-16,,,,3.77,
2005-10-17,,14.67,4.5,3.82,3.78
2005-10-18,,15.33,4.49,3.71,3.77
2005-10-19,,13.5,4.47,3.71,3.77
2005-10-20,,16.11,4.46,3.77,3.76
2005-10-21,,16.13,4.39,3.76,3.77
2005-10-22,,,,3.76,
2005-10-23,,,,3.76,
2005-10-24,,14.74,4.45,3.76,3.84
2005-10-25,,14.53,4.54,3.74,3.84
2005-10-26,,14.59,4.6,3.75,3.81
2005-10-27,,16.02,4.57,3.85,3.79
2005-10-28,,14.25,4.58,3.9,3.83
2005-10-29,,,,3.9,
2005-10-30,,,,3.9,
2005-10-31,,15.32,4.57,4.02,3.89
2005-11-01,,14.85,4.58,3.99,3.87
2005-11-02,,13.48,4.61,3.99,3.85
2005-11-03,,13.0,4.65,4.01,3.85
2005-11-04,,13.17,4.66,4.0,3.88
2005-11-05,,,,4.0,
2005-11-06,,,,4.0,
2005-11-07,,13.1,4.65,3.99,3.87
2005-11-08,,13.08,4.57,3.95,3.87
2005-11-09,,12.8,4.64,4.02,3.9
2005-11-10,,11.9,4.55,3.98,3.88
2005-11-11,,11.63,,3.98,
2005-11-12,,,,3.98,
2005-11-13,,,,3.98,
2005-11-14,,12.18,4.61,4.03,3.93
2005-11-15,,12.23,4.56,3.97,3.92
2005-11-16,,12.26,4.49,3.96,3.91
2005-11-17,,11.25,4.46,3.98,3.92
2005-11-18,,11.12,4.5,4.0,3.91
2005-11-19,,,,4.0,
2005-11-20,,,,4.0,
2005-11-21,,10.82,4.46,4.03,3.91
2005-11-22,,10.6,4.43,3.99,3.84
2005-11-23,,10.96,4.47,4.01,3.86
2005-11-24,,,,4.01,
2005-11-25,,10.88,4.43,4.03,3.86
2005-11-26,,,,4.03,
2005-11-27,,,,4.03,
2005-11-28,,11.84,4.41,4.01,3.89
2005-11-29,,11.89,4.48,3.99,3.89
2005-11-30,,12.06,4.49,4.03,3.86
2005-12-01,,11.24,4.52,4.03,3.88
2005-12-02,,11.01,4.52,4.0,3.9
2005-12-03,,,,4.0,
2005-12-04,,,,4.0,
2005-12-05,,11.6,4.57,4.02,3.95
2005-12-06,,11.52,4.49,3.97,3.95
2005-12-07,,12.18,4.52,3.98,3.94
2005-12-08,,12.21,4.47,4.09,3.85
2005-12-09,,11.69,4.54,4.16,3.85
2005-12-10,,,,4.16,
2005-12-11,,,,4.16,
2005-12-12,,11.47,4.56,4.24,3.83
2005-12-13,,11.11,4.54,4.23,3.83
2005-12-14,,10.48,4.45,4.26,3.81
2005-12-15,,10.73,4.47,4.29,3.84
2005-12-16,,10.68,4.45,4.25,3.84
2005-12-17,,,,4.25,
2005-12-18,,,,4.25,
2005-12-19,,11.38,4.45,4.25,3.89
2005-12-20,,11.19,4.47,4.3,3.88
2005-12-21,,10.81,4.49,4.08,3.9
2005-12-22,,10.29,4.44,4.25,3.89
2005-12-23,,10.27,4.38,4.21,3.9
2005-12-24,,,,4.21,
2005-12-25,,,,4.21,
2005-12-26,,,,4.21,
2005-12-27,,11.57,4.34,4.26,3.9
2005-12-28,,11.35,4.38,4.19,3.87
2005-12-29,,11.61,4.37,4.18,3.92
2005-12-30,,12.07,4.39,4.09,3.99
2005-12-31,,,,4.09,
2006-01-01,,,,4.09,
2006-01-02,,,,4.09,
2006-01-03,,11.14,4.37,4.34,4.07
2006-01-04,,11.37,4.36,4.22,4.09
2006-01-05,,11.31,4.36,4.24,4.1
2006-01-06,,11.0,4.38,4.22,4.12
2006-01-07,,,,4.22,
2006-01-08,,,,4.22,
2006-01-09,,11.13,4.38,4.25,4.14
2006-01-10,,10.86,4.43,4.24,4.19
2006-01-11,,10.94,4.46,4.24,4.2
2006-01-12,,11.2,4.42,4.28,4.22
2006-01-13,,11.23,4.36,4.3,4.23
2006-01-14,,,,4.3,
2006-01-15,,,,4.3,
2006-01-16,,,,4.3,
2006-01-17,,11.91,4.34,4.32,4.28
2006-01-18,,12.25,4.34,4.24,4.25
2006-01-19,,11.98,4.38,4.23,4.25
2006-01-20,,14.56,4.37,4.24,4.25
2006-01-21,,,,4.24,
2006-01-22,,,,4.24,
2006-01-23,,13.93,4.36,4.26,4.28
2006-01-24,,13.31,4.4,4.28,4.3
2006-01-25,,12.87,4.49,4.36,4.32
2006-01-26,,12.42,4.53,4.37,4.34
2006-01-27,,11.97,4.52,4.42,4.34
2006-01-28,,,,4.42,
2006-01-29,,,,4.42,
2006-01-30,,12.39,4.54,4.48,4.38
2006-01-31,,12.95,4.53,4.47,4.37
2006-02-01,,12.36,4.57,4.47,4.37
2006-02-02,,13.23,4.57,4.48,4.37
2006-02-03,,12.96,4.54,4.51,4.37
2006-02-04,,,,4.51,
2006-02-05,,,,4.51,
2006-02-06,,13.04,4.55,4.51,4.38
2006-02-07,,13.59,4.57,4.47,4.39
2006-02-08,,12.83,4.56,4.48,4.4
2006-02-09,,13.12,4.54,4.52,4.41
2006-02-10,,12.87,4.59,4.51,4.42
2006-02-11,,,,4.51,
2006-02-12,,,,4.51,
2006-02-13,,13.35,4.58,4.44,4.45
2006-02-14,,12.25,4.62,4.45,4.45
2006-02-15,,12.31,4.61,4.5,4.44
2006-02-16,,11.48,4.59,4.48,4.44
2006-02-17,,12.01,4.54,4.48,4.43
2006-02-18,,,,4.48,
2006-02-19,,,,4.48,
2006-02-20,,,,4.48,
2006-02-21,,12.41,4.57,4.54,4.46
2006-02-22,,11.88,4.53,4.49,4.46
2006-02-23,,11.87,4.56,4.47,4.48
2006-02-24,,11.46,4.58,4.48,4.49
2006-02-25,,,,4.48,
2006-02-26,,,,4.48,
2006-02-27,,11.59,4.59,4.52,4.51
2006-02-28,,12.34,4.55,4.52,4.51
2006-03-01,,11.54,4.59,4.52,4.49
2006-03-02,,11.72,4.64,4.5,4.5
2006-03-03,,11.96,4.68,4.51,4.5
2006-03-04,,,,4.51,
2006-03-05,,,,4.51,
2006-03-06,,12.74,4.74,4.51,4.49
2006-03-07,,12.66,4.74,4.51,4.49
2006-03-08,,12.32,4.73,4.51,4.47
2006-03-09,,12.68,4.74,4.51,4.48
2006-03-10,,11.85,4.76,4.51,4.5
2006-03-11,,,,4.51,
2006-03-12,,,,4.51,
2006-03-13,,11.37,4.77,4.52,4.5
2006-03-14,,10.74,4.71,4.51,4.48
2006-03-15,,11.35,4.73,4.47,4.51
2006-03-16,,11.98,4.65,4.55,4.5
2006-03-17,,12.12,4.68,4.6,4.52
2006-03-18,,,,4.6,
2006-03-19,,,,4.6,
2006-03-20,,11.79,4.66,4.55,4.55
2006-03-21,,11.62,4.71,4.54,4.57
2006-03-22,,11.21,4.7,4.58,4.57
2006-03-23,,11.17,4.73,4.64,4.55
2006-03-24,,11.19,4.67,4.69,4.54
2006-03-25,,,,4.69,
2006-03-26,,,,4.69,
2006-03-27,,11.46,4.7,4.77,4.51
2006-03-28,,11.58,4.79,4.7,4.53
2006-03-29,,10.95,4.81,4.69,4.51
2006-03-30,,11.57,4.86,4.76,4.5
2006-03-31,,11.39,4.86,5.0,4.52
2006-04-01,,,,5.0,
2006-04-02,,,,5.0,
2006-04-03,,11.57,4.88,4.87,4.55
2006-04-04,,11.14,4.87,4.76,4.56
2006-04-05,,11.13,4.84,4.76,4.55
2006-04-06,,11.45,4.9,4.76,4.56
2006-04-07,,12.26,4.97,4.76,4.57
2006-04-08,,,,4.76,
2006-04-09,,,,4.76,
2006-04-10,,12.19,4.97,4.78,4.58
2006-04-11,,13.0,4.93,4.74,4.58
2006-04-12,,12.76,4.98,4.78,4.58
2006-04-13,,12.38,5.05,4.82,4.58
2006-04-14,,,,4.8,
2006-04-15,,,,4.8,
2006-04-16,,,,4.8,
2006-04-17,,12.58,5.01,4.78,4.61
2006-04-18,,11.4,4.99,4.72,4.61
2006-04-19,,11.32,5.04,4.7,4.61
2006-04-20,,11.64,5.04,4.73,4.61
2006-04-21,,11.59,5.01,4.74,4.63
2006-04-22,,,,4.74,
2006-04-23,,,,4.74,
2006-04-24,,11.75,4.99,4.77,4.64
2006-04-25,,11.75,5.07,4.74,4.67
2006-04-26,,11.76,5.12,4.73,4.67
2006-04-27,,11.84,5.09,4.79,4.66
2006-04-28,,11.59,5.07,4.86,4.65
2006-04-29,,,,4.86,
2006-04-30,,,,4.86,
2006-05-01,,12.54,5.14,4.84,4.7
2006-05-02,,11.99,5.12,4.79,4.69
2006-05-03,,11.99,5.15,4.81,4.7
2006-05-04,,11.86,5.16,4.83,4.68
2006-05-05,,11.62,5.12,4.83,4.7
2006-05-06,,,,4.83,
2006-05-07,,,,4.83,
2006-05-08,,12.0,5.12,4.88,4.75
2006-05-09,,11.99,5.13,4.78,4.76
2006-05-10,,11.78,5.13,4.88,4.76
2006-05-11,,12.49,5.14,4.99,4.7
2006-05-12,,14.19,5.19,5.01,4.72
2006-05-13,,,,5.01,
2006-05-14,,,,5.01,
2006-05-15,,13.57,5.15,5.01,4.74
2006-05-16,,13.35,5.1,4.98,4.71
2006-05-17,,16.26,5.16,4.96,4.71
2006-05-18,,16.99,5.08,5.0,4.71
2006-05-19,,17.18,5.05,5.0,4.7
2006-05-20,,,,5.0,
2006-05-21,,,,5.0,
2006-05-22,,17.72,5.04,5.0,4.71
2006-05-23,,18.26,5.07,4.94,4.72
2006-05-24,,17.36,5.03,4.9,4.7
2006-05-25,,15.5,5.07,5.01,4.7
2006-05-26,,14.26,5.06,4.99,4.72
2006-05-27,,,,4.99,
2006-05-28,,,,4.99,
2006-05-29,,,,4.99,
2006-05-30,,18.66,5.09,5.02,4.72
2006-05-31,,16.44,5.12,5.05,4.74
2006-06-01,,14.52,5.11,5.02,4.71
2006-06-02,,14.32,5.0,4.97,4.69
2006-06-03,,,,4.97,
2006-06-04,,,,4.97,
2006-06-05,,16.65,5.02,5.01,4.73
2006-06-06,,17.34,5.01,4.99,4.74
2006-06-07,,17.8,5.02,4.99,4.74
2006-06-08,,18.35,5.0,5.02,4.74
2006-06-09,,18.12,4.98,5.0,4.75
2006-06-10,,,,5.0,
2006-06-11,,,,5.0,
2006-06-12,,20.96,4.99,5.01,4.81
2006-06-13,,23.81,4.97,5.0,4.77
2006-06-14,,21.46,5.05,5.0,4.77
2006-06-15,,15.9,5.1,5.02,4.72
2006-06-16,,17.25,5.13,4.94,4.75
2006-06-17,,,,4.94,
2006-06-18,,,,4.94,
2006-06-19,,17.83,5.14,4.95,4.81
2006-06-20,,16.69,5.15,4.92,4.8
2006-06-21,,15.52,5.16,4.91,4.79
2006-06-22,,15.88,5.2,4.98,4.79
2006-06-23,,15.89,5.23,4.98,4.84
2006-06-24,,,,4.98,
2006-06-25,,,,4.98,
2006-06-26,,15.62,5.25,5.03,4.91
2006-06-27,,16.4,5.21,5.02,4.92
2006-06-28,,15.79,5.25,5.06,4.88
2006-06-29,,13.03,5.22,5.08,4.88
2006-06-30,,13.08,5.15,5.05,4.87
2006-07-01,,,,5.05,
2006-07-02,,,,5.05,
2006-07-03,,13.05,5.15,5.25,4.96
2006-07-04,,,,5.25,
2006-07-05,,14.15,5.23,5.25,4.88
2006-07-06,,13.65,5.19,5.24,4.87
2006-07-07,,13.97,5.14,5.22,4.89
2006-07-08,,,,5.22,
2006-07-09,,,,5.22,
2006-07-10,,14.02,5.13,5.24,4.93
2006-07-11,,13.14,5.1,5.25,4.92
2006-07-12,,14.49,5.1,5.27,4.93
2006-07-13,,17.79,5.08,5.26,4.92
2006-07-14,,18.05,5.07,5.26,4.93
2006-07-15,,,,5.26,
2006-07-16,,,,5.26,
2006-07-17,,18.64,5.07,5.28,4.98
2006-07-18,,17.74,5.13,5.22,5.0
2006-07-19,,15.55,5.06,5.23,4.98
2006-07-20,,16.21,5.03,5.24,4.95
2006-07-21,,17.4,5.05,5.23,4.96
2006-07-22,,,,5.23,
2006-07-23,,,,5.23,
2006-07-24,,14.98,5.05,5.24,4.97
2006-07-25,,14.85,5.07,5.24,5.0
2006-07-26,,14.62,5.04,5.24,4.98
2006-07-27,,14.94,5.07,5.27,4.97
2006-07-28,,14.33,5.0,5.26,4.94
2006-07-29,,,,5.26,
2006-07-30,,,,5.26,
2006-07-31,,14.95,4.99,5.31,4.97
2006-08-01,,15.05,4.99,5.27,4.99
2006-08-02,,14.34,4.96,5.25,4.97
2006-08-03,,14.46,4.96,5.27,4.98
2006-08-04,,14.34,4.91,5.25,4.96
2006-08-05,,,,5.25,
2006-08-06,,,,5.25,
2006-08-07,,15.23,4.93,5.24,4.99
2006-08-08,,15.23,4.93,5.26,4.97
2006-08-09,,15.2,4.92,5.25,4.94
2006-08-10,,14.46,4.93,5.24,4.92
2006-08-11,,14.3,4.97,5.24,4.94
2006-08-12,,,,5.24,
2006-08-13,,,,5.24,
2006-08-14,,14.26,5.0,5.26,4.99
2006-08-15,,13.42,4.93,5.24,4.97
2006-08-16,,12.41,4.87,5.17,4.94
2006-08-17,,12.24,4.87,5.2,4.96
2006-08-18,,11.64,4.84,5.25,4.97
2006-08-19,,,,5.25,
2006-08-20,,,,5.25,
2006-08-21,,12.22,4.82,5.24,4.98
2006-08-22,,12.19,4.82,5.24,4.97
2006-08-23,,12.4,4.82,5.25,4.96
2006-08-24,,12.4,4.81,5.25,4.96
2006-08-25,,12.31,4.79,5.25,4.98
2006-08-26,,,,5.25,
2006-08-27,,,,5.25,
2006-08-28,,12.18,4.8,5.25,4.97
2006-08-29,,12.28,4.79,5.23,4.94
2006-08-30,,12.22,4.76,5.25,4.92
2006-08-31,,12.31,4.74,5.31,4.92
2006-09-01,,11.96,4.73,5.25,4.89
2006-09-02,,,,5.25,
2006-09-03,,,,5.25,
2006-09-04,,,,5.25,
2006-09-05,,12.63,4.78,5.26,4.87
2006-09-06,,13.74,4.8,5.21,4.84
2006-09-07,,13.88,4.8,5.23,4.84
2006-09-08,,13.16,4.78,5.23,4.8
2006-09-09,,,,5.23,
2006-09-10,,,,5.23,
2006-09-11,,12.99,4.8,5.24,4.81
2006-09-12,,11.92,4.78,5.21,4.78
2006-09-13,,11.18,4.77,5.26,4.79
2006-09-14,,11.55,4.79,5.26,4.82
2006-09-15,,11.76,4.8,5.25,4.83
2006-09-16,,,,5.25,
2006-09-17,,,,5.25,
2006-09-18,,11.78,4.81,5.23,4.82
2006-09-19,,11.98,4.74,5.21,4.82
2006-09-20,,11.39,4.73,5.23,4.81
2006-09-21,,12.25,4.65,5.24,4.79
2006-09-22,,12.59,4.6,5.27,4.8
2006-09-23,,,,5.27,
2006-09-24,,,,5.27,
2006-09-25,,12.12,4.56,5.3,4.76
2006-09-26,,11.53,4.59,5.25,4.76
2006-09-27,,11.58,4.6,5.3,4.76
2006-09-28,,11.72,4.63,5.28,4.75
2006-09-29,,11.98,4.64,5.34,4.77
2006-09-30,,,,5.34,
2006-10-01,,,,5.34,
2006-10-02,,12.57,4.62,5.33,4.76
2006-10-03,,12.24,4.62,5.25,4.78
2006-10-04,,11.86,4.57,5.23,4.8
2006-10-05,,11.98,4.61,5.23,4.81
2006-10-06,,11.56,4.7,5.22,4.82
2006-10-07,,,,5.22,
2006-10-08,,,,5.22,
2006-10-09,,11.68,,5.22,
2006-10-10,,11.52,4.75,5.28,4.87
2006-10-11,,11.62,4.78,5.25,4.89
2006-10-12,,11.09,4.79,5.25,4.93
2006-10-13,,10.75,4.81,5.21,4.92
2006-10-14,,,,5.21,
2006-10-15,,,,5.21,
2006-10-16,,11.09,4.79,5.28,4.96
2006-10-17,,11.73,4.78,5.21,4.96
2006-10-18,,11.34,4.77,5.23,4.96
2006-10-19,,10.9,4.79,5.22,4.97
2006-10-20,,10.63,4.79,5.25,4.96
2006-10-21,,,,5.25,
2006-10-22,,,,5.25,
2006-10-23,,11.08,4.83,5.24,4.99
2006-10-24,,10.78,4.83,5.24,5.0
2006-10-25,,10.66,4.78,5.26,4.99
2006-10-26,,10.56,4.73,5.23,4.99
2006-10-27,,10.8,4.68,5.23,4.98
2006-10-28,,,,5.23,
2006-10-29,,,,5.23,
2006-10-30,,11.2,4.68,5.27,4.97
2006-10-31,,11.1,4.61,5.31,4.95
2006-11-01,,11.51,4.57,5.23,4.94
2006-11-02,,11.42,4.6,5.22,4.94
2006-11-03,,11.16,4.72,5.25,4.96
2006-11-04,,,,5.25,
2006-11-05,,,,5.25,
2006-11-06,,11.16,4.71,5.24,4.96
2006-11-07,,11.09,4.66,5.22,4.95
2006-11-08,,10.75,4.64,5.22,4.97
2006-11-09,,11.01,4.62,5.23,4.96
2006-11-10,,10.79,4.59,5.23,4.97
2006-11-11,,,,5.23,
2006-11-12,,,,5.23,
2006-11-13,,10.86,4.61,5.27,4.96
2006-11-14,,10.5,4.57,5.25,4.96
2006-11-15,,10.31,4.61,5.29,4.96
2006-11-16,,10.16,4.66,5.25,4.96
2006-11-17,,10.05,4.61,5.2,4.96
2006-11-18,,,,5.2,
2006-11-19,,,,5.2,
2006-11-20,,9.97,4.6,5.25,4.95
2006-11-21,,9.9,4.58,5.29,4.94
2006-11-22,,10.14,4.57,5.26,4.92
2006-11-23,,,,5.26,
2006-11-24,,10.73,4.55,5.24,4.91
2006-11-25,,,,5.24,
2006-11-26,,,,5.24,
2006-11-27,,12.3,4.54,5.32,4.92
2006-11-28,,11.62,4.51,5.24,4.91
2006-11-29,,10.83,4.52,5.26,4.91
2006-11-30,,10.91,4.46,5.31,4.9
2006-12-01,,11.66,4.43,5.27,4.9
2006-12-02,,,,5.27,
2006-12-03,,,,5.27,
2006-12-04,,11.23,4.43,5.22,4.88
2006-12-05,,11.27,4.45,5.21,4.86
2006-12-06,,11.33,4.48,5.22,4.86
2006-12-07,,12.67,4.49,5.25,4.85
2006-12-08,,12.07,4.56,5.25,4.84
2006-12-09,,,,5.25,
2006-12-10,,,,5.25,
2006-12-11,,10.71,4.52,5.25,4.81
2006-12-12,,10.65,4.49,5.23,4.81
2006-12-13,,10.18,4.58,5.23,4.82
2006-12-14,,9.97,4.6,5.29,4.83
2006-12-15,,10.05,4.6,5.27,4.79
2006-12-16,,,,5.27,
2006-12-17,,,,5.27,
2006-12-18,,10.6,4.6,5.21,4.84
2006-12-19,,10.3,4.6,5.21,4.84
2006-12-20,,10.26,4.6,5.26,4.84
2006-12-21,,10.53,4.55,5.25,4.84
2006-12-22,,11.36,4.63,5.24,4.86
2006-12-23,,,,5.24,
2006-12-24,,,,5.24,
2006-12-25,,,,5.24,
2006-12-26,,11.26,4.61,5.29,4.87
2006-12-27,,10.64,4.66,5.17,4.85
2006-12-28,,10.99,4.7,5.25,4.87
2006-12-29,,11.56,4.71,5.17,4.89
2006-12-30,,,,5.17,
2006-12-31,,,,5.17,
2007-01-01,,,,5.17,
2007-01-02,,,4.68,5.3,4.94
2007-01-03,,12.04,4.67,5.28,4.92
2007-01-04,,11.51,4.62,5.24,4.91
2007-01-05,,12.14,4.65,5.21,4.92
2007-01-06,,,,5.21,
2007-01-07,,,,5.21,
2007-01-08,,12.0,4.66,5.23,4.95
2007-01-09,,11.91,4.66,5.25,4.95
2007-01-10,,11.47,4.69,5.26,4.96
2007-01-11,,10.87,4.74,5.27,4.98
2007-01-12,,10.15,4.77,5.22,4.96
2007-01-13,,,,5.22,
2007-01-14,,,,5.22,
2007-01-15,,,,5.22,
2007-01-16,,10.74,4.75,5.28,4.98
2007-01-17,,10.59,4.79,5.25,4.99
2007-01-18,,10.85,4.75,5.23,4.99
2007-01-19,,10.4,4.78,5.25,5.01
2007-01-20,,,,5.25,
2007-01-21,,,,5.25,
2007-01-22,,10.77,4.76,5.24,5.0
2007-01-23,,10.34,4.81,5.26,5.01
2007-01-24,,9.89,4.81,5.27,5.0
2007-01-25,,11.22,4.87,5.31,5.01
2007-01-26,,11.13,4.88,5.26,5.0
2007-01-27,,,,5.26,
2007-01-28,,,,5.26,
2007-01-29,,11.45,4.9,5.26,5.01
2007-01-30,,10.96,4.88,5.23,5.0
2007-01-31,,10.42,4.83,5.33,4.99
2007-02-01,,10.31,4.84,5.29,5.0
2007-02-02,,10.08,4.83,5.24,5.01
2007-02-03,,,,5.24,
2007-02-04,,,,5.24,
2007-02-05,,10.55,4.81,5.25,5.02
2007-02-06,,10.65,4.77,5.24,5.01
2007-02-07,,10.32,4.74,5.23,5.02
2007-02-08,,10.44,4.73,5.25,5.03
2007-02-09,,11.1,4.79,5.25,5.02
2007-02-10,,,,5.25,
2007-02-11,,,,5.25,
2007-02-12,,11.61,4.8,5.28,5.04
2007-02-13,,10.34,4.82,5.26,5.03
2007-02-14,,10.23,4.74,5.27,5.02
2007-02-15,,10.22,4.7,5.29,5.03
2007-02-16,,10.02,4.69,5.24,5.04
2007-02-17,,,,5.24,
2007-02-18,,,,5.24,
2007-02-19,,,,5.24,
2007-02-20,,10.24,4.68,5.27,5.05
2007-02-21,,10.2,4.69,5.23,5.04
2007-02-22,,10.18,4.73,5.26,5.05
2007-02-23,,10.58,4.68,5.24,5.05
2007-02-24,,,,5.24,
2007-02-25,,,,5.24,
2007-02-26,,11.15,4.63,5.3,5.05
2007-02-27,,18.31,4.5,5.27,4.99
2007-02-28,,15.42,4.56,5.41,5.01
2007-03-01,,15.82,4.56,5.31,5.0
2007-03-02,,18.61,4.52,5.23,4.98
2007-03-03,,,,5.23,
2007-03-04,,,,5.23,
2007-03-05,,19.63,4.51,5.27,4.97
2007-03-06,,15.96,4.53,5.22,4.99
2007-03-07,,15.24,4.5,5.24,4.97
2007-03-08,,14.29,4.51,5.24,4.95
2007-03-09,,14.09,4.59,5.24,4.96
2007-03-10,,,,5.24,
2007-03-11,,,,5.24,
2007-03-12,,13.99,4.56,5.25,4.96
2007-03-13,,18.13,4.5,5.25,4.94
2007-03-14,,17.27,4.53,5.27,4.92
2007-03-15,,16.43,4.54,5.29,4.91
2007-03-16,,16.79,4.55,5.25,4.9
2007-03-17,,,,5.25,
2007-03-18,,,,5.25,
2007-03-19,,14.59,4.58,5.26,4.93
2007-03-20,,13.27,4.56,5.26,4.92
2007-03-21,,12.19,4.53,5.26,4.91
2007-03-22,,12.93,4.6,5.27,4.92
2007-03-23,,12.95,4.62,5.24,4.94
2007-03-24,,,,5.24,
2007-03-25,,,,5.24,
2007-03-26,,13.16,4.6,5.28,4.93
2007-03-27,,13.48,4.62,5.25,4.93
2007-03-28,,14.98,4.62,5.27,4.92
2007-03-29,,15.14,4.64,5.29,4.91
2007-03-30,,14.64,4.65,5.3,4.9
2007-03-31,,,,5.3,
2007-04-01,,,,5.3,
2007-04-02,,14.53,4.65,5.25,4.91
2007-04-03,,13.46,4.67,5.2,4.91
2007-04-04,,13.24,4.66,5.21,4.92
2007-04-05,,13.23,4.68,5.3,4.9
2007-04-06,,,4.76,5.3,4.91
2007-04-07,,,,5.3,
2007-04-08,,,,5.3,
2007-04-09,,13.14,4.75,5.28,4.89
2007-04-10,,12.68,4.73,5.26,4.89
2007-04-11,,13.49,4.74,5.24,4.9
2007-04-12,,12.71,4.74,5.27,4.89
2007-04-13,,12.2,4.76,5.25,4.88
2007-04-14,,,,5.25,
2007-04-15,,,,5.25,
2007-04-16,,11.98,4.74,5.29,4.88
2007-04-17,,12.14,4.69,5.2,4.87
2007-04-18,,12.42,4.66,5.19,4.86
2007-04-19,,12.54,4.68,5.23,4.85
2007-04-20,,12.07,4.68,5.25,4.85
2007-04-21,,,,5.25,
2007-04-22,,,,5.25,
2007-04-23,,13.04,4.66,5.23,4.85
2007-04-24,,13.12,4.63,5.2,4.84
2007-04-25,,13.21,4.66,5.19,4.83
2007-04-26,,12.79,4.69,5.24,4.82
2007-04-27,,12.45,4.71,5.24,4.81
2007-04-28,,,,5.24,
2007-04-29,,,,5.24,
2007-04-30,,14.22,4.63,5.29,4.79
2007-05-01,,13.51,4.64,5.26,4.76
2007-05-02,,13.08,4.65,5.21,4.77
2007-05-03,,13.09,4.68,5.24,4.76
2007-05-04,,12.91,4.65,5.24,4.76
2007-05-05,,,,5.24,
2007-05-06,,,,5.24,
2007-05-07,,13.15,4.64,5.24,4.77
2007-05-08,,13.21,4.63,5.21,4.76
2007-05-09,,12.88,4.67,5.21,4.74
2007-05-10,,13.6,4.65,5.25,4.73
2007-05-11,,12.95,4.67,5.27,4.73
2007-05-12,,,,5.27,
2007-05-13,,,,5.27,
2007-05-14,,13.96,4.69,5.26,4.73
2007-05-15,,14.01,4.71,5.29,4.7
2007-05-16,,13.5,4.71,5.25,4.62
2007-05-17,,13.51,4.76,5.25,4.68
2007-05-18,,12.76,4.81,5.24,4.7
2007-05-19,,,,5.24,
2007-05-20,,,,5.24,
2007-05-21,,13.3,4.79,5.24,4.76
2007-05-22,,13.06,4.83,5.23,4.79
2007-05-23,,13.24,4.86,5.25,4.77
2007-05-24,,14.08,4.86,5.24,4.77
2007-05-25,,13.34,4.86,5.29,4.75
2007-05-26,,,,5.29,
2007-05-27,,,,5.29,
2007-05-28,,,,5.29,
2007-05-29,,13.53,4.88,5.29,4.76
2007-05-30,,12.83,4.88,5.25,4.71
2007-05-31,,13.05,4.9,5.28,4.6
2007-06-01,,12.78,4.95,5.23,4.66
2007-06-02,,,,5.23,
2007-06-03,,,,5.23,
2007-06-04,,13.29,4.93,5.24,4.68
2007-06-05,,13.63,4.98,5.19,4.7
2007-06-06,,14.87,4.97,5.25,4.67
2007-06-07,,17.06,5.11,5.25,4.67
2007-06-08,,14.84,5.12,5.26,4.64
2007-06-09,,,,5.26,
2007-06-10,,,,5.26,
2007-06-11,,14.71,5.14,5.27,4.6
2007-06-12,,16.67,5.26,5.26,4.59
2007-06-13,,14.73,5.2,5.26,4.53
2007-06-14,,13.64,5.23,5.28,4.52
2007-06-15,,13.94,5.16,5.26,4.43
2007-06-16,,,,5.26,
2007-06-17,,,,5.26,
2007-06-18,,13.42,5.15,5.23,4.51
2007-06-19,,12.85,5.09,5.21,4.52
2007-06-20,,14.67,5.14,5.27,4.61
2007-06-21,,14.21,5.16,5.26,4.57
2007-06-22,,15.75,5.14,5.24,4.59
2007-06-23,,,,5.24,
2007-06-24,,,,5.24,
2007-06-25,,16.65,5.09,5.29,4.69
2007-06-26,,18.89,5.1,5.25,4.69
2007-06-27,,15.53,5.09,5.26,4.64
2007-06-28,,15.54,5.12,5.26,4.64
2007-06-29,,16.23,5.03,5.31,4.68
2007-06-30,,,,5.31,
2007-07-01,,,,5.31,
2007-07-02,,15.4,5.0,5.31,4.81
2007-07-03,,14.92,5.05,5.24,4.81
2007-07-04,,,,5.24,
2007-07-05,,15.48,5.16,5.25,4.81
2007-07-06,,14.72,5.19,5.22,4.81
2007-07-07,,,,5.22,
2007-07-08,,,,5.22,
2007-07-09,,15.16,5.16,5.22,4.83
2007-07-10,,17.57,5.03,5.24,4.81
2007-07-11,,16.64,5.09,5.24,4.81
2007-07-12,,15.54,5.13,5.26,4.83
2007-07-13,,15.15,5.11,5.25,4.83
2007-07-14,,,,5.25,
2007-07-15,,,,5.25,
2007-07-16,,15.59,5.05,5.32,4.84
2007-07-17,,15.63,5.08,5.28,4.82
2007-07-18,,16.0,5.02,5.26,4.82
2007-07-19,,15.23,5.04,5.25,4.84
2007-07-20,,16.95,4.96,5.25,4.83
2007-07-21,,,,5.25,
2007-07-22,,,,5.25,
2007-07-23,,16.81,4.97,5.26,4.88
2007-07-24,,18.55,4.94,5.25,4.88
2007-07-25,,18.1,4.92,5.32,4.85
2007-07-26,,20.74,4.79,5.28,4.78
2007-07-27,,24.17,4.8,5.25,4.72
2007-07-28,,,,5.25,
2007-07-29,,,,5.25,
2007-07-30,,20.87,4.82,5.29,4.82
2007-07-31,,23.52,4.78,5.28,4.82
2007-08-01,,23.67,4.76,5.3,4.75
2007-08-02,,21.22,4.77,5.24,4.75
2007-08-03,,25.16,4.71,5.24,4.72
2007-08-04,,,,5.24,
2007-08-05,,,,5.24,
2007-08-06,,22.94,4.72,5.26,4.74
2007-08-07,,21.56,4.77,5.26,4.8
2007-08-08,,21.45,4.84,5.27,4.81
2007-08-09,,26.48,4.79,5.41,4.67
2007-08-10,,28.3,4.81,4.68,4.44
2007-08-11,,,,4.68,
2007-08-12,,,,4.68,
2007-08-13,,26.57,4.78,4.81,4.61
2007-08-14,,27.68,4.73,4.54,4.51
2007-08-15,,30.67,4.69,4.71,4.1
2007-08-16,,30.83,4.6,4.97,3.69
2007-08-17,,29.99,4.68,4.91,3.65
2007-08-18,,,,4.91,
2007-08-19,,,,4.91,
2007-08-20,,26.33,4.64,5.03,3.08
2007-08-21,,25.25,4.6,4.89,3.51
2007-08-22,,22.89,4.63,4.77,3.58
2007-08-23,,22.62,4.62,4.88,3.79
2007-08-24,,20.72,4.63,5.11,4.13
2007-08-25,,,,5.11,
2007-08-26,,,,5.11,
2007-08-27,,22.72,4.6,5.27,4.5
2007-08-28,,26.3,4.53,5.3,4.28
2007-08-29,,23.81,4.57,5.0,3.88
2007-08-30,,25.06,4.51,5.0,3.74
2007-08-31,,23.38,4.54,4.96,3.91
2007-09-01,,,,4.96,
2007-09-02,,,,4.96,
2007-09-03,,,,4.96,
2007-09-04,,22.78,4.56,5.22,4.35
2007-09-05,,24.58,4.48,5.18,4.24
2007-09-06,,23.99,4.51,4.98,4.18
2007-09-07,,26.23,4.38,4.86,3.96
2007-09-08,,,,4.86,
2007-09-09,,,,4.86,
2007-09-10,,27.38,4.34,5.07,3.86
2007-09-11,,25.27,4.37,5.06,4.0
2007-09-12,,24.96,4.41,5.18,3.93
2007-09-13,,24.76,4.49,5.09,3.97
2007-09-14,,24.92,4.47,5.25,3.9
2007-09-15,,,,5.25,
2007-09-16,,,,5.25,
2007-09-17,,26.48,4.48,5.33,4.05
2007-09-18,,20.35,4.5,4.92,3.91
2007-09-19,,20.03,4.53,4.74,3.83
2007-09-20,,20.45,4.69,4.77,3.69
2007-09-21,,19.0,4.64,4.76,3.64
2007-09-22,,,,4.76,
2007-09-23,,,,4.76,
2007-09-24,,19.37,4.63,4.74,3.76
2007-09-25,,18.6,4.63,4.82,3.7
2007-09-26,,17.63,4.63,4.88,3.64
2007-09-27,,17.0,4.58,4.93,3.62
2007-09-28,,18.0,4.59,4.58,3.72
2007-09-29,,,,4.58,
2007-09-30,,,,4.58,
2007-10-01,,17.84,4.56,4.92,3.83
2007-10-02,,18.49,4.54,4.78,3.86
2007-10-03,,18.8,4.55,4.68,3.86
2007-10-04,,18.44,4.54,4.74,3.85
2007-10-05,,16.91,4.65,4.77,3.89
2007-10-06,,,,4.77,
2007-10-07,,,,4.77,
2007-10-08,,17.46,,4.77,
2007-10-09,,16.12,4.67,4.91,3.96
2007-10-10,,16.67,4.65,4.52,3.95
2007-10-11,,18.88,4.66,4.75,4.01
2007-10-12,,17.73,4.7,4.75,4.09
2007-10-13,,,,4.75,
2007-10-14,,,,4.75,
2007-10-15,,19.25,4.69,4.81,4.19
2007-10-16,,20.02,4.66,4.68,4.14
2007-10-17,,18.54,4.57,4.7,3.91
2007-10-18,,18.5,4.52,4.69,3.66
2007-10-19,,22.96,4.41,4.77,3.75
2007-10-20,,,,4.77,
2007-10-21,,,,4.77,
2007-10-22,,21.64,4.42,4.71,3.9
2007-10-23,,20.41,4.41,4.67,3.88
2007-10-24,,20.8,4.36,4.74,3.75
2007-10-25,,21.17,4.37,4.86,3.84
2007-10-26,,19.56,4.41,4.8,3.86
2007-10-27,,,,4.8,
2007-10-28,,,,4.8,
2007-10-29,,19.87,4.39,4.84,3.91
2007-10-30,,21.07,4.4,4.78,3.86
2007-10-31,,18.53,4.48,4.6,3.84
2007-11-01,,23.21,4.36,4.59,3.71
2007-11-02,,23.01,4.31,4.28,3.52
2007-11-03,,,,4.28,
2007-11-04,,,,4.28,
2007-11-05,,24.31,4.35,4.29,3.62
2007-11-06,,21.39,4.38,4.22,3.66
2007-11-07,,26.49,4.34,4.39,3.4
2007-11-08,,26.16,4.28,4.58,3.3
2007-11-09,,28.5,4.23,4.49,3.19
2007-11-10,,,,4.49,
2007-11-11,,,,4.49,
2007-11-12,,31.09,,4.49,
2007-11-13,,24.1,4.26,4.61,3.41
2007-11-14,,25.94,4.28,4.6,3.33
2007-11-15,,28.06,4.17,4.54,3.22
2007-11-16,,25.49,4.15,4.51,3.32
2007-11-17,,,,4.51,
2007-11-18,,,,4.51,
2007-11-19,,26.01,4.07,4.51,3.32
2007-11-20,,24.88,4.06,4.51,3.17
2007-11-21,,26.84,4.0,4.5,3.02
2007-11-22,,,,4.5,
2007-11-23,,25.61,4.01,4.56,3.15
2007-11-24,,,,4.56,
2007-11-25,,,,4.56,
2007-11-26,,28.91,3.83,4.62,3.06
2007-11-27,,26.28,3.95,4.39,3.08
2007-11-28,,24.11,4.03,4.53,2.98
2007-11-29,,23.97,3.94,4.55,2.92
2007-11-30,,22.87,3.97,4.66,3.08
2007-12-01,,,,4.66,
2007-12-02,,,,4.66,
2007-12-03,,23.61,3.89,4.52,2.99
2007-12-04,,23.79,3.89,4.5,3.0
2007-12-05,,22.53,3.92,4.31,3.0
2007-12-06,,20.96,4.02,4.49,3.02
2007-12-07,,20.85,4.12,4.41,3.04
2007-12-08,,,,4.41,
2007-12-09,,,,4.41,
2007-12-10,,20.74,4.15,4.46,2.98
2007-12-11,,23.59,3.98,4.29,2.87
2007-12-12,,22.47,4.05,4.28,2.81
2007-12-13,,22.56,4.18,4.3,2.8
2007-12-14,,23.27,4.24,4.24,2.81
2007-12-15,,,,4.24,
2007-12-16,,,,4.24,
2007-12-17,,24.52,4.2,4.31,3.01
2007-12-18,,22.64,4.14,4.16,2.98
2007-12-19,,21.68,4.06,3.98,2.85
2007-12-20,,20.58,4.04,4.37,2.85
2007-12-21,,18.47,4.18,4.28,2.92
2007-12-22,,,,4.28,
2007-12-23,,,,4.28,
2007-12-24,,18.6,4.23,4.0,3.26
2007-12-25,,,,4.0,
2007-12-26,,18.66,4.3,4.26,3.24
2007-12-27,,20.26,4.21,4.15,3.09
2007-12-28,,20.74,4.11,4.01,3.1
2007-12-29,,,,4.01,
2007-12-30,,,,4.01,
2007-12-31,,22.5,4.04,3.06,3.29
2008-01-01,,,,3.06,
2008-01-02,,23.17,3.91,4.11,3.18
2008-01-03,,22.49,3.91,4.25,3.16
2008-01-04,,23.94,3.88,4.18,3.12
2008-01-05,,,,4.18,
2008-01-06,,,,4.18,
2008-01-07,,23.79,3.86,4.27,3.19
2008-01-08,,25.43,3.86,4.27,3.17
2008-01-09,,24.12,3.82,4.26,3.14
2008-01-10,,23.45,3.91,4.26,3.16
2008-01-11,,23.68,3.82,4.23,3.02
2008-01-12,,,,4.23,
2008-01-13,,,,4.23,
2008-01-14,,22.9,3.81,4.24,3.11
2008-01-15,,23.34,3.72,4.24,3.09
2008-01-16,,24.38,3.74,4.22,3.06
2008-01-17,,28.46,3.66,4.23,3.0
2008-01-18,,27.18,3.66,4.17,2.79
2008-01-19,,,,4.17,
2008-01-20,,,,4.17,
2008-01-21,,,,4.17,
2008-01-22,,31.01,3.52,3.68,2.3
2008-01-23,,29.02,3.51,3.43,2.16
2008-01-24,,27.78,3.68,3.47,2.32
2008-01-25,,29.08,3.61,3.6,2.25
2008-01-26,,,,3.6,
2008-01-27,,,,3.6,
2008-01-28,,27.78,3.61,3.5,2.29
2008-01-29,,27.32,3.69,3.47,2.23
2008-01-30,,27.62,3.78,3.26,2.16
2008-01-31,,26.2,3.67,3.22,1.92
2008-02-01,,24.02,3.62,3.12,2.06
2008-02-02,,,,3.12,
2008-02-03,,,,3.12,
2008-02-04,,25.99,3.68,2.82,2.22
2008-02-05,,28.24,3.61,2.71,2.14
2008-02-06,,28.97,3.61,2.94,2.05
2008-02-07,,27.66,3.74,3.03,2.12
2008-02-08,,28.01,3.64,3.05,2.18
2008-02-09,,,,3.05,
2008-02-10,,,,3.05,
2008-02-11,,27.6,3.62,2.88,2.25
2008-02-12,,26.33,3.66,2.91,2.25
2008-02-13,,24.88,3.7,3.02,2.22
2008-02-14,,25.54,3.85,3.03,2.26
2008-02-15,,25.02,3.76,2.97,2.16
2008-02-16,,,,2.97,
2008-02-17,,,,2.97,
2008-02-18,,,,2.97,
2008-02-19,,25.59,3.89,2.94,2.23
2008-02-20,,24.4,3.93,3.0,2.2
2008-02-21,,25.12,3.77,3.01,2.15
2008-02-22,,24.06,3.79,2.97,2.15
2008-02-23,,,,2.97,
2008-02-24,,,,2.97,
2008-02-25,,23.03,3.91,3.0,2.15
2008-02-26,,21.9,3.88,2.85,2.09
2008-02-27,,22.69,3.85,2.93,1.94
2008-02-28,,23.53,3.71,3.06,1.86
2008-02-29,,26.54,3.53,3.01,1.81
2008-03-01,,,,3.01,
2008-03-02,,,,3.01,
2008-03-03,,26.28,3.54,3.1,1.67
2008-03-04,,25.52,3.63,2.9,1.63
2008-03-05,,24.6,3.7,2.93,1.5
2008-03-06,,27.55,3.62,2.99,1.37
2008-03-07,,27.49,3.56,2.96,1.42
2008-03-08,,,,2.96,
2008-03-09,,,,2.96,
2008-03-10,,29.38,3.46,2.99,1.33
2008-03-11,,26.36,3.6,2.95,1.45
2008-03-12,,27.22,3.49,2.97,1.45
2008-03-13,,27.29,3.56,2.98,1.33
2008-03-14,,31.16,3.44,2.99,1.16
2008-03-15,,,,2.99,
2008-03-16,,,,2.99,
2008-03-17,,32.24,3.34,2.69,1.09
2008-03-18,,25.79,3.48,2.16,0.91
2008-03-19,,29.84,3.38,2.08,0.6
2008-03-20,,26.62,3.34,2.22,0.62
2008-03-21,,,,2.08,
2008-03-22,,,,2.08,
2008-03-23,,,,2.08,
2008-03-24,,25.73,3.56,2.08,1.23
2008-03-25,,25.72,3.51,2.42,1.27
2008-03-26,,26.08,3.51,2.3,1.27
2008-03-27,,25.88,3.56,2.27,1.28
2008-03-28,,25.71,3.47,2.09,1.31
2008-03-29,,,,2.09,
2008-03-30,,,,2.09,
2008-03-31,,25.61,3.45,2.51,1.36
2008-04-01,,22.68,3.57,2.38,1.38
2008-04-02,,23.43,3.6,2.18,1.39
2008-04-03,,23.21,3.61,2.19,1.38
2008-04-04,,22.45,3.5,2.26,1.33
2008-04-05,,,,2.26,
2008-04-06,,,,2.26,
2008-04-07,,22.42,3.57,2.24,1.43
2008-04-08,,22.36,3.58,2.23,1.39
2008-04-09,,22.81,3.49,2.2,1.29
2008-04-10,,21.98,3.55,2.3,1.25
2008-04-11,,23.46,3.49,2.37,1.17
2008-04-12,,,,2.37,
2008-04-13,,,,2.37,
2008-04-14,,23.82,3.53,2.32,1.07
2008-04-15,,22.78,3.6,2.32,1.09
2008-04-16,,20.53,3.72,2.35,1.11
2008-04-17,,20.37,3.75,2.37,1.21
2008-04-18,,20.13,3.77,2.32,1.32
2008-04-19,,,,2.32,
2008-04-20,,,,2.32,
2008-04-21,,20.5,3.75,2.28,1.33
2008-04-22,,20.87,3.74,1.99,1.26
2008-04-23,,20.26,3.77,2.18,1.24
2008-04-24,,20.06,3.87,2.26,1.24
2008-04-25,,19.59,3.91,2.28,1.31
2008-04-26,,,,2.28,
2008-04-27,,,,2.28,
2008-04-28,,19.64,3.86,2.29,1.42
2008-04-29,,20.24,3.85,2.21,1.44
2008-04-30,,20.79,3.77,2.37,1.41
2008-05-01,,18.88,3.78,2.16,1.42
2008-05-02,,18.18,3.89,1.88,1.47
2008-05-03,,,,1.88,
2008-05-04,,,,1.88,
2008-05-05,,18.9,3.88,1.85,1.51
2008-05-06,,18.21,3.93,1.91,1.6
2008-05-07,,19.73,3.87,2.01,1.64
2008-05-08,,19.4,3.79,1.99,1.63
2008-05-09,,19.41,3.77,1.97,1.66
2008-05-10,,,,1.97,
2008-05-11,,,,1.97,
2008-05-12,,17.79,3.78,1.88,1.74
2008-05-13,,17.98,3.9,1.93,1.8
2008-05-14,,17.66,3.92,2.03,1.79
2008-05-15,,16.3,3.83,2.03,1.8
2008-05-16,,16.47,3.85,1.91,1.81
2008-05-17,,,,1.91,
2008-05-18,,,,1.91,
2008-05-19,,17.01,3.83,1.95,1.79
2008-05-20,,17.58,3.78,1.99,1.83
2008-05-21,,18.59,3.81,2.03,1.83
2008-05-22,,18.05,3.92,2.05,1.83
2008-05-23,,19.55,3.85,1.99,1.82
2008-05-24,,,,1.99,
2008-05-25,,,,1.99,
2008-05-26,,,,1.99,
2008-05-27,,19.64,3.93,2.23,1.86
2008-05-28,,19.07,4.03,2.08,1.86
2008-05-29,,18.14,4.08,2.01,1.87
2008-05-30,,17.83,4.06,1.98,1.85
2008-05-31,,,,1.98,
2008-06-01,,,,1.98,
2008-06-02,,19.83,3.98,2.06,1.82
2008-06-03,,20.24,3.92,1.95,1.82
2008-06-04,,20.8,3.98,1.98,1.81
2008-06-05,,18.63,4.06,1.98,1.82
2008-06-06,,23.56,3.94,2.01,1.81
2008-06-07,,,,2.01,
2008-06-08,,,,2.01,
2008-06-09,,23.12,4.02,2.02,1.86
2008-06-10,,23.18,4.11,1.96,1.98
2008-06-11,,24.12,4.1,1.95,1.92
2008-06-12,,23.33,4.23,2.01,1.96
2008-06-13,,21.22,4.27,2.02,1.95
2008-06-14,,,,2.02,
2008-06-15,,,,2.02,
2008-06-16,,20.95,4.25,2.06,2.04
2008-06-17,,21.13,4.23,1.87,1.96
2008-06-18,,22.24,4.16,1.84,1.89
2008-06-19,,21.58,4.22,1.94,1.87
2008-06-20,,22.87,4.16,1.99,1.83
2008-06-21,,,,1.99,
2008-06-22,,,,1.99,
2008-06-23,,22.64,4.19,1.98,1.85
2008-06-24,,22.42,4.1,1.93,1.8
2008-06-25,,21.14,4.12,1.97,1.78
2008-06-26,,23.93,4.07,2.05,1.7
2008-06-27,,23.44,3.99,1.99,1.64
2008-06-28,,,,1.99,
2008-06-29,,,,1.99,
2008-06-30,,23.95,3.99,2.47,1.87
2008-07-01,,23.65,4.01,2.11,1.84
2008-07-02,,25.92,3.99,1.95,1.79
2008-07-03,,24.79,3.99,1.92,1.81
2008-07-04,,,,1.92,
2008-07-05,,,,1.92,
2008-07-06,,,,1.92,
2008-07-07,,25.78,3.95,1.99,1.84
2008-07-08,,23.15,3.91,1.97,1.83
2008-07-09,,25.23,3.85,1.99,1.79
2008-07-10,,25.59,3.83,2.01,1.64
2008-07-11,,27.49,3.96,1.97,1.58
2008-07-12,,,,1.97,
2008-07-13,,,,1.97,
2008-07-14,,28.48,3.9,2.06,1.5
2008-07-15,,28.54,3.87,2.16,1.37
2008-07-16,,25.1,3.97,1.95,1.35
2008-07-17,,25.01,4.07,2.03,1.4
2008-07-18,,24.05,4.11,1.96,1.45
2008-07-19,,,,1.96,
2008-07-20,,,,1.96,
2008-07-21,,23.05,4.09,1.98,1.46
2008-07-22,,21.18,4.14,1.97,1.52
2008-07-23,,21.31,4.16,2.04,1.56
2008-07-24,,23.44,4.03,2.06,1.62
2008-07-25,,22.91,4.13,2.13,1.71
2008-07-26,,,,2.13,
2008-07-27,,,,2.13,
2008-07-28,,24.23,4.06,2.0,1.7
2008-07-29,,22.03,4.09,2.05,1.69
2008-07-30,,21.21,4.07,2.03,1.67
2008-07-31,,22.94,3.99,2.09,1.65
2008-08-01,,22.57,3.97,2.04,1.63
2008-08-02,,,,2.04,
2008-08-03,,,,2.04,
2008-08-04,,23.49,3.98,1.97,1.72
2008-08-05,,21.14,4.04,1.97,1.72
2008-08-06,,20.23,4.06,2.01,1.61
2008-08-07,,21.15,3.92,1.96,1.63
2008-08-08,,20.66,3.94,2.01,1.67
2008-08-09,,,,2.01,
2008-08-10,,,,2.01,
2008-08-11,,20.12,3.99,1.99,1.84
2008-08-12,,21.17,3.91,1.95,1.83
2008-08-13,,21.55,3.94,1.98,1.82
2008-08-14,,20.34,3.89,2.09,1.85
2008-08-15,,19.58,3.84,2.08,1.81
2008-08-16,,,,2.08,
2008-08-17,,,,2.08,
2008-08-18,,20.98,3.82,1.91,1.79
2008-08-19,,21.28,3.83,1.94,1.77
2008-08-20,,20.42,3.79,1.98,1.68
2008-08-21,,19.82,3.84,2.01,1.69
2008-08-22,,18.81,3.87,2.02,1.67
2008-08-23,,,,2.02,
2008-08-24,,,,2.02,
2008-08-25,,20.97,3.79,2.01,1.71
2008-08-26,,20.49,3.79,1.88,1.68
2008-08-27,,19.76,3.77,1.98,1.64
2008-08-28,,19.43,3.79,1.99,1.71
2008-08-29,,20.65,3.83,1.94,1.69
2008-08-30,,,,1.94,
2008-08-31,,,,1.94,
2008-09-01,,,,1.94,
2008-09-02,,21.99,3.74,1.96,1.69
2008-09-03,,21.43,3.71,2.01,1.67
2008-09-04,,24.03,3.64,1.99,1.66
2008-09-05,,23.06,3.66,1.97,1.65
2008-09-06,,,,1.97,
2008-09-07,,,,1.97,
2008-09-08,,22.64,3.66,1.92,1.69
2008-09-09,,25.47,3.62,1.96,1.63
2008-09-10,,24.52,3.65,2.12,1.62
2008-09-11,,24.39,3.64,2.0,1.58
2008-09-12,,25.66,3.74,2.1,1.46
2008-09-13,,,,2.1,
2008-09-14,,,,2.1,
2008-09-15,,31.7,3.47,2.64,1.03
2008-09-16,,30.3,3.48,1.98,0.84
2008-09-17,,36.22,3.41,2.8,0.03
2008-09-18,,33.1,3.54,2.16,0.23
2008-09-19,,32.07,3.78,1.48,0.97
2008-09-20,,,,1.48,
2008-09-21,,,,1.48,
2008-09-22,,33.85,3.83,1.51,1.29
2008-09-23,,35.72,3.85,1.46,0.81
2008-09-24,,35.19,3.8,1.19,0.5
2008-09-25,,32.82,3.88,1.23,0.75
2008-09-26,,34.74,3.85,1.08,0.86
2008-09-27,,,,1.08,
2008-09-28,,,,1.08,
2008-09-29,,46.72,3.61,1.56,0.96
2008-09-30,,39.39,3.85,2.03,0.9
2008-10-01,,39.81,3.77,1.15,0.84
2008-10-02,,45.26,3.66,0.67,0.62
2008-10-03,,45.14,3.63,1.1,0.5
2008-10-04,,,,1.1,
2008-10-05,,,,1.1,
2008-10-06,,52.05,3.48,1.96,0.54
2008-10-07,,53.68,3.5,2.97,0.81
2008-10-08,,57.53,3.72,2.24,0.67
2008-10-09,,63.92,3.84,1.4,0.58
2008-10-10,,69.95,3.89,0.79,0.24
2008-10-11,,,,0.79,
2008-10-12,,,,0.79,
2008-10-13,,54.99,,0.79,
2008-10-14,,55.13,4.08,1.1,0.34
2008-10-15,,69.25,4.04,1.04,0.22
2008-10-16,,67.61,3.99,0.83,0.45
2008-10-17,,70.33,3.98,0.6,0.8
2008-10-18,,,,0.6,
2008-10-19,,,,0.6,
2008-10-20,,52.97,3.91,0.7,1.24
2008-10-21,,53.11,3.76,0.67,1.09
2008-10-22,,69.65,3.65,0.81,1.03
2008-10-23,,67.8,3.63,0.93,0.96
2008-10-24,,79.13,3.76,0.95,0.86
2008-10-25,,,,0.95,
2008-10-26,,,,0.95,
2008-10-27,,80.06,3.79,0.92,0.84
2008-10-28,,66.96,3.89,0.67,0.76
2008-10-29,,69.96,3.93,0.36,0.61
2008-10-30,,62.9,4.0,0.3,0.4
2008-10-31,,59.89,4.01,0.22,0.44
2008-11-01,,,,0.22,
2008-11-02,,,,0.22,
2008-11-03,,53.68,3.96,0.23,0.49
2008-11-04,,47.73,3.81,0.23,0.48
2008-11-05,,54.56,3.73,0.23,0.39
2008-11-06,,63.68,3.75,0.23,0.31
2008-11-07,,56.1,3.83,0.27,0.3
2008-11-08,,,,0.27,
2008-11-09,,,,0.27,
2008-11-10,,59.98,3.82,0.29,0.29
2008-11-11,,61.44,,0.29,
2008-11-12,,66.46,3.75,0.35,0.18
2008-11-13,,59.83,3.84,0.35,0.21
2008-11-14,,66.31,3.72,0.34,0.14
2008-11-15,,,,0.34,
2008-11-16,,,,0.34,
2008-11-17,,69.15,3.68,0.37,0.12
2008-11-18,,67.64,3.53,0.38,0.12
2008-11-19,,74.26,3.38,0.38,0.07
2008-11-20,,80.86,3.1,0.49,0.03
2008-11-21,,72.67,3.2,0.57,0.02
2008-11-22,,,,0.57,
2008-11-23,,,,0.57,
2008-11-24,,64.7,3.35,0.62,0.13
2008-11-25,,60.9,3.11,0.59,0.1
2008-11-26,,54.92,2.99,0.53,0.05
2008-11-27,,,,0.53,
2008-11-28,,55.84,2.93,0.52,0.01
2008-11-29,,,,0.52,
2008-11-30,,,,0.52,
2008-12-01,,68.51,2.72,0.52,0.07
2008-12-02,,62.98,2.68,0.47,0.06
2008-12-03,,60.72,2.67,0.36,0.02
2008-12-04,,63.64,2.55,0.2,0.02
2008-12-05,,59.93,2.67,0.12,0.02
2008-12-06,,,,0.12,
2008-12-07,,,,0.12,
2008-12-08,,58.49,2.77,0.12,0.03
2008-12-09,,58.91,2.67,0.13,0.03
2008-12-10,,55.73,2.69,0.11,0.0
2008-12-11,,55.78,2.64,0.14,0.01
2008-12-12,,54.28,2.6,0.15,0.02
2008-12-13,,,,0.15,
2008-12-14,,,,0.15,
2008-12-15,,56.76,2.53,0.18,0.04
2008-12-16,,52.37,2.37,0.17,0.04
2008-12-17,,49.84,2.2,0.12,0.05
2008-12-18,,47.34,2.08,0.11,0.0
2008-12-19,,44.93,2.13,0.11,0.02
2008-12-20,,,,0.11,
2008-12-21,,,,0.11,
2008-12-22,,44.56,2.16,0.11,0.01
2008-12-23,,45.02,2.18,0.11,0.02
2008-12-24,,44.21,2.2,0.11,0.0
2008-12-25,,,,0.11,
2008-12-26,,43.38,2.16,0.09,0.03
2008-12-27,,,,0.09,
2008-12-28,,,,0.09,
2008-12-29,,43.9,2.13,0.1,0.06
2008-12-30,,41.63,2.11,0.09,0.1
2008-12-31,,40.0,2.25,0.14,0.11
2009-01-01,,,,0.14,
2009-01-02,,39.19,2.46,0.08,0.08
2009-01-03,,,,0.08,
2009-01-04,,,,0.08,
2009-01-05,,39.08,2.49,0.11,0.14
2009-01-06,,38.56,2.51,0.09,0.14
2009-01-07,,43.39,2.52,0.11,0.11
2009-01-08,,42.56,2.47,0.1,0.09
2009-01-09,,42.82,2.43,0.09,0.07
2009-01-10,,,,0.09,
2009-01-11,,,,0.09,
2009-01-12,,45.84,2.34,0.1,0.12
2009-01-13,,43.27,2.33,0.1,0.11
2009-01-14,,49.14,2.24,0.15,0.12
2009-01-15,,51.0,2.23,0.18,0.11
2009-01-16,,46.11,2.36,0.19,0.12
2009-01-17,,,,0.19,
2009-01-18,,,,0.19,
2009-01-19,,,,0.19,
2009-01-20,,56.65,2.4,0.2,0.13
2009-01-21,,46.42,2.56,0.23,0.11
2009-01-22,,47.29,2.62,0.21,0.1
2009-01-23,,47.27,2.65,0.18,0.11
2009-01-24,,,,0.18,
2009-01-25,,,,0.18,
2009-01-26,,45.69,2.7,0.19,0.15
2009-01-27,,42.25,2.59,0.18,0.13
2009-01-28,,39.66,2.71,0.19,0.19
2009-01-29,,42.63,2.87,0.23,0.23
2009-01-30,,44.84,2.87,0.23,0.24
2009-01-31,,,,0.23,
2009-02-01,,,,0.23,
2009-02-02,,45.52,2.76,0.24,0.27
2009-02-03,,43.06,2.89,0.24,0.32
2009-02-04,,43.85,2.95,0.24,0.3
2009-02-05,,43.73,2.95,0.23,0.29
2009-02-06,,43.37,3.05,0.23,0.28
2009-02-07,,,,0.23,
2009-02-08,,,,0.23,
2009-02-09,,43.64,3.07,0.22,0.32
2009-02-10,,46.67,2.9,0.24,0.31
2009-02-11,,44.53,2.78,0.22,0.3
2009-02-12,,41.25,2.75,0.23,0.29
2009-02-13,,42.93,2.89,0.22,0.29
2009-02-14,,,,0.22,
2009-02-15,,,,0.22,
2009-02-16,,,,0.22,
2009-02-17,,48.66,2.64,0.25,0.32
2009-02-18,,48.46,2.74,0.23,0.31
2009-02-19,,47.08,2.85,0.21,0.3
2009-02-20,,49.3,2.78,0.2,0.27
2009-02-21,,,,0.2,
2009-02-22,,,,0.2,
2009-02-23,,52.62,2.78,0.19,0.3
2009-02-24,,45.49,2.8,0.21,0.32
2009-02-25,,44.67,2.95,0.21,0.3
2009-02-26,,44.66,2.98,0.22,0.27
2009-02-27,,46.35,3.02,0.22,0.26
2009-02-28,,,,0.22,
2009-03-01,,,,0.22,
2009-03-02,,52.65,2.91,0.22,0.28
2009-03-03,,50.93,2.93,0.2,0.27
2009-03-04,,47.56,3.01,0.21,0.26
2009-03-05,,50.17,2.83,0.2,0.2
2009-03-06,,49.33,2.83,0.2,0.2
2009-03-07,,,,0.2,
2009-03-08,,,,0.2,
2009-03-09,,49.68,2.89,0.2,0.23
2009-03-10,,44.37,2.99,0.2,0.24
2009-03-11,,43.61,2.95,0.19,0.23
2009-03-12,,41.18,2.89,0.18,0.21
2009-03-13,,42.36,2.89,0.15,0.19
2009-03-14,,,,0.15,
2009-03-15,,,,0.15,
2009-03-16,,43.74,2.97,0.2,0.24
2009-03-17,,40.8,3.02,0.2,0.24
2009-03-18,,40.06,2.51,0.18,0.21
2009-03-19,,43.68,2.61,0.17,0.2
2009-03-20,,45.89,2.65,0.18,0.21
2009-03-21,,,,0.18,
2009-03-22,,,,0.18,
2009-03-23,,43.23,2.68,0.17,0.22
2009-03-24,,42.93,2.68,0.17,0.21
2009-03-25,,42.25,2.81,0.17,0.19
2009-03-26,,40.36,2.76,0.16,0.15
2009-03-27,,41.04,2.78,0.15,0.13
2009-03-28,,,,0.15,
2009-03-29,,,,0.15,
2009-03-30,,45.54,2.73,0.16,0.18
2009-03-31,,44.14,2.71,0.16,0.21
2009-04-01,,42.28,2.68,0.16,0.22
2009-04-02,,42.04,2.77,0.16,0.22
2009-04-03,,39.7,2.91,0.13,0.21
2009-04-04,,,,0.13,
2009-04-05,,,,0.13,
2009-04-06,,40.93,2.95,0.14,0.2
2009-04-07,,40.39,2.93,0.14,0.2
2009-04-08,,38.85,2.86,0.14,0.18
2009-04-09,,36.53,2.96,0.14,0.18
2009-04-10,,,,0.15,
2009-04-11,,,,0.15,
2009-04-12,,,,0.15,
2009-04-13,,37.81,2.88,0.13,0.18
2009-04-14,,37.67,2.8,0.16,0.17
2009-04-15,,36.17,2.82,0.16,0.15
2009-04-16,,35.79,2.86,0.15,0.13
2009-04-17,,33.94,2.98,0.13,0.14
2009-04-18,,,,0.13,
2009-04-19,,,,0.13,
2009-04-20,,39.18,2.88,0.14,0.14
2009-04-21,,37.14,2.94,0.15,0.15
2009-04-22,,38.1,2.98,0.15,0.14
2009-04-23,,37.15,2.96,0.17,0.1
2009-04-24,,36.82,3.03,0.16,0.1
2009-04-25,,,,0.16,
2009-04-26,,,,0.16,
2009-04-27,,38.32,2.95,0.17,0.13
2009-04-28,,37.95,3.05,0.16,0.13
2009-04-29,,36.08,3.12,0.18,0.11
2009-04-30,,36.5,3.16,0.2,0.14
2009-05-01,,35.3,3.21,0.22,0.15
2009-05-02,,,,0.22,
2009-05-03,,,,0.22,
2009-05-04,,34.53,3.19,0.22,0.19
2009-05-05,,33.36,3.2,0.2,0.19
2009-05-06,,32.45,3.18,0.18,0.19
2009-05-07,,33.44,3.29,0.18,0.18
2009-05-08,,32.05,3.29,0.17,0.18
2009-05-09,,,,0.17,
2009-05-10,,,,0.17,
2009-05-11,,32.87,3.17,0.17,0.19
2009-05-12,,31.8,3.17,0.16,0.19
2009-05-13,,33.65,3.11,0.16,0.17
2009-05-14,,31.37,3.1,0.16,0.16
2009-05-15,,33.12,3.14,0.17,0.17
2009-05-16,,,,0.17,
2009-05-17,,,,0.17,
2009-05-18,,30.24,3.22,0.16,0.19
2009-05-19,,28.8,3.25,0.15,0.18
2009-05-20,,29.03,3.19,0.14,0.18
2009-05-21,,31.35,3.35,0.17,0.19
2009-05-22,,32.63,3.45,0.17,0.18
2009-05-23,,,,0.17,
2009-05-24,,,,0.17,
2009-05-25,,,,0.17,
2009-05-26,,30.62,3.5,0.18,0.18
2009-05-27,,32.36,3.71,0.17,0.17
2009-05-28,,31.67,3.67,0.17,0.15
2009-05-29,,28.92,3.47,0.19,0.14
2009-05-30,,,,0.19,
2009-05-31,,,,0.19,
2009-06-01,,30.04,3.71,0.21,0.13
2009-06-02,,29.63,3.65,0.2,0.14
2009-06-03,,31.02,3.56,0.21,0.14
2009-06-04,,30.18,3.72,0.2,0.14
2009-06-05,,29.62,3.84,0.21,0.19
2009-06-06,,,,0.21,
2009-06-07,,,,0.21,
2009-06-08,,29.77,3.91,0.21,0.19
2009-06-09,,28.27,3.86,0.18,0.19
2009-06-10,,28.46,3.98,0.18,0.18
2009-06-11,,28.11,3.88,0.17,0.19
2009-06-12,,28.15,3.81,0.17,0.18
2009-06-13,,,,0.17,
2009-06-14,,,,0.17,
2009-06-15,,30.81,3.76,0.22,0.17
2009-06-16,,32.68,3.67,0.22,0.17
2009-06-17,,31.54,3.68,0.24,0.17
2009-06-18,,30.03,3.86,0.25,0.18
2009-06-19,,27.99,3.79,0.25,0.18
2009-06-20,,,,0.25,
2009-06-21,,,,0.25,
2009-06-22,,31.17,3.72,0.24,0.2
2009-06-23,,30.58,3.65,0.24,0.2
2009-06-24,,29.05,3.72,0.21,0.19
2009-06-25,,26.36,3.55,0.19,0.18
2009-06-26,,25.93,3.52,0.18,0.19
2009-06-27,,,,0.18,
2009-06-28,,,,0.18,
2009-06-29,,25.35,3.51,0.17,0.2
2009-06-30,,26.35,3.53,0.22,0.19
2009-07-01,,26.22,3.55,0.2,0.17
2009-07-02,,27.95,3.51,0.17,0.17
2009-07-03,,,,0.16,
2009-07-04,,,,0.16,
2009-07-05,,,,0.16,
2009-07-06,,29.0,3.52,0.18,0.19
2009-07-07,,30.85,3.47,0.18,0.19
2009-07-08,,31.3,3.33,0.16,0.18
2009-07-09,,29.78,3.44,0.15,0.19
2009-07-10,,29.02,3.32,0.15,0.18
2009-07-11,,,,0.15,
2009-07-12,,,,0.15,
2009-07-13,,26.31,3.38,0.13,0.18
2009-07-14,,25.02,3.5,0.13,0.18
2009-07-15,,25.89,3.63,0.14,0.18
2009-07-16,,25.42,3.59,0.15,0.19
2009-07-17,,24.34,3.67,0.15,0.17
2009-07-18,,,,0.15,
2009-07-19,,,,0.15,
2009-07-20,,24.4,3.61,0.15,0.19
2009-07-21,,23.87,3.5,0.14,0.19
2009-07-22,,23.47,3.58,0.14,0.19
2009-07-23,,23.43,3.72,0.15,0.19
2009-07-24,,23.09,3.7,0.15,0.18
2009-07-25,,,,0.15,
2009-07-26,,,,0.15,
2009-07-27,,24.28,3.75,0.16,0.19
2009-07-28,,25.01,3.72,0.15,0.19
2009-07-29,,25.61,3.69,0.17,0.19
2009-07-30,,25.4,3.67,0.17,0.18
2009-07-31,,25.92,3.52,0.18,0.18
2009-08-01,,,,0.18,
2009-08-02,,,,0.18,
2009-08-03,,25.56,3.66,0.18,0.19
2009-08-04,,24.89,3.7,0.17,0.18
2009-08-05,,24.9,3.8,0.17,0.18
2009-08-06,,25.67,3.79,0.17,0.17
2009-08-07,,24.76,3.89,0.17,0.18
2009-08-08,,,,0.17,
2009-08-09,,,,0.17,
2009-08-10,,24.99,3.8,0.17,0.19
2009-08-11,,25.99,3.71,0.16,0.18
2009-08-12,,25.45,3.72,0.15,0.17
2009-08-13,,24.71,3.59,0.15,0.17
2009-08-14,,24.27,3.55,0.15,0.18
2009-08-15,,,,0.15,
2009-08-16,,,,0.15,
2009-08-17,,27.89,3.48,0.17,0.18
2009-08-18,,26.18,3.51,0.17,0.18
2009-08-19,,26.26,3.45,0.17,0.17
2009-08-20,,25.09,3.42,0.17,0.17
2009-08-21,,25.01,3.56,0.16,0.17
2009-08-22,,,,0.16,
2009-08-23,,,,0.16,
2009-08-24,,25.14,3.48,0.16,0.17
2009-08-25,,24.92,3.45,0.15,0.17
2009-08-26,,24.95,3.44,0.15,0.15
2009-08-27,,24.68,3.47,0.14,0.15
2009-08-28,,24.76,3.46,0.14,0.15
2009-08-29,,,,0.14,
2009-08-30,,,,0.14,
2009-08-31,,26.01,3.4,0.15,0.15
2009-09-01,,29.15,3.38,0.15,0.14
2009-09-02,,28.9,3.29,0.16,0.14
2009-09-03,,27.1,3.33,0.15,0.15
2009-09-04,,25.26,3.45,0.15,0.14
2009-09-05,,,,0.15,
2009-09-06,,,,0.15,
2009-09-07,,,,0.15,
2009-09-08,,25.62,3.47,0.15,0.14
2009-09-09,,24.32,3.48,0.15,0.14
2009-09-10,,23.55,3.36,0.16,0.14
2009-09-11,,24.15,3.34,0.15,0.14
2009-09-12,,,,0.15,
2009-09-13,,,,0.15,
2009-09-14,,23.86,3.42,0.16,0.14
2009-09-15,,23.42,3.47,0.17,0.13
2009-09-16,,23.69,3.48,0.17,0.1
2009-09-17,,23.65,3.42,0.16,0.1
2009-09-18,,23.92,3.49,0.16,0.08
2009-09-19,,,,0.16,
2009-09-20,,,,0.16,
2009-09-21,,24.06,3.49,0.15,0.11
2009-09-22,,23.08,3.46,0.15,0.11
2009-09-23,,23.49,3.44,0.15,0.11
2009-09-24,,24.95,3.4,0.14,0.1
2009-09-25,,25.61,3.34,0.13,0.1
2009-09-26,,,,0.13,
2009-09-27,,,,0.13,
2009-09-28,,24.88,3.31,0.13,0.11
2009-09-29,,25.19,3.31,0.11,0.13
2009-09-30,,25.61,3.31,0.07,0.14
2009-10-01,,28.27,3.21,0.11,0.1
2009-10-02,,28.68,3.24,0.13,0.1
2009-10-03,,,,0.13,
2009-10-04,,,,0.13,
2009-10-05,,26.84,3.24,0.13,0.08
2009-10-06,,25.7,3.27,0.12,0.08
2009-10-07,,24.68,3.21,0.13,0.09
2009-10-08,,24.18,3.27,0.12,0.06
2009-10-09,,23.12,3.4,0.12,0.07
2009-10-10,,,,0.12,
2009-10-11,,,,0.12,
2009-10-12,,23.01,,0.12,
2009-10-13,,22.99,3.34,0.12,0.07
2009-10-14,,22.86,3.45,0.12,0.07
2009-10-15,,21.72,3.49,0.13,0.07
2009-10-16,,21.43,3.43,0.12,0.07
2009-10-17,,,,0.12,
2009-10-18,,,,0.12,
2009-10-19,,21.49,3.41,0.12,0.08
2009-10-20,,20.9,3.35,0.12,0.08
2009-10-21,,22.22,3.42,0.11,0.07
2009-10-22,,20.69,3.44,0.11,0.06
2009-10-23,,22.27,3.51,0.11,0.07
2009-10-24,,,,0.11,
2009-10-25,,,,0.11,
2009-10-26,,24.31,3.59,0.11,0.08
2009-10-27,,24.83,3.49,0.11,0.08
2009-10-28,,27.91,3.44,0.11,0.07
2009-10-29,,24.76,3.53,0.11,0.06
2009-10-30,,30.69,3.41,0.11,0.05
2009-10-31,,,,0.11,
2009-11-01,,,,0.11,
2009-11-02,,29.78,3.45,0.12,0.06
2009-11-03,,28.81,3.5,0.12,0.06
2009-11-04,,27.72,3.57,0.13,0.05
2009-11-05,,25.43,3.57,0.13,0.04
2009-11-06,,24.19,3.54,0.12,0.06
2009-11-07,,,,0.12,
2009-11-08,,,,0.12,
2009-11-09,,23.15,3.52,0.12,0.07
2009-11-10,,22.84,3.5,0.13,0.07
2009-11-11,,23.04,,0.13,
2009-11-12,,24.24,3.45,0.12,0.07
2009-11-13,,23.36,3.43,0.12,0.06
2009-11-14,,,,0.12,
2009-11-15,,,,0.12,
2009-11-16,,22.89,3.33,0.12,0.07
2009-11-17,,22.41,3.33,0.12,0.06
2009-11-18,,21.63,3.36,0.11,0.04
2009-11-19,,22.63,3.35,0.11,0.02
2009-11-20,,22.19,3.36,0.11,0.02
2009-11-21,,,,0.11,
2009-11-22,,,,0.11,
2009-11-23,,21.16,3.37,0.12,0.05
2009-11-24,,20.47,3.32,0.12,0.05
2009-11-25,,20.48,3.28,0.11,0.05
2009-11-26,,,,0.11,
2009-11-27,,24.85,3.21,0.12,0.03
2009-11-28,,,,0.12,
2009-11-29,,,,0.12,
2009-11-30,,24.51,3.21,0.13,0.06
2009-12-01,,21.92,3.28,0.13,0.06
2009-12-02,,21.12,3.32,0.13,0.05
2009-12-03,,22.46,3.39,0.13,0.06
2009-12-04,,21.25,3.48,0.12,0.06
2009-12-05,,,,0.12,
2009-12-06,,,,0.12,
2009-12-07,,22.1,3.44,0.12,0.04
2009-12-08,,23.69,3.4,0.12,0.03
2009-12-09,,22.66,3.45,0.12,0.03
2009-12-10,,22.32,3.49,0.12,0.02
2009-12-11,,21.59,3.55,0.12,0.03
2009-12-12,,,,0.12,
2009-12-13,,,,0.12,
2009-12-14,,21.15,3.56,0.12,0.04
2009-12-15,,21.49,3.6,0.13,0.05
2009-12-16,,20.54,3.61,0.14,0.04
2009-12-17,,22.51,3.5,0.13,0.04
2009-12-18,,21.68,3.55,0.12,0.05
2009-12-19,,,,0.12,
2009-12-20,,,,0.12,
2009-12-21,,20.49,3.69,0.12,0.08
2009-12-22,,19.54,3.76,0.12,0.08
2009-12-23,,19.71,3.77,0.11,0.07
2009-12-24,,19.47,3.82,0.11,0.05
2009-12-25,,,,0.11,
2009-12-26,,,,0.11,
2009-12-27,,,,0.11,
2009-12-28,,19.93,3.85,0.12,0.11
2009-12-29,,20.01,3.82,0.12,0.1
2009-12-30,,19.96,3.8,0.11,0.05
2009-12-31,,21.68,3.85,0.05,0.06
2010-01-01,,,,0.05,
2010-01-02,,,,0.05,
2010-01-03,,,,0.05,
2010-01-04,,20.04,3.85,0.12,0.08
2010-01-05,,19.35,3.77,0.12,0.07
2010-01-06,,19.16,3.85,0.12,0.06
2010-01-07,,19.06,3.85,0.1,0.05
2010-01-08,,18.13,3.83,0.11,0.05
2010-01-09,,,,0.11,
2010-01-10,,,,0.11,
2010-01-11,,17.55,3.85,0.11,0.04
2010-01-12,,18.25,3.74,0.11,0.05
2010-01-13,,17.85,3.8,0.11,0.06
2010-01-14,,17.63,3.76,0.11,0.05
2010-01-15,,17.91,3.7,0.12,0.06
2010-01-16,,,,0.12,
2010-01-17,,,,0.12,
2010-01-18,,,,0.12,
2010-01-19,,17.58,3.73,0.13,0.06
2010-01-20,,18.68,3.68,0.13,0.05
2010-01-21,,22.27,3.62,0.12,0.06
2010-01-22,,27.31,3.62,0.11,0.06
2010-01-23,,,,0.11,
2010-01-24,,,,0.11,
2010-01-25,,25.41,3.66,0.12,0.06
2010-01-26,,24.55,3.65,0.12,0.07
2010-01-27,,23.14,3.66,0.12,0.08
2010-01-28,,23.73,3.68,0.12,0.08
2010-01-29,,24.62,3.63,0.12,0.08
2010-01-30,,,,0.12,
2010-01-31,,,,0.12,
2010-02-01,,22.59,3.68,0.14,0.1
2010-02-02,,21.48,3.67,0.14,0.1
2010-02-03,,21.6,3.73,0.13,0.1
2010-02-04,,26.08,3.62,0.14,0.09
2010-02-05,,26.11,3.59,0.13,0.1
2010-02-06,,,,0.13,
2010-02-07,,,,0.13,
2010-02-08,,26.51,3.62,0.13,0.12
2010-02-09,,26.0,3.67,0.13,0.12
2010-02-10,,25.4,3.72,0.12,0.11
2010-02-11,,23.96,3.73,0.12,0.11
2010-02-12,,22.73,3.69,0.12,0.1
2010-02-13,,,,0.12,
2010-02-14,,,,0.12,
2010-02-15,,,,0.12,
2010-02-16,,22.25,3.66,0.13,0.1
2010-02-17,,21.72,3.74,0.12,0.1
2010-02-18,,20.63,3.79,0.12,0.1
2010-02-19,,20.02,3.78,0.13,0.11
2010-02-20,,,,0.13,
2010-02-21,,,,0.13,
2010-02-22,,19.94,3.8,0.12,0.11
2010-02-23,,21.37,3.69,0.12,0.12
2010-02-24,,20.27,3.7,0.11,0.12
2010-02-25,,20.1,3.64,0.12,0.13
2010-02-26,,19.5,3.61,0.13,0.13
2010-02-27,,,,0.13,
2010-02-28,,,,0.13,
2010-03-01,,19.26,3.61,0.14,0.13
2010-03-02,,19.06,3.62,0.14,0.14
2010-03-03,,18.83,3.63,0.15,0.14
2010-03-04,,18.72,3.61,0.16,0.14
2010-03-05,,17.42,3.69,0.17,0.15
2010-03-06,,,,0.17,
2010-03-07,,,,0.17,
2010-03-08,,17.79,3.72,0.15,0.16
2010-03-09,,17.92,3.71,0.14,0.16
2010-03-10,,18.57,3.73,0.14,0.15
2010-03-11,,18.06,3.73,0.15,0.16
2010-03-12,,17.58,3.71,0.17,0.15
2010-03-13,,,,0.17,
2010-03-14,,,,0.17,
2010-03-15,,18.0,3.71,0.2,0.17
2010-03-16,,17.69,3.66,0.2,0.16
2010-03-17,,16.91,3.65,0.18,0.15
2010-03-18,,16.62,3.68,0.18,0.16
2010-03-19,,16.97,3.7,0.18,0.16
2010-03-20,,,,0.18,
2010-03-21,,,,0.18,
2010-03-22,,16.87,3.67,0.18,0.15
2010-03-23,,16.35,3.69,0.17,0.14
2010-03-24,,17.55,3.84,0.17,0.14
2010-03-25,,18.4,3.91,0.17,0.14
2010-03-26,,17.77,3.86,0.17,0.14
2010-03-27,,,,0.17,
2010-03-28,,,,0.17,
2010-03-29,,17.59,3.88,0.16,0.15
2010-03-30,,17.13,3.88,0.16,0.16
2010-03-31,,17.59,3.84,0.09,0.16
2010-04-01,,17.47,3.89,0.17,0.16
2010-04-02,,,3.96,0.2,0.16
2010-04-03,,,,0.2,
2010-04-04,,,,0.2,
2010-04-05,,17.02,4.01,0.2,0.18
2010-04-06,,16.23,3.98,0.2,0.17
2010-04-07,,16.62,3.89,0.19,0.17
2010-04-08,,16.48,3.91,0.19,0.17
2010-04-09,,16.14,3.9,0.19,0.16
2010-04-10,,,,0.19,
2010-04-11,,,,0.19,
2010-04-12,,15.58,3.87,0.19,0.16
2010-04-13,,16.2,3.84,0.2,0.16
2010-04-14,,15.59,3.88,0.2,0.16
2010-04-15,,15.89,3.86,0.22,0.16
2010-04-16,,18.36,3.79,0.21,0.16
2010-04-17,,,,0.21,
2010-04-18,,,,0.21,
2010-04-19,,17.34,3.83,0.2,0.16
2010-04-20,,15.73,3.82,0.2,0.16
2010-04-21,,16.32,3.77,0.2,0.15
2010-04-22,,16.47,3.8,0.2,0.16
2010-04-23,,16.62,3.84,0.2,0.16
2010-04-24,,,,0.2,
2010-04-25,,,,0.2,
2010-04-26,,17.47,3.83,0.2,0.16
2010-04-27,,22.81,3.71,0.2,0.16
2010-04-28,,21.08,3.8,0.2,0.16
2010-04-29,,18.44,3.76,0.19,0.17
2010-04-30,,22.05,3.69,0.2,0.16
2010-05-01,,,,0.2,
2010-05-02,,,,0.2,
2010-05-03,,20.19,3.72,0.2,0.17
2010-05-04,,23.84,3.63,0.21,0.16
2010-05-05,,24.91,3.58,0.21,0.15
2010-05-06,,32.8,3.41,0.2,0.11
2010-05-07,,40.95,3.45,0.2,0.13
2010-05-08,,,,0.2,
2010-05-09,,,,0.2,
2010-05-10,,28.84,3.57,0.2,0.16
2010-05-11,,28.32,3.56,0.2,0.16
2010-05-12,,25.52,3.56,0.2,0.16
2010-05-13,,26.68,3.55,0.2,0.16
2010-05-14,,31.24,3.44,0.2,0.16
2010-05-15,,,,0.2,
2010-05-16,,,,0.2,
2010-05-17,,30.84,3.47,0.21,0.16
2010-05-18,,33.55,3.38,0.21,0.17
2010-05-19,,35.32,3.36,0.2,0.17
2010-05-20,,45.79,3.25,0.2,0.17
2010-05-21,,40.1,3.2,0.2,0.17
2010-05-22,,,,0.2,
2010-05-23,,,,0.2,
2010-05-24,,38.32,3.23,0.21,0.17
2010-05-25,,34.61,3.18,0.21,0.17
2010-05-26,,35.02,3.21,0.2,0.17
2010-05-27,,29.68,3.34,0.2,0.17
2010-05-28,,32.07,3.31,0.19,0.16
2010-05-29,,,,0.19,
2010-05-30,,,,0.19,
2010-05-31,,,,0.19,
2010-06-01,,35.54,3.29,0.2,0.16
2010-06-02,,30.17,3.35,0.2,0.16
2010-06-03,,29.46,3.39,0.19,0.14
2010-06-04,,35.48,3.2,0.19,0.14
2010-06-05,,,,0.19,
2010-06-06,,,,0.19,
2010-06-07,,36.57,3.17,0.19,0.12
2010-06-08,,33.7,3.18,0.19,0.12
2010-06-09,,33.73,3.2,0.18,0.1
2010-06-10,,30.57,3.33,0.18,0.1
2010-06-11,,28.79,3.24,0.18,0.08
2010-06-12,,,,0.18,
2010-06-13,,,,0.18,
2010-06-14,,28.58,3.28,0.18,0.07
2010-06-15,,25.87,3.32,0.19,0.09
2010-06-16,,25.92,3.27,0.19,0.1
2010-06-17,,25.05,3.21,0.19,0.09
2010-06-18,,23.95,3.24,0.18,0.11
2010-06-19,,,,0.18,
2010-06-20,,,,0.18,
2010-06-21,,24.88,3.26,0.17,0.12
2010-06-22,,27.05,3.18,0.18,0.13
2010-06-23,,26.91,3.13,0.17,0.13
2010-06-24,,29.74,3.14,0.16,0.13
2010-06-25,,28.53,3.12,0.16,0.13
2010-06-26,,,,0.16,
2010-06-27,,,,0.16,
2010-06-28,,29.0,3.05,0.17,0.17
2010-06-29,,34.13,2.97,0.15,0.15
2010-06-30,,34.54,2.97,0.09,0.18
2010-07-01,,32.86,2.96,0.17,0.17
2010-07-02,,30.12,3.0,0.18,0.17
2010-07-03,,,,0.18,
2010-07-04,,,,0.18,
2010-07-05,,,,0.18,
2010-07-06,,29.65,2.95,0.18,0.17
2010-07-07,,26.84,3.0,0.18,0.16
2010-07-08,,25.71,3.04,0.17,0.15
2010-07-09,,24.98,3.07,0.18,0.16
2010-07-10,,,,0.18,
2010-07-11,,,,0.18,
2010-07-12,,24.43,3.08,0.17,0.16
2010-07-13,,24.56,3.15,0.17,0.15
2010-07-14,,24.89,3.07,0.17,0.15
2010-07-15,,25.14,3.0,0.19,0.15
2010-07-16,,26.25,2.96,0.19,0.15
2010-07-17,,,,0.19,
2010-07-18,,,,0.19,
2010-07-19,,25.97,2.99,0.19,0.17
2010-07-20,,23.93,2.98,0.18,0.16
2010-07-21,,25.64,2.9,0.18,0.16
2010-07-22,,24.63,2.96,0.18,0.16
2010-07-23,,23.47,3.02,0.19,0.16
2010-07-24,,,,0.19,
2010-07-25,,,,0.19,
2010-07-26,,22.73,3.03,0.19,0.16
2010-07-27,,23.19,3.08,0.19,0.15
2010-07-28,,24.25,3.03,0.2,0.15
2010-07-29,,24.13,3.03,0.19,0.15
2010-07-30,,23.5,2.94,0.18,0.15
2010-07-31,,,,0.18,
2010-08-01,,,,0.18,
2010-08-02,,22.01,2.99,0.19,0.16
2010-08-03,,22.63,2.94,0.19,0.16
2010-08-04,,22.21,2.98,0.19,0.16
2010-08-05,,22.1,2.94,0.19,0.15
2010-08-06,,21.74,2.86,0.18,0.15
2010-08-07,,,,0.18,
2010-08-08,,,,0.18,
2010-08-09,,22.14,2.86,0.18,0.15
2010-08-10,,22.37,2.79,0.18,0.15
2010-08-11,,25.39,2.72,0.17,0.15
2010-08-12,,25.73,2.74,0.18,0.16
2010-08-13,,26.24,2.68,0.19,0.15
2010-08-14,,,,0.19,
2010-08-15,,,,0.19,
2010-08-16,,26.1,2.58,0.2,0.16
2010-08-17,,24.33,2.64,0.2,0.17
2010-08-18,,24.59,2.64,0.19,0.16
2010-08-19,,26.44,2.58,0.19,0.16
2010-08-20,,25.49,2.62,0.2,0.15
2010-08-21,,,,0.2,
2010-08-22,,,,0.2,
2010-08-23,,25.66,2.6,0.19,0.16
2010-08-24,,27.46,2.5,0.19,0.16
2010-08-25,,26.7,2.54,0.19,0.16
2010-08-26,,27.37,2.5,0.19,0.16
2010-08-27,,24.45,2.66,0.19,0.15
2010-08-28,,,,0.19,
2010-08-29,,,,0.19,
2010-08-30,,27.21,2.54,0.19,0.14
2010-08-31,,26.05,2.47,0.21,0.14
2010-09-01,,23.89,2.58,0.19,0.13
2010-09-02,,23.19,2.63,0.19,0.14
2010-09-03,,21.31,2.72,0.19,0.14
2010-09-04,,,,0.19,
2010-09-05,,,,0.19,
2010-09-06,,,,0.19,
2010-09-07,,23.8,2.61,0.2,0.14
2010-09-08,,23.25,2.66,0.19,0.14
2010-09-09,,22.81,2.77,0.18,0.14
2010-09-10,,21.99,2.81,0.18,0.14
2010-09-11,,,,0.18,
2010-09-12,,,,0.18,
2010-09-13,,21.21,2.74,0.18,0.15
2010-09-14,,21.56,2.68,0.19,0.15
2010-09-15,,22.1,2.74,0.21,0.15
2010-09-16,,21.72,2.77,0.21,0.16
2010-09-17,,22.01,2.75,0.21,0.16
2010-09-18,,,,0.21,
2010-09-19,,,,0.21,
2010-09-20,,21.5,2.72,0.21,0.17
2010-09-21,,22.35,2.61,0.2,0.17
2010-09-22,,22.51,2.56,0.21,0.16
2010-09-23,,23.87,2.56,0.2,0.16
2010-09-24,,21.71,2.62,0.21,0.15
2010-09-25,,,,0.21,
2010-09-26,,,,0.21,
2010-09-27,,22.54,2.54,0.19,0.16
2010-09-28,,22.6,2.48,0.19,0.16
2010-09-29,,23.25,2.52,0.19,0.16
2010-09-30,,23.7,2.53,0.15,0.16
2010-10-01,,22.5,2.54,0.2,0.16
2010-10-02,,,,0.2,
2010-10-03,,,,0.2,
2010-10-04,,23.53,2.5,0.2,0.13
2010-10-05,,21.76,2.5,0.2,0.12
2010-10-06,,21.49,2.41,0.19,0.13
2010-10-07,,21.56,2.41,0.18,0.13
2010-10-08,,20.71,2.41,0.18,0.12
2010-10-09,,,,0.18,
2010-10-10,,,,0.18,
2010-10-11,,18.96,,0.18,
2010-10-12,,18.93,2.44,0.18,0.13
2010-10-13,,19.07,2.46,0.18,0.13
2010-10-14,,19.88,2.52,0.19,0.14
2010-10-15,,19.03,2.59,0.2,0.14
2010-10-16,,,,0.2,
2010-10-17,,,,0.2,
2010-10-18,,19.09,2.52,0.19,0.15
2010-10-19,,20.63,2.5,0.19,0.14
2010-10-20,,19.79,2.51,0.19,0.14
2010-10-21,,19.27,2.57,0.19,0.13
2010-10-22,,18.78,2.59,0.19,0.13
2010-10-23,,,,0.19,
2010-10-24,,,,0.19,
2010-10-25,,19.85,2.59,0.19,0.14
2010-10-26,,20.22,2.67,0.19,0.14
2010-10-27,,20.71,2.75,0.19,0.14
2010-10-28,,20.88,2.69,0.19,0.13
2010-10-29,,21.2,2.63,0.2,0.12
2010-10-30,,,,0.2,
2010-10-31,,,,0.2,
2010-11-01,,21.83,2.66,0.2,0.13
2010-11-02,,21.57,2.63,0.2,0.13
2010-11-03,,19.56,2.67,0.2,0.13
2010-11-04,,18.52,2.53,0.19,0.13
2010-11-05,,18.26,2.58,0.18,0.13
2010-11-06,,,,0.18,
2010-11-07,,,,0.18,
2010-11-08,,18.29,2.6,0.18,0.13
2010-11-09,,19.08,2.72,0.17,0.13
2010-11-10,,18.47,2.65,0.17,0.13
2010-11-11,,18.64,,0.17,
2010-11-12,,20.61,2.76,0.19,0.13
2010-11-13,,,,0.19,
2010-11-14,,,,0.19,
2010-11-15,,20.2,2.92,0.21,0.14
2010-11-16,,22.58,2.85,0.21,0.15
2010-11-17,,21.76,2.89,0.2,0.14
2010-11-18,,18.75,2.9,0.2,0.15
2010-11-19,,18.04,2.88,0.21,0.14
2010-11-20,,,,0.21,
2010-11-21,,,,0.21,
2010-11-22,,18.37,2.8,0.19,0.15
2010-11-23,,20.63,2.77,0.2,0.15
2010-11-24,,19.56,2.93,0.2,0.16
2010-11-25,,,,0.2,
2010-11-26,,22.22,2.87,0.2,0.16
2010-11-27,,,,0.2,
2010-11-28,,,,0.2,
2010-11-29,,21.53,2.84,0.2,0.18
2010-11-30,,23.54,2.81,0.2,0.17
2010-12-01,,21.36,2.97,0.2,0.16
2010-12-02,,19.39,3.01,0.19,0.16
2010-12-03,,18.01,3.03,0.18,0.14
2010-12-04,,,,0.18,
2010-12-05,,,,0.18,
2010-12-06,,18.02,2.95,0.18,0.15
2010-12-07,,17.99,3.15,0.17,0.14
2010-12-08,,17.74,3.26,0.17,0.15
2010-12-09,,17.25,3.23,0.16,0.14
2010-12-10,,17.61,3.32,0.16,0.13
2010-12-11,,,,0.16,
2010-12-12,,,,0.16,
2010-12-13,,17.55,3.29,0.17,0.15
2010-12-14,,17.61,3.49,0.19,0.15
2010-12-15,,17.94,3.53,0.2,0.14
2010-12-16,,17.39,3.47,0.2,0.13
2010-12-17,,16.11,3.33,0.2,0.11
2010-12-18,,,,0.2,
2010-12-19,,,,0.2,
2010-12-20,,16.41,3.36,0.21,0.14
2010-12-21,,16.49,3.35,0.2,0.14
2010-12-22,,15.45,3.36,0.19,0.14
2010-12-23,,16.47,3.41,0.19,0.14
2010-12-24,,,,0.19,
2010-12-25,,,,0.19,
2010-12-26,,,,0.19,
2010-12-27,,17.67,3.36,0.19,0.17
2010-12-28,,17.52,3.5,0.18,0.15
2010-12-29,,17.28,3.35,0.18,0.13
2010-12-30,,17.52,3.38,0.19,0.12
2010-12-31,,17.75,3.3,0.13,0.12
2011-01-01,,,,0.13,
2011-01-02,,,,0.13,
2011-01-03,,17.61,3.36,0.19,0.15
2011-01-04,,17.38,3.36,0.18,0.14
2011-01-05,,17.02,3.5,0.18,0.14
2011-01-06,,17.4,3.44,0.17,0.15
2011-01-07,,17.14,3.34,0.17,0.14
2011-01-08,,,,0.17,
2011-01-09,,,,0.17,
2011-01-10,,17.54,3.32,0.17,0.15
2011-01-11,,16.89,3.37,0.17,0.15
2011-01-12,,16.24,3.4,0.16,0.15
2011-01-13,,16.39,3.34,0.16,0.15
2011-01-14,,15.46,3.35,0.16,0.15
2011-01-15,,,,0.16,
2011-01-16,,,,0.16,
2011-01-17,,,,0.16,
2011-01-18,,15.87,3.39,0.19,0.16
2011-01-19,,17.31,3.37,0.18,0.16
2011-01-20,,17.99,3.47,0.18,0.16
2011-01-21,,18.47,3.44,0.17,0.16
2011-01-22,,,,0.17,
2011-01-23,,,,0.17,
2011-01-24,,17.65,3.43,0.18,0.16
2011-01-25,,17.59,3.35,0.17,0.16
2011-01-26,,16.64,3.45,0.17,0.16
2011-01-27,,16.15,3.42,0.17,0.15
2011-01-28,,20.04,3.36,0.17,0.15
2011-01-29,,,,0.17,
2011-01-30,,,,0.17,
2011-01-31,,19.53,3.42,0.17,0.15
2011-02-01,,17.63,3.48,0.18,0.15
2011-02-02,,17.3,3.52,0.18,0.16
2011-02-03,,16.69,3.58,0.17,0.14
2011-02-04,,15.93,3.68,0.17,0.15
2011-02-05,,,,0.17,
2011-02-06,,,,0.17,
2011-02-07,,16.28,3.68,0.17,0.16
2011-02-08,,15.81,3.75,0.16,0.15
2011-02-09,,15.87,3.65,0.15,0.14
2011-02-10,,16.09,3.7,0.15,0.12
2011-02-11,,15.69,3.64,0.15,0.12
2011-02-12,,,,0.15,
2011-02-13,,,,0.15,
2011-02-14,,15.95,3.62,0.15,0.13
2011-02-15,,16.37,3.61,0.16,0.13
2011-02-16,,16.72,3.62,0.15,0.12
2011-02-17,,16.59,3.58,0.15,0.09
2011-02-18,,16.43,3.59,0.15,0.1
2011-02-19,,,,0.15,
2011-02-20,,,,0.15,
2011-02-21,,,,0.15,
2011-02-22,,20.8,3.46,0.15,0.12
2011-02-23,,22.13,3.49,0.15,0.12
2011-02-24,,21.32,3.46,0.15,0.13
2011-02-25,,19.22,3.42,0.15,0.13
2011-02-26,,,,0.15,
2011-02-27,,,,0.15,
2011-02-28,,18.35,3.42,0.16,0.15
2011-03-01,,21.01,3.41,0.15,0.14
2011-03-02,,20.7,3.46,0.16,0.13
2011-03-03,,18.6,3.58,0.15,0.13
2011-03-04,,19.06,3.49,0.15,0.12
2011-03-05,,,,0.15,
2011-03-06,,,,0.15,
2011-03-07,,20.66,3.51,0.14,0.11
2011-03-08,,19.82,3.56,0.14,0.11
2011-03-09,,20.22,3.48,0.14,0.1
2011-03-10,,21.88,3.37,0.14,0.08
2011-03-11,,20.08,3.4,0.13,0.08
2011-03-12,,,,0.13,
2011-03-13,,,,0.13,
2011-03-14,,21.13,3.36,0.14,0.09
2011-03-15,,24.32,3.33,0.14,0.1
2011-03-16,,29.4,3.22,0.14,0.1
2011-03-17,,26.37,3.25,0.14,0.08
2011-03-18,,24.44,3.28,0.15,0.07
2011-03-19,,,,0.15,
2011-03-20,,,,0.15,
2011-03-21,,20.61,3.34,0.14,0.1
2011-03-22,,20.21,3.34,0.14,0.1
2011-03-23,,19.17,3.36,0.14,0.09
2011-03-24,,18.0,3.42,0.13,0.09
2011-03-25,,17.91,3.46,0.13,0.09
2011-03-26,,,,0.13,
2011-03-27,,,,0.13,
2011-03-28,,19.44,3.47,0.13,0.11
2011-03-29,,18.16,3.5,0.13,0.1
2011-03-30,,17.71,3.47,0.13,0.1
2011-03-31,,17.74,3.47,0.1,0.09
2011-04-01,,17.4,3.46,0.11,0.07
2011-04-02,,,,0.11,
2011-04-03,,,,0.11,
2011-04-04,,17.5,3.45,0.09,0.06
2011-04-05,,17.25,3.5,0.09,0.07
2011-04-06,,16.9,3.56,0.1,0.06
2011-04-07,,17.11,3.58,0.1,0.04
2011-04-08,,17.87,3.59,0.09,0.04
2011-04-09,,,,0.09,
2011-04-10,,,,0.09,
2011-04-11,,16.59,3.59,0.09,0.05
2011-04-12,,17.09,3.52,0.08,0.05
2011-04-13,,16.92,3.49,0.08,0.06
2011-04-14,,16.27,3.51,0.09,0.07
2011-04-15,,15.32,3.43,0.12,0.07
2011-04-16,,,,0.12,
2011-04-17,,,,0.12,
2011-04-18,,16.96,3.4,0.1,0.07
2011-04-19,,15.83,3.39,0.11,0.06
2011-04-20,,15.07,3.43,0.1,0.06
2011-04-21,,14.69,3.42,0.1,0.06
2011-04-22,,,,0.1,
2011-04-23,,,,0.1,
2011-04-24,,,,0.1,
2011-04-25,,15.77,3.39,0.1,0.07
2011-04-26,,15.62,3.34,0.09,0.07
2011-04-27,,15.35,3.39,0.09,0.06
2011-04-28,,14.62,3.34,0.09,0.04
2011-04-29,,14.75,3.32,0.09,0.04
2011-04-30,,,,0.09,
2011-05-01,,,,0.09,
2011-05-02,,15.99,3.31,0.09,0.05
2011-05-03,,16.7,3.28,0.09,0.03
2011-05-04,,17.08,3.25,0.09,0.03
2011-05-05,,18.2,3.18,0.09,0.02
2011-05-06,,18.4,3.19,0.09,0.02
2011-05-07,,,,0.09,
2011-05-08,,,,0.09,
2011-05-09,,17.16,3.17,0.09,0.03
2011-05-10,,15.91,3.23,0.09,0.03
2011-05-11,,16.95,3.19,0.09,0.03
2011-05-12,,16.03,3.22,0.09,0.02
2011-05-13,,17.07,3.18,0.09,0.03
2011-05-14,,,,0.09,
2011-05-15,,,,0.09,
2011-05-16,,18.24,3.15,0.1,0.04
2011-05-17,,17.55,3.12,0.09,0.04
2011-05-18,,16.23,3.18,0.1,0.05
2011-05-19,,15.52,3.17,0.09,0.05
2011-05-20,,17.43,3.15,0.1,0.05
2011-05-21,,,,0.1,
2011-05-22,,,,0.1,
2011-05-23,,18.27,3.13,0.1,0.06
2011-05-24,,17.82,3.12,0.1,0.06
2011-05-25,,17.07,3.13,0.09,0.06
2011-05-26,,16.09,3.07,0.09,0.05
2011-05-27,,15.98,3.07,0.1,0.05
2011-05-28,,,,0.1,
2011-05-29,,,,0.1,
2011-05-30,,,,0.1,
2011-05-31,,15.45,3.05,0.1,0.06
2011-06-01,,18.3,2.96,0.1,0.05
2011-06-02,,18.09,3.04,0.1,0.04
2011-06-03,,17.95,2.99,0.11,0.04
2011-06-04,,,,0.11,
2011-06-05,,,,0.11,
2011-06-06,,18.49,3.01,0.1,0.05
2011-06-07,,18.07,3.01,0.09,0.05
2011-06-08,,18.79,2.98,0.09,0.04
2011-06-09,,17.77,3.01,0.09,0.05
2011-06-10,,18.86,2.99,0.09,0.05
2011-06-11,,,,0.09,
2011-06-12,,,,0.09,
2011-06-13,,19.61,3.0,0.1,0.05
2011-06-14,,18.26,3.11,0.1,0.05
2011-06-15,,21.32,2.98,0.1,0.05
2011-06-16,,22.73,2.93,0.1,0.05
2011-06-17,,21.85,2.94,0.1,0.04
2011-06-18,,,,0.1,
2011-06-19,,,,0.1,
2011-06-20,,19.99,2.97,0.09,0.03
2011-06-21,,18.86,2.99,0.09,0.03
2011-06-22,,18.52,3.01,0.09,0.02
2011-06-23,,19.29,2.93,0.08,0.01
2011-06-24,,21.1,2.88,0.08,0.02
2011-06-25,,,,0.08,
2011-06-26,,,,0.08,
2011-06-27,,20.56,2.95,0.08,0.02
2011-06-28,,19.17,3.05,0.08,0.03
2011-06-29,,17.27,3.14,0.07,0.02
2011-06-30,,16.52,3.18,0.07,0.03
2011-07-01,,15.87,3.22,0.08,0.02
2011-07-02,,,,0.08,
2011-07-03,,,,0.08,
2011-07-04,,,,0.08,
2011-07-05,,16.06,3.16,0.08,0.02
2011-07-06,,16.34,3.12,0.07,0.01
2011-07-07,,15.95,3.17,0.07,0.03
2011-07-08,,15.95,3.03,0.07,0.03
2011-07-09,,,,0.07,
2011-07-10,,,,0.07,
2011-07-11,,18.39,2.94,0.07,0.03
2011-07-12,,19.87,2.92,0.06,0.03
2011-07-13,,19.91,2.92,0.06,0.01
2011-07-14,,20.8,2.98,0.06,0.01
2011-07-15,,19.53,2.94,0.06,0.02
2011-07-16,,,,0.06,
2011-07-17,,,,0.06,
2011-07-18,,20.95,2.94,0.06,0.02
2011-07-19,,19.21,2.91,0.06,0.03
2011-07-20,,19.09,2.96,0.06,0.02
2011-07-21,,17.56,3.03,0.06,0.05
2011-07-22,,17.52,2.99,0.06,0.05
2011-07-23,,,,0.06,
2011-07-24,,,,0.06,
2011-07-25,,19.35,3.03,0.06,0.05
2011-07-26,,20.23,2.99,0.06,0.07
2011-07-27,,22.98,3.01,0.07,0.08
2011-07-28,,23.74,2.98,0.08,0.07
2011-07-29,,25.25,2.82,0.11,0.1
2011-07-30,,,,0.11,
2011-07-31,,,,0.11,
2011-08-01,,23.66,2.77,0.17,0.1
2011-08-02,,24.79,2.66,0.16,0.06
2011-08-03,,23.38,2.64,0.12,0.02
2011-08-04,,31.66,2.47,0.09,0.02
2011-08-05,,32.0,2.58,0.08,0.01
2011-08-06,,,,0.08,
2011-08-07,,,,0.08,
2011-08-08,,48.0,2.4,0.11,0.05
2011-08-09,,35.06,2.2,0.1,0.03
2011-08-10,,42.99,2.17,0.1,0.02
2011-08-11,,39.0,2.34,0.09,0.03
2011-08-12,,36.36,2.24,0.1,0.02
2011-08-13,,,,0.1,
2011-08-14,,,,0.1,
2011-08-15,,31.87,2.29,0.1,0.02
2011-08-16,,32.85,2.23,0.09,0.03
2011-08-17,,31.58,2.17,0.09,0.01
2011-08-18,,42.67,2.08,0.09,0.01
2011-08-19,,43.05,2.07,0.09,0.02
2011-08-20,,,,0.09,
2011-08-21,,,,0.09,
2011-08-22,,42.44,2.1,0.09,0.01
2011-08-23,,36.27,2.15,0.08,0.01
2011-08-24,,35.9,2.29,0.08,0.02
2011-08-25,,39.76,2.23,0.08,0.01
2011-08-26,,35.59,2.19,0.09,0.01
2011-08-27,,,,0.09,
2011-08-28,,,,0.09,
2011-08-29,,32.28,2.28,0.09,0.02
2011-08-30,,32.89,2.19,0.08,0.01
2011-08-31,,31.62,2.23,0.08,0.02
2011-09-01,,31.82,2.15,0.08,0.02
2011-09-02,,33.92,2.02,0.08,0.02
2011-09-03,,,,0.08,
2011-09-04,,,,0.08,
2011-09-05,,,,0.08,
2011-09-06,,37.0,1.98,0.09,0.02
2011-09-07,,33.38,2.05,0.09,0.02
2011-09-08,,34.32,2.0,0.09,0.02
2011-09-09,,38.52,1.93,0.09,0.01
2011-09-10,,,,0.09,
2011-09-11,,,,0.09,
2011-09-12,,38.59,1.94,0.09,0.01
2011-09-13,,36.91,2.0,0.09,0.01
2011-09-14,,34.6,2.03,0.08,0.01
2011-09-15,,31.97,2.09,0.09,0.01
2011-09-16,,30.98,2.08,0.09,0.01
2011-09-17,,,,0.09,
2011-09-18,,,,0.09,
2011-09-19,,32.73,1.97,0.09,0.01
2011-09-20,,32.86,1.95,0.09,0.01
2011-09-21,,37.32,1.88,0.08,0.01
2011-09-22,,41.35,1.72,0.08,0.0
2011-09-23,,41.25,1.84,0.08,0.01
2011-09-24,,,,0.08,
2011-09-25,,,,0.08,
2011-09-26,,39.02,1.91,0.08,0.02
2011-09-27,,37.71,2.0,0.08,0.01
2011-09-28,,41.08,2.03,0.08,0.02
2011-09-29,,38.84,1.99,0.08,0.02
2011-09-30,,42.96,1.92,0.06,0.02
2011-10-01,,,,0.06,
2011-10-02,,,,0.06,
2011-10-03,,45.45,1.8,0.08,0.02
2011-10-04,,40.82,1.81,0.07,0.01
2011-10-05,,37.81,1.92,0.07,0.0
2011-10-06,,36.27,2.01,0.07,0.01
2011-10-07,,36.2,2.1,0.07,0.01
2011-10-08,,,,0.07,
2011-10-09,,,,0.07,
2011-10-10,,33.02,,0.07,
2011-10-11,,32.86,2.18,0.07,0.02
2011-10-12,,31.26,2.24,0.07,0.02
2011-10-13,,30.7,2.19,0.07,0.02
2011-10-14,,28.24,2.26,0.07,0.02
2011-10-15,,,,0.07,
2011-10-16,,,,0.07,
2011-10-17,,33.39,2.18,0.07,0.04
2011-10-18,,31.56,2.19,0.07,0.04
2011-10-19,,34.44,2.18,0.07,0.03
2011-10-20,,34.78,2.2,0.07,0.03
2011-10-21,,31.32,2.23,0.07,0.02
2011-10-22,,,,0.07,
2011-10-23,,,,0.07,
2011-10-24,,29.26,2.25,0.07,0.02
2011-10-25,,32.22,2.14,0.07,0.01
2011-10-26,,29.86,2.23,0.08,0.02
2011-10-27,,25.46,2.42,0.07,0.02
2011-10-28,,24.53,2.34,0.07,0.01
2011-10-29,,,,0.07,
2011-10-30,,,,0.07,
2011-10-31,,29.96,2.17,0.09,0.01
2011-11-01,,34.77,2.01,0.08,0.01
2011-11-02,,32.74,2.03,0.08,0.01
2011-11-03,,30.5,2.09,0.09,0.01
2011-11-04,,30.16,2.06,0.08,0.01
2011-11-05,,,,0.08,
2011-11-06,,,,0.08,
2011-11-07,,29.85,2.04,0.08,0.01
2011-11-08,,27.48,2.1,0.08,0.01
2011-11-09,,36.16,2.0,0.08,0.01
2011-11-10,,32.81,2.04,0.08,0.01
2011-11-11,,30.04,,0.08,
2011-11-12,,,,0.08,
2011-11-13,,,,0.08,
2011-11-14,,31.13,2.04,0.08,0.01
2011-11-15,,31.22,2.06,0.09,0.01
2011-11-16,,33.51,2.01,0.08,0.01
2011-11-17,,34.51,1.96,0.08,0.02
2011-11-18,,32.0,2.01,0.08,0.01
2011-11-19,,,,0.08,
2011-11-20,,,,0.08,
2011-11-21,,32.91,1.97,0.08,0.02
2011-11-22,,31.97,1.94,0.08,0.02
2011-11-23,,33.98,1.89,0.09,0.02
2011-11-24,,,,0.09,
2011-11-25,,34.47,1.97,0.07,0.02
2011-11-26,,,,0.07,
2011-11-27,,,,0.07,
2011-11-28,,32.13,1.97,0.08,0.03
2011-11-29,,30.64,2.0,0.08,0.02
2011-11-30,,27.8,2.08,0.1,0.01
2011-12-01,,27.41,2.11,0.08,0.01
2011-12-02,,27.52,2.05,0.08,0.02
2011-12-03,,,,0.08,
2011-12-04,,,,0.08,
2011-12-05,,27.84,2.04,0.08,0.01
2011-12-06,,28.13,2.08,0.08,0.01
2011-12-07,,28.67,2.02,0.08,0.02
2011-12-08,,30.59,1.99,0.07,0.01
2011-12-09,,26.38,2.07,0.07,0.01
2011-12-10,,,,0.07,
2011-12-11,,,,0.07,
2011-12-12,,25.67,2.03,0.07,0.01
2011-12-13,,25.41,1.96,0.07,0.01
2011-12-14,,26.04,1.92,0.07,0.01
2011-12-15,,25.11,1.92,0.07,0.0
2011-12-16,,24.29,1.86,0.07,0.0
2011-12-17,,,,0.07,
2011-12-18,,,,0.07,
2011-12-19,,24.92,1.82,0.07,0.01
2011-12-20,,23.22,1.94,0.07,0.01
2011-12-21,,21.43,1.98,0.07,0.01
2011-12-22,,21.16,1.97,0.07,0.01
2011-12-23,,20.73,2.03,0.08,0.01
2011-12-24,,,,0.08,
2011-12-25,,,,0.08,
2011-12-26,,,,0.08,
2011-12-27,,21.91,2.02,0.07,0.02
2011-12-28,,23.52,1.93,0.07,0.01
2011-12-29,,22.65,1.91,0.07,0.02
2011-12-30,,23.4,1.89,0.04,0.02
2011-12-31,,,,0.04,
2012-01-01,,,,0.04,
2012-01-02,,,,0.04,
2012-01-03,,22.97,1.97,0.07,0.02
2012-01-04,,22.22,2.0,0.07,0.02
2012-01-05,,21.48,2.02,0.07,0.02
2012-01-06,,20.63,1.98,0.07,0.02
2012-01-07,,,,0.07,
2012-01-08,,,,0.07,
2012-01-09,,21.07,1.98,0.08,0.01
2012-01-10,,20.69,2.0,0.08,0.02
2012-01-11,,21.05,1.93,0.08,0.02
2012-01-12,,20.47,1.94,0.08,0.03
2012-01-13,,20.91,1.89,0.09,0.03
2012-01-14,,,,0.09,
2012-01-15,,,,0.09,
2012-01-16,,,,0.09,
2012-01-17,,22.2,1.87,0.09,0.03
2012-01-18,,20.89,1.92,0.09,0.03
2012-01-19,,19.87,2.01,0.1,0.05
2012-01-20,,18.28,2.05,0.09,0.05
2012-01-21,,,,0.09,
2012-01-22,,,,0.09,
2012-01-23,,18.67,2.09,0.09,0.04
2012-01-24,,18.91,2.08,0.09,0.04
2012-01-25,,18.31,2.01,0.08,0.04
2012-01-26,,18.57,1.96,0.08,0.05
2012-01-27,,18.53,1.93,0.09,0.06
2012-01-28,,,,0.09,
2012-01-29,,,,0.09,
2012-01-30,,19.4,1.87,0.09,0.05
2012-01-31,,19.44,1.83,0.11,0.06
2012-02-01,,18.55,1.87,0.11,0.06
2012-02-02,,17.98,1.86,0.11,0.08
2012-02-03,,17.1,1.97,0.11,0.08
2012-02-04,,,,0.11,
2012-02-05,,,,0.11,
2012-02-06,,17.76,1.93,0.11,0.08
2012-02-07,,17.65,2.0,0.11,0.08
2012-02-08,,18.16,2.01,0.11,0.09
2012-02-09,,18.63,2.04,0.11,0.09
2012-02-10,,20.79,1.96,0.12,0.09
2012-02-11,,,,0.12,
2012-02-12,,,,0.12,
2012-02-13,,19.04,1.99,0.12,0.11
2012-02-14,,19.54,1.92,0.12,0.12
2012-02-15,,21.14,1.93,0.12,0.11
2012-02-16,,19.22,1.99,0.11,0.1
2012-02-17,,17.78,2.01,0.09,0.09
2012-02-18,,,,0.09,
2012-02-19,,,,0.09,
2012-02-20,,,,0.09,
2012-02-21,,18.19,2.05,0.1,0.08
2012-02-22,,18.19,2.01,0.08,0.09
2012-02-23,,16.8,1.99,0.08,0.09
2012-02-24,,17.31,1.98,0.09,0.1
2012-02-25,,,,0.09,
2012-02-26,,,,0.09,
2012-02-27,,18.19,1.92,0.1,0.12
2012-02-28,,17.96,1.94,0.1,0.1
2012-02-29,,18.43,1.98,0.1,0.08
2012-03-01,,17.26,2.03,0.11,0.08
2012-03-02,,17.29,1.99,0.11,0.07
2012-03-03,,,,0.11,
2012-03-04,,,,0.11,
2012-03-05,,18.05,2.0,0.11,0.08
2012-03-06,,20.87,1.96,0.11,0.08
2012-03-07,,19.07,1.98,0.11,0.08
2012-03-08,,17.95,2.03,0.11,0.08
2012-03-09,,17.11,2.04,0.12,0.09
2012-03-10,,,,0.12,
2012-03-11,,,,0.12,
2012-03-12,,15.64,2.04,0.12,0.09
2012-03-13,,14.8,2.14,0.12,0.08
2012-03-14,,15.31,2.29,0.13,0.09
2012-03-15,,15.42,2.29,0.14,0.08
2012-03-16,,14.47,2.31,0.15,0.09
2012-03-17,,,,0.15,
2012-03-18,,,,0.15,
2012-03-19,,15.04,2.39,0.15,0.1
2012-03-20,,15.58,2.38,0.15,0.1
2012-03-21,,15.13,2.31,0.15,0.09
2012-03-22,,15.57,2.29,0.14,0.08
2012-03-23,,14.82,2.25,0.14,0.08
2012-03-24,,,,0.14,
2012-03-25,,,,0.14,
2012-03-26,,14.26,2.26,0.14,0.09
2012-03-27,,15.59,2.2,0.14,0.09
2012-03-28,,15.47,2.21,0.13,0.09
2012-03-29,,15.48,2.18,0.13,0.07
2012-03-30,,15.5,2.23,0.09,0.07
2012-03-31,,,,0.09,
2012-04-01,,,,0.09,
2012-04-02,,15.64,2.22,0.15,0.08
2012-04-03,,15.66,2.3,0.15,0.08
2012-04-04,,16.44,2.25,0.15,0.08
2012-04-05,,16.7,2.19,0.15,0.08
2012-04-06,,,2.07,0.12,0.07
2012-04-07,,,,0.12,
2012-04-08,,,,0.12,
2012-04-09,,18.81,2.06,0.16,0.09
2012-04-10,,20.39,2.01,0.15,0.09
2012-04-11,,20.02,2.05,0.16,0.09
2012-04-12,,17.2,2.08,0.15,0.09
2012-04-13,,19.55,2.02,0.15,0.09
2012-04-14,,,,0.15,
2012-04-15,,,,0.15,
2012-04-16,,19.55,2.0,0.15,0.08
2012-04-17,,18.46,2.03,0.16,0.08
2012-04-18,,18.64,2.0,0.15,0.07
2012-04-19,,18.36,1.98,0.13,0.07
2012-04-20,,17.44,1.99,0.12,0.08
2012-04-21,,,,0.12,
2012-04-22,,,,0.12,
2012-04-23,,18.97,1.96,0.13,0.08
2012-04-24,,18.1,2.0,0.14,0.09
2012-04-25,,16.82,2.01,0.15,0.09
2012-04-26,,16.24,1.98,0.14,0.09
2012-04-27,,16.32,1.96,0.13,0.09
2012-04-28,,,,0.13,
2012-04-29,,,,0.13,
2012-04-30,,17.15,1.95,0.16,0.1
2012-05-01,,16.6,1.98,0.16,0.09
2012-05-02,,16.88,1.96,0.15,0.08
2012-05-03,,17.56,1.96,0.15,0.09
2012-05-04,,19.16,1.91,0.16,0.07
2012-05-05,,,,0.16,
2012-05-06,,,,0.16,
2012-05-07,,18.94,1.92,0.16,0.1
2012-05-08,,19.05,1.88,0.16,0.09
2012-05-09,,20.08,1.87,0.15,0.09
2012-05-10,,18.83,1.89,0.15,0.1
2012-05-11,,19.89,1.84,0.15,0.1
2012-05-12,,,,0.15,
2012-05-13,,,,0.15,
2012-05-14,,21.87,1.78,0.16,0.1
2012-05-15,,21.97,1.76,0.16,0.09
2012-05-16,,22.27,1.76,0.16,0.1
2012-05-17,,24.49,1.7,0.16,0.1
2012-05-18,,25.1,1.71,0.16,0.08
2012-05-19,,,,0.16,
2012-05-20,,,,0.16,
2012-05-21,,22.01,1.75,0.16,0.09
2012-05-22,,22.48,1.79,0.16,0.09
2012-05-23,,22.33,1.73,0.15,0.09
2012-05-24,,21.54,1.77,0.15,0.1
2012-05-25,,21.76,1.75,0.15,0.09
2012-05-26,,,,0.15,
2012-05-27,,,,0.15,
2012-05-28,,,,0.15,
2012-05-29,,21.03,1.74,0.16,0.09
2012-05-30,,24.14,1.63,0.16,0.07
2012-05-31,,24.06,1.59,0.16,0.07
2012-06-01,,26.66,1.47,0.16,0.07
2012-06-02,,,,0.16,
2012-06-03,,,,0.16,
2012-06-04,,26.12,1.53,0.17,0.08
2012-06-05,,24.68,1.57,0.17,0.08
2012-06-06,,22.16,1.66,0.16,0.09
2012-06-07,,21.72,1.66,0.16,0.09
2012-06-08,,21.23,1.65,0.17,0.09
2012-06-09,,,,0.17,
2012-06-10,,,,0.17,
2012-06-11,,23.56,1.6,0.17,0.09
2012-06-12,,22.09,1.67,0.16,0.1
2012-06-13,,24.27,1.61,0.17,0.1
2012-06-14,,21.68,1.64,0.17,0.11
2012-06-15,,21.11,1.6,0.18,0.09
2012-06-16,,,,0.18,
2012-06-17,,,,0.18,
2012-06-18,,18.32,1.59,0.17,0.1
2012-06-19,,18.38,1.64,0.17,0.09
2012-06-20,,17.24,1.65,0.16,0.09
2012-06-21,,20.08,1.63,0.17,0.09
2012-06-22,,18.11,1.69,0.17,0.09
2012-06-23,,,,0.17,
2012-06-24,,,,0.17,
2012-06-25,,20.38,1.63,0.17,0.1
2012-06-26,,19.72,1.66,0.16,0.1
2012-06-27,,19.45,1.65,0.15,0.09
2012-06-28,,19.71,1.6,0.15,0.09
2012-06-29,,17.08,1.67,0.09,0.09
2012-06-30,,,,0.09,
2012-07-01,,,,0.09,
2012-07-02,,16.8,1.61,0.18,0.1
2012-07-03,,16.66,1.65,0.17,0.09
2012-07-04,,,,0.17,
2012-07-05,,17.5,1.62,0.17,0.08
2012-07-06,,17.1,1.57,0.17,0.08
2012-07-07,,,,0.17,
2012-07-08,,,,0.17,
2012-07-09,,17.98,1.53,0.17,0.09
2012-07-10,,18.72,1.53,0.17,0.09
2012-07-11,,17.95,1.54,0.17,0.1
2012-07-12,,18.33,1.5,0.18,0.1
2012-07-13,,16.74,1.52,0.19,0.1
2012-07-14,,,,0.19,
2012-07-15,,,,0.19,
2012-07-16,,17.11,1.5,0.18,0.1
2012-07-17,,16.48,1.53,0.17,0.1
2012-07-18,,16.16,1.52,0.16,0.09
2012-07-19,,15.45,1.54,0.13,0.09
2012-07-20,,16.27,1.49,0.13,0.09
2012-07-21,,,,0.13,
2012-07-22,,,,0.13,
2012-07-23,,18.62,1.47,0.14,0.1
2012-07-24,,20.47,1.44,0.15,0.1
2012-07-25,,19.34,1.43,0.15,0.1
2012-07-26,,17.53,1.45,0.14,0.11
2012-07-27,,16.7,1.58,0.14,0.11
2012-07-28,,,,0.14,
2012-07-29,,,,0.14,
2012-07-30,,18.03,1.53,0.14,0.11
2012-07-31,,18.93,1.51,0.13,0.11
2012-08-01,,18.96,1.56,0.14,0.1
2012-08-02,,17.57,1.51,0.14,0.09
2012-08-03,,15.64,1.6,0.14,0.09
2012-08-04,,,,0.14,
2012-08-05,,,,0.14,
2012-08-06,,15.95,1.59,0.14,0.1
2012-08-07,,15.99,1.66,0.13,0.11
2012-08-08,,15.32,1.68,0.13,0.11
2012-08-09,,15.28,1.69,0.13,0.11
2012-08-10,,14.74,1.65,0.13,0.1
2012-08-11,,,,0.13,
2012-08-12,,,,0.13,
2012-08-13,,13.7,1.65,0.13,0.11
2012-08-14,,14.85,1.73,0.13,0.11
2012-08-15,,14.63,1.8,0.13,0.09
2012-08-16,,14.29,1.83,0.13,0.09
2012-08-17,,13.45,1.81,0.13,0.09
2012-08-18,,,,0.13,
2012-08-19,,,,0.13,
2012-08-20,,14.02,1.82,0.13,0.11
2012-08-21,,15.02,1.8,0.13,0.11
2012-08-22,,15.11,1.71,0.13,0.11
2012-08-23,,15.96,1.68,0.13,0.11
2012-08-24,,15.18,1.68,0.13,0.1
2012-08-25,,,,0.13,
2012-08-26,,,,0.13,
2012-08-27,,16.35,1.65,0.13,0.11
2012-08-28,,16.49,1.64,0.13,0.1
2012-08-29,,17.06,1.66,0.13,0.12
2012-08-30,,17.83,1.63,0.14,0.1
2012-08-31,,17.47,1.57,0.13,0.09
2012-09-01,,,,0.13,
2012-09-02,,,,0.13,
2012-09-03,,,,0.13,
2012-09-04,,17.98,1.59,0.14,0.1
2012-09-05,,17.74,1.6,0.16,0.11
2012-09-06,,15.6,1.68,0.16,0.11
2012-09-07,,14.38,1.67,0.15,0.11
2012-09-08,,,,0.15,
2012-09-09,,,,0.15,
2012-09-10,,16.28,1.68,0.15,0.1
2012-09-11,,16.41,1.7,0.15,0.1
2012-09-12,,15.8,1.77,0.15,0.1
2012-09-13,,14.05,1.75,0.15,0.1
2012-09-14,,14.51,1.88,0.16,0.11
2012-09-15,,,,0.16,
2012-09-16,,,,0.16,
2012-09-17,,14.59,1.85,0.16,0.11
2012-09-18,,14.18,1.82,0.16,0.1
2012-09-19,,13.88,1.79,0.15,0.11
2012-09-20,,14.07,1.8,0.16,0.11
2012-09-21,,13.98,1.77,0.15,0.11
2012-09-22,,,,0.15,
2012-09-23,,,,0.15,
2012-09-24,,14.15,1.74,0.16,0.11
2012-09-25,,15.43,1.7,0.15,0.11
2012-09-26,,16.81,1.64,0.15,0.11
2012-09-27,,14.84,1.66,0.14,0.09
2012-09-28,,15.73,1.65,0.09,0.1
2012-09-29,,,,0.09,
2012-09-30,,,,0.09,
2012-10-01,,16.32,1.64,0.15,0.09
2012-10-02,,15.71,1.64,0.16,0.09
2012-10-03,,15.43,1.64,0.16,0.09
2012-10-04,,14.55,1.7,0.15,0.1
2012-10-05,,14.33,1.75,0.15,0.11
2012-10-06,,,,0.15,
2012-10-07,,,,0.15,
2012-10-08,,15.11,,0.15,
2012-10-09,,16.37,1.74,0.16,0.1
2012-10-10,,16.29,1.72,0.16,0.1
2012-10-11,,15.59,1.7,0.16,0.1
2012-10-12,,16.14,1.69,0.16,0.11
2012-10-13,,,,0.16,
2012-10-14,,,,0.16,
2012-10-15,,15.27,1.7,0.16,0.11
2012-10-16,,15.22,1.75,0.16,0.09
2012-10-17,,15.07,1.83,0.15,0.11
2012-10-18,,15.03,1.86,0.15,0.1
2012-10-19,,17.06,1.79,0.16,0.1
2012-10-20,,,,0.16,
2012-10-21,,,,0.16,
2012-10-22,,16.62,1.83,0.15,0.1
2012-10-23,,18.83,1.79,0.15,0.11
2012-10-24,,18.33,1.8,0.17,0.11
2012-10-25,,18.12,1.86,0.16,0.11
2012-10-26,,17.81,1.78,0.16,0.12
2012-10-27,,,,0.16,
2012-10-28,,,,0.16,
2012-10-29,,,1.74,0.17,0.14
2012-10-30,,,,0.17,
2012-10-31,,18.6,1.72,0.18,0.11
2012-11-01,,16.69,1.75,0.17,0.09
2012-11-02,,17.59,1.75,0.16,0.09
2012-11-03,,,,0.16,
2012-11-04,,,,0.16,
2012-11-05,,18.42,1.72,0.17,0.11
2012-11-06,,17.58,1.78,0.16,0.1
2012-11-07,,19.08,1.68,0.16,0.1
2012-11-08,,18.49,1.62,0.16,0.1
2012-11-09,,18.61,1.61,0.16,0.09
2012-11-10,,,,0.16,
2012-11-11,,,,0.16,
2012-11-12,,16.68,,0.16,
2012-11-13,,16.65,1.59,0.16,0.11
2012-11-14,,17.92,1.59,0.16,0.1
2012-11-15,,17.99,1.58,0.16,0.08
2012-11-16,,16.41,1.58,0.16,0.06
2012-11-17,,,,0.16,
2012-11-18,,,,0.16,
2012-11-19,,15.24,1.61,0.16,0.09
2012-11-20,,15.08,1.66,0.16,0.08
2012-11-21,,15.31,1.69,0.16,0.1
2012-11-22,,,,0.16,
2012-11-23,,15.14,1.7,0.16,0.1
2012-11-24,,,,0.16,
2012-11-25,,,,0.16,
2012-11-26,,15.5,1.66,0.16,0.1
2012-11-27,,15.92,1.64,0.16,0.1
2012-11-28,,15.51,1.63,0.16,0.1
2012-11-29,,15.06,1.62,0.16,0.09
2012-11-30,,15.87,1.62,0.16,0.08
2012-12-01,,,,0.16,
2012-12-02,,,,0.16,
2012-12-03,,16.64,1.63,0.16,0.1
2012-12-04,,17.12,1.62,0.17,0.1
2012-12-05,,16.46,1.6,0.16,0.1
2012-12-06,,16.58,1.59,0.16,0.1
2012-12-07,,15.9,1.64,0.16,0.09
2012-12-08,,,,0.16,
2012-12-09,,,,0.16,
2012-12-10,,16.05,1.63,0.16,0.09
2012-12-11,,15.57,1.66,0.17,0.08
2012-12-12,,15.95,1.72,0.17,0.07
2012-12-13,,16.56,1.74,0.16,0.06
2012-12-14,,17.0,1.72,0.17,0.04
2012-12-15,,,,0.17,
2012-12-16,,,,0.17,
2012-12-17,,16.34,1.78,0.16,0.05
2012-12-18,,15.57,1.84,0.17,0.06
2012-12-19,,17.36,1.82,0.17,0.05
2012-12-20,,17.67,1.81,0.17,0.06
2012-12-21,,17.84,1.77,0.17,0.06
2012-12-22,,,,0.17,
2012-12-23,,,,0.17,
2012-12-24,,17.84,1.79,0.18,0.06
2012-12-25,,,,0.18,
2012-12-26,,19.48,1.77,0.17,0.09
2012-12-27,,19.47,1.74,0.17,0.08
2012-12-28,,22.72,1.73,0.17,0.01
2012-12-29,,,,0.17,
2012-12-30,,,,0.17,
2012-12-31,,18.02,1.78,0.09,0.05
2013-01-01,,,,0.09,
2013-01-02,,14.68,1.86,0.17,0.08
2013-01-03,,14.56,1.92,0.17,0.08
2013-01-04,,13.83,1.93,0.16,0.07
2013-01-05,,,,0.16,
2013-01-06,,,,0.16,
2013-01-07,,13.79,1.92,0.16,0.07
2013-01-08,,13.62,1.89,0.15,0.07
2013-01-09,,13.81,1.88,0.14,0.06
2013-01-10,,13.49,1.91,0.14,0.06
2013-01-11,,13.36,1.89,0.14,0.07
2013-01-12,,,,0.14,
2013-01-13,,,,0.14,
2013-01-14,,13.52,1.89,0.14,0.08
2013-01-15,,13.55,1.86,0.15,0.09
2013-01-16,,13.42,1.84,0.14,0.08
2013-01-17,,13.57,1.89,0.14,0.07
2013-01-18,,12.46,1.87,0.14,0.08
2013-01-19,,,,0.14,
2013-01-20,,,,0.14,
2013-01-21,,,,0.14,
2013-01-22,,12.43,1.86,0.14,0.08
2013-01-23,,12.46,1.86,0.13,0.08
2013-01-24,,12.69,1.88,0.15,0.08
2013-01-25,,12.89,1.98,0.14,0.08
2013-01-26,,,,0.14,
2013-01-27,,,,0.14,
2013-01-28,,13.57,2.0,0.14,0.07
2013-01-29,,13.31,2.03,0.12,0.07
2013-01-30,,14.32,2.03,0.12,0.07
2013-01-31,,14.28,2.02,0.15,0.07
2013-02-01,,12.9,2.04,0.14,0.06
2013-02-02,,,,0.14,
2013-02-03,,,,0.14,
2013-02-04,,14.67,2.0,0.13,0.07
2013-02-05,,13.72,2.04,0.13,0.07
2013-02-06,,13.41,2.0,0.13,0.07
2013-02-07,,13.5,1.99,0.13,0.07
2013-02-08,,13.02,1.99,0.14,0.07
2013-02-09,,,,0.14,
2013-02-10,,,,0.14,
2013-02-11,,12.94,1.99,0.14,0.09
2013-02-12,,12.64,2.02,0.13,0.09
2013-02-13,,12.98,2.05,0.14,0.1
2013-02-14,,12.66,2.0,0.14,0.11
2013-02-15,,12.46,2.01,0.16,0.1
2013-02-16,,,,0.16,
2013-02-17,,,,0.16,
2013-02-18,,,,0.16,
2013-02-19,,12.31,2.03,0.15,0.12
2013-02-20,,14.68,2.02,0.15,0.12
2013-02-21,,15.22,1.99,0.16,0.13
2013-02-22,,14.17,1.97,0.16,0.13
2013-02-23,,,,0.16,
2013-02-24,,,,0.16,
2013-02-25,,18.99,1.88,0.15,0.12
2013-02-26,,16.87,1.88,0.14,0.14
2013-02-27,,14.73,1.91,0.14,0.11
2013-02-28,,15.51,1.89,0.14,0.11
2013-03-01,,15.36,1.86,0.14,0.11
2013-03-02,,,,0.14,
2013-03-03,,,,0.14,
2013-03-04,,14.01,1.88,0.16,0.11
2013-03-05,,13.48,1.9,0.15,0.08
2013-03-06,,13.53,1.95,0.15,0.1
2013-03-07,,13.06,2.0,0.16,0.1
2013-03-08,,12.59,2.06,0.15,0.1
2013-03-09,,,,0.15,
2013-03-10,,,,0.15,
2013-03-11,,11.56,2.07,0.16,0.1
2013-03-12,,12.27,2.03,0.15,0.1
2013-03-13,,11.83,2.04,0.14,0.09
2013-03-14,,11.3,2.04,0.15,0.1
2013-03-15,,11.3,2.01,0.16,0.09
2013-03-16,,,,0.16,
2013-03-17,,,,0.16,
2013-03-18,,13.36,1.96,0.16,0.07
2013-03-19,,14.39,1.92,0.15,0.07
2013-03-20,,12.67,1.96,0.15,0.07
2013-03-21,,13.99,1.95,0.16,0.07
2013-03-22,,13.57,1.93,0.15,0.07
2013-03-23,,,,0.15,
2013-03-24,,,,0.15,
2013-03-25,,13.74,1.93,0.15,0.08
2013-03-26,,12.77,1.92,0.14,0.07
2013-03-27,,13.15,1.87,0.12,0.09
2013-03-28,,12.7,1.87,0.13,0.07
2013-03-29,,,,0.09,
2013-03-30,,,,0.09,
2013-03-31,,,,0.09,
2013-04-01,,13.58,1.86,0.16,0.08
2013-04-02,,12.78,1.88,0.15,0.07
2013-04-03,,14.21,1.83,0.14,0.06
2013-04-04,,13.89,1.78,0.14,0.07
2013-04-05,,13.92,1.72,0.15,0.07
2013-04-06,,,,0.15,
2013-04-07,,,,0.15,
2013-04-08,,13.19,1.76,0.15,0.07
2013-04-09,,12.84,1.78,0.15,0.06
2013-04-10,,12.36,1.84,0.15,0.07
2013-04-11,,12.24,1.82,0.15,0.07
2013-04-12,,12.06,1.75,0.15,0.06
2013-04-13,,,,0.15,
2013-04-14,,,,0.15,
2013-04-15,,17.27,1.72,0.15,0.06
2013-04-16,,13.96,1.75,0.15,0.06
2013-04-17,,16.51,1.73,0.15,0.06
2013-04-18,,17.56,1.72,0.15,0.05
2013-04-19,,14.97,1.73,0.15,0.05
2013-04-20,,,,0.15,
2013-04-21,,,,0.15,
2013-04-22,,14.39,1.72,0.15,0.05
2013-04-23,,13.48,1.74,0.14,0.05
2013-04-24,,13.61,1.73,0.13,0.06
2013-04-25,,13.62,1.74,0.13,0.05
2013-04-26,,13.61,1.7,0.13,0.05
2013-04-27,,,,0.13,
2013-04-28,,,,0.13,
2013-04-29,,13.71,1.7,0.13,0.05
2013-04-30,,13.52,1.7,0.14,0.05
2013-05-01,,14.49,1.66,0.14,0.06
2013-05-02,,13.59,1.66,0.15,0.05
2013-05-03,,12.85,1.78,0.14,0.05
2013-05-04,,,,0.14,
2013-05-05,,,,0.14,
2013-05-06,,12.66,1.8,0.14,0.04
2013-05-07,,12.83,1.82,0.12,0.04
2013-05-08,,12.66,1.81,0.12,0.04
2013-05-09,,13.13,1.81,0.12,0.04
2013-05-10,,12.59,1.9,0.12,0.04
2013-05-11,,,,0.12,
2013-05-12,,,,0.12,
2013-05-13,,12.55,1.92,0.12,0.05
2013-05-14,,12.77,1.96,0.11,0.05
2013-05-15,,12.81,1.94,0.12,0.04
2013-05-16,,13.07,1.87,0.11,0.03
2013-05-17,,12.45,1.95,0.1,0.04
2013-05-18,,,,0.1,
2013-05-19,,,,0.1,
2013-05-20,,13.02,1.97,0.1,0.05
2013-05-21,,13.37,1.94,0.09,0.04
2013-05-22,,13.82,2.03,0.08,0.04
2013-05-23,,14.07,2.02,0.08,0.05
2013-05-24,,13.99,2.01,0.09,0.04
2013-05-25,,,,0.09,
2013-05-26,,,,0.09,
2013-05-27,,,,0.09,
2013-05-28,,14.48,2.15,0.09,0.05
2013-05-29,,14.83,2.13,0.08,0.05
2013-05-30,,14.53,2.13,0.08,0.04
2013-05-31,,16.3,2.16,0.09,0.04
2013-06-01,,,,0.09,
2013-06-02,,,,0.09,
2013-06-03,,16.28,2.13,0.1,0.05
2013-06-04,,16.27,2.14,0.11,0.04
2013-06-05,,17.5,2.1,0.09,0.05
2013-06-06,,16.63,2.08,0.1,0.05
2013-06-07,,15.14,2.17,0.09,0.04
2013-06-08,,,,0.09,
2013-06-09,,,,0.09,
2013-06-10,,15.44,2.22,0.09,0.05
2013-06-11,,17.07,2.2,0.09,0.05
2013-06-12,,18.59,2.25,0.08,0.05
2013-06-13,,16.41,2.19,0.09,0.05
2013-06-14,,17.15,2.14,0.1,0.05
2013-06-15,,,,0.1,
2013-06-16,,,,0.1,
2013-06-17,,16.8,2.19,0.11,0.05
2013-06-18,,16.61,2.2,0.12,0.05
2013-06-19,,16.64,2.33,0.1,0.05
2013-06-20,,20.49,2.41,0.1,0.05
2013-06-21,,18.9,2.52,0.1,0.05
2013-06-22,,,,0.1,
2013-06-23,,,,0.1,
2013-06-24,,20.11,2.57,0.1,0.06
2013-06-25,,18.47,2.6,0.09,0.06
2013-06-26,,17.21,2.55,0.09,0.06
2013-06-27,,16.86,2.49,0.09,0.06
2013-06-28,,16.86,2.52,0.07,0.04
2013-06-29,,,,0.07,
2013-06-30,,,,0.07,
2013-07-01,,16.37,2.5,0.1,0.04
2013-07-02,,16.44,2.48,0.1,0.03
2013-07-03,,16.2,2.52,0.1,0.05
2013-07-04,,,,0.1,
2013-07-05,,14.89,2.73,0.1,0.04
2013-07-06,,,,0.1,
2013-07-07,,,,0.1,
2013-07-08,,14.78,2.65,0.1,0.05
2013-07-09,,14.35,2.65,0.1,0.04
2013-07-10,,14.21,2.7,0.09,0.04
2013-07-11,,14.01,2.6,0.09,0.04
2013-07-12,,13.84,2.61,0.09,0.04
2013-07-13,,,,0.09,
2013-07-14,,,,0.09,
2013-07-15,,13.79,2.57,0.09,0.04
2013-07-16,,14.42,2.55,0.09,0.03
2013-07-17,,13.78,2.52,0.09,0.03
2013-07-18,,13.77,2.56,0.09,0.03
2013-07-19,,12.54,2.5,0.09,0.03
2013-07-20,,,,0.09,
2013-07-21,,,,0.09,
2013-07-22,,12.29,2.5,0.09,0.04
2013-07-23,,12.66,2.53,0.09,0.02
2013-07-24,,13.18,2.61,0.09,0.03
2013-07-25,,12.97,2.61,0.09,0.02
2013-07-26,,12.72,2.58,0.09,0.03
2013-07-27,,,,0.09,
2013-07-28,,,,0.09,
2013-07-29,,13.39,2.61,0.08,0.03
2013-07-30,,13.39,2.63,0.09,0.04
2013-07-31,,13.45,2.6,0.09,0.04
2013-08-01,,12.94,2.74,0.08,0.04
2013-08-02,,11.98,2.63,0.09,0.04
2013-08-03,,,,0.09,
2013-08-04,,,,0.09,
2013-08-05,,11.84,2.67,0.08,0.05
2013-08-06,,12.72,2.67,0.09,0.04
2013-08-07,,12.98,2.61,0.09,0.05
2013-08-08,,12.73,2.58,0.09,0.05
2013-08-09,,13.41,2.57,0.08,0.05
2013-08-10,,,,0.08,
2013-08-11,,,,0.08,
2013-08-12,,12.81,2.61,0.08,0.06
2013-08-13,,12.31,2.71,0.08,0.06
2013-08-14,,13.04,2.71,0.09,0.05
2013-08-15,,14.73,2.77,0.08,0.05
2013-08-16,,14.37,2.84,0.09,0.05
2013-08-17,,,,0.09,
2013-08-18,,,,0.09,
2013-08-19,,15.1,2.88,0.09,0.06
2013-08-20,,14.91,2.82,0.09,0.04
2013-08-21,,15.94,2.87,0.08,0.04
2013-08-22,,14.76,2.9,0.09,0.03
2013-08-23,,13.98,2.82,0.08,0.03
2013-08-24,,,,0.08,
2013-08-25,,,,0.08,
2013-08-26,,14.99,2.79,0.08,0.04
2013-08-27,,16.77,2.72,0.07,0.05
2013-08-28,,16.49,2.78,0.07,0.03
2013-08-29,,16.81,2.75,0.08,0.02
2013-08-30,,17.01,2.78,0.07,0.03
2013-08-31,,,,0.07,
2013-09-01,,,,0.07,
2013-09-02,,,,0.07,
2013-09-03,,16.61,2.86,0.09,0.02
2013-09-04,,15.88,2.9,0.08,0.02
2013-09-05,,15.77,2.98,0.08,0.02
2013-09-06,,15.85,2.94,0.08,0.02
2013-09-07,,,,0.08,
2013-09-08,,,,0.08,
2013-09-09,,15.63,2.9,0.08,0.02
2013-09-10,,14.53,2.96,0.08,0.02
2013-09-11,,13.82,2.93,0.08,0.02
2013-09-12,,14.29,2.92,0.08,0.01
2013-09-13,,14.16,2.9,0.08,0.01
2013-09-14,,,,0.08,
2013-09-15,,,,0.08,
2013-09-16,,14.38,2.88,0.08,0.02
2013-09-17,,14.53,2.86,0.08,0.01
2013-09-18,,13.59,2.69,0.08,0.01
2013-09-19,,13.16,2.76,0.09,0.01
2013-09-20,,13.12,2.75,0.08,0.01
2013-09-21,,,,0.08,
2013-09-22,,,,0.08,
2013-09-23,,14.31,2.72,0.09,0.02
2013-09-24,,14.08,2.67,0.09,0.02
2013-09-25,,14.01,2.63,0.08,0.02
2013-09-26,,14.06,2.66,0.08,0.0
2013-09-27,,15.46,2.64,0.08,0.02
2013-09-28,,,,0.08,
2013-09-29,,,,0.08,
2013-09-30,,16.6,2.64,0.06,0.02
2013-10-01,,15.54,2.66,0.08,0.02
2013-10-02,,16.6,2.63,0.07,0.02
2013-10-03,,17.67,2.62,0.08,0.03
2013-10-04,,16.74,2.66,0.08,0.03
2013-10-05,,,,0.08,
2013-10-06,,,,0.08,
2013-10-07,,19.41,2.65,0.08,0.03
2013-10-08,,20.34,2.66,0.08,0.05
2013-10-09,,19.6,2.68,0.09,0.05
2013-10-10,,16.48,2.71,0.09,0.05
2013-10-11,,15.72,2.7,0.1,0.08
2013-10-12,,,,0.1,
2013-10-13,,,,0.1,
2013-10-14,,16.07,,0.1,
2013-10-15,,18.66,2.75,0.1,0.14
2013-10-16,,14.71,2.69,0.11,0.1
2013-10-17,,13.48,2.61,0.1,0.05
2013-10-18,,13.04,2.6,0.1,0.04
2013-10-19,,,,0.1,
2013-10-20,,,,0.1,
2013-10-21,,13.16,2.63,0.09,0.04
2013-10-22,,13.33,2.54,0.08,0.04
2013-10-23,,13.42,2.51,0.08,0.04
2013-10-24,,13.2,2.53,0.08,0.03
2013-10-25,,13.09,2.53,0.08,0.04
2013-10-26,,,,0.08,
2013-10-27,,,,0.08,
2013-10-28,,13.31,2.54,0.08,0.04
2013-10-29,,13.41,2.53,0.08,0.04
2013-10-30,,13.65,2.55,0.08,0.04
2013-10-31,,13.75,2.57,0.07,0.04
2013-11-01,,13.28,2.65,0.08,0.04
2013-11-02,,,,0.08,
2013-11-03,,,,0.08,
2013-11-04,,12.93,2.63,0.08,0.05
2013-11-05,,13.27,2.69,0.08,0.05
2013-11-06,,12.67,2.67,0.08,0.05
2013-11-07,,13.91,2.63,0.08,0.05
2013-11-08,,12.9,2.77,0.08,0.06
2013-11-09,,,,0.08,
2013-11-10,,,,0.08,
2013-11-11,,12.53,,0.08,
2013-11-12,,12.82,2.8,0.08,0.08
2013-11-13,,12.52,2.75,0.08,0.08
2013-11-14,,12.37,2.69,0.09,0.08
2013-11-15,,12.19,2.71,0.09,0.08
2013-11-16,,,,0.09,
2013-11-17,,,,0.09,
2013-11-18,,13.1,2.67,0.09,0.09
2013-11-19,,13.39,2.71,0.09,0.08
2013-11-20,,13.4,2.8,0.09,0.08
2013-11-21,,12.66,2.79,0.09,0.07
2013-11-22,,12.26,2.75,0.09,0.07
2013-11-23,,,,0.09,
2013-11-24,,,,0.09,
2013-11-25,,12.79,2.74,0.09,0.08
2013-11-26,,12.81,2.71,0.09,0.07
2013-11-27,,12.98,2.74,0.09,0.07
2013-11-28,,,,0.09,
2013-11-29,,13.7,2.75,0.07,0.06
2013-11-30,,,,0.07,
2013-12-01,,,,0.07,
2013-12-02,,14.23,2.81,0.09,0.05
2013-12-03,,14.55,2.79,0.09,0.06
2013-12-04,,14.7,2.84,0.09,0.06
2013-12-05,,15.08,2.88,0.09,0.06
2013-12-06,,13.79,2.88,0.09,0.06
2013-12-07,,,,0.09,
2013-12-08,,,,0.09,
2013-12-09,,13.49,2.86,0.09,0.07
2013-12-10,,13.91,2.81,0.09,0.07
2013-12-11,,15.42,2.86,0.08,0.07
2013-12-12,,15.54,2.89,0.09,0.07
2013-12-13,,15.76,2.88,0.08,0.07
2013-12-14,,,,0.08,
2013-12-15,,,,0.08,
2013-12-16,,16.03,2.89,0.09,0.07
2013-12-17,,16.21,2.85,0.09,0.07
2013-12-18,,13.8,2.89,0.09,0.07
2013-12-19,,14.15,2.94,0.09,0.06
2013-12-20,,13.79,2.89,0.09,0.07
2013-12-21,,,,0.09,
2013-12-22,,,,0.09,
2013-12-23,,13.04,2.94,0.09,0.07
2013-12-24,,12.48,2.99,0.08,0.07
2013-12-25,,,,0.08,
2013-12-26,,12.33,3.0,0.08,0.07
2013-12-27,,12.46,3.02,0.08,0.07
2013-12-28,,,,0.08,
2013-12-29,,,,0.08,
2013-12-30,,13.56,2.99,0.08,0.07
2013-12-31,,13.72,3.04,0.07,0.07
2014-01-01,,,,0.07,
2014-01-02,,14.23,3.0,0.08,0.07
2014-01-03,,13.76,3.01,0.08,0.07
2014-01-04,,,,0.08,
2014-01-05,,,,0.08,
2014-01-06,,13.55,2.98,0.08,0.05
2014-01-07,,12.92,2.96,0.07,0.04
2014-01-08,,12.87,3.01,0.07,0.05
2014-01-09,,12.89,2.97,0.07,0.04
2014-01-10,,12.14,2.88,0.07,0.05
2014-01-11,,,,0.07,
2014-01-12,,,,0.07,
2014-01-13,,13.28,2.84,0.07,0.03
2014-01-14,,12.28,2.88,0.07,0.04
2014-01-15,,12.28,2.9,0.07,0.04
2014-01-16,,12.53,2.86,0.07,0.04
2014-01-17,,12.44,2.84,0.07,0.05
2014-01-18,,,,0.07,
2014-01-19,,,,0.07,
2014-01-20,,,,0.07,
2014-01-21,,12.87,2.85,0.07,0.04
2014-01-22,,12.84,2.87,0.07,0.04
2014-01-23,,13.77,2.79,0.07,0.04
2014-01-24,,18.14,2.75,0.07,0.04
2014-01-25,,,,0.07,
2014-01-26,,,,0.07,
2014-01-27,,17.42,2.78,0.07,0.05
2014-01-28,,15.8,2.77,0.07,0.05
2014-01-29,,17.35,2.69,0.07,0.04
2014-01-30,,17.29,2.72,0.07,0.02
2014-01-31,,18.41,2.67,0.07,0.02
2014-02-01,,,,0.07,
2014-02-02,,,,0.07,
2014-02-03,,21.44,2.61,0.07,0.05
2014-02-04,,19.11,2.64,0.07,0.06
2014-02-05,,19.95,2.7,0.07,0.07
2014-02-06,,17.23,2.73,0.07,0.07
2014-02-07,,15.29,2.71,0.06,0.08
2014-02-08,,,,0.06,
2014-02-09,,,,0.06,
2014-02-10,,15.26,2.7,0.07,0.07
2014-02-11,,14.51,2.75,0.06,0.05
2014-02-12,,14.3,2.8,0.07,0.05
2014-02-13,,14.14,2.73,0.06,0.03
2014-02-14,,13.57,2.75,0.06,0.02
2014-02-15,,,,0.06,
2014-02-16,,,,0.06,
2014-02-17,,,,0.06,
2014-02-18,,13.87,2.71,0.07,0.05
2014-02-19,,15.5,2.73,0.07,0.06
2014-02-20,,14.79,2.76,0.07,0.05
2014-02-21,,14.68,2.73,0.07,0.05
2014-02-22,,,,0.07,
2014-02-23,,,,0.07,
2014-02-24,,14.23,2.75,0.07,0.05
2014-02-25,,13.67,2.7,0.07,0.05
2014-02-26,,14.35,2.67,0.07,0.05
2014-02-27,,14.04,2.65,0.07,0.04
2014-02-28,,14.0,2.66,0.06,0.05
2014-03-01,,,,0.06,
2014-03-02,,,,0.06,
2014-03-03,,16.0,2.6,0.07,0.05
2014-03-04,,14.1,2.7,0.07,0.05
2014-03-05,,13.89,2.7,0.08,0.06
2014-03-06,,14.21,2.74,0.08,0.05
2014-03-07,,14.11,2.8,0.08,0.06
2014-03-08,,,,0.08,
2014-03-09,,,,0.08,
2014-03-10,,14.2,2.79,0.08,0.05
2014-03-11,,14.8,2.77,0.08,0.05
2014-03-12,,14.47,2.73,0.08,0.05
2014-03-13,,16.22,2.66,0.08,0.05
2014-03-14,,17.82,2.65,0.08,0.05
2014-03-15,,,,0.08,
2014-03-16,,,,0.08,
2014-03-17,,15.64,2.7,0.08,0.06
2014-03-18,,14.52,2.68,0.08,0.05
2014-03-19,,15.12,2.78,0.08,0.06
2014-03-20,,14.52,2.79,0.08,0.06
2014-03-21,,15.0,2.75,0.08,0.06
2014-03-22,,,,0.08,
2014-03-23,,,,0.08,
2014-03-24,,15.09,2.74,0.09,0.06
2014-03-25,,14.02,2.75,0.09,0.05
2014-03-26,,14.93,2.71,0.08,0.05
2014-03-27,,14.62,2.69,0.08,0.04
2014-03-28,,14.41,2.73,0.08,0.04
2014-03-29,,,,0.08,
2014-03-30,,,,0.08,
2014-03-31,,13.88,2.73,0.06,0.05
2014-04-01,,13.1,2.77,0.08,0.04
2014-04-02,,13.09,2.82,0.09,0.02
2014-04-03,,13.37,2.8,0.08,0.02
2014-04-04,,13.96,2.74,0.08,0.03
2014-04-05,,,,0.08,
2014-04-06,,,,0.08,
2014-04-07,,15.57,2.71,0.09,0.03
2014-04-08,,14.89,2.69,0.08,0.03
2014-04-09,,13.82,2.71,0.08,0.04
2014-04-10,,15.89,2.65,0.08,0.04
2014-04-11,,17.03,2.63,0.09,0.04
2014-04-12,,,,0.09,
2014-04-13,,,,0.09,
2014-04-14,,16.11,2.65,0.09,0.04
2014-04-15,,15.61,2.64,0.1,0.04
2014-04-16,,14.18,2.65,0.09,0.04
2014-04-17,,13.36,2.73,0.09,0.03
2014-04-18,,,,0.1,
2014-04-19,,,,0.1,
2014-04-20,,,,0.1,
2014-04-21,,13.25,2.73,0.1,0.04
2014-04-22,,13.19,2.73,0.1,0.03
2014-04-23,,13.27,2.7,0.1,0.02
2014-04-24,,13.32,2.7,0.1,0.01
2014-04-25,,14.06,2.68,0.09,0.03
2014-04-26,,,,0.09,
2014-04-27,,,,0.09,
2014-04-28,,13.97,2.7,0.09,0.03
2014-04-29,,13.71,2.71,0.1,0.02
2014-04-30,,13.41,2.67,0.09,0.03
2014-05-01,,13.25,2.63,0.09,0.03
2014-05-02,,12.91,2.6,0.09,0.02
2014-05-03,,,,0.09,
2014-05-04,,,,0.09,
2014-05-05,,13.29,2.63,0.09,0.03
2014-05-06,,13.8,2.61,0.09,0.03
2014-05-07,,13.4,2.62,0.08,0.03
2014-05-08,,13.43,2.61,0.08,0.03
2014-05-09,,12.92,2.62,0.08,0.03
2014-05-10,,,,0.08,
2014-05-11,,,,0.08,
2014-05-12,,12.23,2.66,0.08,0.03
2014-05-13,,12.13,2.61,0.09,0.03
2014-05-14,,12.17,2.54,0.08,0.03
2014-05-15,,13.17,2.5,0.09,0.03
2014-05-16,,12.44,2.52,0.09,0.03
2014-05-17,,,,0.09,
2014-05-18,,,,0.09,
2014-05-19,,12.42,2.54,0.09,0.03
2014-05-20,,12.96,2.52,0.09,0.03
2014-05-21,,11.91,2.54,0.09,0.04
2014-05-22,,12.03,2.56,0.09,0.03
2014-05-23,,11.36,2.54,0.09,0.04
2014-05-24,,,,0.09,
2014-05-25,,,,0.09,
2014-05-26,,,,0.09,
2014-05-27,,11.51,2.52,0.09,0.04
2014-05-28,,11.68,2.44,0.09,0.04
2014-05-29,,11.57,2.45,0.09,0.04
2014-05-30,,11.4,2.48,0.08,0.04
2014-05-31,,,,0.08,
2014-06-01,,,,0.08,
2014-06-02,,11.58,2.54,0.09,0.04
2014-06-03,,11.87,2.6,0.1,0.04
2014-06-04,,12.08,2.61,0.09,0.04
2014-06-05,,11.68,2.59,0.09,0.04
2014-06-06,,10.73,2.6,0.09,0.04
2014-06-07,,,,0.09,
2014-06-08,,,,0.09,
2014-06-09,,11.15,2.62,0.09,0.04
2014-06-10,,10.99,2.64,0.09,0.04
2014-06-11,,11.6,2.65,0.09,0.04
2014-06-12,,12.56,2.58,0.09,0.04
2014-06-13,,12.18,2.6,0.1,0.04
2014-06-14,,,,0.1,
2014-06-15,,,,0.1,
2014-06-16,,12.65,2.61,0.1,0.04
2014-06-17,,12.06,2.66,0.1,0.04
2014-06-18,,10.61,2.61,0.1,0.03
2014-06-19,,10.62,2.64,0.1,0.02
2014-06-20,,10.85,2.63,0.1,0.02
2014-06-21,,,,0.1,
2014-06-22,,,,0.1,
2014-06-23,,10.98,2.63,0.1,0.03
2014-06-24,,12.13,2.59,0.1,0.03
2014-06-25,,11.59,2.57,0.1,0.03
2014-06-26,,11.63,2.53,0.1,0.04
2014-06-27,,11.26,2.54,0.1,0.03
2014-06-28,,,,0.1,
2014-06-29,,,,0.1,
2014-06-30,,11.57,2.53,0.09,0.04
2014-07-01,,11.15,2.58,0.1,0.02
2014-07-02,,10.82,2.64,0.1,0.02
2014-07-03,,10.32,2.65,0.09,0.01
2014-07-04,,,,0.09,
2014-07-05,,,,0.09,
2014-07-06,,,,0.09,
2014-07-07,,11.33,2.63,0.1,0.04
2014-07-08,,11.98,2.58,0.09,0.03
2014-07-09,,11.65,2.57,0.09,0.03
2014-07-10,,12.59,2.55,0.09,0.02
2014-07-11,,12.08,2.53,0.09,0.02
2014-07-12,,,,0.09,
2014-07-13,,,,0.09,
2014-07-14,,11.82,2.55,0.09,0.03
2014-07-15,,11.96,2.56,0.09,0.02
2014-07-16,,11.0,2.55,0.09,0.02
2014-07-17,,14.54,2.47,0.09,0.02
2014-07-18,,12.06,2.5,0.09,0.02
2014-07-19,,,,0.09,
2014-07-20,,,,0.09,
2014-07-21,,12.81,2.49,0.1,0.03
2014-07-22,,12.24,2.48,0.09,0.03
2014-07-23,,11.52,2.48,0.09,0.03
2014-07-24,,11.84,2.52,0.09,0.03
2014-07-25,,12.69,2.48,0.09,0.03
2014-07-26,,,,0.09,
2014-07-27,,,,0.09,
2014-07-28,,12.56,2.5,0.09,0.04
2014-07-29,,13.28,2.47,0.09,0.02
2014-07-30,,13.33,2.57,0.09,0.04
2014-07-31,,16.95,2.58,0.08,0.03
2014-08-01,,17.03,2.52,0.09,0.03
2014-08-02,,,,0.09,
2014-08-03,,,,0.09,
2014-08-04,,15.12,2.51,0.09,0.04
2014-08-05,,16.87,2.49,0.09,0.03
2014-08-06,,16.37,2.49,0.09,0.03
2014-08-07,,16.66,2.43,0.09,0.03
2014-08-08,,15.77,2.44,0.09,0.03
2014-08-09,,,,0.09,
2014-08-10,,,,0.09,
2014-08-11,,14.23,2.44,0.09,0.04
2014-08-12,,14.13,2.46,0.09,0.03
2014-08-13,,12.9,2.43,0.09,0.04
2014-08-14,,12.42,2.4,0.09,0.04
2014-08-15,,13.15,2.34,0.09,0.03
2014-08-16,,,,0.09,
2014-08-17,,,,0.09,
2014-08-18,,12.32,2.39,0.09,0.03
2014-08-19,,12.21,2.4,0.09,0.03
2014-08-20,,11.78,2.43,0.09,0.04
2014-08-21,,11.76,2.41,0.09,0.02
2014-08-22,,11.47,2.4,0.09,0.03
2014-08-23,,,,0.09,
2014-08-24,,,,0.09,
2014-08-25,,11.7,2.39,0.09,0.04
2014-08-26,,11.63,2.39,0.09,0.03
2014-08-27,,11.78,2.37,0.09,0.04
2014-08-28,,12.05,2.34,0.09,0.03
2014-08-29,,11.98,2.35,0.07,0.03
2014-08-30,,,,0.07,
2014-08-31,,,,0.07,
2014-09-01,,,,0.07,
2014-09-02,,12.25,2.42,0.09,0.03
2014-09-03,,12.36,2.41,0.09,0.03
2014-09-04,,12.64,2.45,0.09,0.03
2014-09-05,,12.09,2.46,0.09,0.03
2014-09-06,,,,0.09,
2014-09-07,,,,0.09,
2014-09-08,,12.66,2.48,0.09,0.02
2014-09-09,,13.5,2.5,0.09,0.02
2014-09-10,,12.88,2.54,0.09,0.02
2014-09-11,,12.8,2.54,0.09,0.02
2014-09-12,,13.31,2.62,0.09,0.02
2014-09-13,,,,0.09,
2014-09-14,,,,0.09,
2014-09-15,,14.12,2.6,0.09,0.02
2014-09-16,,12.73,2.6,0.09,0.02
2014-09-17,,12.65,2.62,0.09,0.02
2014-09-18,,12.03,2.63,0.09,0.02
2014-09-19,,12.11,2.59,0.09,0.02
2014-09-20,,,,0.09,
2014-09-21,,,,0.09,
2014-09-22,,13.69,2.57,0.09,0.01
2014-09-23,,14.93,2.54,0.09,0.01
2014-09-24,,13.27,2.57,0.09,0.02
2014-09-25,,15.64,2.52,0.09,0.01
2014-09-26,,14.85,2.54,0.09,0.01
2014-09-27,,,,0.09,
2014-09-28,,,,0.09,
2014-09-29,,15.98,2.5,0.08,0.02
2014-09-30,,16.31,2.52,0.07,0.02
2014-10-01,,16.71,2.42,0.09,0.02
2014-10-02,,16.16,2.44,0.09,0.01
2014-10-03,,14.55,2.45,0.09,0.01
2014-10-04,,,,0.09,
2014-10-05,,,,0.09,
2014-10-06,,15.46,2.43,0.09,0.02
2014-10-07,,17.2,2.36,0.09,0.02
2014-10-08,,15.11,2.35,0.09,0.01
2014-10-09,,18.76,2.34,0.08,0.01
2014-10-10,,21.24,2.31,0.09,0.01
2014-10-11,,,,0.09,
2014-10-12,,,,0.09,
2014-10-13,,24.64,,0.09,
2014-10-14,,22.79,2.21,0.09,0.02
2014-10-15,,26.25,2.15,0.09,0.02
2014-10-16,,25.2,2.17,0.09,0.03
2014-10-17,,21.99,2.22,0.09,0.02
2014-10-18,,,,0.09,
2014-10-19,,,,0.09,
2014-10-20,,18.57,2.2,0.09,0.02
2014-10-21,,16.08,2.23,0.09,0.02
2014-10-22,,17.87,2.25,0.09,0.02
2014-10-23,,16.53,2.29,0.09,0.01
2014-10-24,,16.11,2.29,0.09,0.01
2014-10-25,,,,0.09,
2014-10-26,,,,0.09,
2014-10-27,,16.04,2.27,0.09,0.02
2014-10-28,,14.39,2.3,0.09,0.02
2014-10-29,,15.15,2.34,0.09,0.03
2014-10-30,,14.52,2.32,0.09,0.01
2014-10-31,,14.03,2.35,0.07,0.01
2014-11-01,,,,0.07,
2014-11-02,,,,0.07,
2014-11-03,,14.73,2.36,0.09,0.02
2014-11-04,,14.89,2.35,0.1,0.03
2014-11-05,,14.17,2.36,0.09,0.03
2014-11-06,,13.67,2.39,0.09,0.03
2014-11-07,,13.12,2.32,0.09,0.03
2014-11-08,,,,0.09,
2014-11-09,,,,0.09,
2014-11-10,,12.67,2.38,0.09,0.02
2014-11-11,,12.92,,0.09,
2014-11-12,,13.02,2.37,0.09,0.02
2014-11-13,,13.79,2.35,0.09,0.02
2014-11-14,,13.31,2.32,0.09,0.02
2014-11-15,,,,0.09,
2014-11-16,,,,0.09,
2014-11-17,,13.99,2.34,0.1,0.03
2014-11-18,,13.86,2.32,0.11,0.02
2014-11-19,,13.96,2.36,0.1,0.01
2014-11-20,,13.58,2.34,0.1,0.02
2014-11-21,,12.9,2.31,0.1,0.01
2014-11-22,,,,0.1,
2014-11-23,,,,0.1,
2014-11-24,,12.62,2.3,0.1,0.02
2014-11-25,,12.25,2.27,0.1,0.02
2014-11-26,,12.07,2.24,0.1,0.02
2014-11-27,,,,0.1,
2014-11-28,,13.33,2.18,0.08,0.02
2014-11-29,,,,0.08,
2014-11-30,,,,0.08,
2014-12-01,,14.29,2.22,0.13,0.03
2014-12-02,,12.85,2.28,0.12,0.03
2014-12-03,,12.47,2.29,0.12,0.01
2014-12-04,,12.38,2.25,0.12,0.02
2014-12-05,,11.82,2.31,0.12,0.02
2014-12-06,,,,0.12,
2014-12-07,,,,0.12,
2014-12-08,,14.21,2.26,0.12,0.03
2014-12-09,,14.89,2.22,0.12,0.04
2014-12-10,,18.53,2.18,0.12,0.03
2014-12-11,,20.08,2.19,0.12,0.03
2014-12-12,,21.08,2.1,0.12,0.02
2014-12-13,,,,0.12,
2014-12-14,,,,0.12,
2014-12-15,,20.42,2.12,0.11,0.04
2014-12-16,,23.57,2.07,0.12,0.03
2014-12-17,,19.44,2.14,0.13,0.03
2014-12-18,,16.81,2.22,0.13,0.04
2014-12-19,,16.49,2.17,0.13,0.04
2014-12-20,,,,0.13,
2014-12-21,,,,0.13,
2014-12-22,,15.25,2.17,0.13,0.05
2014-12-23,,14.8,2.26,0.13,0.03
2014-12-24,,14.37,2.27,0.13,0.01
2014-12-25,,,,0.13,
2014-12-26,,14.5,2.25,0.13,0.01
2014-12-27,,,,0.13,
2014-12-28,,,,0.13,
2014-12-29,,15.06,2.22,0.13,0.03
2014-12-30,,15.92,2.2,0.13,0.03
2014-12-31,,19.2,2.17,0.06,0.04
2015-01-01,,,,0.06,
2015-01-02,,17.79,2.12,0.12,0.02
2015-01-03,,,,0.12,
2015-01-04,,,,0.12,
2015-01-05,,19.92,2.04,0.12,0.03
2015-01-06,,21.12,1.97,0.12,0.03
2015-01-07,,19.31,1.96,0.12,0.03
2015-01-08,,17.01,2.03,0.12,0.03
2015-01-09,,17.55,1.98,0.12,0.02
2015-01-10,,,,0.12,
2015-01-11,,,,0.12,
2015-01-12,,19.6,1.92,0.12,0.03
2015-01-13,,20.56,1.91,0.12,0.03
2015-01-14,,21.48,1.86,0.12,0.04
2015-01-15,,22.39,1.77,0.12,0.03
2015-01-16,,20.95,1.83,0.13,0.03
2015-01-17,,,,0.13,
2015-01-18,,,,0.13,
2015-01-19,,,,0.13,
2015-01-20,,19.89,1.82,0.12,0.03
2015-01-21,,18.85,1.87,0.12,0.03
2015-01-22,,16.4,1.9,0.12,0.03
2015-01-23,,16.66,1.81,0.12,0.02
2015-01-24,,,,0.12,
2015-01-25,,,,0.12,
2015-01-26,,15.52,1.83,0.12,0.03
2015-01-27,,17.22,1.83,0.11,0.02
2015-01-28,,20.44,1.73,0.12,0.02
2015-01-29,,18.76,1.77,0.11,0.03
2015-01-30,,20.97,1.68,0.06,0.02
2015-01-31,,,,0.06,
2015-02-01,,,,0.06,
2015-02-02,,19.43,1.68,0.12,0.02
2015-02-03,,17.33,1.79,0.12,0.02
2015-02-04,,18.33,1.81,0.11,0.01
2015-02-05,,16.85,1.83,0.12,0.02
2015-02-06,,17.29,1.95,0.11,0.02
2015-02-07,,,,0.11,
2015-02-08,,,,0.11,
2015-02-09,,18.55,1.96,0.12,0.01
2015-02-10,,17.23,2.01,0.12,0.01
2015-02-11,,16.96,2.0,0.12,0.01
2015-02-12,,15.34,1.99,0.12,0.02
2015-02-13,,14.69,2.02,0.12,0.01
2015-02-14,,,,0.12,
2015-02-15,,,,0.12,
2015-02-16,,,,0.12,
2015-02-17,,15.8,2.14,0.12,0.02
2015-02-18,,15.45,2.07,0.12,0.02
2015-02-19,,15.29,2.11,0.12,0.02
2015-02-20,,14.3,2.13,0.12,0.02
2015-02-21,,,,0.12,
2015-02-22,,,,0.12,
2015-02-23,,14.56,2.06,0.11,0.02
2015-02-24,,13.69,1.99,0.11,0.02
2015-02-25,,13.84,1.96,0.11,0.02
2015-02-26,,13.91,2.03,0.11,0.03
2015-02-27,,13.34,2.0,0.06,0.02
2015-02-28,,,,0.06,
2015-03-01,,,,0.06,
2015-03-02,,13.04,2.08,0.12,0.02
2015-03-03,,13.86,2.12,0.12,0.02
2015-03-04,,14.23,2.12,0.11,0.01
2015-03-05,,14.04,2.11,0.11,0.02
2015-03-06,,15.2,2.24,0.12,0.01
2015-03-07,,,,0.12,
2015-03-08,,,,0.12,
2015-03-09,,15.06,2.2,0.12,0.02
2015-03-10,,16.69,2.14,0.12,0.02
2015-03-11,,16.87,2.11,0.11,0.03
2015-03-12,,15.42,2.1,0.11,0.03
2015-03-13,,16.0,2.13,0.11,0.03
2015-03-14,,,,0.11,
2015-03-15,,,,0.11,
2015-03-16,,15.61,2.1,0.12,0.05
2015-03-17,,15.66,2.06,0.12,0.05
2015-03-18,,13.97,1.93,0.11,0.03
2015-03-19,,14.07,1.98,0.12,0.03
2015-03-20,,13.02,1.93,0.12,0.01
2015-03-21,,,,0.12,
2015-03-22,,,,0.12,
2015-03-23,,13.41,1.92,0.12,0.03
2015-03-24,,13.62,1.88,0.11,0.02
2015-03-25,,15.44,1.93,0.12,0.04
2015-03-26,,15.8,2.01,0.11,0.03
2015-03-27,,15.07,1.95,0.12,0.04
2015-03-28,,,,0.12,
2015-03-29,,,,0.12,
2015-03-30,,14.51,1.96,0.12,0.04
2015-03-31,,15.29,1.94,0.06,0.03
2015-04-01,,15.11,1.87,0.12,0.03
2015-04-02,,14.67,1.92,0.12,0.02
2015-04-03,,,1.85,0.12,0.02
2015-04-04,,,,0.12,
2015-04-05,,,,0.12,
2015-04-06,,14.74,1.92,0.13,0.03
2015-04-07,,14.78,1.89,0.12,0.02
2015-04-08,,13.98,1.92,0.12,0.03
2015-04-09,,13.09,1.97,0.12,0.03
2015-04-10,,12.58,1.96,0.12,0.02
2015-04-11,,,,0.12,
2015-04-12,,,,0.12,
2015-04-13,,13.94,1.94,0.13,0.03
2015-04-14,,13.67,1.9,0.13,0.02
2015-04-15,,12.84,1.91,0.13,0.02
2015-04-16,,12.6,1.9,0.13,0.02
2015-04-17,,13.89,1.87,0.13,0.01
2015-04-18,,,,0.13,
2015-04-19,,,,0.13,
2015-04-20,,13.3,1.9,0.13,0.03
2015-04-21,,13.25,1.92,0.13,0.03
2015-04-22,,12.71,1.99,0.13,0.03
2015-04-23,,12.48,1.96,0.13,0.03
2015-04-24,,12.29,1.93,0.13,0.03
2015-04-25,,,,0.13,
2015-04-26,,,,0.13,
2015-04-27,,13.12,1.94,0.13,0.02
2015-04-28,,12.41,2.0,0.13,0.02
2015-04-29,,13.39,2.06,0.13,0.01
2015-04-30,,14.55,2.05,0.08,0.01
2015-05-01,,12.7,2.12,0.13,0.01
2015-05-02,,,,0.13,
2015-05-03,,,,0.13,
2015-05-04,,12.85,2.16,0.13,0.02
2015-05-05,,14.31,2.19,0.13,0.01
2015-05-06,,15.15,2.25,0.13,0.02
2015-05-07,,15.13,2.18,0.13,0.01
2015-05-08,,12.86,2.16,0.13,0.01
2015-05-09,,,,0.13,
2015-05-10,,,,0.13,
2015-05-11,,13.85,2.28,0.13,0.02
2015-05-12,,13.86,2.28,0.13,0.03
2015-05-13,,13.76,2.27,0.13,0.02
2015-05-14,,12.74,2.23,0.13,0.01
2015-05-15,,12.38,2.14,0.13,0.02
2015-05-16,,,,0.13,
2015-05-17,,,,0.13,
2015-05-18,,12.73,2.23,0.13,0.02
2015-05-19,,12.85,2.27,0.12,0.02
2015-05-20,,12.88,2.26,0.12,0.02
2015-05-21,,12.11,2.19,0.12,0.02
2015-05-22,,12.13,2.21,0.13,0.02
2015-05-23,,,,0.13,
2015-05-24,,,,0.13,
2015-05-25,,,,0.13,
2015-05-26,,14.06,2.14,0.12,0.02
2015-05-27,,13.27,2.14,0.12,0.01
2015-05-28,,13.31,2.13,0.12,0.01
2015-05-29,,13.84,2.12,0.08,0.01
2015-05-30,,,,0.08,
2015-05-31,,,,0.08,
2015-06-01,,13.97,2.19,0.12,0.02
2015-06-02,,14.24,2.27,0.12,0.01
2015-06-03,,13.66,2.38,0.13,0.02
2015-06-04,,14.71,2.31,0.13,0.02
2015-06-05,,14.21,2.41,0.13,0.03
2015-06-06,,,,0.13,
2015-06-07,,,,0.13,
2015-06-08,,15.29,2.39,0.13,0.02
2015-06-09,,14.47,2.42,0.13,0.02
2015-06-10,,13.22,2.5,0.13,0.02
2015-06-11,,12.85,2.39,0.13,0.01
2015-06-12,,13.78,2.39,0.13,0.02
2015-06-13,,,,0.13,
2015-06-14,,,,0.13,
2015-06-15,,15.39,2.36,0.13,0.02
2015-06-16,,14.81,2.32,0.14,0.01
2015-06-17,,14.5,2.32,0.14,0.01
2015-06-18,,13.19,2.35,0.14,0.01
2015-06-19,,13.96,2.26,0.13,0.01
2015-06-20,,,,0.13,
2015-06-21,,,,0.13,
2015-06-22,,12.74,2.37,0.13,0.01
2015-06-23,,12.11,2.42,0.13,0.01
2015-06-24,,13.26,2.38,0.13,0.01
2015-06-25,,14.01,2.4,0.13,0.01
2015-06-26,,14.02,2.49,0.13,0.01
2015-06-27,,,,0.13,
2015-06-28,,,,0.13,
2015-06-29,,18.85,2.33,0.14,0.02
2015-06-30,,18.23,2.35,0.08,0.01
2015-07-01,,16.09,2.43,0.13,0.01
2015-07-02,,16.79,2.4,0.13,0.01
2015-07-03,,,,0.13,
2015-07-04,,,,0.13,
2015-07-05,,,,0.13,
2015-07-06,,17.01,2.3,0.13,0.02
2015-07-07,,16.09,2.27,0.13,0.02
2015-07-08,,19.66,2.22,0.13,0.02
2015-07-09,,19.97,2.32,0.13,0.03
2015-07-10,,16.83,2.42,0.13,0.01
2015-07-11,,,,0.13,
2015-07-12,,,,0.13,
2015-07-13,,13.9,2.44,0.13,0.02
2015-07-14,,13.37,2.41,0.13,0.01
2015-07-15,,13.23,2.36,0.13,0.02
2015-07-16,,12.11,2.36,0.14,0.02
2015-07-17,,11.95,2.34,0.13,0.03
2015-07-18,,,,0.13,
2015-07-19,,,,0.13,
2015-07-20,,12.25,2.38,0.14,0.04
2015-07-21,,12.22,2.35,0.13,0.03
2015-07-22,,12.12,2.33,0.13,0.04
2015-07-23,,12.64,2.28,0.13,0.03
2015-07-24,,13.74,2.27,0.13,0.04
2015-07-25,,,,0.13,
2015-07-26,,,,0.13,
2015-07-27,,15.6,2.23,0.14,0.05
2015-07-28,,13.44,2.26,0.14,0.05
2015-07-29,,12.5,2.29,0.14,0.06
2015-07-30,,12.13,2.28,0.14,0.07
2015-07-31,,12.12,2.2,0.08,0.08
2015-08-01,,,,0.08,
2015-08-02,,,,0.08,
2015-08-03,,12.56,2.16,0.14,0.08
2015-08-04,,13.0,2.23,0.14,0.08
2015-08-05,,12.51,2.28,0.14,0.08
2015-08-06,,13.77,2.23,0.14,0.04
2015-08-07,,13.39,2.18,0.14,0.06
2015-08-08,,,,0.14,
2015-08-09,,,,0.14,
2015-08-10,,12.23,2.24,0.14,0.12
2015-08-11,,13.71,2.15,0.15,0.1
2015-08-12,,13.61,2.14,0.15,0.1
2015-08-13,,13.49,2.19,0.15,0.1
2015-08-14,,12.83,2.2,0.14,0.09
2015-08-15,,,,0.14,
2015-08-16,,,,0.14,
2015-08-17,,13.02,2.16,0.15,0.1
2015-08-18,,13.79,2.2,0.15,0.07
2015-08-19,,15.25,2.12,0.15,0.05
2015-08-20,,19.14,2.09,0.15,0.02
2015-08-21,,28.03,2.05,0.15,0.03
2015-08-22,,,,0.15,
2015-08-23,,,,0.15,
2015-08-24,,40.74,2.01,0.15,0.06
2015-08-25,,36.02,2.12,0.15,0.07
2015-08-26,,30.32,2.18,0.14,0.06
2015-08-27,,26.1,2.18,0.14,0.06
2015-08-28,,26.05,2.19,0.14,0.06
2015-08-29,,,,0.14,
2015-08-30,,,,0.14,
2015-08-31,,28.43,2.21,0.08,0.08
2015-09-01,,31.4,2.17,0.14,0.03
2015-09-02,,26.09,2.2,0.14,0.03
2015-09-03,,25.61,2.18,0.14,0.02
2015-09-04,,27.8,2.13,0.14,0.02
2015-09-05,,,,0.14,
2015-09-06,,,,0.14,
2015-09-07,,,,0.14,
2015-09-08,,24.9,2.2,0.14,0.06
2015-09-09,,26.23,2.21,0.14,0.03
2015-09-10,,24.37,2.23,0.14,0.02
2015-09-11,,23.2,2.2,0.14,0.04
2015-09-12,,,,0.14,
2015-09-13,,,,0.14,
2015-09-14,,24.25,2.18,0.14,0.07
2015-09-15,,22.54,2.28,0.14,0.07
2015-09-16,,21.35,2.3,0.14,0.06
2015-09-17,,21.14,2.21,0.14,0.01
2015-09-18,,22.28,2.13,0.14,-0.01
2015-09-19,,,,0.14,
2015-09-20,,,,0.14,
2015-09-21,,20.14,2.2,0.14,0.01
2015-09-22,,22.44,2.14,0.14,-0.01
2015-09-23,,22.13,2.16,0.14,0.01
2015-09-24,,23.47,2.13,0.14,0.01
2015-09-25,,23.62,2.17,0.13,-0.01
2015-09-26,,,,0.13,
2015-09-27,,,,0.13,
2015-09-28,,27.63,2.1,0.13,0.01
2015-09-29,,26.83,2.05,0.13,0.01
2015-09-30,,24.5,2.06,0.07,-0.01
2015-10-01,,22.55,2.05,0.13,-0.02
2015-10-02,,20.94,1.99,0.13,0.0
2015-10-03,,,,0.13,
2015-10-04,,,,0.13,
2015-10-05,,19.54,2.07,0.13,0.01
2015-10-06,,19.4,2.05,0.13,0.0
2015-10-07,,18.4,2.08,0.13,0.0
2015-10-08,,17.42,2.12,0.13,-0.01
2015-10-09,,17.08,2.12,0.13,0.01
2015-10-10,,,,0.13,
2015-10-11,,,,0.13,
2015-10-12,,16.17,,0.13,
2015-10-13,,17.67,2.06,0.13,0.01
2015-10-14,,18.03,1.99,0.13,0.0
2015-10-15,,16.05,2.04,0.13,0.01
2015-10-16,,15.05,2.04,0.13,0.01
2015-10-17,,,,0.13,
2015-10-18,,,,0.13,
2015-10-19,,14.98,2.04,0.13,0.02
2015-10-20,,15.75,2.08,0.13,0.02
2015-10-21,,16.7,2.04,0.13,0.01
2015-10-22,,14.45,2.04,0.12,0.0
2015-10-23,,14.46,2.09,0.12,0.01
2015-10-24,,,,0.12,
2015-10-25,,,,0.12,
2015-10-26,,15.29,2.07,0.12,0.02
2015-10-27,,15.43,2.05,0.12,0.03
2015-10-28,,14.33,2.1,0.12,0.04
2015-10-29,,14.61,2.19,0.12,0.07
2015-10-30,,15.07,2.16,0.07,0.08
2015-10-31,,,,0.07,
2015-11-01,,,,0.07,
2015-11-02,,14.15,2.2,0.12,0.08
2015-11-03,,14.54,2.23,0.12,0.06
2015-11-04,,15.51,2.25,0.12,0.05
2015-11-05,,15.05,2.26,0.12,0.05
2015-11-06,,14.33,2.34,0.12,0.08
2015-11-07,,,,0.12,
2015-11-08,,,,0.12,
2015-11-09,,16.52,2.36,0.12,0.14
2015-11-10,,15.29,2.32,0.12,0.13
2015-11-11,,16.06,,0.12,
2015-11-12,,18.37,2.32,0.12,0.14
2015-11-13,,20.08,2.28,0.12,0.13
2015-11-14,,,,0.12,
2015-11-15,,,,0.12,
2015-11-16,,18.16,2.27,0.13,0.15
2015-11-17,,18.84,2.25,0.13,0.14
2015-11-18,,16.85,2.27,0.12,0.12
2015-11-19,,16.99,2.24,0.12,0.11
2015-11-20,,15.47,2.26,0.12,0.11
2015-11-21,,,,0.12,
2015-11-22,,,,0.12,
2015-11-23,,15.62,2.25,0.12,0.14
2015-11-24,,15.93,2.24,0.12,0.16
2015-11-25,,15.19,2.23,0.12,0.19
2015-11-26,,,,0.12,
2015-11-27,,15.12,2.22,0.12,0.17
2015-11-28,,,,0.12,
2015-11-29,,,,0.12,
2015-11-30,,16.13,2.21,0.08,0.22
2015-12-01,,14.67,2.15,0.13,0.21
2015-12-02,,15.91,2.18,0.13,0.21
2015-12-03,,18.11,2.33,0.13,0.21
2015-12-04,,14.81,2.28,0.13,0.22
2015-12-05,,,,0.13,
2015-12-06,,,,0.13,
2015-12-07,,15.84,2.23,0.13,0.29
2015-12-08,,17.6,2.24,0.13,0.27
2015-12-09,,19.61,2.22,0.14,0.26
2015-12-10,,19.34,2.24,0.14,0.24
2015-12-11,,24.39,2.13,0.14,0.22
2015-12-12,,,,0.14,
2015-12-13,,,,0.14,
2015-12-14,,22.73,2.23,0.15,0.26
2015-12-15,,20.95,2.28,0.15,0.25
2015-12-16,,17.86,2.3,0.15,0.27
2015-12-17,,18.94,2.24,0.37,0.23
2015-12-18,,20.7,2.19,0.37,0.19
2015-12-19,,,,0.37,
2015-12-20,,,,0.37,
2015-12-21,,18.7,2.2,0.36,0.24
2015-12-22,,16.6,2.24,0.36,0.21
2015-12-23,,15.57,2.27,0.36,0.2
2015-12-24,,15.74,2.25,0.36,0.2
2015-12-25,,,,0.36,
2015-12-26,,,,0.36,
2015-12-27,,,,0.36,
2015-12-28,,16.91,2.24,0.36,0.23
2015-12-29,,16.08,2.32,0.36,0.23
2015-12-30,,17.29,2.31,0.35,0.21
2015-12-31,,18.21,2.27,0.2,0.16
2016-01-01,,,,0.2,
2016-01-02,,,,0.2,
2016-01-03,,,,0.2,
2016-01-04,,20.7,2.24,0.36,0.22
2016-01-05,,19.34,2.25,0.36,0.2
2016-01-06,,20.59,2.18,0.36,0.21
2016-01-07,,24.99,2.16,0.36,0.2
2016-01-08,,27.01,2.13,0.36,0.2
2016-01-09,,,,0.36,
2016-01-10,,,,0.36,
2016-01-11,,24.3,2.17,0.36,0.21
2016-01-12,,22.47,2.12,0.36,0.21
2016-01-13,,25.22,2.08,0.36,0.22
2016-01-14,,23.95,2.1,0.36,0.25
2016-01-15,,27.02,2.03,0.36,0.23
2016-01-16,,,,0.36,
2016-01-17,,,,0.36,
2016-01-18,,,,0.36,
2016-01-19,,26.05,2.06,0.36,0.26
2016-01-20,,27.59,2.01,0.37,0.26
2016-01-21,1868.99,26.69,2.02,0.37,0.28
2016-01-22,1906.9,22.34,2.07,0.38,0.3
2016-01-23,,,,0.38,
2016-01-24,,,,0.38,
2016-01-25,1877.08,24.15,2.03,0.38,0.31
2016-01-26,1903.63,22.5,2.01,0.38,0.31
2016-01-27,1882.95,23.11,2.02,0.38,0.32
2016-01-28,1893.36,22.42,2.0,0.38,0.34
2016-01-29,1940.24,20.2,1.94,0.29,0.32
2016-01-30,,,,0.29,
2016-01-31,,,,0.29,
2016-02-01,1939.38,19.98,1.97,0.38,0.35
2016-02-02,1903.03,21.98,1.87,0.38,0.34
2016-02-03,1912.53,21.65,1.88,0.38,0.33
2016-02-04,1915.45,21.84,1.87,0.38,0.29
2016-02-05,1880.05,23.38,1.86,0.38,0.29
2016-02-06,,,,0.38,
2016-02-07,,,,0.38,
2016-02-08,1853.44,26.0,1.75,0.38,0.32
2016-02-09,1852.21,26.54,1.74,0.38,0.3
2016-02-10,1851.86,26.29,1.71,0.38,0.31
2016-02-11,1829.08,28.14,1.63,0.38,0.28
2016-02-12,1864.78,25.4,1.74,0.38,0.29
2016-02-13,,,,0.38,
2016-02-14,,,,0.38,
2016-02-15,,,,0.38,
2016-02-16,1895.58,24.11,1.78,0.38,0.3
2016-02-17,1926.82,22.31,1.81,0.37,0.3
2016-02-18,1917.83,21.64,1.75,0.38,0.3
2016-02-19,1917.78,20.53,1.76,0.38,0.3
2016-02-20,,,,0.38,
2016-02-21,,,,0.38,
2016-02-22,1945.5,19.38,1.77,0.38,0.33
2016-02-23,1921.27,20.98,1.74,0.38,0.32
2016-02-24,1929.8,20.72,1.75,0.38,0.33
2016-02-25,1951.7,19.11,1.71,0.37,0.32
2016-02-26,1948.05,19.81,1.76,0.37,0.32
2016-02-27,,,,0.37,
2016-02-28,,,,0.37,
2016-02-29,1932.23,20.55,1.74,0.29,0.33
2016-03-01,1978.35,17.7,1.83,0.36,0.33
2016-03-02,1986.45,17.09,1.84,0.37,0.35
2016-03-03,1993.4,16.7,1.83,0.37,0.27
2016-03-04,1999.99,16.86,1.88,0.36,0.28
2016-03-05,,,,0.36,
2016-03-06,,,,0.36,
2016-03-07,2001.76,17.35,1.91,0.36,0.32
2016-03-08,1979.26,18.67,1.83,0.36,0.29
2016-03-09,1989.26,18.34,1.9,0.36,0.3
2016-03-10,1989.57,18.05,1.93,0.36,0.31
2016-03-11,2022.19,16.5,1.98,0.36,0.32
2016-03-12,,,,0.36,
2016-03-13,,,,0.36,
2016-03-14,2019.64,16.92,1.97,0.36,0.34
2016-03-15,2015.93,16.84,1.97,0.37,0.34
2016-03-16,2027.22,14.99,1.94,0.37,0.31
2016-03-17,2040.59,14.44,1.91,0.37,0.29
2016-03-18,2049.58,14.02,1.88,0.37,0.29
2016-03-19,,,,0.37,
2016-03-20,,,,0.37,
2016-03-21,2051.6,13.79,1.92,0.37,0.31
2016-03-22,2049.8,14.17,1.94,0.37,0.3
2016-03-23,2036.71,14.94,1.88,0.37,0.3
2016-03-24,2035.94,14.74,1.91,0.37,0.29
2016-03-25,,,,0.37,
2016-03-26,,,,0.37,
2016-03-27,,,,0.37,
2016-03-28,2037.05,15.24,1.89,0.37,0.29
2016-03-29,2055.01,13.82,1.81,0.37,0.23
2016-03-30,2063.95,13.56,1.83,0.37,0.2
2016-03-31,2059.74,13.95,1.78,0.25,0.21
2016-04-01,2072.78,13.1,1.79,0.37,0.23
2016-04-02,,,,0.37,
2016-04-03,,,,0.37,
2016-04-04,2066.13,14.12,1.78,0.37,0.23
2016-04-05,2045.17,15.42,1.73,0.37,0.23
2016-04-06,2066.66,14.09,1.76,0.37,0.23
2016-04-07,2041.91,16.16,1.7,0.37,0.23
2016-04-08,2047.6,15.36,1.72,0.37,0.23
2016-04-09,,,,0.37,
2016-04-10,,,,0.37,
2016-04-11,2041.99,16.26,1.73,0.37,0.23
2016-04-12,2061.72,14.85,1.79,0.37,0.22
2016-04-13,2082.42,13.84,1.77,0.37,0.23
2016-04-14,2082.78,13.72,1.8,0.37,0.22
2016-04-15,2080.73,13.62,1.76,0.37,0.22
2016-04-16,,,,0.37,
2016-04-17,,,,0.37,
2016-04-18,2094.34,13.35,1.78,0.37,0.22
2016-04-19,2100.8,13.24,1.79,0.37,0.21
2016-04-20,2102.4,13.28,1.85,0.37,0.23
2016-04-21,2091.48,13.95,1.88,0.37,0.23
2016-04-22,2091.58,13.22,1.89,0.37,0.23
2016-04-23,,,,0.37,
2016-04-24,,,,0.37,
2016-04-25,2087.79,14.08,1.91,0.37,0.25
2016-04-26,2091.7,13.96,1.94,0.37,0.24
2016-04-27,2095.15,13.77,1.87,0.37,0.24
2016-04-28,2075.81,15.22,1.84,0.37,0.22
2016-04-29,2065.3,15.7,1.83,0.3,0.22
2016-04-30,,,,0.3,
2016-05-01,,,,0.3,
2016-05-02,2081.43,14.68,1.88,0.37,0.22
2016-05-03,2063.37,15.6,1.81,0.37,0.21
2016-05-04,2051.12,16.05,1.79,0.37,0.19
2016-05-05,2050.63,15.91,1.76,0.37,0.2
2016-05-06,2057.14,14.72,1.79,0.37,0.19
2016-05-07,,,,0.37,
2016-05-08,,,,0.37,
2016-05-09,2058.69,14.57,1.77,0.37,0.24
2016-05-10,2084.39,13.63,1.77,0.37,0.24
2016-05-11,2064.46,14.69,1.73,0.37,0.26
2016-05-12,2064.11,14.41,1.75,0.37,0.27
2016-05-13,2046.61,15.04,1.71,0.37,0.28
2016-05-14,,,,0.37,
2016-05-15,,,,0.37,
2016-05-16,2066.66,14.68,1.75,0.37,0.28
2016-05-17,2047.21,15.57,1.76,0.37,0.28
2016-05-18,2047.63,15.95,1.87,0.37,0.3
2016-05-19,2040.04,16.33,1.85,0.37,0.3
2016-05-20,2052.32,15.2,1.85,0.37,0.32
2016-05-21,,,,0.37,
2016-05-22,,,,0.37,
2016-05-23,2048.04,15.82,1.84,0.37,0.35
2016-05-24,2076.06,14.42,1.86,0.37,0.35
2016-05-25,2090.54,13.9,1.87,0.37,0.33
2016-05-26,2090.1,13.43,1.83,0.37,0.3
2016-05-27,2099.06,13.12,1.85,0.37,0.31
2016-05-28,,,,0.37,
2016-05-29,,,,0.37,
2016-05-30,,,,0.37,
2016-05-31,2096.96,14.19,1.84,0.29,0.34
2016-06-01,2099.33,14.2,1.85,0.37,0.3
2016-06-02,2105.26,13.63,1.81,0.37,0.28
2016-06-03,2099.13,13.47,1.71,0.37,0.29
2016-06-04,,,,0.37,
2016-06-05,,,,0.37,
2016-06-06,2109.41,13.65,1.73,0.37,0.28
2016-06-07,2112.13,14.05,1.72,0.37,0.28
2016-06-08,2119.12,14.08,1.71,0.37,0.24
2016-06-09,2115.48,14.64,1.68,0.37,0.25
2016-06-10,2096.07,17.03,1.64,0.37,0.25
2016-06-11,,,,0.37,
2016-06-12,,,,0.37,
2016-06-13,2079.06,20.97,1.62,0.37,0.27
2016-06-14,2075.32,20.5,1.62,0.37,0.27
2016-06-15,2071.5,20.14,1.6,0.37,0.26
2016-06-16,2077.99,19.37,1.57,0.38,0.27
2016-06-17,2071.22,19.41,1.62,0.38,0.26
2016-06-18,,,,0.38,
2016-06-19,,,,0.38,
2016-06-20,2083.25,18.37,1.67,0.38,0.28
2016-06-21,2088.9,18.48,1.71,0.38,0.27
2016-06-22,2085.45,21.17,1.69,0.38,0.27
2016-06-23,2113.32,17.25,1.74,0.39,0.3
2016-06-24,2037.41,25.76,1.57,0.4,0.26
2016-06-25,,,,0.4,
2016-06-26,,,,0.4,
2016-06-27,2000.54,23.85,1.46,0.41,0.27
2016-06-28,2036.09,18.75,1.46,0.41,0.26
2016-06-29,2070.77,16.64,1.5,0.41,0.26
2016-06-30,2098.86,15.63,1.49,0.3,0.26
2016-07-01,2102.95,14.77,1.46,0.41,0.27
2016-07-02,,,,0.41,
2016-07-03,,,,0.41,
2016-07-04,,,,0.41,
2016-07-05,2088.55,15.58,1.37,0.4,0.28
2016-07-06,2099.73,14.96,1.38,0.4,0.27
2016-07-07,2097.9,14.76,1.4,0.4,0.29
2016-07-08,2129.9,13.2,1.37,0.4,0.27
2016-07-09,,,,0.4,
2016-07-10,,,,0.4,
2016-07-11,2137.16,13.54,1.43,0.4,0.31
2016-07-12,2152.14,13.55,1.53,0.4,0.29
2016-07-13,2152.43,13.04,1.48,0.4,0.31
2016-07-14,2163.75,12.82,1.53,0.4,0.31
2016-07-15,2161.74,12.67,1.6,0.4,0.31
2016-07-16,,,,0.4,
2016-07-17,,,,0.4,
2016-07-18,2166.89,12.44,1.59,0.4,0.32
2016-07-19,2163.78,11.97,1.56,0.4,0.31
2016-07-20,2173.02,11.77,1.59,0.4,0.32
2016-07-21,2165.17,12.74,1.57,0.4,0.31
2016-07-22,2175.03,12.02,1.57,0.4,0.32
2016-07-23,,,,0.4,
2016-07-24,,,,0.4,
2016-07-25,2168.48,12.87,1.58,0.4,0.32
2016-07-26,2169.18,13.05,1.57,0.4,0.31
2016-07-27,2166.58,12.83,1.52,0.4,0.31
2016-07-28,2170.06,12.72,1.52,0.4,0.25
2016-07-29,2173.6,11.87,1.46,0.3,0.27
2016-07-30,,,,0.3,
2016-07-31,,,,0.3,
2016-08-01,2170.84,12.44,1.51,0.4,0.29
2016-08-02,2157.03,13.37,1.55,0.4,0.29
2016-08-03,2163.79,12.86,1.55,0.4,0.28
2016-08-04,2164.25,12.42,1.51,0.4,0.26
2016-08-05,2182.87,11.39,1.59,0.4,0.27
2016-08-06,,,,0.4,
2016-08-07,,,,0.4,
2016-08-08,2180.89,11.5,1.59,0.4,0.31
2016-08-09,2181.74,11.66,1.55,0.4,0.29
2016-08-10,2175.49,12.05,1.5,0.4,0.28
2016-08-11,2185.79,11.68,1.57,0.4,0.28
2016-08-12,2184.05,11.55,1.51,0.4,0.28
2016-08-13,,,,0.4,
2016-08-14,,,,0.4,
2016-08-15,2190.15,11.81,1.55,0.4,0.31
2016-08-16,2178.15,12.64,1.57,0.4,0.27
2016-08-17,2182.22,12.19,1.56,0.4,0.3
2016-08-18,2187.02,11.43,1.53,0.4,0.29
2016-08-19,2183.87,11.34,1.58,0.4,0.29
2016-08-20,,,,0.4,
2016-08-21,,,,0.4,
2016-08-22,2182.64,12.27,1.55,0.4,0.29
2016-08-23,2186.9,12.38,1.55,0.4,0.3
2016-08-24,2175.44,13.45,1.56,0.4,0.31
2016-08-25,2172.47,13.63,1.58,0.4,0.33
2016-08-26,2169.04,13.65,1.62,0.4,0.33
2016-08-27,,,,0.4,
2016-08-28,,,,0.4,
2016-08-29,2180.38,12.94,1.57,0.4,0.33
2016-08-30,2176.12,13.12,1.57,0.4,0.33
2016-08-31,2170.95,13.42,1.58,0.3,0.33
2016-09-01,2170.86,13.48,1.57,0.4,0.33
2016-09-02,2179.98,11.98,1.6,0.4,0.32
2016-09-03,,,,0.4,
2016-09-04,,,,0.4,
2016-09-05,,,,0.4,
2016-09-06,2186.48,12.02,1.55,0.4,0.32
2016-09-07,2186.16,11.94,1.54,0.4,0.34
2016-09-08,2181.3,12.51,1.61,0.4,0.34
2016-09-09,2127.81,17.5,1.67,0.4,0.34
2016-09-10,,,,0.4,
2016-09-11,,,,0.4,
2016-09-12,2159.04,15.16,1.68,0.4,0.37
2016-09-13,2127.02,17.85,1.73,0.4,0.36
2016-09-14,2125.77,18.14,1.7,0.4,0.33
2016-09-15,2147.26,16.3,1.71,0.4,0.29
2016-09-16,2139.16,15.37,1.7,0.4,0.29
2016-09-17,,,,0.4,
2016-09-18,,,,0.4,
2016-09-19,2139.12,15.53,1.7,0.4,0.3
2016-09-20,2139.76,15.92,1.69,0.4,0.3
2016-09-21,2163.12,13.3,1.66,0.4,0.22
2016-09-22,2177.18,12.02,1.63,0.4,0.18
2016-09-23,2164.69,12.29,1.62,0.4,0.18
2016-09-24,,,,0.4,
2016-09-25,,,,0.4,
2016-09-26,2146.1,14.5,1.59,0.4,0.25
2016-09-27,2159.93,13.1,1.56,0.4,0.26
2016-09-28,2171.37,12.39,1.57,0.4,0.27
2016-09-29,2151.13,14.02,1.56,0.4,0.26
2016-09-30,2168.27,13.29,1.6,0.29,0.28
2016-10-01,,,,0.29,
2016-10-02,,,,0.29,
2016-10-03,2161.2,13.57,1.63,0.4,0.32
2016-10-04,2150.49,13.63,1.69,0.4,0.33
2016-10-05,2159.73,12.99,1.72,0.4,0.32
2016-10-06,2160.77,12.84,1.75,0.4,0.32
2016-10-07,2153.74,13.48,1.73,0.4,0.32
2016-10-08,,,,0.4,
2016-10-09,,,,0.4,
2016-10-10,2163.66,13.38,,0.4,
2016-10-11,2136.73,15.36,1.77,0.41,0.35
2016-10-12,2139.18,15.91,1.79,0.41,0.36
2016-10-13,2132.55,16.69,1.75,0.41,0.29
2016-10-14,2132.98,16.12,1.8,0.41,0.31
2016-10-15,,,,0.41,
2016-10-16,,,,0.41,
2016-10-17,2126.5,16.21,1.77,0.41,0.34
2016-10-18,2139.6,15.28,1.75,0.41,0.34
2016-10-19,2144.29,14.41,1.76,0.41,0.34
2016-10-20,2141.34,13.75,1.76,0.41,0.34
2016-10-21,2141.16,13.34,1.74,0.41,0.33
2016-10-22,,,,0.41,
2016-10-23,,,,0.41,
2016-10-24,2151.33,13.02,1.77,0.41,0.33
2016-10-25,2143.16,13.46,1.77,0.41,0.34
2016-10-26,2139.43,14.24,1.79,0.41,0.33
2016-10-27,2133.04,15.36,1.85,0.41,0.29
2016-10-28,2126.41,16.19,1.86,0.41,0.29
2016-10-29,,,,0.41,
2016-10-30,,,,0.41,
2016-10-31,2126.15,17.06,1.84,0.31,0.34
2016-11-01,2111.72,18.56,1.83,0.41,0.35
2016-11-02,2097.94,19.32,1.81,0.41,0.36
2016-11-03,2088.66,22.08,1.82,0.41,0.37
2016-11-04,2085.18,22.51,1.79,0.41,0.37
2016-11-05,,,,0.41,
2016-11-06,,,,0.41,
2016-11-07,2131.52,18.71,1.83,0.41,0.41
2016-11-08,2139.56,18.74,1.88,0.41,0.43
2016-11-09,2163.26,14.38,2.07,0.41,0.44
2016-11-10,2167.48,14.74,2.15,0.41,0.47
2016-11-11,2164.45,14.17,,0.41,
2016-11-12,,,,0.41,
2016-11-13,,,,0.41,
2016-11-14,2164.2,14.48,2.23,0.41,0.54
2016-11-15,2180.39,13.37,2.23,0.41,0.5
2016-11-16,2176.94,13.72,2.22,0.41,0.46
2016-11-17,2187.12,13.35,2.29,0.41,0.43
2016-11-18,2181.9,12.85,2.34,0.41,0.43
2016-11-19,,,,0.41,
2016-11-20,,,,0.41,
2016-11-21,2198.18,12.42,2.33,0.41,0.46
2016-11-22,2202.94,12.41,2.31,0.41,0.48
2016-11-23,2204.72,12.43,2.36,0.41,0.5
2016-11-24,,,,0.41,
2016-11-25,2213.35,12.34,2.36,0.41,0.48
2016-11-26,,,,0.41,
2016-11-27,,,,0.41,
2016-11-28,2201.72,13.15,2.32,0.41,0.48
2016-11-29,2204.66,12.9,2.3,0.41,0.48
2016-11-30,2198.81,13.33,2.37,0.31,0.48
2016-12-01,2191.08,14.07,2.45,0.41,0.47
2016-12-02,2191.95,14.12,2.4,0.41,0.48
2016-12-03,,,,0.41,
2016-12-04,,,,0.41,
2016-12-05,2204.71,12.14,2.39,0.41,0.49
2016-12-06,2212.23,11.79,2.39,0.41,0.49
2016-12-07,2241.35,12.22,2.34,0.41,0.51
2016-12-08,2246.19,12.64,2.4,0.41,0.5
2016-12-09,2259.53,11.75,2.47,0.41,0.53
2016-12-10,,,,0.41,
2016-12-11,,,,0.41,
2016-12-12,2256.96,12.64,2.49,0.41,0.51
2016-12-13,2271.72,12.72,2.48,0.41,0.54
2016-12-14,2253.28,13.19,2.54,0.41,0.54
2016-12-15,2262.03,12.79,2.6,0.66,0.5
2016-12-16,2258.07,12.2,2.6,0.66,0.5
2016-12-17,,,,0.66,
2016-12-18,,,,0.66,
2016-12-19,2262.53,11.71,2.54,0.66,0.52
2016-12-20,2270.76,11.45,2.57,0.66,0.52
2016-12-21,2265.18,11.27,2.55,0.66,0.51
2016-12-22,2260.96,11.43,2.55,0.66,0.5
2016-12-23,2263.79,11.44,2.55,0.66,0.51
2016-12-24,,,,0.66,
2016-12-25,,,,0.66,
2016-12-26,,,,0.66,
2016-12-27,2268.88,11.99,2.57,0.66,0.51
2016-12-28,2249.92,12.95,2.51,0.66,0.52
2016-12-29,2249.26,13.37,2.49,0.66,0.46
2016-12-30,2238.83,14.04,2.45,0.55,0.5
2016-12-31,,,,0.55,
2017-01-01,,,,0.55,
2017-01-02,,,,0.55,
2017-01-03,2257.83,12.85,2.45,0.66,0.53
2017-01-04,2270.75,11.85,2.46,0.66,0.52
2017-01-05,2269.0,11.67,2.37,0.66,0.51
2017-01-06,2276.98,11.32,2.42,0.66,0.52
2017-01-07,,,,0.66,
2017-01-08,,,,0.66,
2017-01-09,2268.9,11.56,2.38,0.66,0.5
2017-01-10,2268.9,11.49,2.38,0.66,0.51
2017-01-11,2275.32,11.26,2.38,0.66,0.51
2017-01-12,2270.44,11.54,2.36,0.66,0.51
2017-01-13,2274.64,11.23,2.4,0.66,0.52
2017-01-14,,,,0.66,
2017-01-15,,,,0.66,
2017-01-16,,,,0.66,
2017-01-17,2267.89,11.87,2.33,0.66,0.54
2017-01-18,2271.89,12.48,2.42,0.66,0.52
2017-01-19,2263.69,12.78,2.47,0.66,0.51
2017-01-20,2271.31,11.54,2.48,0.66,0.49
2017-01-21,,,,0.66,
2017-01-22,,,,0.66,
2017-01-23,2265.2,11.77,2.41,0.66,0.51
2017-01-24,2280.07,11.07,2.47,0.66,0.5
2017-01-25,2298.37,10.81,2.53,0.66,0.49
2017-01-26,2296.68,10.63,2.51,0.66,0.5
2017-01-27,2294.69,10.58,2.49,0.66,0.51
2017-01-28,,,,0.66,
2017-01-29,,,,0.66,
2017-01-30,2280.9,11.88,2.49,0.66,0.51
2017-01-31,2278.87,11.99,2.45,0.56,0.52
2017-02-01,2279.55,11.81,2.48,0.66,0.5
2017-02-02,2280.85,11.93,2.48,0.66,0.51
2017-02-03,2297.42,10.97,2.49,0.66,0.5
2017-02-04,,,,0.66,
2017-02-05,,,,0.66,
2017-02-06,2292.56,11.37,2.42,0.66,0.53
2017-02-07,2293.08,11.29,2.4,0.66,0.53
2017-02-08,2294.67,11.45,2.34,0.66,0.53
2017-02-09,2307.87,10.88,2.4,0.66,0.53
2017-02-10,2316.1,10.85,2.41,0.66,0.54
2017-02-11,,,,0.66,
2017-02-12,,,,0.66,
2017-02-13,2328.25,11.07,2.43,0.66,0.52
2017-02-14,2337.58,10.74,2.47,0.66,0.54
2017-02-15,2349.25,11.97,2.51,0.66,0.53
2017-02-16,2347.22,11.76,2.45,0.66,0.52
2017-02-17,2351.16,11.49,2.42,0.66,0.52
2017-02-18,,,,0.66,
2017-02-19,,,,0.66,
2017-02-20,,,,0.66,
2017-02-21,2365.38,11.57,2.43,0.66,0.53
2017-02-22,2362.82,11.74,2.42,0.66,0.52
2017-02-23,2363.81,11.71,2.38,0.66,0.51
2017-02-24,2367.34,11.47,2.31,0.66,0.51
2017-02-25,,,,0.66,
2017-02-26,,,,0.66,
2017-02-27,2369.75,12.09,2.36,0.66,0.5
2017-02-28,2363.64,12.92,2.36,0.57,0.53
2017-03-01,2395.96,12.54,2.46,0.66,0.62
2017-03-02,2381.92,11.81,2.49,0.66,0.66
2017-03-03,2383.12,10.96,2.49,0.66,0.7
2017-03-04,,,,0.66,
2017-03-05,,,,0.66,
2017-03-06,2375.31,11.24,2.49,0.66,0.73
2017-03-07,2368.39,11.45,2.52,0.66,0.75
2017-03-08,2362.98,11.86,2.57,0.66,0.72
2017-03-09,2364.87,12.3,2.6,0.66,0.72
2017-03-10,2372.6,11.66,2.58,0.66,0.73
2017-03-11,,,,0.66,
2017-03-12,,,,0.66,
2017-03-13,2373.47,11.35,2.62,0.66,0.78
2017-03-14,2365.45,12.3,2.6,0.66,0.77
2017-03-15,2385.26,11.63,2.51,0.66,0.72
2017-03-16,2381.38,11.21,2.53,0.91,0.72
2017-03-17,2378.25,11.28,2.5,0.91,0.72
2017-03-18,,,,0.91,
2017-03-19,,,,0.91,
2017-03-20,2373.47,11.34,2.47,0.91,0.75
2017-03-21,2344.02,12.47,2.43,0.91,0.76
2017-03-22,2348.45,12.81,2.4,0.91,0.76
2017-03-23,2345.96,13.12,2.41,0.91,0.75
2017-03-24,2343.98,12.96,2.4,0.91,0.77
2017-03-25,,,,0.91,
2017-03-26,,,,0.91,
2017-03-27,2341.59,12.5,2.38,0.91,0.77
2017-03-28,2358.57,11.53,2.42,0.91,0.77
2017-03-29,2361.13,11.42,2.39,0.91,0.77
2017-03-30,2368.06,11.54,2.42,0.91,0.77
2017-03-31,2362.72,12.37,2.4,0.82,0.75
2017-04-01,,,,0.82,
2017-04-02,,,,0.82,
2017-04-03,2358.84,12.38,2.35,0.91,0.78
2017-04-04,2360.16,11.79,2.36,0.91,0.78
2017-04-05,2352.95,12.89,2.34,0.91,0.79
2017-04-06,2357.49,12.39,2.34,0.91,0.78
2017-04-07,2355.54,12.87,2.38,0.91,0.81
2017-04-08,,,,0.91,
2017-04-09,,,,0.91,
2017-04-10,2357.16,14.05,2.37,0.91,0.81
2017-04-11,2353.78,15.07,2.32,0.91,0.81
2017-04-12,2344.93,15.77,2.28,0.91,0.8
2017-04-13,2328.95,15.96,2.24,0.91,0.8
2017-04-14,,,,0.91,
2017-04-15,,,,0.91,
2017-04-16,,,,0.91,
2017-04-17,2349.01,14.66,2.26,0.91,0.82
2017-04-18,2342.19,14.42,2.18,0.91,0.81
2017-04-19,2338.17,14.93,2.21,0.91,0.8
2017-04-20,2355.84,14.15,2.24,0.91,0.78
2017-04-21,2348.69,14.63,2.24,0.91,0.78
2017-04-22,,,,0.91,
2017-04-23,,,,0.91,
2017-04-24,2374.15,10.84,2.28,0.91,0.8
2017-04-25,2388.61,10.76,2.35,0.91,0.81
2017-04-26,2387.45,10.85,2.32,0.91,0.82
2017-04-27,2388.77,10.36,2.3,0.91,0.8
2017-04-28,2384.2,10.82,2.29,0.83,0.79
2017-04-29,,,,0.83,
2017-04-30,,,,0.83,
2017-05-01,2388.33,10.11,2.33,0.91,0.82
2017-05-02,2391.17,10.59,2.29,0.91,0.81
2017-05-03,2388.13,10.68,2.33,0.91,0.84
2017-05-04,2389.52,10.46,2.36,0.91,0.84
2017-05-05,2399.29,10.57,2.36,0.91,0.88
2017-05-06,,,,0.91,
2017-05-07,,,,0.91,
2017-05-08,2399.38,9.77,2.39,0.91,0.9
2017-05-09,2396.92,9.96,2.42,0.91,0.9
2017-05-10,2399.63,10.21,2.41,0.91,0.89
2017-05-11,2394.44,10.6,2.39,0.91,0.87
2017-05-12,2390.9,10.4,2.33,0.91,0.86
2017-05-13,,,,0.91,
2017-05-14,,,,0.91,
2017-05-15,2402.32,10.42,2.34,0.91,0.89
2017-05-16,2400.67,10.65,2.33,0.91,0.89
2017-05-17,2357.03,15.59,2.22,0.91,0.89
2017-05-18,2365.72,14.66,2.23,0.91,0.91
2017-05-19,2381.73,12.04,2.23,0.91,0.9
2017-05-20,,,,0.91,
2017-05-21,,,,0.91,
2017-05-22,2394.02,10.93,2.25,0.91,0.92
2017-05-23,2398.42,10.72,2.29,0.91,0.91
2017-05-24,2404.39,10.02,2.26,0.91,0.92
2017-05-25,2415.07,9.99,2.25,0.91,0.92
2017-05-26,2415.82,9.81,2.25,0.91,0.92
2017-05-27,,,,0.91,
2017-05-28,,,,0.91,
2017-05-29,,,,0.91,
2017-05-30,2412.91,10.38,2.21,0.91,0.92
2017-05-31,2411.8,10.41,2.21,0.83,0.96
2017-06-01,2430.06,9.89,2.21,0.91,0.96
2017-06-02,2439.07,9.75,2.15,0.91,0.96
2017-06-03,,,,0.91,
2017-06-04,,,,0.91,
2017-06-05,2436.1,10.07,2.18,0.91,0.95
2017-06-06,2429.33,10.45,2.14,0.91,0.96
2017-06-07,2433.14,10.39,2.18,0.91,0.98
2017-06-08,2433.79,10.16,2.19,0.91,0.99
2017-06-09,2431.77,10.7,2.21,0.91,0.99
2017-06-10,,,,0.91,
2017-06-11,,,,0.91,
2017-06-12,2429.39,11.46,2.21,0.91,0.97
2017-06-13,2440.35,10.42,2.21,0.91,0.99
2017-06-14,2437.92,10.64,2.15,0.91,0.99
2017-06-15,2432.46,10.9,2.16,1.16,1.0
2017-06-16,2433.15,10.38,2.16,1.16,1.01
2017-06-17,,,,1.16,
2017-06-18,,,,1.16,
2017-06-19,2453.46,10.37,2.19,1.16,1.01
2017-06-20,2437.03,10.86,2.16,1.16,1.0
2017-06-21,2435.61,10.75,2.16,1.16,0.97
2017-06-22,2434.5,10.48,2.15,1.16,0.94
2017-06-23,2438.3,10.02,2.15,1.16,0.95
2017-06-24,,,,1.16,
2017-06-25,,,,1.16,
2017-06-26,2439.07,9.9,2.14,1.16,0.98
2017-06-27,2419.38,11.06,2.21,1.16,0.99
2017-06-28,2440.69,10.03,2.22,1.16,1.0
2017-06-29,2419.7,11.44,2.27,1.16,1.02
2017-06-30,2423.41,11.18,2.31,1.06,1.01
2017-07-01,,,,1.06,
2017-07-02,,,,1.06,
2017-07-03,2429.01,11.22,2.35,1.16,1.04
2017-07-04,,,,1.16,
2017-07-05,2432.54,11.07,2.33,1.16,1.03
2017-07-06,2409.75,12.54,2.37,1.16,1.02
2017-07-07,2425.18,11.19,2.39,1.16,1.03
2017-07-08,,,,1.16,
2017-07-09,,,,1.16,
2017-07-10,2427.43,11.11,2.38,1.16,1.03
2017-07-11,2425.53,10.89,2.37,1.16,1.03
2017-07-12,2443.25,10.3,2.33,1.16,1.03
2017-07-13,2447.83,9.9,2.35,1.16,1.03
2017-07-14,2459.27,9.51,2.33,1.16,1.02
2017-07-15,,,,1.16,
2017-07-16,,,,1.16,
2017-07-17,2459.14,9.82,2.31,1.16,1.05
2017-07-18,2460.61,9.89,2.27,1.16,1.05
2017-07-19,2473.83,9.79,2.27,1.16,1.09
2017-07-20,2473.45,9.58,2.27,1.16,1.13
2017-07-21,2472.54,9.36,2.24,1.16,1.14
2017-07-22,,,,1.16,
2017-07-23,,,,1.16,
2017-07-24,2469.91,9.43,2.26,1.16,1.15
2017-07-25,2477.13,9.43,2.33,1.16,1.16
2017-07-26,2477.83,9.6,2.29,1.16,1.11
2017-07-27,2475.42,10.11,2.32,1.16,1.09
2017-07-28,2472.1,10.29,2.3,1.16,1.06
2017-07-29,,,,1.16,
2017-07-30,,,,1.16,
2017-07-31,2470.3,10.26,2.3,1.07,1.05
2017-08-01,2476.35,10.09,2.26,1.16,1.06
2017-08-02,2477.57,10.28,2.27,1.16,1.06
2017-08-03,2472.16,10.44,2.24,1.16,1.06
2017-08-04,2476.83,10.03,2.27,1.16,1.06
2017-08-05,,,,1.16,
2017-08-06,,,,1.16,
2017-08-07,2480.91,9.93,2.26,1.16,1.01
2017-08-08,2474.92,10.96,2.29,1.16,1.04
2017-08-09,2474.02,11.11,2.24,1.16,1.04
2017-08-10,2438.21,16.04,2.2,1.16,1.03
2017-08-11,2441.32,15.51,2.19,1.16,1.01
2017-08-12,,,,1.16,
2017-08-13,,,,1.16,
2017-08-14,2465.84,12.33,2.22,1.16,1.01
2017-08-15,2464.61,12.04,2.27,1.16,1.02
2017-08-16,2468.11,11.74,2.23,1.16,1.0
2017-08-17,2430.01,15.55,2.19,1.16,0.98
2017-08-18,2425.55,14.26,2.19,1.16,1.0
2017-08-19,,,,1.16,
2017-08-20,,,,1.16,
2017-08-21,2428.37,13.19,2.18,1.16,0.99
2017-08-22,2452.51,11.35,2.22,1.16,0.99
2017-08-23,2444.04,12.25,2.17,1.16,0.98
2017-08-24,2438.97,12.23,2.19,1.16,1.0
2017-08-25,2443.05,11.28,2.17,1.16,1.01
2017-08-26,,,,1.16,
2017-08-27,,,,1.16,
2017-08-28,2444.24,11.32,2.16,1.16,0.97
2017-08-29,2446.3,11.7,2.13,1.16,1.01
2017-08-30,2457.59,11.22,2.15,1.16,1.01
2017-08-31,2471.65,10.59,2.12,1.07,0.99
2017-09-01,2476.55,10.13,2.16,1.16,1.0
2017-09-02,,,,1.16,
2017-09-03,,,,1.16,
2017-09-04,,,,1.16,
2017-09-05,2457.85,12.23,2.07,1.16,1.01
2017-09-06,2465.54,11.63,2.1,1.16,1.05
2017-09-07,2465.1,11.55,2.05,1.16,1.03
2017-09-08,2461.43,12.12,2.06,1.16,1.02
2017-09-09,,,,1.16,
2017-09-10,,,,1.16,
2017-09-11,2488.11,10.73,2.14,1.16,1.04
2017-09-12,2496.48,10.58,2.17,1.16,1.02
2017-09-13,2498.37,10.5,2.2,1.16,1.02
2017-09-14,2495.62,10.44,2.2,1.16,1.03
2017-09-15,2500.23,10.17,2.2,1.16,1.03
2017-09-16,,,,1.16,
2017-09-17,,,,1.16,
2017-09-18,2503.87,10.15,2.23,1.16,1.04
2017-09-19,2506.65,10.18,2.24,1.16,1.03
2017-09-20,2508.24,9.78,2.28,1.16,1.02
2017-09-21,2500.6,9.67,2.27,1.16,1.02
2017-09-22,2502.22,9.59,2.26,1.16,1.01
2017-09-23,,,,1.16,
2017-09-24,,,,1.16,
2017-09-25,2496.66,10.21,2.22,1.16,1.04
2017-09-26,2496.84,10.17,2.24,1.16,1.05
2017-09-27,2507.04,9.87,2.31,1.16,1.05
2017-09-28,2510.06,9.55,2.31,1.16,1.04
2017-09-29,2519.36,9.51,2.33,1.06,1.04
2017-09-30,,,,1.06,
2017-10-01,,,,1.06,
2017-10-02,2529.12,9.45,2.34,1.16,1.0
2017-10-03,2534.58,9.51,2.33,1.16,1.05
2017-10-04,2537.74,9.63,2.33,1.16,1.06
2017-10-05,2552.07,9.19,2.35,1.16,1.05
2017-10-06,2549.33,9.65,2.37,1.16,1.05
2017-10-07,,,,1.16,
2017-10-08,,,,1.16,
2017-10-09,2544.73,10.33,,1.16,
2017-10-10,2550.64,10.08,2.35,1.16,1.06
2017-10-11,2555.24,9.85,2.35,1.16,1.08
2017-10-12,2550.93,9.91,2.33,1.16,1.07
2017-10-13,2553.17,9.61,2.28,1.16,1.07
2017-10-14,,,,1.16,
2017-10-15,,,,1.16,
2017-10-16,2557.64,9.91,2.3,1.16,1.09
2017-10-17,2559.36,10.31,2.3,1.16,1.07
2017-10-18,2561.26,10.07,2.34,1.16,1.07
2017-10-19,2562.1,10.05,2.33,1.16,1.08
2017-10-20,2575.21,9.97,2.39,1.16,1.09
2017-10-21,,,,1.16,
2017-10-22,,,,1.16,
2017-10-23,2564.98,11.07,2.38,1.16,1.08
2017-10-24,2569.13,11.16,2.42,1.16,1.1
2017-10-25,2557.15,11.23,2.44,1.16,1.1
2017-10-26,2560.4,11.3,2.46,1.16,1.09
2017-10-27,2581.07,9.8,2.42,1.16,1.08
2017-10-28,,,,1.16,
2017-10-29,,,,1.16,
2017-10-30,2572.83,10.5,2.37,1.16,1.1
2017-10-31,2575.26,10.18,2.38,1.07,1.13
2017-11-01,2579.36,10.2,2.37,1.16,1.16
2017-11-02,2579.85,9.93,2.35,1.16,1.15
2017-11-03,2587.84,9.14,2.34,1.16,1.16
2017-11-04,,,,1.16,
2017-11-05,,,,1.16,
2017-11-06,2591.13,9.4,2.32,1.16,1.17
2017-11-07,2590.64,9.89,2.32,1.16,1.2
2017-11-08,2594.38,9.78,2.32,1.16,1.21
2017-11-09,2584.62,10.5,2.33,1.16,1.22
2017-11-10,2582.3,11.29,2.4,1.16,1.21
2017-11-11,,,,1.16,
2017-11-12,,,,1.16,
2017-11-13,2584.84,11.5,2.4,1.16,1.22
2017-11-14,2578.87,11.59,2.38,1.16,1.24
2017-11-15,2564.62,13.13,2.33,1.16,1.23
2017-11-16,2585.64,11.76,2.37,1.16,1.25
2017-11-17,2578.85,11.43,2.35,1.16,1.26
2017-11-18,,,,1.16,
2017-11-19,,,,1.16,
2017-11-20,2582.14,10.65,2.37,1.16,1.28
2017-11-21,2599.03,9.73,2.36,1.16,1.28
2017-11-22,2597.08,9.88,2.32,1.16,1.27
2017-11-23,,,,1.16,
2017-11-24,2602.42,9.67,2.34,1.16,1.26
2017-11-25,,,,1.16,
2017-11-26,,,,1.16,
2017-11-27,2601.42,9.87,2.32,1.16,1.25
2017-11-28,2627.04,10.03,2.34,1.16,1.28
2017-11-29,2626.07,10.7,2.37,1.16,1.27
2017-11-30,2647.58,11.28,2.42,1.07,1.25
2017-12-01,2642.22,11.43,2.37,1.16,1.25
2017-12-02,,,,1.16,
2017-12-03,,,,1.16,
2017-12-04,2639.44,11.68,2.37,1.16,1.28
2017-12-05,2629.57,11.33,2.36,1.16,1.28
2017-12-06,2629.27,11.02,2.33,1.16,1.28
2017-12-07,2636.98,10.16,2.37,1.16,1.27
2017-12-08,2651.5,9.58,2.38,1.16,1.26
2017-12-09,,,,1.16,
2017-12-10,,,,1.16,
2017-12-11,2659.99,9.34,2.39,1.16,1.31
2017-12-12,2664.11,9.92,2.4,1.17,1.32
2017-12-13,2662.85,10.18,2.36,1.17,1.28
2017-12-14,2652.01,10.49,2.35,1.41,1.3
2017-12-15,2675.81,9.42,2.35,1.41,1.29
2017-12-16,,,,1.41,
2017-12-17,,,,1.41,
2017-12-18,2690.16,9.53,2.39,1.42,1.36
2017-12-19,2681.47,10.03,2.46,1.42,1.35
2017-12-20,2679.25,9.72,2.49,1.42,1.36
2017-12-21,2684.57,9.62,2.48,1.42,1.33
2017-12-22,2683.34,9.9,2.48,1.42,1.31
2017-12-23,,,,1.42,
2017-12-24,,,,1.42,
2017-12-25,,,,1.42,
2017-12-26,2680.5,10.25,2.47,1.42,1.45
2017-12-27,2682.62,10.47,2.42,1.42,1.42
2017-12-28,2687.54,10.18,2.43,1.42,1.37
2017-12-29,2673.61,11.04,2.4,1.33,1.37
2017-12-30,,,,1.33,
2017-12-31,,,,1.33,
2018-01-01,,,,1.33,
2018-01-02,2695.81,9.77,2.46,1.42,1.42
2018-01-03,2713.06,9.15,2.44,1.42,1.39
2018-01-04,2723.99,9.22,2.46,1.42,1.39
2018-01-05,2743.15,9.22,2.47,1.42,1.37
2018-01-06,,,,1.42,
2018-01-07,,,,1.42,
2018-01-08,2747.71,9.52,2.49,1.42,1.43
2018-01-09,2751.29,10.08,2.55,1.42,1.42
2018-01-10,2748.23,9.82,2.55,1.42,1.4
2018-01-11,2767.56,9.88,2.54,1.42,1.41
2018-01-12,2786.24,10.16,2.55,1.42,1.41
2018-01-13,,,,1.42,
2018-01-14,,,,1.42,
2018-01-15,,,,1.42,
2018-01-16,2776.42,11.66,2.54,1.42,1.43
2018-01-17,2802.56,11.91,2.57,1.42,1.42
2018-01-18,2798.03,12.22,2.62,1.42,1.43
2018-01-19,2810.3,11.27,2.64,1.42,1.42
2018-01-20,,,,1.42,
2018-01-21,,,,1.42,
2018-01-22,2832.97,11.03,2.66,1.42,1.43
2018-01-23,2839.13,11.1,2.63,1.42,1.42
2018-01-24,2837.54,11.47,2.65,1.42,1.41
2018-01-25,2839.25,11.58,2.63,1.42,1.4
2018-01-26,2872.87,11.08,2.66,1.42,1.39
2018-01-27,,,,1.42,
2018-01-28,,,,1.42,
2018-01-29,2853.53,13.84,2.7,1.42,1.43
2018-01-30,2822.43,14.79,2.73,1.42,1.42
2018-01-31,2823.81,13.54,2.72,1.34,1.44
2018-02-01,2821.98,13.47,2.78,1.42,1.46
2018-02-02,2762.13,17.31,2.84,1.42,1.46
2018-02-03,,,,1.42,
2018-02-04,,,,1.42,
2018-02-05,2648.94,37.32,2.77,1.42,1.49
2018-02-06,2695.14,29.98,2.79,1.42,1.5
2018-02-07,2681.66,27.73,2.84,1.42,1.53
2018-02-08,2581.0,33.46,2.85,1.42,1.53
2018-02-09,2619.55,29.06,2.83,1.42,1.53
2018-02-10,,,,1.42,
2018-02-11,,,,1.42,
2018-02-12,2656.0,25.61,2.86,1.42,1.61
2018-02-13,2662.94,24.97,2.83,1.42,1.57
2018-02-14,2698.63,19.26,2.91,1.42,1.56
2018-02-15,2731.2,19.13,2.9,1.42,1.56
2018-02-16,2732.22,19.46,2.87,1.42,1.59
2018-02-17,,,,1.42,
2018-02-18,,,,1.42,
2018-02-19,,,,1.42,
2018-02-20,2716.26,20.6,2.88,1.42,1.64
2018-02-21,2701.33,20.02,2.94,1.42,1.62
2018-02-22,2703.96,18.72,2.92,1.42,1.61
2018-02-23,2747.3,16.49,2.88,1.42,1.61
2018-02-24,,,,1.42,
2018-02-25,,,,1.42,
2018-02-26,2779.6,15.8,2.86,1.42,1.65
2018-02-27,2744.28,18.59,2.9,1.42,1.64
2018-02-28,2713.83,19.85,2.87,1.35,1.63
2018-03-01,2677.67,22.47,2.81,1.42,1.6
2018-03-02,2691.25,19.59,2.86,1.42,1.62
2018-03-03,,,,1.42,
2018-03-04,,,,1.42,
2018-03-05,2720.94,18.73,2.88,1.42,1.67
2018-03-06,2728.12,18.36,2.88,1.42,1.65
2018-03-07,2726.8,17.76,2.89,1.42,1.65
2018-03-08,2738.97,16.54,2.86,1.42,1.64
2018-03-09,2786.57,14.64,2.9,1.42,1.64
2018-03-10,,,,1.42,
2018-03-11,,,,1.42,
2018-03-12,2783.02,15.78,2.87,1.42,1.68
2018-03-13,2765.31,16.35,2.84,1.42,1.7
2018-03-14,2749.48,17.23,2.81,1.42,1.73
2018-03-15,2747.33,16.59,2.82,1.43,1.74
2018-03-16,2752.01,15.8,2.85,1.43,1.75
2018-03-17,,,,1.43,
2018-03-18,,,,1.43,
2018-03-19,2712.92,19.02,2.85,1.43,1.77
2018-03-20,2716.94,18.2,2.89,1.44,1.78
2018-03-21,2711.93,17.86,2.89,1.44,1.71
2018-03-22,2643.69,23.34,2.83,1.68,1.69
2018-03-23,2588.26,24.87,2.82,1.68,1.71
2018-03-24,,,,1.68,
2018-03-25,,,,1.68,
2018-03-26,2658.55,21.03,2.85,1.68,1.76
2018-03-27,2612.62,22.5,2.78,1.68,1.74
2018-03-28,2605.0,22.87,2.77,1.68,1.7
2018-03-29,2640.87,19.97,2.74,1.68,1.7
2018-03-30,,,,1.67,
2018-03-31,,,,1.67,
2018-04-01,,,,1.67,
2018-04-02,2581.88,23.62,2.73,1.68,1.74
2018-04-03,2614.45,21.1,2.79,1.69,1.72
2018-04-04,2644.69,20.06,2.79,1.69,1.68
2018-04-05,2662.84,18.94,2.83,1.69,1.69
2018-04-06,2604.47,21.49,2.77,1.69,1.7
2018-04-07,,,,1.69,
2018-04-08,,,,1.69,
2018-04-09,2613.16,21.77,2.78,1.69,1.73
2018-04-10,2656.87,20.47,2.8,1.69,1.71
2018-04-11,2642.19,20.24,2.79,1.69,1.7
2018-04-12,2663.99,18.49,2.83,1.69,1.72
2018-04-13,2656.3,17.41,2.82,1.69,1.73
2018-04-14,,,,1.69,
2018-04-15,,,,1.69,
2018-04-16,2677.84,16.56,2.83,1.69,1.76
2018-04-17,2706.39,15.25,2.82,1.69,1.77
2018-04-18,2708.64,15.6,2.87,1.69,1.78
2018-04-19,2693.13,15.96,2.92,1.69,1.79
2018-04-20,2670.14,16.88,2.96,1.7,1.78
2018-04-21,,,,1.7,
2018-04-22,,,,1.7,
2018-04-23,2670.29,16.34,2.98,1.7,1.84
2018-04-24,2634.56,18.02,3.0,1.7,1.84
2018-04-25,2639.4,17.84,3.03,1.7,1.82
2018-04-26,2666.94,16.24,3.0,1.7,1.79
2018-04-27,2669.91,15.41,2.96,1.7,1.78
2018-04-28,,,,1.7,
2018-04-29,,,,1.7,
2018-04-30,2648.05,15.93,2.95,1.69,1.84
2018-05-01,2654.8,15.49,2.97,1.7,1.82
2018-05-02,2635.67,15.97,2.97,1.7,1.81
2018-05-03,2629.73,15.9,2.94,1.7,1.8
2018-05-04,2663.42,14.77,2.95,1.7,1.8
2018-05-05,,,,1.7,
2018-05-06,,,,1.7,
2018-05-07,2672.63,14.75,2.95,1.7,1.83
2018-05-08,2671.92,14.71,2.97,1.7,1.84
2018-05-09,2697.79,13.42,3.0,1.7,1.85
2018-05-10,2723.07,13.23,2.97,1.7,1.86
2018-05-11,2727.72,12.65,2.97,1.7,1.88
2018-05-12,,,,1.7,
2018-05-13,,,,1.7,
2018-05-14,2730.13,12.93,3.0,1.7,1.9
2018-05-15,2711.45,14.63,3.08,1.7,1.89
2018-05-16,2722.46,13.42,3.09,1.7,1.88
2018-05-17,2720.13,13.43,3.11,1.7,1.88
2018-05-18,2712.97,13.42,3.06,1.7,1.87
2018-05-19,,,,1.7,
2018-05-20,,,,1.7,
2018-05-21,2733.01,13.08,3.06,1.7,1.9
2018-05-22,2724.44,13.22,3.06,1.7,1.9
2018-05-23,2733.29,12.58,3.01,1.7,1.88
2018-05-24,2727.76,12.53,2.98,1.7,1.87
2018-05-25,2721.33,13.22,2.93,1.7,1.86
2018-05-26,,,,1.7,
2018-05-27,,,,1.7,
2018-05-28,,,,1.7,
2018-05-29,2689.86,17.02,2.77,1.7,1.9
2018-05-30,2724.01,14.94,2.84,1.7,1.9
2018-05-31,2705.27,15.43,2.83,1.7,1.89
2018-06-01,2734.62,13.46,2.89,1.7,1.88
2018-06-02,,,,1.7,
2018-06-03,,,,1.7,
2018-06-04,2746.87,12.74,2.94,1.7,1.91
2018-06-05,2748.8,12.4,2.92,1.7,1.91
2018-06-06,2772.35,11.64,2.97,1.7,1.91
2018-06-07,2770.37,12.13,2.93,1.7,1.9
2018-06-08,2779.03,12.18,2.93,1.7,1.89
2018-06-09,,,,1.7,
2018-06-10,,,,1.7,
2018-06-11,2782.0,12.35,2.96,1.7,1.91
2018-06-12,2786.85,12.34,2.96,1.7,1.89
2018-06-13,2775.63,12.94,2.98,1.7,1.9
2018-06-14,2782.49,12.12,2.94,1.9,1.9
2018-06-15,2779.66,11.98,2.93,1.9,1.9
2018-06-16,,,,1.9,
2018-06-17,,,,1.9,
2018-06-18,2773.75,12.31,2.92,1.9,1.91
2018-06-19,2762.59,13.35,2.89,1.91,1.91
2018-06-20,2767.32,12.79,2.93,1.92,1.9
2018-06-21,2749.76,14.64,2.9,1.92,1.9
2018-06-22,2754.88,13.77,2.9,1.92,1.89
2018-06-23,,,,1.92,
2018-06-24,,,,1.92,
2018-06-25,2717.07,17.33,2.87,1.92,1.9
2018-06-26,2723.06,15.92,2.88,1.92,1.9
2018-06-27,2699.63,17.91,2.83,1.91,1.89
2018-06-28,2716.31,16.85,2.84,1.91,1.89
2018-06-29,2718.37,16.09,2.85,1.91,1.89
2018-06-30,,,,1.91,
2018-07-01,,,,1.91,
2018-07-02,2726.71,15.6,2.87,1.91,1.95
2018-07-03,2713.22,16.14,2.83,1.91,1.94
2018-07-04,,,,1.91,
2018-07-05,2736.61,14.97,2.84,1.91,1.92
2018-07-06,2759.82,13.37,2.82,1.91,1.93
2018-07-07,,,,1.91,
2018-07-08,,,,1.91,
2018-07-09,2784.17,12.69,2.86,1.91,1.95
2018-07-10,2793.84,12.64,2.87,1.91,1.95
2018-07-11,2774.02,13.63,2.85,1.91,1.93
2018-07-12,2798.29,12.58,2.85,1.91,1.94
2018-07-13,2801.31,12.18,2.83,1.91,1.94
2018-07-14,,,,1.91,
2018-07-15,,,,1.91,
2018-07-16,2798.43,12.83,2.85,1.91,1.98
2018-07-17,2809.55,12.06,2.86,1.91,1.98
2018-07-18,2815.62,12.1,2.88,1.91,1.96
2018-07-19,2804.49,12.87,2.84,1.91,1.96
2018-07-20,2801.83,12.86,2.89,1.91,1.95
2018-07-21,,,,1.91,
2018-07-22,,,,1.91,
2018-07-23,2806.98,12.62,2.96,1.91,1.96
2018-07-24,2820.4,12.41,2.95,1.91,1.98
2018-07-25,2846.07,12.29,2.94,1.91,1.97
2018-07-26,2837.44,12.14,2.98,1.91,1.95
2018-07-27,2818.82,13.03,2.96,1.91,1.96
2018-07-28,,,,1.91,
2018-07-29,,,,1.91,
2018-07-30,2802.6,14.26,2.98,1.91,2.01
2018-07-31,2816.29,12.83,2.96,1.91,1.99
2018-08-01,2813.36,13.15,3.0,1.91,1.99
2018-08-02,2827.22,12.19,2.98,1.91,1.98
2018-08-03,2840.35,11.64,2.95,1.91,1.97
2018-08-04,,,,1.91,
2018-08-05,,,,1.91,
2018-08-06,2850.4,11.27,2.94,1.91,2.02
2018-08-07,2858.45,10.93,2.98,1.91,2.02
2018-08-08,2857.7,10.85,2.96,1.91,2.02
2018-08-09,2853.58,11.27,2.93,1.91,2.02
2018-08-10,2833.28,13.16,2.87,1.91,2.01
2018-08-11,,,,1.91,
2018-08-12,,,,1.91,
2018-08-13,2821.93,14.78,2.88,1.91,2.03
2018-08-14,2839.96,13.31,2.89,1.91,2.04
2018-08-15,2818.37,14.64,2.86,1.91,2.03
2018-08-16,2840.69,13.45,2.87,1.92,2.03
2018-08-17,2850.13,12.64,2.87,1.92,2.01
2018-08-18,,,,1.92,
2018-08-19,,,,1.92,
2018-08-20,2857.05,12.49,2.82,1.92,2.03
2018-08-21,2862.96,12.86,2.85,1.92,2.04
2018-08-22,2861.82,12.25,2.82,1.92,2.05
2018-08-23,2856.98,12.41,2.82,1.92,2.04
2018-08-24,2874.69,11.99,2.82,1.92,2.05
2018-08-25,,,,1.92,
2018-08-26,,,,1.92,
2018-08-27,2896.74,12.16,2.85,1.92,2.08
2018-08-28,2897.52,12.5,2.88,1.92,2.09
2018-08-29,2914.04,12.25,2.89,1.92,2.09
2018-08-30,2901.13,13.53,2.86,1.92,2.07
2018-08-31,2901.52,12.86,2.86,1.91,2.07
2018-09-01,,,,1.91,
2018-09-02,,,,1.91,
2018-09-03,,,,1.91,
2018-09-04,2896.72,13.16,2.9,1.92,2.09
2018-09-05,2888.6,13.91,2.9,1.92,2.1
2018-09-06,2878.05,14.65,2.88,1.92,2.09
2018-09-07,2871.68,14.88,2.94,1.92,2.1
2018-09-08,,,,1.92,
2018-09-09,,,,1.92,
2018-09-10,2877.13,14.16,2.94,1.92,2.11
2018-09-11,2887.89,13.22,2.98,1.92,2.11
2018-09-12,2888.92,13.14,2.97,1.92,2.12
2018-09-13,2904.18,12.37,2.97,1.92,2.11
2018-09-14,2904.98,12.07,2.99,1.92,2.12
2018-09-15,,,,1.92,
2018-09-16,,,,1.92,
2018-09-17,2888.8,13.68,2.99,1.92,2.13
2018-09-18,2904.31,12.79,3.05,1.92,2.13
2018-09-19,2907.95,11.75,3.08,1.92,2.12
2018-09-20,2930.75,11.8,3.07,1.92,2.13
2018-09-21,2929.67,11.68,3.07,1.92,2.14
2018-09-22,,,,1.92,
2018-09-23,,,,1.92,
2018-09-24,2919.37,12.2,3.08,1.93,2.18
2018-09-25,2915.56,12.42,3.1,1.93,2.17
2018-09-26,2905.97,12.89,3.06,1.93,2.16
2018-09-27,2914.0,12.41,3.06,2.18,2.14
2018-09-28,2913.98,12.12,3.05,2.18,2.15
2018-09-29,,,,2.18,
2018-09-30,,,,2.18,
2018-10-01,2924.59,12.0,3.09,2.18,2.19
2018-10-02,2923.43,12.05,3.05,2.18,2.19
2018-10-03,2925.51,11.61,3.15,2.18,2.19
2018-10-04,2901.61,14.22,3.19,2.18,2.18
2018-10-05,2885.57,14.82,3.23,2.18,2.18
2018-10-06,,,,2.18,
2018-10-07,,,,2.18,
2018-10-08,2884.43,15.69,,2.18,
2018-10-09,2880.34,15.95,3.21,2.18,2.21
2018-10-10,2785.68,22.96,3.22,2.18,2.23
2018-10-11,2728.37,24.98,3.14,2.18,2.22
2018-10-12,2767.13,21.31,3.15,2.18,2.23
2018-10-13,,,,2.18,
2018-10-14,,,,2.18,
2018-10-15,2750.79,21.3,3.16,2.18,2.27
2018-10-16,2809.92,17.62,3.16,2.18,2.26
2018-10-17,2809.21,17.4,3.19,2.19,2.27
2018-10-18,2768.78,20.06,3.17,2.19,2.27
2018-10-19,2767.78,19.89,3.2,2.19,2.26
2018-10-20,,,,2.19,
2018-10-21,,,,2.19,
2018-10-22,2755.88,19.64,3.2,2.19,2.3
2018-10-23,2740.69,20.71,3.17,2.2,2.29
2018-10-24,2656.1,25.23,3.1,2.2,2.29
2018-10-25,2705.57,24.22,3.14,2.2,2.29
2018-10-26,2658.69,24.16,3.08,2.2,2.28
2018-10-27,,,,2.2,
2018-10-28,,,,2.2,
2018-10-29,2641.25,24.7,3.08,2.2,2.3
2018-10-30,2682.63,23.35,3.12,2.2,2.29
2018-10-31,2711.74,21.23,3.15,2.2,2.29
2018-11-01,2740.37,19.34,3.14,2.2,2.27
2018-11-02,2723.06,19.51,3.22,2.19,2.28
2018-11-03,,,,2.19,
2018-11-04,,,,2.19,
2018-11-05,2738.31,19.96,3.2,2.2,2.32
2018-11-06,2755.45,19.91,3.22,2.2,2.31
2018-11-07,2813.89,16.36,3.22,2.2,2.32
2018-11-08,2806.83,16.72,3.24,2.2,2.3
2018-11-09,2781.01,17.36,3.19,2.19,2.31
2018-11-10,,,,2.19,
2018-11-11,,,,2.19,
2018-11-12,2726.22,20.45,,2.19,
2018-11-13,2722.18,20.02,3.14,2.2,2.34
2018-11-14,2701.58,21.25,3.12,2.2,2.33
2018-11-15,2730.2,19.98,3.11,2.2,2.32
2018-11-16,2736.27,18.14,3.08,2.2,2.31
2018-11-17,,,,2.2,
2018-11-18,,,,2.2,
2018-11-19,2690.73,20.1,3.06,2.2,2.34
2018-11-20,2641.89,22.48,3.06,2.2,2.34
2018-11-21,2649.93,20.8,3.06,2.2,2.36
2018-11-22,,,,2.2,
2018-11-23,2632.56,21.52,3.05,2.2,2.36
2018-11-24,,,,2.2,
2018-11-25,,,,2.2,
2018-11-26,2673.45,18.9,3.07,2.2,2.37
2018-11-27,2682.17,19.02,3.06,2.2,2.36
2018-11-28,2743.79,18.49,3.06,2.2,2.35
2018-11-29,2737.76,18.79,3.03,2.2,2.32
2018-11-30,2760.17,18.07,3.01,2.2,2.32
2018-12-01,,,,2.2,
2018-12-02,,,,2.2,
2018-12-03,2790.37,16.44,2.98,2.19,2.34
2018-12-04,2700.06,20.74,2.91,2.2,2.38
2018-12-05,,,,2.2,
2018-12-06,2695.95,21.19,2.87,2.2,2.36
2018-12-07,2633.08,23.23,2.85,2.19,2.35
2018-12-08,,,,2.19,
2018-12-09,,,,2.19,
2018-12-10,2637.72,22.64,2.85,2.2,2.37
2018-12-11,2636.78,21.76,2.89,2.19,2.37
2018-12-12,2651.07,21.46,2.91,2.19,2.39
2018-12-13,2650.54,20.65,2.91,2.19,2.38
2018-12-14,2599.95,21.63,2.89,2.19,2.37
2018-12-15,,,,2.19,
2018-12-16,,,,2.19,
2018-12-17,2545.94,24.52,2.86,2.2,2.36
2018-12-18,2546.16,25.58,2.82,2.2,2.34
2018-12-19,2506.96,25.58,2.77,2.2,2.35
2018-12-20,2467.42,28.38,2.79,2.4,2.34
2018-12-21,2416.62,30.11,2.79,2.4,2.34
2018-12-22,,,,2.4,
2018-12-23,,,,2.4,
2018-12-24,2351.1,36.07,2.74,2.4,2.41
2018-12-25,,,,2.4,
2018-12-26,2467.7,30.41,2.81,2.4,2.39
2018-12-27,2488.83,29.96,2.77,2.4,2.36
2018-12-28,2485.74,28.34,2.72,2.4,2.35
2018-12-29,,,,2.4,
2018-12-30,,,,2.4,
2018-12-31,2506.85,25.42,2.69,2.4,2.4
2019-01-01,,,,2.4,
2019-01-02,2510.03,23.22,2.66,2.4,2.37
2019-01-03,2447.89,25.45,2.56,2.4,2.36
2019-01-04,2531.94,21.38,2.67,2.4,2.37
2019-01-05,,,,2.4,
2019-01-06,,,,2.4,
2019-01-07,2549.69,21.4,2.7,2.4,2.41
2019-01-08,2574.41,20.47,2.73,2.4,2.41
2019-01-09,2584.96,19.98,2.74,2.4,2.4
2019-01-10,2596.64,19.5,2.74,2.4,2.38
2019-01-11,2596.26,18.19,2.71,2.4,2.38
2019-01-12,,,,2.4,
2019-01-13,,,,2.4,
2019-01-14,2582.61,19.07,2.71,2.4,2.4
2019-01-15,2610.3,18.6,2.72,2.4,2.4
2019-01-16,2616.1,19.04,2.73,2.4,2.38
2019-01-17,2635.96,18.06,2.75,2.4,2.37
2019-01-18,2670.71,17.8,2.79,2.4,2.36
2019-01-19,,,,2.4,
2019-01-20,,,,2.4,
2019-01-21,,,,2.4,
2019-01-22,2632.9,20.8,2.74,2.4,2.38
2019-01-23,2638.7,19.52,2.76,2.4,2.36
2019-01-24,2642.33,18.89,2.72,2.4,2.32
2019-01-25,2664.76,17.42,2.76,2.4,2.34
2019-01-26,,,,2.4,
2019-01-27,,,,2.4,
2019-01-28,2643.85,18.87,2.75,2.4,2.37
2019-01-29,2640.0,19.13,2.72,2.4,2.37
2019-01-30,2681.05,17.66,2.7,2.4,2.37
2019-01-31,2704.1,16.57,2.63,2.4,2.36
2019-02-01,2706.53,16.14,2.7,2.4,2.35
2019-02-02,,,,2.4,
2019-02-03,,,,2.4,
2019-02-04,2724.87,15.73,2.73,2.4,2.37
2019-02-05,2737.7,15.57,2.71,2.4,2.37
2019-02-06,2731.61,15.38,2.7,2.4,2.37
2019-02-07,2706.05,16.37,2.65,2.4,2.37
2019-02-08,2707.88,15.72,2.63,2.4,2.38
2019-02-09,,,,2.4,
2019-02-10,,,,2.4,
2019-02-11,2709.8,15.97,2.65,2.4,2.4
2019-02-12,2744.73,15.43,2.68,2.4,2.38
2019-02-13,2753.03,15.65,2.71,2.4,2.39
2019-02-14,2745.73,16.22,2.66,2.4,2.38
2019-02-15,2775.6,14.91,2.66,2.4,2.38
2019-02-16,,,,2.4,
2019-02-17,,,,2.4,
2019-02-18,,,,2.4,
2019-02-19,2779.76,14.88,2.65,2.4,2.41
2019-02-20,2784.7,14.02,2.65,2.4,2.4
2019-02-21,2774.88,14.46,2.69,2.4,2.4
2019-02-22,2792.67,13.51,2.65,2.4,2.41
2019-02-23,,,,2.4,
2019-02-24,,,,2.4,
2019-02-25,2796.11,14.85,2.67,2.4,2.42
2019-02-26,2793.9,15.17,2.64,2.4,2.4
2019-02-27,2792.38,14.7,2.69,2.4,2.4
2019-02-28,2784.49,14.78,2.73,2.4,2.4
2019-03-01,2803.69,13.57,2.76,2.4,2.39
2019-03-02,,,,2.4,
2019-03-03,,,,2.4,
2019-03-04,2792.81,14.63,2.72,2.4,2.41
2019-03-05,2789.65,14.74,2.72,2.4,2.41
2019-03-06,2771.45,15.74,2.69,2.4,2.41
2019-03-07,2748.93,16.59,2.64,2.4,2.4
2019-03-08,2743.07,16.05,2.62,2.4,2.41
2019-03-09,,,,2.4,
2019-03-10,,,,2.4,
2019-03-11,2783.3,14.33,2.64,2.4,2.41
2019-03-12,2791.52,13.77,2.61,2.4,2.41
2019-03-13,2810.92,13.41,2.61,2.4,2.4
2019-03-14,2808.48,13.5,2.63,2.4,2.4
2019-03-15,2822.48,12.88,2.59,2.4,2.4
2019-03-16,,,,2.4,
2019-03-17,,,,2.4,
2019-03-18,2832.94,13.1,2.6,2.4,2.39
2019-03-19,2832.57,13.56,2.61,2.4,2.41
2019-03-20,2824.23,13.91,2.54,2.41,2.42
2019-03-21,2854.88,13.63,2.54,2.41,2.43
2019-03-22,2800.71,16.48,2.44,2.41,2.41
2019-03-23,,,,2.41,
2019-03-24,,,,2.41,
2019-03-25,2798.36,16.33,2.43,2.4,2.41
2019-03-26,2818.46,14.68,2.41,2.4,2.41
2019-03-27,2805.37,15.15,2.39,2.41,2.39
2019-03-28,2815.44,14.43,2.39,2.41,2.38
2019-03-29,2834.4,13.71,2.41,2.43,2.35
2019-03-30,,,,2.43,
2019-03-31,,,,2.43,
2019-04-01,2867.19,13.4,2.49,2.41,2.38
2019-04-02,2867.24,13.36,2.48,2.41,2.37
2019-04-03,2873.4,13.74,2.52,2.41,2.39
2019-04-04,2879.39,13.58,2.51,2.41,2.39
2019-04-05,2892.74,12.82,2.5,2.41,2.39
2019-04-06,,,,2.41,
2019-04-07,,,,2.41,
2019-04-08,2895.77,13.18,2.52,2.41,2.38
2019-04-09,2878.2,14.28,2.51,2.41,2.37
2019-04-10,2888.21,13.3,2.48,2.41,2.38
2019-04-11,2888.32,13.02,2.51,2.41,2.38
2019-04-12,2907.41,12.01,2.56,2.41,2.39
2019-04-13,,,,2.41,
2019-04-14,,,,2.41,
2019-04-15,2905.58,12.32,2.55,2.41,2.38
2019-04-16,2907.06,12.18,2.6,2.41,2.38
2019-04-17,2900.45,12.6,2.59,2.42,2.39
2019-04-18,2905.03,12.09,2.57,2.43,2.37
2019-04-19,,,,2.44,
2019-04-20,,,,2.44,
2019-04-21,,,,2.44,
2019-04-22,2907.97,12.42,2.59,2.44,2.39
2019-04-23,2933.68,12.28,2.57,2.44,2.4
2019-04-24,2927.25,13.14,2.53,2.44,2.39
2019-04-25,2926.17,13.25,2.54,2.44,2.38
2019-04-26,2939.88,12.73,2.51,2.44,2.37
2019-04-27,,,,2.44,
2019-04-28,,,,2.44,
2019-04-29,2943.03,13.11,2.54,2.45,2.39
2019-04-30,2945.83,13.12,2.51,2.45,2.38
2019-05-01,2923.73,14.8,2.52,2.45,2.38
2019-05-02,2917.52,14.42,2.55,2.41,2.41
2019-05-03,2945.64,12.87,2.54,2.4,2.38
2019-05-04,,,,2.4,
2019-05-05,,,,2.4,
2019-05-06,2932.47,15.44,2.51,2.4,2.39
2019-05-07,2884.05,19.32,2.45,2.4,2.38
2019-05-08,2879.42,19.4,2.49,2.39,2.38
2019-05-09,2870.72,19.1,2.45,2.38,2.38
2019-05-10,2881.4,16.04,2.47,2.38,2.38
2019-05-11,,,,2.38,
2019-05-12,,,,2.38,
2019-05-13,2811.87,20.55,2.4,2.38,2.36
2019-05-14,2834.41,18.06,2.42,2.38,2.36
2019-05-15,2850.96,16.44,2.37,2.4,2.37
2019-05-16,2876.32,15.29,2.4,2.39,2.35
2019-05-17,2859.53,15.96,2.39,2.39,2.34
2019-05-18,,,,2.39,
2019-05-19,,,,2.39,
2019-05-20,2840.23,16.31,2.41,2.39,2.34
2019-05-21,2864.36,14.95,2.43,2.39,2.34
2019-05-22,2856.27,14.75,2.39,2.38,2.33
2019-05-23,2822.24,16.92,2.31,2.38,2.32
2019-05-24,2826.06,15.85,2.32,2.38,2.3
2019-05-25,,,,2.38,
2019-05-26,,,,2.38,
2019-05-27,,,,2.38,
2019-05-28,2802.39,17.5,2.26,2.39,2.32
2019-05-29,2783.02,17.9,2.25,2.39,2.32
2019-05-30,2788.86,17.3,2.22,2.39,2.33
2019-05-31,2752.06,18.71,2.14,2.4,2.3
2019-06-01,,,,2.4,
2019-06-02,,,,2.4,
2019-06-03,2744.45,18.86,2.07,2.38,2.3
2019-06-04,2803.27,16.97,2.12,2.38,2.3
2019-06-05,2826.15,16.09,2.12,2.38,2.3
2019-06-06,2843.49,15.93,2.12,2.37,2.28
2019-06-07,2873.34,16.3,2.09,2.37,2.23
2019-06-08,,,,2.37,
2019-06-09,,,,2.37,
2019-06-10,2886.73,15.94,2.15,2.37,2.24
2019-06-11,2885.72,15.99,2.15,2.37,2.22
2019-06-12,2879.84,15.91,2.13,2.37,2.19
2019-06-13,2891.64,15.82,2.1,2.37,2.14
2019-06-14,2886.98,15.28,2.09,2.36,2.15
2019-06-15,,,,2.36,
2019-06-16,,,,2.36,
2019-06-17,2889.67,15.35,2.09,2.38,2.18
2019-06-18,2917.75,15.15,2.06,2.37,2.17
2019-06-19,2926.46,14.33,2.03,2.37,2.13
2019-06-20,2954.18,14.75,2.01,2.37,2.09
2019-06-21,2950.46,15.4,2.07,2.38,2.07
2019-06-22,,,,2.38,
2019-06-23,,,,2.38,
2019-06-24,2945.35,15.26,2.02,2.38,2.08
2019-06-25,2917.38,16.28,2.0,2.38,2.07
2019-06-26,2913.78,16.21,2.05,2.38,2.1
2019-06-27,2924.92,15.82,2.01,2.38,2.09
2019-06-28,2941.76,15.08,2.0,2.4,2.08
2019-06-29,,,,2.4,
2019-06-30,,,,2.4,
2019-07-01,2964.33,14.06,2.03,2.39,2.16
2019-07-02,2973.01,12.93,1.98,2.4,2.15
2019-07-03,2995.82,12.57,1.96,2.41,2.16
2019-07-04,,,,2.41,
2019-07-05,2990.41,13.28,2.04,2.42,2.18
2019-07-06,,,,2.42,
2019-07-07,,,,2.42,
2019-07-08,2975.95,13.96,2.05,2.41,2.21
2019-07-09,2979.63,14.09,2.07,2.41,2.21
2019-07-10,2993.07,13.03,2.07,2.41,2.15
2019-07-11,2999.91,12.93,2.13,2.4,2.12
2019-07-12,3013.77,12.39,2.12,2.38,2.1
2019-07-13,,,,2.38,
2019-07-14,,,,2.38,
2019-07-15,3014.3,12.68,2.09,2.4,2.11
2019-07-16,3004.04,12.86,2.13,2.41,2.1
2019-07-17,2984.42,13.97,2.06,2.41,2.09
2019-07-18,2995.11,13.53,2.04,2.41,2.01
2019-07-19,2976.61,14.45,2.05,2.41,2.02
2019-07-20,,,,2.41,
2019-07-21,,,,2.41,
2019-07-22,2985.03,13.53,2.05,2.4,2.04
2019-07-23,3005.47,12.61,2.08,2.4,2.02
2019-07-24,3019.56,12.07,2.05,2.4,2.05
2019-07-25,3003.67,12.74,2.08,2.4,2.06
2019-07-26,3025.86,12.16,2.08,2.4,2.08
2019-07-27,,,,2.4,
2019-07-28,,,,2.4,
2019-07-29,3020.97,12.83,2.06,2.4,2.07
2019-07-30,3013.18,13.94,2.06,2.39,2.04
2019-07-31,2980.38,16.12,2.02,2.4,2.04
2019-08-01,2953.56,17.87,1.9,2.14,2.03
2019-08-02,2932.05,17.61,1.86,2.14,2.02
2019-08-03,,,,2.14,
2019-08-04,,,,2.14,
2019-08-05,2844.74,24.59,1.75,2.13,2.0
2019-08-06,2881.77,20.17,1.73,2.13,2.01
2019-08-07,2883.98,19.49,1.71,2.12,1.98
2019-08-08,2938.09,16.91,1.72,2.12,1.98
2019-08-09,2918.65,17.97,1.74,2.12,1.96
2019-08-10,,,,2.12,
2019-08-11,,,,2.12,
2019-08-12,2883.75,21.09,1.65,2.12,1.96
2019-08-13,2926.32,17.52,1.68,2.12,1.96
2019-08-14,2840.6,22.1,1.59,2.12,1.92
2019-08-15,2847.6,21.18,1.52,2.13,1.87
2019-08-16,2888.68,18.47,1.55,2.13,1.83
2019-08-17,,,,2.13,
2019-08-18,,,,2.13,
2019-08-19,2923.65,16.88,1.6,2.13,1.9
2019-08-20,2900.51,17.5,1.55,2.13,1.9
2019-08-21,2924.43,15.8,1.59,2.12,1.93
2019-08-22,2922.95,16.68,1.62,2.12,1.96
2019-08-23,2847.11,19.87,1.52,2.12,1.93
2019-08-24,,,,2.12,
2019-08-25,,,,2.12,
2019-08-26,2878.38,19.32,1.54,2.12,1.96
2019-08-27,2869.16,20.31,1.49,2.12,1.94
2019-08-28,2887.94,19.35,1.47,2.12,1.95
2019-08-29,2924.58,17.88,1.5,2.12,1.95
2019-08-30,2926.46,18.98,1.5,2.13,1.95
2019-08-31,,,,2.13,
2019-09-01,,,,2.13,
2019-09-02,,,,2.13,
2019-09-03,2906.27,19.66,1.47,2.13,1.94
2019-09-04,2937.78,17.33,1.47,2.13,1.93
2019-09-05,2976.0,16.27,1.57,2.13,1.93
2019-09-06,2978.71,15.0,1.55,2.12,1.92
2019-09-07,,,,2.12,
2019-09-08,,,,2.12,
2019-09-09,2978.43,15.27,1.63,2.13,1.92
2019-09-10,2979.39,15.2,1.72,2.13,1.91
2019-09-11,3000.93,14.61,1.75,2.13,1.92
2019-09-12,3009.57,14.22,1.79,2.13,1.91
2019-09-13,3007.39,13.74,1.9,2.14,1.92
2019-09-14,,,,2.14,
2019-09-15,,,,2.14,
2019-09-16,2997.96,14.67,1.84,2.25,1.95
2019-09-17,3005.7,14.44,1.81,2.3,1.95
2019-09-18,3006.73,13.95,1.8,2.25,1.91
2019-09-19,3006.79,14.05,1.79,1.9,1.89
2019-09-20,2992.07,15.32,1.74,1.9,1.87
2019-09-21,,,,1.9,
2019-09-22,,,,1.9,
2019-09-23,2991.78,14.91,1.72,1.9,1.9
2019-09-24,2966.6,17.05,1.64,1.9,1.88
2019-09-25,2984.87,15.96,1.73,1.9,1.85
2019-09-26,2977.62,16.07,1.7,1.85,1.79
2019-09-27,2961.79,17.22,1.69,1.83,1.76
2019-09-28,,,,1.83,
2019-09-29,,,,1.83,
2019-09-30,2976.74,16.24,1.68,1.9,1.84
2019-10-01,2940.25,18.56,1.65,1.88,1.78
2019-10-02,2887.61,20.56,1.6,1.85,1.75
2019-10-03,2910.63,19.12,1.54,1.83,1.67
2019-10-04,2952.01,17.04,1.52,1.82,1.68
2019-10-05,,,,1.82,
2019-10-06,,,,1.82,
2019-10-07,2938.79,17.86,1.56,1.82,1.71
2019-10-08,2893.06,20.28,1.54,1.82,1.68
2019-10-09,2919.4,18.64,1.59,1.82,1.66
2019-10-10,2938.13,17.57,1.67,1.82,1.65
2019-10-11,2970.27,15.58,1.76,1.82,1.65
2019-10-12,,,,1.82,
2019-10-13,,,,1.82,
2019-10-14,2966.15,14.57,,1.82,
2019-10-15,2995.68,13.54,1.77,1.9,1.64
2019-10-16,2989.69,13.68,1.75,1.9,1.63
2019-10-17,2997.95,13.79,1.76,1.85,1.63
2019-10-18,2986.2,14.25,1.76,1.85,1.63
2019-10-19,,,,1.85,
2019-10-20,,,,1.85,
2019-10-21,3006.72,14.0,1.8,1.85,1.64
2019-10-22,2995.99,14.46,1.78,1.85,1.62
2019-10-23,3004.52,14.01,1.77,1.85,1.62
2019-10-24,3010.29,13.71,1.77,1.85,1.64
2019-10-25,3022.55,12.65,1.8,1.83,1.63
2019-10-26,,,,1.83,
2019-10-27,,,,1.83,
2019-10-28,3039.42,13.11,1.85,1.83,1.62
2019-10-29,3036.89,13.2,1.84,1.82,1.6
2019-10-30,3046.77,12.33,1.78,1.82,1.59
2019-10-31,3037.56,13.22,1.69,1.58,1.51
2019-11-01,3066.91,12.3,1.73,1.57,1.49
2019-11-02,,,,1.57,
2019-11-03,,,,1.57,
2019-11-04,3078.27,12.83,1.79,1.56,1.5
2019-11-05,3074.62,13.1,1.86,1.56,1.53
2019-11-06,3076.78,12.62,1.81,1.55,1.53
2019-11-07,3085.18,12.73,1.92,1.55,1.53
2019-11-08,3093.08,12.07,1.94,1.55,1.52
2019-11-09,,,,1.55,
2019-11-10,,,,1.55,
2019-11-11,3087.01,12.69,,1.55,
2019-11-12,3091.84,12.68,1.92,1.55,1.56
2019-11-13,3094.04,13.0,1.88,1.55,1.54
2019-11-14,3096.63,13.05,1.82,1.55,1.54
2019-11-15,3120.46,12.05,1.84,1.55,1.54
2019-11-16,,,,1.55,
2019-11-17,,,,1.55,
2019-11-18,3122.03,12.46,1.81,1.55,1.54
2019-11-19,3120.18,12.86,1.79,1.55,1.54
2019-11-20,3108.46,12.78,1.73,1.55,1.54
2019-11-21,3103.54,13.13,1.77,1.55,1.55
2019-11-22,3110.29,12.34,1.77,1.55,1.55
2019-11-23,,,,1.55,
2019-11-24,,,,1.55,
2019-11-25,3133.64,11.87,1.76,1.55,1.58
2019-11-26,3140.52,11.54,1.74,1.55,1.57
2019-11-27,3153.63,11.75,1.77,1.55,1.59
2019-11-28,,,,1.55,
2019-11-29,3140.98,12.62,1.78,1.56,1.56
2019-11-30,,,,1.56,
2019-12-01,,,,1.56,
2019-12-02,3113.87,14.91,1.83,1.56,1.57
2019-12-03,3093.2,15.96,1.72,1.55,1.54
2019-12-04,3112.76,14.8,1.77,1.55,1.52
2019-12-05,3117.43,14.52,1.8,1.55,1.51
2019-12-06,3145.91,13.62,1.84,1.55,1.5
2019-12-07,,,,1.55,
2019-12-08,,,,1.55,
2019-12-09,3135.96,15.86,1.83,1.55,1.51
2019-12-10,3132.52,15.68,1.85,1.55,1.53
2019-12-11,3141.63,14.99,1.79,1.55,1.54
2019-12-12,3168.57,13.94,1.9,1.55,1.53
2019-12-13,3168.8,12.63,1.82,1.55,1.54
2019-12-14,,,,1.55,
2019-12-15,,,,1.55,
2019-12-16,3191.45,12.14,1.89,1.56,1.54
2019-12-17,3192.52,12.29,1.89,1.55,1.53
2019-12-18,3191.14,12.58,1.92,1.55,1.53
2019-12-19,3205.37,12.5,1.92,1.55,1.54
2019-12-20,3221.22,12.51,1.92,1.55,1.55
2019-12-21,,,,1.55,
2019-12-22,,,,1.55,
2019-12-23,3224.01,12.61,1.93,1.55,1.56
2019-12-24,3223.38,12.67,1.9,1.55,1.55
2019-12-25,,,,1.55,
2019-12-26,3239.91,12.65,1.9,1.55,1.55
2019-12-27,3240.02,13.43,1.88,1.55,1.54
2019-12-28,,,,1.55,
2019-12-29,,,,1.55,
2019-12-30,3221.29,14.82,1.9,1.55,1.54
2019-12-31,3230.78,13.78,1.92,1.55,1.52
2020-01-01,,,,1.55,
2020-01-02,3257.85,12.47,1.88,1.55,1.51
2020-01-03,3234.85,14.02,1.8,1.55,1.49
2020-01-04,,,,1.55,
2020-01-05,,,,1.55,
2020-01-06,3246.28,13.85,1.81,1.55,1.53
2020-01-07,3237.18,13.79,1.83,1.55,1.51
2020-01-08,3253.05,13.45,1.87,1.55,1.51
2020-01-09,3274.7,12.54,1.85,1.55,1.51
2020-01-10,3265.35,12.56,1.83,1.54,1.51
2020-01-11,,,,1.54,
2020-01-12,,,,1.54,
2020-01-13,3288.13,12.32,1.85,1.54,1.54
2020-01-14,3283.15,12.39,1.82,1.54,1.54
2020-01-15,3289.29,12.42,1.79,1.54,1.54
2020-01-16,3316.81,12.32,1.81,1.54,1.52
2020-01-17,3329.62,12.1,1.84,1.55,1.53
2020-01-18,,,,1.55,
2020-01-19,,,,1.55,
2020-01-20,,,,1.55,
2020-01-21,3320.79,12.85,1.78,1.55,1.53
2020-01-22,3321.75,12.91,1.77,1.55,1.52
2020-01-23,3325.54,12.98,1.74,1.55,1.52
2020-01-24,3295.47,14.56,1.7,1.55,1.51
2020-01-25,,,,1.55,
2020-01-26,,,,1.55,
2020-01-27,3243.63,18.23,1.61,1.55,1.52
2020-01-28,3276.24,16.28,1.65,1.55,1.54
2020-01-29,3273.4,16.39,1.6,1.55,1.53
2020-01-30,3283.66,15.49,1.57,1.6,1.54
2020-01-31,3225.52,18.84,1.51,1.59,1.52
2020-02-01,,,,1.59,
2020-02-02,,,,1.59,
2020-02-03,3248.92,17.97,1.54,1.59,1.54
2020-02-04,3297.59,16.05,1.61,1.59,1.54
2020-02-05,3334.69,15.15,1.66,1.59,1.54
2020-02-06,3345.78,14.96,1.65,1.59,1.54
2020-02-07,3327.71,15.47,1.59,1.58,1.53
2020-02-08,,,,1.58,
2020-02-09,,,,1.58,
2020-02-10,3352.09,15.04,1.56,1.58,1.55
2020-02-11,3357.75,15.18,1.59,1.58,1.54
2020-02-12,3379.45,13.74,1.62,1.58,1.55
2020-02-13,3373.94,14.15,1.61,1.58,1.56
2020-02-14,3380.16,13.68,1.59,1.58,1.55
2020-02-15,,,,1.58,
2020-02-16,,,,1.58,
2020-02-17,,,,1.58,
2020-02-18,3370.29,14.83,1.55,1.59,1.55
2020-02-19,3386.15,14.38,1.56,1.59,1.55
2020-02-20,3373.23,15.56,1.52,1.59,1.55
2020-02-21,3337.75,17.08,1.46,1.58,1.53
2020-02-22,,,,1.58,
2020-02-23,,,,1.58,
2020-02-24,3225.89,25.03,1.38,1.58,1.5
2020-02-25,3128.21,27.85,1.33,1.58,1.5
2020-02-26,3116.39,27.56,1.33,1.58,1.5
2020-02-27,2978.76,39.16,1.3,1.58,1.42
2020-02-28,2954.22,40.11,1.13,1.58,1.25
2020-02-29,,,,1.58,
2020-03-01,,,,1.58,
2020-03-02,3090.23,33.42,1.1,1.59,1.1
2020-03-03,3003.37,36.82,1.02,1.59,0.93
2020-03-04,3130.12,31.99,1.02,1.09,0.71
2020-03-05,3023.94,39.62,0.92,1.09,0.61
2020-03-06,2972.37,41.94,0.74,1.09,0.45
2020-03-07,,,,1.09,
2020-03-08,,,,1.09,
2020-03-09,2746.56,54.46,0.54,1.09,0.32
2020-03-10,2882.23,47.3,0.76,1.09,0.43
2020-03-11,2741.38,53.9,0.82,1.09,0.41
2020-03-12,2480.64,75.47,0.88,1.1,0.33
2020-03-13,2711.02,57.83,0.94,1.1,0.27
2020-03-14,,,,1.1,
2020-03-15,,,,1.1,
2020-03-16,2386.13,82.69,0.73,0.25,0.24
2020-03-17,2529.19,75.91,1.02,0.25,0.19
2020-03-18,2398.1,76.45,1.18,0.25,0.02
2020-03-19,2409.39,72.0,1.12,0.2,0.04
2020-03-20,2304.92,66.04,0.92,0.15,0.05
2020-03-21,,,,0.15,
2020-03-22,,,,0.15,
2020-03-23,2237.4,61.59,0.76,0.15,0.02
2020-03-24,2447.33,61.67,0.84,0.12,0.01
2020-03-25,2475.56,63.95,0.88,0.1,-0.04
2020-03-26,2630.07,61.0,0.83,0.1,-0.05
2020-03-27,2541.47,65.54,0.72,0.1,0.03
2020-03-28,,,,0.1,
2020-03-29,,,,0.1,
2020-03-30,2626.65,57.08,0.7,0.09,0.12
2020-03-31,2584.59,53.54,0.7,0.08,0.11
2020-04-01,2470.5,57.06,0.62,0.06,0.09
2020-04-02,2526.9,50.91,0.63,0.05,0.09
2020-04-03,2488.65,46.8,0.62,0.05,0.1
2020-04-04,,,,0.05,
2020-04-05,,,,0.05,
2020-04-06,2663.68,45.24,0.67,0.05,0.15
2020-04-07,2659.41,46.7,0.75,0.05,0.14
2020-04-08,2749.98,43.35,0.77,0.05,0.22
2020-04-09,2789.82,41.67,0.73,0.05,0.25
2020-04-10,,,,0.05,
2020-04-11,,,,0.05,
2020-04-12,,,,0.05,
2020-04-13,2761.63,41.17,0.76,0.05,0.26
2020-04-14,2846.06,37.76,0.76,0.05,0.2
2020-04-15,2783.36,40.84,0.63,0.05,0.14
2020-04-16,2799.55,40.11,0.61,0.05,0.14
2020-04-17,2874.56,38.15,0.65,0.05,0.12
2020-04-18,,,,0.05,
2020-04-19,,,,0.05,
2020-04-20,2823.16,43.83,0.63,0.05,0.12
2020-04-21,2736.56,45.41,0.58,0.05,0.11
2020-04-22,2799.31,41.98,0.63,0.05,0.12
2020-04-23,2797.8,41.38,0.61,0.04,0.11
2020-04-24,2836.74,35.93,0.6,0.05,0.12
2020-04-25,,,,0.05,
2020-04-26,,,,0.05,
2020-04-27,2878.48,33.29,0.67,0.04,0.12
2020-04-28,2863.39,33.57,0.62,0.04,0.11
2020-04-29,2939.51,31.23,0.63,0.04,0.1
2020-04-30,2912.43,34.15,0.64,0.05,0.09
2020-05-01,2830.71,37.19,0.64,0.05,0.12
2020-05-02,,,,0.05,
2020-05-03,,,,0.05,
2020-05-04,2842.74,35.97,0.64,0.05,0.13
2020-05-05,2868.44,33.61,0.66,0.05,0.13
2020-05-06,2848.42,34.12,0.72,0.05,0.12
2020-05-07,2881.19,31.44,0.63,0.05,0.11
2020-05-08,2929.8,27.98,0.69,0.05,0.12
2020-05-09,,,,0.05,
2020-05-10,,,,0.05,
2020-05-11,2930.32,27.57,0.73,0.05,0.12
2020-05-12,2870.12,33.04,0.69,0.05,0.13
2020-05-13,2820.0,35.28,0.64,0.05,0.13
2020-05-14,2852.5,32.61,0.63,0.05,0.12
2020-05-15,2863.7,31.89,0.64,0.05,0.12
2020-05-16,,,,0.05,
2020-05-17,,,,0.05,
2020-05-18,2953.91,29.3,0.73,0.05,0.13
2020-05-19,2922.94,30.53,0.7,0.05,0.13
2020-05-20,2971.61,27.99,0.68,0.05,0.12
2020-05-21,2948.51,29.53,0.68,0.05,0.12
2020-05-22,2955.45,28.16,0.66,0.05,0.12
2020-05-23,,,,0.05,
2020-05-24,,,,0.05,
2020-05-25,,,,0.05,
2020-05-26,2991.77,28.01,0.69,0.05,0.14
2020-05-27,3036.13,27.62,0.68,0.05,0.15
2020-05-28,3029.73,28.59,0.7,0.05,0.15
2020-05-29,3044.31,27.51,0.65,0.05,0.14
2020-05-30,,,,0.05,
2020-05-31,,,,0.05,
2020-06-01,3055.73,28.23,0.66,0.05,0.14
2020-06-02,3080.82,26.84,0.68,0.06,0.15
2020-06-03,3122.87,25.66,0.77,0.06,0.16
2020-06-04,3112.35,25.81,0.82,0.06,0.15
2020-06-05,3193.93,24.52,0.91,0.07,0.15
2020-06-06,,,,0.07,
2020-06-07,,,,0.07,
2020-06-08,3232.39,25.81,0.88,0.07,0.17
2020-06-09,3207.18,27.57,0.84,0.07,0.19
2020-06-10,3190.14,27.57,0.75,0.08,0.17
2020-06-11,3002.1,40.79,0.66,0.08,0.17
2020-06-12,3041.31,36.09,0.71,0.08,0.16
2020-06-13,,,,0.08,
2020-06-14,,,,0.08,
2020-06-15,3066.59,34.4,0.71,0.09,0.18
2020-06-16,3124.74,33.67,0.75,0.09,0.17
2020-06-17,3113.49,33.47,0.74,0.09,0.17
2020-06-18,3115.34,32.94,0.71,0.09,0.16
2020-06-19,3097.74,35.12,0.7,0.09,0.15
2020-06-20,,,,0.09,
2020-06-21,,,,0.09,
2020-06-22,3117.86,31.77,0.71,0.08,0.16
2020-06-23,3131.29,31.37,0.72,0.08,0.16
2020-06-24,3050.33,33.84,0.69,0.08,0.15
2020-06-25,3083.76,32.22,0.68,0.08,0.16
2020-06-26,3009.05,34.73,0.64,0.08,0.14
2020-06-27,,,,0.08,
2020-06-28,,,,0.08,
2020-06-29,3053.24,31.78,0.64,0.08,0.14
2020-06-30,3100.29,30.43,0.66,0.08,0.16
2020-07-01,3115.86,28.62,0.69,0.08,0.14
2020-07-02,3130.01,27.68,0.68,0.09,0.14
2020-07-03,,,,0.09,
2020-07-04,,,,0.09,
2020-07-05,,,,0.09,
2020-07-06,3179.72,27.94,0.69,0.09,0.15
2020-07-07,3145.32,29.43,0.65,0.09,0.15
2020-07-08,3169.94,28.08,0.67,0.09,0.15
2020-07-09,3152.05,29.26,0.62,0.09,0.13
2020-07-10,3185.04,27.29,0.65,0.09,0.13
2020-07-11,,,,0.09,
2020-07-12,,,,0.09,
2020-07-13,3155.22,32.19,0.64,0.09,0.14
2020-07-14,3197.52,29.52,0.63,0.09,0.15
2020-07-15,3226.56,27.76,0.64,0.1,0.16
2020-07-16,3215.57,28.0,0.62,0.1,0.11
2020-07-17,3224.73,25.68,0.64,0.09,0.11
2020-07-18,,,,0.09,
2020-07-19,,,,0.09,
2020-07-20,3251.84,24.46,0.62,0.1,0.13
2020-07-21,3257.3,24.84,0.61,0.1,0.13
2020-07-22,3276.02,24.32,0.6,0.09,0.13
2020-07-23,3235.66,26.08,0.59,0.09,0.12
2020-07-24,3215.63,25.84,0.59,0.09,0.11
2020-07-25,,,,0.09,
2020-07-26,,,,0.09,
2020-07-27,3239.41,24.74,0.62,0.1,0.11
2020-07-28,3218.44,25.44,0.59,0.1,0.11
2020-07-29,3258.44,24.1,0.58,0.1,0.11
2020-07-30,3246.22,24.76,0.55,0.1,0.09
2020-07-31,3271.12,24.46,0.55,0.1,0.09
2020-08-01,,,,0.1,
2020-08-02,,,,0.1,
2020-08-03,3294.61,24.28,0.56,0.1,0.1
2020-08-04,3306.51,23.76,0.52,0.1,0.09
2020-08-05,3327.77,22.99,0.55,0.1,0.1
2020-08-06,3349.16,22.65,0.55,0.1,0.1
2020-08-07,3351.28,22.21,0.57,0.1,0.1
2020-08-08,,,,0.1,
2020-08-09,,,,0.1,
2020-08-10,3360.47,22.13,0.59,0.1,0.11
2020-08-11,3333.69,24.03,0.64,0.1,0.11
2020-08-12,3380.35,22.28,0.69,0.1,0.11
2020-08-13,3373.43,22.13,0.71,0.1,0.1
2020-08-14,3372.85,22.05,0.71,0.1,0.1
2020-08-15,,,,0.1,
2020-08-16,,,,0.1,
2020-08-17,3381.99,21.35,0.69,0.1,0.1
2020-08-18,3389.78,21.51,0.67,0.09,0.09
2020-08-19,3374.85,22.54,0.68,0.09,0.11
2020-08-20,3385.51,22.72,0.65,0.09,0.11
2020-08-21,3397.16,22.54,0.64,0.09,0.1
2020-08-22,,,,0.09,
2020-08-23,,,,0.09,
2020-08-24,3431.28,22.37,0.65,0.09,0.12
2020-08-25,3443.62,22.03,0.69,0.09,0.11
2020-08-26,3478.73,23.27,0.69,0.09,0.11
2020-08-27,3484.55,24.47,0.74,0.08,0.11
2020-08-28,3508.01,22.96,0.74,0.09,0.1
2020-08-29,,,,0.09,
2020-08-30,,,,0.09,
2020-08-31,3500.31,26.41,0.72,0.09,0.11
2020-09-01,3526.65,26.12,0.68,0.09,0.12
2020-09-02,3580.84,26.57,0.66,0.09,0.12
2020-09-03,3455.06,33.6,0.63,0.09,0.11
2020-09-04,3426.96,30.75,0.72,0.09,0.11
2020-09-05,,,,0.09,
2020-09-06,,,,0.09,
2020-09-07,,,,0.09,
2020-09-08,3331.84,31.46,0.69,0.09,0.13
2020-09-09,3398.96,28.81,0.71,0.09,0.12
2020-09-10,3339.19,29.71,0.68,0.09,0.12
2020-09-11,3340.97,26.87,0.67,0.09,0.11
2020-09-12,,,,0.09,
2020-09-13,,,,0.09,
2020-09-14,3383.54,25.85,0.68,0.09,0.11
2020-09-15,3401.2,25.59,0.68,0.09,0.11
2020-09-16,3385.49,26.04,0.69,0.09,0.12
2020-09-17,3357.01,26.46,0.69,0.09,0.09
2020-09-18,3319.47,25.83,0.7,0.09,0.1
2020-09-19,,,,0.09,
2020-09-20,,,,0.09,
2020-09-21,3281.06,27.78,0.68,0.09,0.1
2020-09-22,3315.57,26.86,0.68,0.09,0.1
2020-09-23,3236.92,28.58,0.68,0.09,0.11
2020-09-24,3246.59,28.51,0.67,0.09,0.1
2020-09-25,3298.46,26.38,0.66,0.09,0.1
2020-09-26,,,,0.09,
2020-09-27,,,,0.09,
2020-09-28,3351.6,26.19,0.67,0.09,0.11
2020-09-29,3335.47,26.27,0.66,0.09,0.09
2020-09-30,3363.0,26.37,0.69,0.09,0.1
2020-10-01,3380.8,26.7,0.68,0.09,0.09
2020-10-02,3348.44,27.63,0.7,0.09,0.09
2020-10-03,,,,0.09,
2020-10-04,,,,0.09,
2020-10-05,3408.63,27.96,0.78,0.09,0.1
2020-10-06,3360.95,29.48,0.76,0.09,0.1
2020-10-07,3419.45,28.06,0.81,0.09,0.1
2020-10-08,3446.83,26.36,0.78,0.09,0.09
2020-10-09,3477.13,25.0,0.79,0.09,0.1
2020-10-10,,,,0.09,
2020-10-11,,,,0.09,
2020-10-12,3534.22,25.07,,0.09,
2020-10-13,3511.93,26.07,0.74,0.09,0.11
2020-10-14,3488.67,26.4,0.73,0.09,0.12
2020-10-15,3483.34,26.97,0.74,0.09,0.11
2020-10-16,3483.81,27.41,0.76,0.09,0.11
2020-10-17,,,,0.09,
2020-10-18,,,,0.09,
2020-10-19,3426.92,29.18,0.78,0.09,0.11
2020-10-20,3443.12,29.35,0.81,0.09,0.1
2020-10-21,3435.56,28.65,0.83,0.09,0.1
2020-10-22,3453.49,28.11,0.87,0.09,0.09
2020-10-23,3465.39,27.55,0.85,0.09,0.1
2020-10-24,,,,0.09,
2020-10-25,,,,0.09,
2020-10-26,3400.97,32.46,0.81,0.09,0.11
2020-10-27,3390.68,33.35,0.79,0.09,0.1
2020-10-28,3271.03,40.28,0.79,0.09,0.1
2020-10-29,3310.11,37.59,0.85,0.09,0.09
2020-10-30,3269.96,38.02,0.88,0.09,0.09
2020-10-31,,,,0.09,
2020-11-01,,,,0.09,
2020-11-02,3310.24,37.13,0.87,0.09,0.09
2020-11-03,3369.16,35.55,0.9,0.09,0.1
2020-11-04,3443.44,29.57,0.78,0.09,0.1
2020-11-05,3510.45,27.58,0.79,0.09,0.1
2020-11-06,3509.44,24.86,0.83,0.09,0.1
2020-11-07,,,,0.09,
2020-11-08,,,,0.09,
2020-11-09,3550.5,25.75,0.96,0.09,0.11
2020-11-10,3545.53,24.8,0.98,0.09,0.1
2020-11-11,3572.66,23.45,,0.09,
2020-11-12,3537.01,25.35,0.88,0.09,0.1
2020-11-13,3585.15,23.1,0.89,0.09,0.09
2020-11-14,,,,0.09,
2020-11-15,,,,0.09,
2020-11-16,3626.91,22.45,0.91,0.09,0.09
2020-11-17,3609.53,22.71,0.87,0.09,0.09
2020-11-18,3567.79,23.84,0.88,0.09,0.09
2020-11-19,3581.87,23.11,0.86,0.08,0.07
2020-11-20,3557.54,23.7,0.83,0.08,0.07
2020-11-21,,,,0.08,
2020-11-22,,,,0.08,
2020-11-23,3577.59,22.66,0.86,0.08,0.08
2020-11-24,3635.41,21.64,0.88,0.08,0.09
2020-11-25,3629.65,21.25,0.88,0.08,0.09
2020-11-26,,,,0.08,
2020-11-27,3638.35,20.84,0.84,0.08,0.09
2020-11-28,,,,0.08,
2020-11-29,,,,0.08,
2020-11-30,3621.63,20.57,0.84,0.09,0.08
2020-12-01,3662.45,20.77,0.92,0.09,0.09
2020-12-02,3669.01,21.17,0.95,0.09,0.09
2020-12-03,3666.72,21.28,0.92,0.09,0.08
2020-12-04,3699.12,20.79,0.97,0.09,0.09
2020-12-05,,,,0.09,
2020-12-06,,,,0.09,
2020-12-07,3691.96,21.3,0.94,0.09,0.08
2020-12-08,3702.25,20.68,0.92,0.09,0.09
2020-12-09,3672.82,22.27,0.95,0.09,0.08
2020-12-10,3668.1,22.52,0.92,0.09,0.08
2020-12-11,3663.46,23.31,0.9,0.09,0.08
2020-12-12,,,,0.09,
2020-12-13,,,,0.09,
2020-12-14,3647.49,24.72,0.9,0.09,0.09
2020-12-15,3694.62,22.89,0.92,0.09,0.08
2020-12-16,3701.17,22.5,0.92,0.09,0.09
2020-12-17,3722.48,21.93,0.94,0.09,0.08
2020-12-18,3709.41,21.57,0.95,0.09,0.08
2020-12-19,,,,0.09,
2020-12-20,,,,0.09,
2020-12-21,3694.92,25.16,0.95,0.09,0.09
2020-12-22,3687.26,24.23,0.93,0.09,0.09
2020-12-23,3690.01,23.31,0.96,0.09,0.09
2020-12-24,3703.06,21.53,0.94,0.09,0.09
2020-12-25,,,,0.09,
2020-12-26,,,,0.09,
2020-12-27,,,,0.09,
2020-12-28,3735.36,21.7,0.94,0.09,0.11
2020-12-29,3727.04,23.08,0.94,0.09,0.1
2020-12-30,3732.04,22.77,0.93,0.09,0.08
2020-12-31,3756.07,22.75,0.93,0.09,0.09
2021-01-01,,,,0.09,
2021-01-02,,,,0.09,
2021-01-03,,,,0.09,
2021-01-04,3700.65,26.97,0.93,0.09,0.09
2021-01-05,3726.86,25.34,0.96,0.09,0.09
2021-01-06,3748.14,25.07,1.04,0.09,0.09
2021-01-07,3803.79,22.37,1.08,0.09,0.09
2021-01-08,3824.68,21.56,1.13,0.09,0.08
2021-01-09,,,,0.09,
2021-01-10,,,,0.09,
2021-01-11,3799.61,24.08,1.15,0.09,0.08
2021-01-12,3801.19,23.33,1.15,0.09,0.09
2021-01-13,3809.84,22.21,1.1,0.09,0.09
2021-01-14,3795.54,23.25,1.15,0.09,0.09
2021-01-15,3768.25,24.34,1.11,0.09,0.09
2021-01-16,,,,0.09,
2021-01-17,,,,0.09,
2021-01-18,,,,0.09,
2021-01-19,3798.91,23.24,1.1,0.09,0.09
2021-01-20,3851.85,21.58,1.1,0.09,0.08
2021-01-21,3853.07,21.32,1.12,0.08,0.09
2021-01-22,3841.47,21.91,1.1,0.08,0.08
2021-01-23,,,,0.08,
2021-01-24,,,,0.08,
2021-01-25,3855.36,23.19,1.05,0.08,0.09
2021-01-26,3849.62,23.02,1.05,0.08,0.07
2021-01-27,3750.77,37.21,1.04,0.08,0.08
2021-01-28,3787.38,30.21,1.07,0.07,0.07
2021-01-29,3714.24,33.09,1.11,0.07,0.06
2021-01-30,,,,0.07,
2021-01-31,,,,0.07,
2021-02-01,3773.86,30.24,1.09,0.08,0.07
2021-02-02,3826.31,25.56,1.12,0.08,0.07
2021-02-03,3830.17,22.91,1.15,0.08,0.04
2021-02-04,3871.74,21.77,1.15,0.08,0.04
2021-02-05,3886.83,20.87,1.19,0.08,0.03
2021-02-06,,,,0.08,
2021-02-07,,,,0.08,
2021-02-08,3915.59,21.24,1.19,0.07,0.05
2021-02-09,3911.23,21.63,1.18,0.08,0.04
2021-02-10,3909.88,21.99,1.15,0.08,0.05
2021-02-11,3916.38,21.25,1.16,0.08,0.05
2021-02-12,3934.83,19.97,1.2,0.08,0.04
2021-02-13,,,,0.08,
2021-02-14,,,,0.08,
2021-02-15,,,,0.08,
2021-02-16,3932.59,21.46,1.3,0.08,0.04
2021-02-17,3931.33,21.5,1.29,0.08,0.04
2021-02-18,3913.97,22.49,1.29,0.07,0.03
2021-02-19,3906.71,22.05,1.34,0.07,0.04
2021-02-20,,,,0.07,
2021-02-21,,,,0.07,
2021-02-22,3876.5,23.45,1.37,0.07,0.03
2021-02-23,3881.37,23.11,1.37,0.07,0.04
2021-02-24,3925.43,21.34,1.38,0.07,0.03
2021-02-25,3829.34,28.89,1.54,0.07,0.04
2021-02-26,3811.15,27.95,1.44,0.07,0.04
2021-02-27,,,,0.07,
2021-02-28,,,,0.07,
2021-03-01,3901.82,23.35,1.45,0.07,0.05
2021-03-02,3870.29,24.1,1.42,0.07,0.04
2021-03-03,3819.72,26.67,1.47,0.07,0.05
2021-03-04,3768.47,28.57,1.54,0.07,0.04
2021-03-05,3841.94,24.66,1.56,0.07,0.04
2021-03-06,,,,0.07,
2021-03-07,,,,0.07,
2021-03-08,3821.35,25.47,1.59,0.07,0.05
2021-03-09,3875.44,24.03,1.55,0.07,0.05
2021-03-10,3898.81,22.56,1.53,0.07,0.04
2021-03-11,3939.34,21.91,1.54,0.07,0.04
2021-03-12,3943.34,20.69,1.64,0.07,0.04
2021-03-13,,,,0.07,
2021-03-14,,,,0.07,
2021-03-15,3968.94,20.03,1.62,0.07,0.04
2021-03-16,3962.71,19.79,1.62,0.07,0.02
2021-03-17,3974.12,19.23,1.63,0.07,0.02
2021-03-18,3915.46,21.58,1.71,0.07,0.01
2021-03-19,3913.1,20.95,1.74,0.07,0.01
2021-03-20,,,,0.07,
2021-03-21,,,,0.07,
2021-03-22,3940.59,18.88,1.69,0.07,0.03
2021-03-23,3910.52,20.3,1.63,0.07,0.01
2021-03-24,3889.14,21.2,1.62,0.07,0.02
2021-03-25,3909.52,19.81,1.63,0.07,0.02
2021-03-26,3974.54,18.86,1.67,0.07,0.02
2021-03-27,,,,0.07,
2021-03-28,,,,0.07,
2021-03-29,3971.09,20.74,1.73,0.07,0.03
2021-03-30,3958.55,19.61,1.73,0.07,0.02
2021-03-31,3972.89,19.4,1.74,0.06,0.03
2021-04-01,4019.87,17.33,1.69,0.07,0.02
2021-04-02,,,1.72,0.07,0.02
2021-04-03,,,,0.07,
2021-04-04,,,,0.07,
2021-04-05,4077.91,17.91,1.73,0.07,0.03
2021-04-06,4073.94,18.12,1.67,0.07,0.02
2021-04-07,4079.95,17.16,1.68,0.07,0.02
2021-04-08,4097.17,16.95,1.64,0.07,0.01
2021-04-09,4128.8,16.69,1.67,0.07,0.02
2021-04-10,,,,0.07,
2021-04-11,,,,0.07,
2021-04-12,4127.99,16.91,1.69,0.07,0.02
2021-04-13,4141.59,16.65,1.64,0.07,0.03
2021-04-14,4124.66,16.99,1.64,0.07,0.02
2021-04-15,4170.42,16.57,1.56,0.07,0.02
2021-04-16,4185.47,16.25,1.59,0.07,0.02
2021-04-17,,,,0.07,
2021-04-18,,,,0.07,
2021-04-19,4163.26,17.29,1.61,0.07,0.02
2021-04-20,4134.94,18.68,1.58,0.07,0.03
2021-04-21,4173.42,17.5,1.57,0.07,0.03
2021-04-22,4134.98,18.71,1.57,0.07,0.03
2021-04-23,4180.17,17.33,1.58,0.07,0.03
2021-04-24,,,,0.07,
2021-04-25,,,,0.07,
2021-04-26,4187.62,17.64,1.58,0.07,0.03
2021-04-27,4186.72,17.56,1.63,0.07,0.01
2021-04-28,4183.18,17.28,1.63,0.07,0.01
2021-04-29,4211.47,17.61,1.65,0.06,0.01
2021-04-30,4181.17,18.61,1.65,0.05,0.01
2021-05-01,,,,0.05,
2021-05-02,,,,0.05,
2021-05-03,4192.66,18.31,1.63,0.06,0.04
2021-05-04,4164.66,19.48,1.61,0.06,0.02
2021-05-05,4167.59,19.15,1.59,0.06,0.02
2021-05-06,4201.62,18.39,1.58,0.06,0.02
2021-05-07,4232.6,16.69,1.6,0.06,0.02
2021-05-08,,,,0.06,
2021-05-09,,,,0.06,
2021-05-10,4188.43,19.66,1.63,0.06,0.02
2021-05-11,4152.1,21.84,1.64,0.06,0.01
2021-05-12,4063.04,27.59,1.69,0.06,0.02
2021-05-13,4112.5,23.13,1.66,0.06,0.02
2021-05-14,4173.85,18.81,1.63,0.06,0.01
2021-05-15,,,,0.06,
2021-05-16,,,,0.06,
2021-05-17,4163.29,19.72,1.64,0.06,0.02
2021-05-18,4127.83,21.34,1.64,0.06,0.02
2021-05-19,4115.68,22.18,1.68,0.06,0.01
2021-05-20,4159.12,20.67,1.63,0.06,0.01
2021-05-21,4155.86,20.15,1.63,0.06,0.01
2021-05-22,,,,0.06,
2021-05-23,,,,0.06,
2021-05-24,4197.05,18.4,1.61,0.06,0.02
2021-05-25,4188.13,18.84,1.56,0.06,0.02
2021-05-26,4195.99,17.36,1.58,0.06,0.02
2021-05-27,4200.88,16.74,1.61,0.06,0.02
2021-05-28,4204.11,16.76,1.58,0.05,0.01
2021-05-29,,,,0.05,
2021-05-30,,,,0.05,
2021-05-31,,,,0.05,
2021-06-01,4202.04,17.9,1.62,0.06,0.02
2021-06-02,4208.12,17.48,1.59,0.06,0.02
2021-06-03,4192.85,18.04,1.63,0.06,0.02
2021-06-04,4229.89,16.42,1.56,0.06,0.02
2021-06-05,,,,0.06,
2021-06-06,,,,0.06,
2021-06-07,4226.52,16.42,1.57,0.06,0.02
2021-06-08,4227.26,17.07,1.53,0.06,0.02
2021-06-09,4219.55,17.89,1.5,0.06,0.03
2021-06-10,4239.18,16.1,1.45,0.06,0.03
2021-06-11,4247.44,15.65,1.47,0.06,0.03
2021-06-12,,,,0.06,
2021-06-13,,,,0.06,
2021-06-14,4255.15,16.39,1.51,0.06,0.03
2021-06-15,4246.59,17.02,1.51,0.06,0.03
2021-06-16,4223.7,18.15,1.57,0.06,0.04
2021-06-17,4221.86,17.75,1.52,0.1,0.04
2021-06-18,4166.45,20.7,1.45,0.1,0.05
2021-06-19,,,,0.1,
2021-06-20,,,,0.1,
2021-06-21,4224.79,17.89,1.5,0.1,0.05
2021-06-22,4246.44,16.66,1.48,0.1,0.04
2021-06-23,4241.84,16.32,1.5,0.1,0.05
2021-06-24,4266.49,15.97,1.49,0.1,0.05
2021-06-25,4280.7,15.62,1.54,0.1,0.06
2021-06-26,,,,0.1,
2021-06-27,,,,0.1,
2021-06-28,4290.61,15.76,1.49,0.1,0.05
2021-06-29,4291.8,16.02,1.49,0.1,0.04
2021-06-30,4297.5,15.83,1.45,0.08,0.05
2021-07-01,4319.94,15.48,1.48,0.1,0.05
2021-07-02,4352.34,15.07,1.44,0.1,0.05
2021-07-03,,,,0.1,
2021-07-04,,,,0.1,
2021-07-05,,,,0.1,
2021-07-06,4343.54,16.44,1.37,0.1,0.05
2021-07-07,4358.13,16.2,1.33,0.1,0.05
2021-07-08,4320.82,19.0,1.3,0.1,0.06
2021-07-09,4369.55,16.18,1.37,0.1,0.06
2021-07-10,,,,0.1,
2021-07-11,,,,0.1,
2021-07-12,4384.63,16.17,1.38,0.1,0.05
2021-07-13,4369.21,17.12,1.42,0.1,0.05
2021-07-14,4374.3,16.33,1.37,0.1,0.06
2021-07-15,4360.03,17.01,1.31,0.1,0.05
2021-07-16,4327.16,18.45,1.31,0.1,0.05
2021-07-17,,,,0.1,
2021-07-18,,,,0.1,
2021-07-19,4258.49,22.5,1.19,0.1,0.05
2021-07-20,4323.06,19.73,1.23,0.1,0.05
2021-07-21,4358.69,17.91,1.3,0.1,0.05
2021-07-22,4367.48,17.69,1.27,0.1,0.05
2021-07-23,4411.79,17.2,1.3,0.1,0.05
2021-07-24,,,,0.1,
2021-07-25,,,,0.1,
2021-07-26,4422.3,17.58,1.29,0.1,0.05
2021-07-27,4401.46,19.36,1.25,0.1,0.05
2021-07-28,4400.64,18.31,1.26,0.1,0.05
2021-07-29,4419.15,17.7,1.28,0.1,0.06
2021-07-30,4395.26,18.24,1.24,0.07,0.06
2021-07-31,,,,0.07,
2021-08-01,,,,0.07,
2021-08-02,4387.16,19.46,1.2,0.1,0.05
2021-08-03,4423.15,18.04,1.19,0.1,0.05
2021-08-04,4402.66,17.97,1.19,0.1,0.05
2021-08-05,4429.1,17.28,1.23,0.1,0.05
2021-08-06,4436.52,16.15,1.31,0.1,0.06
2021-08-07,,,,0.1,
2021-08-08,,,,0.1,
2021-08-09,4432.35,16.72,1.33,0.1,0.06
2021-08-10,4436.75,16.79,1.36,0.1,0.05
2021-08-11,4447.7,16.06,1.35,0.1,0.05
2021-08-12,4460.83,15.59,1.36,0.1,0.06
2021-08-13,4468.0,15.45,1.29,0.1,0.06
2021-08-14,,,,0.1,
2021-08-15,,,,0.1,
2021-08-16,4479.71,16.12,1.26,0.1,0.06
2021-08-17,4448.08,17.91,1.26,0.1,0.07
2021-08-18,4400.27,21.57,1.27,0.09,0.07
2021-08-19,4405.8,21.67,1.24,0.09,0.06
2021-08-20,4441.67,18.56,1.26,0.09,0.05
2021-08-21,,,,0.09,
2021-08-22,,,,0.09,
2021-08-23,4479.53,17.15,1.25,0.09,0.05
2021-08-24,4486.23,17.22,1.29,0.09,0.05
2021-08-25,4496.19,16.79,1.35,0.09,0.06
2021-08-26,4470.0,18.84,1.34,0.09,0.05
2021-08-27,4509.37,16.39,1.31,0.08,0.05
2021-08-28,,,,0.08,
2021-08-29,,,,0.08,
2021-08-30,4528.79,16.19,1.29,0.08,0.05
2021-08-31,4522.68,16.48,1.3,0.06,0.04
2021-09-01,4524.09,16.11,1.31,0.08,0.05
2021-09-02,4536.95,16.41,1.29,0.08,0.05
2021-09-03,4535.43,16.41,1.33,0.08,0.05
2021-09-04,,,,0.08,
2021-09-05,,,,0.08,
2021-09-06,,,,0.08,
2021-09-07,4520.03,18.14,1.38,0.08,0.05
2021-09-08,4514.07,17.96,1.35,0.08,0.05
2021-09-09,4493.28,18.8,1.3,0.08,0.04
2021-09-10,4458.58,20.95,1.35,0.08,0.05
2021-09-11,,,,0.08,
2021-09-12,,,,0.08,
2021-09-13,4468.73,19.37,1.33,0.08,0.06
2021-09-14,4443.05,19.46,1.28,0.08,0.04
2021-09-15,4480.7,18.18,1.31,0.08,0.04
2021-09-16,4473.75,18.69,1.34,0.08,0.04
2021-09-17,4432.99,20.81,1.37,0.08,0.04
2021-09-18,,,,0.08,
2021-09-19,,,,0.08,
2021-09-20,4357.73,25.71,1.31,0.08,0.04
2021-09-21,4354.19,24.36,1.33,0.08,0.03
2021-09-22,4395.64,20.87,1.32,0.08,0.03
2021-09-23,4448.98,18.63,1.41,0.08,0.03
2021-09-24,4455.48,17.75,1.47,0.08,0.03
2021-09-25,,,,0.08,
2021-09-26,,,,0.08,
2021-09-27,4443.11,18.76,1.48,0.08,0.04
2021-09-28,4352.63,23.25,1.54,0.08,0.04
2021-09-29,4359.46,22.56,1.55,0.08,0.04
2021-09-30,4307.54,23.14,1.52,0.06,0.04
2021-10-01,4357.04,21.15,1.48,0.08,0.04
2021-10-02,,,,0.08,
2021-10-03,,,,0.08,
2021-10-04,4300.46,22.96,1.49,0.08,0.04
2021-10-05,4345.72,21.3,1.54,0.08,0.04
2021-10-06,4363.55,21.0,1.53,0.08,0.04
2021-10-07,4399.76,19.54,1.58,0.08,0.05
2021-10-08,4391.34,18.77,1.61,0.08,0.05
2021-10-09,,,,0.08,
2021-10-10,,,,0.08,
2021-10-11,4361.19,20.0,,0.08,
2021-10-12,4350.65,19.85,1.59,0.08,0.06
2021-10-13,4363.8,18.64,1.56,0.08,0.05
2021-10-14,4438.26,16.86,1.52,0.08,0.05
2021-10-15,4471.37,16.3,1.59,0.08,0.05
2021-10-16,,,,0.08,
2021-10-17,,,,0.08,
2021-10-18,4486.46,16.31,1.59,0.08,0.06
2021-10-19,4519.63,15.7,1.65,0.08,0.05
2021-10-20,4536.19,15.49,1.65,0.08,0.05
2021-10-21,4549.78,15.01,1.68,0.08,0.06
2021-10-22,4544.9,15.43,1.66,0.08,0.06
2021-10-23,,,,0.08,
2021-10-24,,,,0.08,
2021-10-25,4566.48,15.24,1.64,0.08,0.06
2021-10-26,4574.79,15.98,1.63,0.08,0.06
2021-10-27,4551.68,16.98,1.54,0.08,0.06
2021-10-28,4596.42,16.53,1.57,0.08,0.06
2021-10-29,4605.38,16.26,1.55,0.07,0.05
2021-10-30,,,,0.07,
2021-10-31,,,,0.07,
2021-11-01,4613.67,16.41,1.58,0.08,0.05
2021-11-02,4630.65,16.03,1.56,0.08,0.05
2021-11-03,4660.57,15.1,1.6,0.08,0.05
2021-11-04,4680.06,15.44,1.53,0.08,0.04
2021-11-05,4697.53,16.48,1.45,0.08,0.05
2021-11-06,,,,0.08,
2021-11-07,,,,0.08,
2021-11-08,4701.7,17.22,1.51,0.08,0.06
2021-11-09,4685.25,17.78,1.46,0.08,0.04
2021-11-10,4646.71,18.73,1.56,0.08,0.05
2021-11-11,4649.27,17.66,,0.08,
2021-11-12,4682.85,16.29,1.58,0.08,0.05
2021-11-13,,,,0.08,
2021-11-14,,,,0.08,
2021-11-15,4682.8,16.49,1.63,0.08,0.05
2021-11-16,4700.9,16.37,1.63,0.08,0.05
2021-11-17,4688.67,17.11,1.6,0.08,0.05
2021-11-18,4704.54,17.59,1.59,0.08,0.05
2021-11-19,4697.96,17.91,1.54,0.08,0.05
2021-11-20,,,,0.08,
2021-11-21,,,,0.08,
2021-11-22,4682.94,19.17,1.63,0.08,0.05
2021-11-23,4690.7,19.38,1.67,0.08,0.06
2021-11-24,4701.46,18.58,1.64,0.08,0.06
2021-11-25,,,,0.08,
2021-11-26,4594.62,28.62,1.48,0.08,0.06
2021-11-27,,,,0.08,
2021-11-28,,,,0.08,
2021-11-29,4655.27,22.96,1.52,0.08,0.06
2021-11-30,4567.0,27.19,1.43,0.07,0.05
2021-12-01,4513.04,31.12,1.43,0.08,0.06
2021-12-02,4577.1,27.95,1.44,0.08,0.05
2021-12-03,4538.43,30.67,1.35,0.08,0.06
2021-12-04,,,,0.08,
2021-12-05,,,,0.08,
2021-12-06,4591.67,27.18,1.43,0.08,0.06
2021-12-07,4686.75,21.89,1.48,0.08,0.06
2021-12-08,4701.21,19.9,1.52,0.08,0.07
2021-12-09,4667.45,21.58,1.49,0.08,0.06
2021-12-10,4712.02,18.69,1.48,0.08,0.06
2021-12-11,,,,0.08,
2021-12-12,,,,0.08,
2021-12-13,4668.97,20.31,1.42,0.08,0.05
2021-12-14,4634.09,21.89,1.44,0.08,0.05
2021-12-15,4709.85,19.29,1.47,0.08,0.06
2021-12-16,4668.67,20.57,1.44,0.08,0.05
2021-12-17,4620.64,21.57,1.41,0.08,0.05
2021-12-18,,,,0.08,
2021-12-19,,,,0.08,
2021-12-20,4568.02,22.87,1.43,0.08,0.07
2021-12-21,4649.23,21.01,1.48,0.08,0.07
2021-12-22,4696.56,18.63,1.46,0.08,0.08
2021-12-23,4725.79,17.96,1.5,0.08,0.08
2021-12-24,,,,0.08,
2021-12-25,,,,0.08,
2021-12-26,,,,0.08,
2021-12-27,4791.19,17.68,1.48,0.08,0.06
2021-12-28,4786.35,17.54,1.49,0.08,0.06
2021-12-29,4793.06,16.95,1.55,0.08,0.05
2021-12-30,4778.73,17.33,1.52,0.08,0.05
2021-12-31,4766.18,17.22,1.52,0.07,0.06
2022-01-01,,,,0.07,
2022-01-02,,,,0.07,
2022-01-03,4796.56,16.6,1.63,0.08,0.09
2022-01-04,4793.54,16.91,1.66,0.08,0.08
2022-01-05,4700.58,19.73,1.71,0.08,0.09
2022-01-06,4696.05,19.61,1.73,0.08,0.1
2022-01-07,4677.03,18.76,1.76,0.08,0.1
2022-01-08,,,,0.08,
2022-01-09,,,,0.08,
2022-01-10,4670.29,19.4,1.78,0.08,0.13
2022-01-11,4713.07,18.41,1.75,0.08,0.12
2022-01-12,4726.35,17.62,1.74,0.08,0.12
2022-01-13,4659.03,20.31,1.7,0.08,0.12
2022-01-14,4662.85,19.19,1.78,0.08,0.13
2022-01-15,,,,0.08,
2022-01-16,,,,0.08,
2022-01-17,,,,0.08,
2022-01-18,4577.11,22.79,1.87,0.08,0.17
2022-01-19,4532.76,23.85,1.83,0.08,0.17
2022-01-20,4482.73,25.59,1.83,0.08,0.18
2022-01-21,4397.94,28.85,1.75,0.08,0.17
2022-01-22,,,,0.08,
2022-01-23,,,,0.08,
2022-01-24,4410.13,29.9,1.75,0.08,0.2
2022-01-25,4356.45,31.16,1.78,0.08,0.2
2022-01-26,4349.93,31.96,1.85,0.08,0.19
2022-01-27,4326.51,30.49,1.81,0.08,0.2
2022-01-28,4431.85,27.66,1.78,0.08,0.19
2022-01-29,,,,0.08,
2022-01-30,,,,0.08,
2022-01-31,4515.55,24.83,1.79,0.08,0.24
2022-02-01,4546.54,21.96,1.81,0.08,0.2
2022-02-02,4589.38,22.09,1.78,0.08,0.2
2022-02-03,4477.44,24.35,1.82,0.08,0.21
2022-02-04,4500.53,23.22,1.93,0.08,0.23
2022-02-05,,,,0.08,
2022-02-06,,,,0.08,
2022-02-07,4483.87,22.86,1.92,0.08,0.28
2022-02-08,4521.54,21.44,1.96,0.08,0.27
2022-02-09,4587.18,19.96,1.94,0.08,0.27
2022-02-10,4504.08,23.91,2.03,0.08,0.41
2022-02-11,4418.64,27.36,1.92,0.08,0.37
2022-02-12,,,,0.08,
2022-02-13,,,,0.08,
2022-02-14,4401.67,28.33,1.98,0.08,0.45
2022-02-15,4471.07,25.7,2.05,0.08,0.41
2022-02-16,4475.01,24.29,2.03,0.08,0.39
2022-02-17,4380.26,28.11,1.97,0.08,0.37
2022-02-18,4348.87,27.75,1.92,0.08,0.35
2022-02-19,,,,0.08,
2022-02-20,,,,0.08,
2022-02-21,,,,0.08,
2022-02-22,4304.76,28.81,1.94,0.08,0.39
2022-02-23,4225.5,31.02,1.99,0.08,0.36
2022-02-24,4288.7,30.32,1.96,0.08,0.33
2022-02-25,4384.65,27.59,1.97,0.08,0.33
2022-02-26,,,,0.08,
2022-02-27,,,,0.08,
2022-02-28,4373.94,30.15,1.83,0.08,0.37
2022-03-01,4306.26,33.32,1.72,0.08,0.32
2022-03-02,4386.54,30.74,1.86,0.08,0.33
2022-03-03,4363.49,30.48,1.86,0.08,0.37
2022-03-04,4328.87,31.98,1.74,0.08,0.33
2022-03-05,,,,0.08,
2022-03-06,,,,0.08,
2022-03-07,4201.09,36.45,1.78,0.08,0.38
2022-03-08,4170.7,35.13,1.86,0.08,0.36
2022-03-09,4277.88,32.45,1.94,0.08,0.38
2022-03-10,4259.52,30.23,1.98,0.08,0.38
2022-03-11,4204.31,30.75,2.0,0.08,0.39
2022-03-12,,,,0.08,
2022-03-13,,,,0.08,
2022-03-14,4173.11,31.77,2.14,0.08,0.45
2022-03-15,4262.45,29.83,2.15,0.08,0.46
2022-03-16,4357.86,26.67,2.19,0.08,0.43
2022-03-17,4411.67,25.67,2.2,0.33,0.4
2022-03-18,4463.12,23.87,2.14,0.33,0.41
2022-03-19,,,,0.33,
2022-03-20,,,,0.33,
2022-03-21,4461.18,23.53,2.32,0.33,0.55
2022-03-22,4511.61,22.94,2.38,0.33,0.51
2022-03-23,4456.24,23.57,2.32,0.33,0.5
2022-03-24,4520.16,21.67,2.34,0.33,0.5
2022-03-25,4543.06,20.81,2.48,0.33,0.53
2022-03-26,,,,0.33,
2022-03-27,,,,0.33,
2022-03-28,4575.52,19.63,2.46,0.33,0.6
2022-03-29,4631.6,18.9,2.41,0.33,0.56
2022-03-30,4602.45,19.33,2.35,0.33,0.55
2022-03-31,4530.41,20.56,2.32,0.33,0.51
2022-04-01,4545.86,19.63,2.39,0.33,0.52
2022-04-02,,,,0.33,
2022-04-03,,,,0.33,
2022-04-04,4582.64,18.57,2.42,0.33,0.67
2022-04-05,4525.12,21.03,2.54,0.33,0.65
2022-04-06,4481.15,22.1,2.61,0.33,0.67
2022-04-07,4500.21,21.55,2.66,0.33,0.68
2022-04-08,4488.28,21.16,2.72,0.33,0.69
2022-04-09,,,,0.33,
2022-04-10,,,,0.33,
2022-04-11,4412.53,24.37,2.79,0.33,0.78
2022-04-12,4397.45,24.26,2.72,0.33,0.74
2022-04-13,4446.59,21.82,2.7,0.33,0.75
2022-04-14,4392.59,22.7,2.83,0.33,0.78
2022-04-15,,,,0.33,
2022-04-16,,,,0.33,
2022-04-17,,,,0.33,
2022-04-18,4391.69,22.17,2.85,0.33,0.82
2022-04-19,4462.21,21.37,2.93,0.33,0.82
2022-04-20,4459.45,20.32,2.85,0.33,0.82
2022-04-21,4393.66,22.68,2.9,0.33,0.82
2022-04-22,4271.78,28.21,2.9,0.33,0.82
2022-04-23,,,,0.33,
2022-04-24,,,,0.33,
2022-04-25,4296.12,27.02,2.81,0.33,0.93
2022-04-26,4175.2,33.52,2.77,0.33,0.84
2022-04-27,4183.96,31.6,2.82,0.33,0.82
2022-04-28,4287.5,29.99,2.85,0.33,0.81
2022-04-29,4131.93,33.4,2.89,0.33,0.83
2022-04-30,,,,0.33,
2022-05-01,,,,0.33,
2022-05-02,4155.38,32.34,2.99,0.33,0.9
2022-05-03,4175.48,29.25,2.97,0.33,0.9
2022-05-04,4300.17,25.42,2.93,0.33,0.88
2022-05-05,4146.87,31.2,3.05,0.83,0.84
2022-05-06,4123.34,30.19,3.12,0.83,0.84
2022-05-07,,,,0.83,
2022-05-08,,,,0.83,
2022-05-09,3991.24,34.75,3.05,0.83,0.92
2022-05-10,4001.05,32.99,2.99,0.83,0.89
2022-05-11,3935.18,32.56,2.91,0.83,0.9
2022-05-12,3930.08,31.77,2.84,0.83,0.95
2022-05-13,4023.89,28.87,2.93,0.83,1.01
2022-05-14,,,,0.83,
2022-05-15,,,,0.83,
2022-05-16,4008.01,27.47,2.88,0.83,1.07
2022-05-17,4088.85,26.1,2.98,0.83,1.06
2022-05-18,3923.68,30.96,2.89,0.83,1.02
2022-05-19,3900.79,29.35,2.84,0.83,1.04
2022-05-20,3901.36,29.43,2.78,0.83,1.01
2022-05-21,,,,0.83,
2022-05-22,,,,0.83,
2022-05-23,3973.75,28.48,2.86,0.83,1.07
2022-05-24,3941.48,29.45,2.76,0.83,1.05
2022-05-25,3978.73,28.37,2.75,0.83,1.05
2022-05-26,4057.84,27.5,2.75,0.83,1.06
2022-05-27,4158.24,25.72,2.74,0.83,1.06
2022-05-28,,,,0.83,
2022-05-29,,,,0.83,
2022-05-30,,26.54,,0.83,
2022-05-31,4132.15,26.19,2.85,0.83,1.13
2022-06-01,4101.23,25.69,2.94,0.83,1.12
2022-06-02,4176.82,24.72,2.92,0.83,1.13
2022-06-03,4108.54,24.79,2.96,0.83,1.17
2022-06-04,,,,0.83,
2022-06-05,,,,0.83,
2022-06-06,4121.43,25.07,3.04,0.83,1.23
2022-06-07,4160.68,24.02,2.98,0.83,1.24
2022-06-08,4115.77,23.96,3.03,0.83,1.25
2022-06-09,4017.82,26.09,3.04,0.83,1.26
2022-06-10,3900.86,27.75,3.15,0.83,1.34
2022-06-11,,,,0.83,
2022-06-12,,,,0.83,
2022-06-13,3749.63,34.02,3.43,0.83,1.69
2022-06-14,3735.48,32.69,3.49,0.83,1.78
2022-06-15,3789.99,29.62,3.33,0.83,1.69
2022-06-16,3666.77,32.95,3.28,1.58,1.54
2022-06-17,3674.84,31.13,3.25,1.58,1.58
2022-06-18,,,,1.58,
2022-06-19,,,,1.58,
2022-06-20,,31.03,,1.58,
2022-06-21,3764.79,30.19,3.31,1.58,1.66
2022-06-22,3759.89,28.95,3.16,1.58,1.57
2022-06-23,3795.73,29.05,3.09,1.58,1.59
2022-06-24,3911.74,27.23,3.13,1.58,1.66
2022-06-25,,,,1.58,
2022-06-26,,,,1.58,
2022-06-27,3900.11,26.95,3.2,1.58,1.75
2022-06-28,3821.55,28.36,3.2,1.58,1.75
2022-06-29,3818.83,28.16,3.1,1.58,1.73
2022-06-30,3785.38,28.71,2.98,1.58,1.66
2022-07-01,3825.33,26.7,2.88,1.58,1.66
2022-07-02,,,,1.58,
2022-07-03,,,,1.58,
2022-07-04,,27.53,,1.58,
2022-07-05,3831.39,27.54,2.82,1.58,1.86
2022-07-06,3845.08,26.73,2.93,1.58,1.85
2022-07-07,3902.62,26.08,3.01,1.58,1.89
2022-07-08,3899.38,24.64,3.09,1.58,1.91
2022-07-09,,,,1.58,
2022-07-10,,,,1.58,
2022-07-11,3854.43,26.17,2.99,1.58,2.13
2022-07-12,3818.8,27.29,2.96,1.58,2.16
2022-07-13,3801.78,26.82,2.91,1.58,2.33
2022-07-14,3790.38,26.4,2.96,1.58,2.33
2022-07-15,3863.16,24.23,2.93,1.58,2.29
2022-07-16,,,,1.58,
2022-07-17,,,,1.58,
2022-07-18,3830.85,25.3,2.96,1.58,2.44
2022-07-19,3936.69,24.5,3.01,1.58,2.46
2022-07-20,3959.9,23.88,3.04,1.58,2.44
2022-07-21,3998.95,23.11,2.91,1.58,2.4
2022-07-22,3961.63,23.03,2.77,1.58,2.41
2022-07-23,,,,1.58,
2022-07-24,,,,1.58,
2022-07-25,3966.84,23.36,2.81,1.58,2.55
2022-07-26,3921.05,24.69,2.81,1.58,2.48
2022-07-27,4023.61,23.24,2.78,1.58,2.37
2022-07-28,4072.43,22.33,2.68,2.33,2.35
2022-07-29,4130.29,21.33,2.67,2.32,2.34
2022-07-30,,,,2.32,
2022-07-31,,,,2.32,
2022-08-01,4118.63,22.84,2.6,2.33,2.48
2022-08-02,4091.19,23.93,2.75,2.33,2.48
2022-08-03,4155.17,21.95,2.73,2.33,2.44
2022-08-04,4151.94,21.44,2.68,2.33,2.41
2022-08-05,4145.19,21.15,2.83,2.33,2.48
2022-08-06,,,,2.33,
2022-08-07,,,,2.33,
2022-08-08,4140.06,21.29,2.77,2.33,2.57
2022-08-09,4122.47,21.77,2.8,2.33,2.58
2022-08-10,4210.24,19.74,2.78,2.33,2.56
2022-08-11,4207.27,20.2,2.87,2.33,2.52
2022-08-12,4280.15,19.53,2.84,2.33,2.53
2022-08-13,,,,2.33,
2022-08-14,,,,2.33,
2022-08-15,4297.14,19.95,2.79,2.33,2.63
2022-08-16,4305.2,19.69,2.82,2.33,2.61
2022-08-17,4274.04,19.9,2.89,2.33,2.59
2022-08-18,4283.74,19.56,2.88,2.33,2.61
2022-08-19,4228.48,20.6,2.98,2.33,2.64
2022-08-20,,,,2.33,
2022-08-21,,,,2.33,
2022-08-22,4137.99,23.8,3.03,2.33,2.74
2022-08-23,4128.73,24.11,3.05,2.33,2.71
2022-08-24,4140.77,22.82,3.11,2.33,2.73
2022-08-25,4199.12,21.78,3.03,2.33,2.78
2022-08-26,4057.66,25.56,3.04,2.33,2.78
2022-08-27,,,,2.33,
2022-08-28,,,,2.33,
2022-08-29,4030.61,26.21,3.12,2.33,2.89
2022-08-30,3986.16,26.21,3.11,2.33,2.88
2022-08-31,3955.0,25.87,3.15,2.33,2.87
2022-09-01,3966.85,25.56,3.26,2.33,2.88
2022-09-02,3924.26,25.47,3.2,2.33,2.85
2022-09-03,,,,2.33,
2022-09-04,,,,2.33,
2022-09-05,,25.99,,2.33,
2022-09-06,3908.19,26.91,3.33,2.33,2.96
2022-09-07,3979.87,24.64,3.27,2.33,2.98
2022-09-08,4006.18,23.61,3.29,2.33,2.97
2022-09-09,4067.36,22.79,3.33,2.33,2.98
2022-09-10,,,,2.33,
2022-09-11,,,,2.33,
2022-09-12,4110.41,23.87,3.37,2.33,3.09
2022-09-13,3932.69,27.27,3.42,2.33,3.19
2022-09-14,3946.01,26.16,3.41,2.33,3.14
2022-09-15,3901.35,26.27,3.45,2.33,3.12
2022-09-16,3873.33,26.3,3.45,2.33,3.1
2022-09-17,,,,2.33,
2022-09-18,,,,2.33,
2022-09-19,3899.89,25.76,3.49,2.33,3.29
2022-09-20,3855.93,27.16,3.57,2.33,3.26
2022-09-21,3789.93,27.99,3.51,2.33,3.21
2022-09-22,3757.99,27.35,3.7,3.08,3.19
2022-09-23,3693.23,29.92,3.69,3.08,3.12
2022-09-24,,,,3.08,
2022-09-25,,,,3.08,
2022-09-26,3655.04,32.26,3.88,3.08,3.3
2022-09-27,3647.29,32.6,3.97,3.08,3.26
2022-09-28,3719.04,30.18,3.72,3.08,3.29
2022-09-29,3640.47,31.84,3.76,3.08,3.26
2022-09-30,3585.62,31.62,3.83,3.08,3.22
2022-10-01,,,,3.08,
2022-10-02,,,,3.08,
2022-10-03,3678.43,30.1,3.67,3.08,3.34
2022-10-04,3790.93,29.07,3.62,3.08,3.32
2022-10-05,3783.28,28.55,3.76,3.08,3.33
2022-10-06,3744.52,30.52,3.83,3.08,3.32
2022-10-07,3639.66,31.36,3.89,3.08,3.31
2022-10-08,,,,3.08,
2022-10-09,,,,3.08,
2022-10-10,3612.39,32.45,,3.08,
2022-10-11,3588.84,33.63,3.93,3.08,3.53
2022-10-12,3577.03,33.57,3.91,3.08,3.56
2022-10-13,3669.91,31.94,3.97,3.08,3.64
2022-10-14,3583.07,32.02,4.0,3.08,3.65
2022-10-15,,,,3.08,
2022-10-16,,,,3.08,
2022-10-17,3677.95,31.37,4.02,3.08,3.82
2022-10-18,3719.98,30.5,4.01,3.08,3.89
2022-10-19,3695.16,30.76,4.14,3.08,3.91
2022-10-20,3665.78,29.98,4.24,3.08,3.91
2022-10-21,3752.75,29.69,4.21,3.08,3.9
2022-10-22,,,,3.08,
2022-10-23,,,,3.08,
2022-10-24,3797.34,29.85,4.25,3.08,4.0
2022-10-25,3859.11,28.46,4.1,3.08,3.97
2022-10-26,3830.6,27.28,4.04,3.08,3.94
2022-10-27,3807.3,27.39,3.96,3.08,3.95
2022-10-28,3901.06,25.75,4.02,3.08,3.99
2022-10-29,,,,3.08,
2022-10-30,,,,3.08,
2022-10-31,3871.98,25.88,4.1,3.08,4.06
2022-11-01,3856.1,25.81,4.07,3.08,4.06
2022-11-02,3759.69,25.86,4.1,3.08,4.04
2022-11-03,3719.89,25.3,4.14,3.83,4.06
2022-11-04,3770.55,24.55,4.17,3.83,4.02
2022-11-05,,,,3.83,
2022-11-06,,,,3.83,
2022-11-07,3806.8,24.35,4.22,3.83,4.12
2022-11-08,3828.11,25.54,4.14,3.83,4.1
2022-11-09,3748.57,26.09,4.12,3.83,4.11
2022-11-10,3956.37,23.53,3.82,3.83,4.09
2022-11-11,3992.93,22.52,,3.83,
2022-11-12,,,,3.83,
2022-11-13,,,,3.83,
2022-11-14,3957.25,23.73,3.88,3.83,4.16
2022-11-15,3991.73,24.54,3.8,3.83,4.14
2022-11-16,3958.79,24.11,3.67,3.83,4.14
2022-11-17,3946.56,23.93,3.77,3.83,4.13
2022-11-18,3965.34,23.12,3.82,3.83,4.15
2022-11-19,,,,3.83,
2022-11-20,,,,3.83,
2022-11-21,3949.94,22.36,3.83,3.83,4.23
2022-11-22,4003.58,21.29,3.76,3.83,4.21
2022-11-23,4027.26,20.35,3.71,3.83,4.21
2022-11-24,,20.42,,3.83,
2022-11-25,4026.12,20.5,3.68,3.83,4.22
2022-11-26,,,,3.83,
2022-11-27,,,,3.83,
2022-11-28,3963.94,22.21,3.69,3.83,4.3
2022-11-29,3957.63,21.89,3.75,3.83,4.27
2022-11-30,4080.11,20.58,3.68,3.83,4.27
2022-12-01,4076.57,19.84,3.53,3.83,4.22
2022-12-02,4071.7,19.06,3.51,3.83,4.22
2022-12-03,,,,3.83,
2022-12-04,,,,3.83,
2022-12-05,3998.84,20.75,3.6,3.83,4.27
2022-12-06,3941.26,22.17,3.51,3.83,4.27
2022-12-07,3933.92,22.68,3.42,3.83,4.2
2022-12-08,3963.51,22.29,3.48,3.83,4.17
2022-12-09,3934.38,22.83,3.57,3.83,4.19
2022-12-10,,,,3.83,
2022-12-11,,,,3.83,
2022-12-12,3990.56,25.0,3.61,3.83,4.29
2022-12-13,4019.65,22.55,3.51,3.83,4.26
2022-12-14,3995.32,21.14,3.49,3.83,4.23
2022-12-15,3895.75,22.83,3.44,4.33,4.22
2022-12-16,3852.36,22.62,3.48,4.33,4.2
2022-12-17,,,,4.33,
2022-12-18,,,,4.33,
2022-12-19,3817.66,22.42,3.57,4.33,4.28
2022-12-20,3821.62,21.48,3.69,4.33,4.25
2022-12-21,3878.44,20.07,3.68,4.33,4.22
2022-12-22,3822.39,21.97,3.67,4.33,4.24
2022-12-23,3844.82,20.87,3.75,4.33,4.23
2022-12-24,,,,4.33,
2022-12-25,,,,4.33,
2022-12-26,,,,4.33,
2022-12-27,3829.25,21.65,3.84,4.33,4.35
2022-12-28,3783.22,22.14,3.88,4.33,4.35
2022-12-29,3849.28,21.44,3.83,4.33,4.34
2022-12-30,3839.5,21.67,3.88,4.33,4.3
2022-12-31,,,,4.33,
2023-01-01,,,,4.33,
2023-01-02,,,,4.33,
2023-01-03,3824.14,22.9,3.79,4.33,4.4
2023-01-04,3852.97,22.01,3.69,4.33,4.41
2023-01-05,3808.1,22.46,3.71,4.33,4.51
2023-01-06,3895.08,21.13,3.55,4.33,4.51
2023-01-07,,,,4.33,
2023-01-08,,,,4.33,
2023-01-09,3892.09,21.97,3.53,4.33,4.55
2023-01-10,3919.25,20.58,3.61,4.33,4.57
2023-01-11,3969.61,21.09,3.54,4.33,4.57
2023-01-12,3983.17,18.83,3.43,4.33,4.5
2023-01-13,3999.09,18.35,3.49,4.33,4.51
2023-01-14,,,,4.33,
2023-01-15,,,,4.33,
2023-01-16,,19.49,,4.33,
2023-01-17,3990.97,19.36,3.53,4.33,4.56
2023-01-18,3928.86,20.34,3.37,4.33,4.54
2023-01-19,3898.85,20.52,3.39,4.33,4.55
2023-01-20,3972.61,19.85,3.48,4.33,4.57
2023-01-21,,,,4.33,
2023-01-22,,,,4.33,
2023-01-23,4019.81,19.81,3.52,4.33,4.58
2023-01-24,4016.95,19.2,3.46,4.33,4.57
2023-01-25,4016.22,19.08,3.46,4.33,4.56
2023-01-26,4060.43,18.73,3.49,4.33,4.55
2023-01-27,4070.56,18.51,3.52,4.33,4.57
2023-01-28,,,,4.33,
2023-01-29,,,,4.33,
2023-01-30,4017.77,19.94,3.55,4.33,4.59
2023-01-31,4076.6,19.4,3.52,4.33,4.58
2023-02-01,4119.21,17.87,3.39,4.33,4.54
2023-02-02,4179.76,18.73,3.4,4.58,4.53
2023-02-03,4136.48,18.33,3.53,4.58,4.57
2023-02-04,,,,4.58,
2023-02-05,,,,4.58,
2023-02-06,4111.08,19.43,3.63,4.58,4.59
2023-02-07,4164.0,18.66,3.67,4.58,4.59
2023-02-08,4117.86,19.63,3.63,4.58,4.59
2023-02-09,4081.5,20.71,3.67,4.57,4.64
2023-02-10,4090.46,20.53,3.74,4.58,4.66
2023-02-11,,,,4.58,
2023-02-12,,,,4.58,
2023-02-13,4137.29,20.34,3.72,4.58,4.68
2023-02-14,4136.13,18.91,3.77,4.58,4.67
2023-02-15,4147.6,18.23,3.81,4.58,4.66
2023-02-16,4090.41,20.17,3.86,4.58,4.7
2023-02-17,4079.09,20.02,3.82,4.58,4.7
2023-02-18,,,,4.58,
2023-02-19,,,,4.58,
2023-02-20,,21.23,,4.58,
2023-02-21,3997.34,22.87,3.95,4.58,4.72
2023-02-22,3991.05,22.29,3.93,4.58,4.71
2023-02-23,4012.32,21.14,3.88,4.58,4.71
2023-02-24,3970.04,21.67,3.95,4.58,4.72
2023-02-25,,,,4.58,
2023-02-26,,,,4.58,
2023-02-27,3982.24,20.95,3.92,4.57,4.74
2023-02-28,3970.15,20.7,3.92,4.57,4.72
2023-03-01,3951.39,20.58,4.01,4.58,4.73
2023-03-02,3981.35,19.59,4.08,4.57,4.74
2023-03-03,4045.64,18.49,3.97,4.57,4.74
2023-03-04,,,,4.57,
2023-03-05,,,,4.57,
2023-03-06,4048.42,18.61,3.98,4.57,4.76
2023-03-07,3986.37,19.59,3.97,4.57,4.87
2023-03-08,3992.01,19.11,3.98,4.57,4.89
2023-03-09,3918.32,22.61,3.93,4.57,4.87
2023-03-10,3861.59,24.8,3.7,4.57,4.83
2023-03-11,,,,4.57,
2023-03-12,,,,4.57,
2023-03-13,3855.76,26.52,3.55,4.58,4.7
2023-03-14,3919.29,23.73,3.64,4.58,4.71
2023-03-15,3891.93,26.14,3.51,4.58,4.59
2023-03-16,3960.28,22.99,3.56,4.58,4.57
2023-03-17,3916.64,25.51,3.39,4.58,4.36
2023-03-18,,,,4.58,
2023-03-19,,,,4.58,
2023-03-20,3951.57,24.15,3.47,4.58,4.65
2023-03-21,4002.87,21.38,3.59,4.58,4.62
2023-03-22,3936.97,22.26,3.48,4.58,4.63
2023-03-23,3948.72,22.61,3.38,4.83,4.57
2023-03-24,3970.99,21.74,3.38,4.83,4.57
2023-03-25,,,,4.83,
2023-03-26,,,,4.83,
2023-03-27,3977.53,20.6,3.53,4.83,4.75
2023-03-28,3971.27,19.97,3.55,4.83,4.64
2023-03-29,4027.81,19.12,3.57,4.83,4.64
2023-03-30,4050.83,19.02,3.55,4.83,4.8
2023-03-31,4109.31,18.7,3.48,4.83,4.68
2023-04-01,,,,4.83,
2023-04-02,,,,4.83,
2023-04-03,4124.51,18.55,3.43,4.83,4.77
2023-04-04,4100.6,19.0,3.35,4.83,4.74
2023-04-05,4090.38,19.08,3.3,4.83,4.72
2023-04-06,4105.02,18.4,3.3,4.83,4.77
2023-04-07,,,3.39,4.83,4.81
2023-04-08,,,,4.83,
2023-04-09,,,,4.83,
2023-04-10,4109.11,18.97,3.41,4.83,4.94
2023-04-11,4108.94,19.1,3.43,4.83,4.89
2023-04-12,4091.95,19.09,3.41,4.83,4.87
2023-04-13,4146.22,17.8,3.45,4.83,4.95
2023-04-14,4137.64,17.07,3.52,4.83,4.98
2023-04-15,,,,4.83,
2023-04-16,,,,4.83,
2023-04-17,4151.32,16.95,3.6,4.83,5.06
2023-04-18,4154.87,16.83,3.58,4.83,5.04
2023-04-19,4154.52,16.46,3.6,4.83,5.01
2023-04-20,4129.79,17.17,3.54,4.83,4.97
2023-04-21,4133.52,16.77,3.57,4.83,4.98
2023-04-22,,,,4.83,
2023-04-23,,,,4.83,
2023-04-24,4137.04,16.89,3.52,4.83,5.04
2023-04-25,4071.63,18.76,3.4,4.83,4.97
2023-04-26,4055.99,18.84,3.43,4.83,5.0
2023-04-27,4135.35,17.03,3.53,4.83,5.03
2023-04-28,4169.48,15.78,3.44,4.83,4.95
2023-04-29,,,,4.83,
2023-04-30,,,,4.83,
2023-05-01,4167.87,16.08,3.59,4.83,5.1
2023-05-02,4119.58,17.78,3.44,4.83,5.08
2023-05-03,4090.75,18.34,3.38,4.83,5.09
2023-05-04,4061.22,20.09,3.37,5.08,5.1
2023-05-05,4136.25,17.19,3.44,5.08,5.1
2023-05-06,,,,5.08,
2023-05-07,,,,5.08,
2023-05-08,4138.12,16.98,3.52,5.08,5.15
2023-05-09,4119.17,17.71,3.53,5.08,5.13
2023-05-10,4137.64,16.94,3.43,5.08,5.08
2023-05-11,4130.62,16.93,3.39,5.08,5.04
2023-05-12,4124.08,17.03,3.46,5.08,5.08
2023-05-13,,,,5.08,
2023-05-14,,,,5.08,
2023-05-15,4136.28,17.12,3.5,5.08,5.06
2023-05-16,4109.9,17.99,3.54,5.08,5.07
2023-05-17,4158.77,16.87,3.57,5.08,5.1
2023-05-18,4198.05,16.05,3.65,5.08,5.14
2023-05-19,4191.98,16.81,3.7,5.08,5.12
2023-05-20,,,,5.08,
2023-05-21,,,,5.08,
2023-05-22,4192.63,17.21,3.72,5.08,5.24
2023-05-23,4145.58,18.53,3.7,5.08,5.18
2023-05-24,4115.24,20.03,3.73,5.08,5.21
2023-05-25,4151.28,19.14,3.83,5.08,5.21
2023-05-26,4205.45,17.95,3.8,5.08,5.16
2023-05-27,,,,5.08,
2023-05-28,,,,5.08,
2023-05-29,,17.46,,5.08,
2023-05-30,4205.52,17.46,3.69,5.08,5.28
2023-05-31,4179.83,17.94,3.64,5.08,5.26
2023-06-01,4221.02,15.65,3.61,5.08,5.24
2023-06-02,4282.37,14.6,3.69,5.08,5.23
2023-06-03,,,,5.08,
2023-06-04,,,,5.08,
2023-06-05,4273.79,14.73,3.69,5.08,5.2
2023-06-06,4283.85,13.96,3.7,5.08,5.18
2023-06-07,4267.52,13.94,3.79,5.08,5.16
2023-06-08,4293.93,13.65,3.73,5.08,5.12
2023-06-09,4298.86,13.83,3.75,5.08,5.11
2023-06-10,,,,5.08,
2023-06-11,,,,5.08,
2023-06-12,4338.93,15.01,3.73,5.08,5.14
2023-06-13,4369.01,14.61,3.84,5.08,5.11
2023-06-14,4372.59,13.88,3.83,5.08,5.1
2023-06-15,4425.84,14.5,3.72,5.07,5.07
2023-06-16,4409.59,13.54,3.77,5.08,5.09
2023-06-17,,,,5.08,
2023-06-18,,,,5.08,
2023-06-19,,14.19,,5.08,
2023-06-20,4388.71,13.88,3.74,5.07,5.14
2023-06-21,4365.69,13.2,3.72,5.07,5.15
2023-06-22,4381.89,12.91,3.8,5.07,5.15
2023-06-23,4348.33,13.44,3.74,5.07,5.15
2023-06-24,,,,5.07,
2023-06-25,,,,5.07,
2023-06-26,4328.82,14.25,3.72,5.07,5.24
2023-06-27,4378.41,13.74,3.77,5.07,5.19
2023-06-28,4376.86,13.43,3.71,5.07,5.18
2023-06-29,4396.44,13.54,3.85,5.07,5.2
2023-06-30,4450.38,13.59,3.81,5.08,5.17
2023-07-01,,,,5.08,
2023-07-02,,,,5.08,
2023-07-03,4455.59,13.57,3.86,5.08,5.21
2023-07-04,,13.7,,5.08,
2023-07-05,4446.82,14.18,3.95,5.08,5.21
2023-07-06,4411.59,15.44,4.05,5.08,5.23
2023-07-07,4398.95,14.83,4.06,5.08,5.22
2023-07-08,,,,5.08,
2023-07-09,,,,5.08,
2023-07-10,4409.53,15.07,4.01,5.07,5.25
2023-07-11,4439.26,14.84,3.99,5.08,5.25
2023-07-12,4472.16,13.54,3.86,5.08,5.24
2023-07-13,4510.04,13.61,3.76,5.08,5.24
2023-07-14,4505.42,13.34,3.83,5.08,5.25
2023-07-15,,,,5.08,
2023-07-16,,,,5.08,
2023-07-17,4522.79,13.48,3.81,5.08,5.26
2023-07-18,4554.98,13.3,3.8,5.08,5.25
2023-07-19,4565.72,13.76,3.75,5.08,5.26
2023-07-20,4534.87,13.99,3.85,5.08,5.26
2023-07-21,4536.34,13.6,3.84,5.08,5.27
2023-07-22,,,,5.08,
2023-07-23,,,,5.08,
2023-07-24,4554.64,13.91,3.86,5.08,5.28
2023-07-25,4567.46,13.86,3.91,5.08,5.28
2023-07-26,4566.75,13.19,3.86,5.08,5.28
2023-07-27,4537.41,14.41,4.01,5.33,5.28
2023-07-28,4582.23,13.33,3.96,5.33,5.28
2023-07-29,,,,5.33,
2023-07-30,,,,5.33,
2023-07-31,4588.96,13.63,3.97,5.33,5.28
2023-08-01,4576.73,13.93,4.05,5.33,5.27
2023-08-02,4513.39,16.09,4.08,5.33,5.27
2023-08-03,4501.89,15.92,4.2,5.33,5.27
2023-08-04,4478.03,17.1,4.05,5.33,5.28
2023-08-05,,,,5.33,
2023-08-06,,,,5.33,
2023-08-07,4518.44,15.77,4.09,5.33,5.29
2023-08-08,4499.38,15.99,4.02,5.33,5.3
2023-08-09,4467.71,15.96,4.0,5.33,5.28
2023-08-10,4468.83,15.85,4.09,5.33,5.28
2023-08-11,4464.05,14.84,4.16,5.33,5.28
2023-08-12,,,,5.33,
2023-08-13,,,,5.33,
2023-08-14,4489.72,14.82,4.19,5.33,5.29
2023-08-15,4437.86,16.46,4.21,5.33,5.29
2023-08-16,4404.33,16.78,4.28,5.33,5.29
2023-08-17,4370.36,17.89,4.3,5.33,5.29
2023-08-18,4369.71,17.3,4.26,5.33,5.28
2023-08-19,,,,5.33,
2023-08-20,,,,5.33,
2023-08-21,4399.77,17.13,4.34,5.33,5.3
2023-08-22,4387.55,16.97,4.34,5.33,5.3
2023-08-23,4436.01,15.98,4.19,5.33,5.3
2023-08-24,4376.31,17.2,4.23,5.33,5.31
2023-08-25,4405.71,15.68,4.25,5.33,5.34
2023-08-26,,,,5.33,
2023-08-27,,,,5.33,
2023-08-28,4433.31,15.08,4.2,5.33,5.34
2023-08-29,4497.63,14.45,4.12,5.33,5.33
2023-08-30,4514.87,13.88,4.12,5.33,5.32
2023-08-31,4507.66,13.57,4.09,5.33,5.32
2023-09-01,4515.77,13.09,4.18,5.33,5.3
2023-09-02,,,,5.33,
2023-09-03,,,,5.33,
2023-09-04,,13.82,,5.33,
2023-09-05,4496.83,14.01,4.27,5.33,5.32
2023-09-06,4465.48,14.45,4.3,5.33,5.31
2023-09-07,4451.14,14.4,4.27,5.33,5.3
2023-09-08,4457.49,13.84,4.26,5.33,5.31
2023-09-09,,,,5.33,
2023-09-10,,,,5.33,
2023-09-11,4487.46,13.8,4.29,5.33,5.32
2023-09-12,4461.9,14.23,4.27,5.33,5.32
2023-09-13,4467.44,13.48,4.25,5.33,5.31
2023-09-14,4505.1,12.82,4.29,5.33,5.31
2023-09-15,4450.32,13.79,4.33,5.33,5.32
2023-09-16,,,,5.33,
2023-09-17,,,,5.33,
2023-09-18,4453.53,14.0,4.32,5.33,5.31
2023-09-19,4443.95,14.11,4.37,5.33,5.31
2023-09-20,4402.2,15.14,4.35,5.33,5.33
2023-09-21,4330.0,17.54,4.49,5.33,5.33
2023-09-22,4320.06,17.2,4.44,5.33,5.32
2023-09-23,,,,5.33,
2023-09-24,,,,5.33,
2023-09-25,4337.44,16.9,4.55,5.33,5.35
2023-09-26,4273.53,18.94,4.56,5.33,5.34
2023-09-27,4274.51,18.22,4.61,5.33,5.34
2023-09-28,4299.7,17.34,4.59,5.33,5.32
2023-09-29,4288.05,17.52,4.59,5.33,5.32
2023-09-30,,,,5.33,
2023-10-01,,,,5.33,
2023-10-02,4288.39,17.61,4.69,5.33,5.35
2023-10-03,4229.45,19.78,4.81,5.33,5.35
2023-10-04,4263.75,18.58,4.73,5.33,5.34
2023-10-05,4258.19,18.49,4.72,5.33,5.34
2023-10-06,4308.5,17.45,4.78,5.33,5.36
2023-10-07,,,,5.33,
2023-10-08,,,,5.33,
2023-10-09,4335.66,17.7,,5.33,
2023-10-10,4358.24,17.03,4.66,5.33,5.34
2023-10-11,4376.95,16.09,4.58,5.33,5.34
2023-10-12,4349.61,16.69,4.7,5.33,5.35
2023-10-13,4327.78,19.32,4.63,5.33,5.35
2023-10-14,,,,5.33,
2023-10-15,,,,5.33,
2023-10-16,4373.63,17.21,4.71,5.33,5.34
2023-10-17,4373.2,17.88,4.83,5.33,5.35
2023-10-18,4314.6,19.22,4.91,5.33,5.34
2023-10-19,4278.0,21.4,4.98,5.33,5.33
2023-10-20,4224.16,21.71,4.93,5.33,5.31
2023-10-21,,,,5.33,
2023-10-22,,,,5.33,
2023-10-23,4217.04,20.37,4.86,5.33,5.32
2023-10-24,4247.68,18.97,4.83,5.33,5.31
2023-10-25,4186.77,20.19,4.95,5.33,5.32
2023-10-26,4137.23,20.68,4.86,5.33,5.32
2023-10-27,4117.37,21.27,4.84,5.33,5.32
2023-10-28,,,,5.33,
2023-10-29,,,,5.33,
2023-10-30,4166.82,19.75,4.88,5.33,5.33
2023-10-31,4193.8,18.14,4.88,5.33,5.33
2023-11-01,4237.86,16.87,4.77,5.33,5.31
2023-11-02,4317.78,15.66,4.67,5.33,5.28
2023-11-03,4358.34,14.91,4.57,5.33,5.27
2023-11-04,,,,5.33,
2023-11-05,,,,5.33,
2023-11-06,4365.98,14.89,4.67,5.33,5.29
2023-11-07,4378.38,14.81,4.58,5.33,5.28
2023-11-08,4382.78,14.45,4.49,5.33,5.28
2023-11-09,4347.35,15.29,4.62,5.33,5.27
2023-11-10,4415.24,14.17,4.61,5.33,5.26
2023-11-11,,,,5.33,
2023-11-12,,,,5.33,
2023-11-13,4411.55,14.76,4.63,5.33,5.28
2023-11-14,4495.7,14.16,4.44,5.33,5.26
2023-11-15,4502.88,14.18,4.53,5.33,5.26
2023-11-16,4508.24,14.32,4.45,5.33,5.25
2023-11-17,4514.02,13.8,4.44,5.33,5.25
2023-11-18,,,,5.33,
2023-11-19,,,,5.33,
2023-11-20,4547.38,13.41,4.42,5.33,5.27
2023-11-21,4538.19,13.35,4.41,5.33,5.26
2023-11-22,4556.62,12.85,4.42,5.33,5.27
2023-11-23,,12.8,,5.33,
2023-11-24,4559.34,12.46,4.47,5.33,5.28
2023-11-25,,,,5.33,
2023-11-26,,,,5.33,
2023-11-27,4550.43,12.69,4.39,5.33,5.28
2023-11-28,4554.89,12.69,4.34,5.33,5.27
2023-11-29,4550.58,12.98,4.27,5.33,5.25
2023-11-30,4567.8,12.92,4.37,5.33,5.25
2023-12-01,4594.63,12.63,4.22,5.33,5.23
2023-12-02,,,,5.33,
2023-12-03,,,,5.33,
2023-12-04,4569.78,13.08,4.28,5.33,5.26
2023-12-05,4567.18,12.85,4.18,5.33,5.25
2023-12-06,4549.34,12.97,4.12,5.33,5.25
2023-12-07,4585.59,13.06,4.14,5.33,5.24
2023-12-08,4604.37,12.35,4.23,5.33,5.24
2023-12-09,,,,5.33,
2023-12-10,,,,5.33,
2023-12-11,4622.44,12.63,4.23,5.33,5.26
2023-12-12,4643.7,12.07,4.2,5.33,5.26
2023-12-13,4707.09,12.19,4.04,5.33,5.24
2023-12-14,4719.55,12.48,3.92,5.33,5.23
2023-12-15,4719.19,12.28,3.91,5.33,5.24
2023-12-16,,,,5.33,
2023-12-17,,,,5.33,
2023-12-18,4740.56,12.56,3.95,5.33,5.26
2023-12-19,4768.37,12.53,3.93,5.33,5.23
2023-12-20,4698.35,13.67,3.86,5.33,5.24
2023-12-21,4746.75,13.65,3.89,5.33,5.22
2023-12-22,4754.63,13.03,3.9,5.33,5.24
2023-12-23,,,,5.33,
2023-12-24,,,,5.33,
2023-12-25,,,,5.33,
2023-12-26,4774.75,12.99,3.89,5.33,5.25
2023-12-27,4781.58,12.43,3.79,5.33,5.24
2023-12-28,4783.35,12.47,3.84,5.33,5.25
2023-12-29,4769.83,12.45,3.88,5.33,5.2
2023-12-30,,,,5.33,
2023-12-31,,,,5.33,
2024-01-01,,,,5.33,
2024-01-02,4742.83,13.2,3.95,5.33,5.22
2024-01-03,4704.81,14.04,3.91,5.33,5.24
2024-01-04,4688.68,14.13,3.99,5.33,5.24
2024-01-05,4697.24,13.35,4.05,5.33,5.24
2024-01-06,,,,5.33,
2024-01-07,,,,5.33,
2024-01-08,4763.54,13.08,4.01,5.33,5.25
2024-01-09,4756.5,12.76,4.02,5.33,5.24
2024-01-10,4783.45,12.69,4.04,5.33,5.23
2024-01-11,4780.24,12.44,3.98,5.33,5.23
2024-01-12,4783.83,12.7,3.96,5.33,5.22
2024-01-13,,,,5.33,
2024-01-14,,,,5.33,
2024-01-15,,13.25,,5.33,
2024-01-16,4765.98,13.84,4.07,5.33,5.22
2024-01-17,4739.21,14.79,4.1,5.33,5.24
2024-01-18,4780.94,14.13,4.14,5.33,5.22
2024-01-19,4839.81,13.3,4.15,5.33,5.22
2024-01-20,,,,5.33,
2024-01-21,,,,5.33,
2024-01-22,4850.43,13.19,4.11,5.33,5.22
2024-01-23,4864.6,12.55,4.14,5.33,5.21
2024-01-24,4868.55,13.14,4.18,5.33,5.21
2024-01-25,4894.16,13.45,4.14,5.33,5.21
2024-01-26,4890.97,13.26,4.15,5.33,5.21
2024-01-27,,,,5.33,
2024-01-28,,,,5.33,
2024-01-29,4927.93,13.6,4.08,5.33,5.22
2024-01-30,4924.97,13.31,4.06,5.33,5.21
2024-01-31,4845.65,14.35,3.99,5.33,5.22
2024-02-01,4906.19,13.88,3.87,5.33,5.22
2024-02-02,4958.61,13.85,4.03,5.33,5.23
2024-02-03,,,,5.33,
2024-02-04,,,,5.33,
2024-02-05,4942.81,13.67,4.17,5.33,5.22
2024-02-06,4954.23,13.06,4.09,5.33,5.23
2024-02-07,4995.06,12.83,4.09,5.33,5.23
2024-02-08,4997.91,12.79,4.15,5.33,5.23
2024-02-09,5026.61,12.93,4.17,5.33,5.24
2024-02-10,,,,5.33,
2024-02-11,,,,5.33,
2024-02-12,5021.84,13.93,4.17,5.33,5.23
2024-02-13,4953.17,15.85,4.31,5.33,5.25
2024-02-14,5000.62,14.38,4.27,5.33,5.23
2024-02-15,5029.73,14.01,4.24,5.33,5.23
2024-02-16,5005.57,14.24,4.3,5.33,5.24
2024-02-17,,,,5.33,
2024-02-18,,,,5.33,
2024-02-19,,14.71,,5.33,
2024-02-20,4975.51,15.42,4.27,5.33,5.24
2024-02-21,4981.8,15.34,4.32,5.33,5.24
2024-02-22,5087.03,14.54,4.33,5.33,5.25
2024-02-23,5088.8,13.75,4.26,5.33,5.26
2024-02-24,,,,5.33,
2024-02-25,,,,5.33,
2024-02-26,5069.53,13.74,4.28,5.33,5.26
2024-02-27,5078.18,13.43,4.31,5.33,5.25
2024-02-28,5069.76,13.84,4.27,5.33,5.24
2024-02-29,5096.27,13.4,4.25,5.33,5.25
2024-03-01,5137.08,13.11,4.19,5.33,5.23
2024-03-02,,,,5.33,
2024-03-03,,,,5.33,
2024-03-04,5130.95,13.49,4.22,5.33,5.24
2024-03-05,5078.65,14.46,4.13,5.33,5.23
2024-03-06,5104.76,14.5,4.11,5.33,5.24
2024-03-07,5157.36,14.44,4.09,5.33,5.24
2024-03-08,5123.69,14.74,4.09,5.33,5.24
2024-03-09,,,,5.33,
2024-03-10,,,,5.33,
2024-03-11,5117.94,15.22,4.1,5.33,5.24
2024-03-12,5175.27,13.84,4.16,5.33,5.25
2024-03-13,5165.31,13.75,4.19,5.33,5.25
2024-03-14,5150.48,14.4,4.29,5.33,5.25
2024-03-15,5117.09,14.41,4.31,5.33,5.25
2024-03-16,,,,5.33,
2024-03-17,,,,5.33,
2024-03-18,5149.42,14.33,4.34,5.33,5.25
2024-03-19,5178.51,13.82,4.3,5.33,5.24
2024-03-20,5224.62,13.04,4.27,5.33,5.24
2024-03-21,5241.53,12.92,4.27,5.33,5.25
2024-03-22,5234.18,13.06,4.22,5.33,5.24
2024-03-23,,,,5.33,
2024-03-24,,,,5.33,
2024-03-25,5218.19,13.19,4.25,5.33,5.23
2024-03-26,5203.58,13.24,4.24,5.33,5.22
2024-03-27,5248.49,12.78,4.2,5.33,5.22
2024-03-28,5254.35,13.01,4.2,5.33,5.23
2024-03-29,,,,5.33,
2024-03-30,,,,5.33,
2024-03-31,,,,5.33,
2024-04-01,5243.77,13.65,4.33,5.33,5.23
2024-04-02,5205.81,14.61,4.36,5.33,5.22
2024-04-03,5211.49,14.33,4.36,5.33,5.22
2024-04-04,5147.21,16.35,4.31,5.33,5.21
2024-04-05,5204.34,16.03,4.39,5.33,5.23
2024-04-06,,,,5.33,
2024-04-07,,,,5.33,
2024-04-08,5202.39,15.19,4.42,5.33,5.23
2024-04-09,5209.91,14.98,4.36,5.33,5.23
2024-04-10,5160.64,15.8,4.55,5.33,5.25
2024-04-11,5199.06,14.91,4.56,5.33,5.25
2024-04-12,5123.41,17.31,4.5,5.33,5.25
2024-04-13,,,,5.33,
2024-04-14,,,,5.33,
2024-04-15,5061.82,19.23,4.63,5.33,5.25
2024-04-16,5051.41,18.4,4.67,5.33,5.25
2024-04-17,5022.21,18.21,4.59,5.33,5.25
2024-04-18,5011.12,18.0,4.64,5.33,5.25
2024-04-19,4967.23,18.71,4.62,5.33,5.25
2024-04-20,,,,5.33,
2024-04-21,,,,5.33,
2024-04-22,5010.6,16.94,4.62,5.33,5.22
2024-04-23,5070.55,15.69,4.61,5.33,5.25
2024-04-24,5071.63,15.97,4.65,5.33,5.26
2024-04-25,5048.42,15.37,4.7,5.33,5.26
2024-04-26,5099.96,15.03,4.67,5.33,5.25
2024-04-27,,,,5.33,
2024-04-28,,,,5.33,
2024-04-29,5116.17,14.67,4.63,5.33,5.25
2024-04-30,5035.69,15.65,4.69,5.33,5.25
2024-05-01,5018.39,15.39,4.63,5.33,5.26
2024-05-02,5064.2,14.68,4.58,5.33,5.25
2024-05-03,5127.79,13.49,4.5,5.33,5.25
2024-05-04,,,,5.33,
2024-05-05,,,,5.33,
2024-05-06,5180.74,13.49,4.49,5.33,5.25
2024-05-07,5187.7,13.23,4.47,5.33,5.25
2024-05-08,5187.67,13.0,4.48,5.33,5.25
2024-05-09,5214.08,12.69,4.45,5.33,5.25
2024-05-10,5222.68,12.55,4.5,5.33,5.26
2024-05-11,,,,5.33,
2024-05-12,,,,5.33,
2024-05-13,5221.42,13.6,4.48,5.33,5.25
2024-05-14,5246.68,13.42,4.45,5.33,5.24
2024-05-15,5308.15,12.45,4.36,5.33,5.25
2024-05-16,5297.1,12.42,4.38,5.33,5.25
2024-05-17,5303.27,11.99,4.42,5.33,5.25
2024-05-18,,,,5.33,
2024-05-19,,,,5.33,
2024-05-20,5308.13,12.15,4.44,5.33,5.25
2024-05-21,5321.41,11.86,4.41,5.33,5.25
2024-05-22,5307.01,12.29,4.43,5.33,5.25
2024-05-23,5267.84,12.77,4.47,5.33,5.26
2024-05-24,5304.72,11.93,4.46,5.33,5.26
2024-05-25,,,,5.33,
2024-05-26,,,,5.33,
2024-05-27,,12.36,,5.33,
2024-05-28,5306.04,12.92,4.54,5.33,5.26
2024-05-29,5266.95,14.28,4.61,5.33,5.26
2024-05-30,5235.48,14.47,4.55,5.33,5.26
2024-05-31,5277.51,12.92,4.51,5.33,5.25
2024-06-01,,,,5.33,
2024-06-02,,,,5.33,
2024-06-03,5283.4,13.11,4.41,5.33,5.26
2024-06-04,5291.34,13.16,4.33,5.33,5.25
2024-06-05,5354.03,12.63,4.29,5.33,5.25
2024-06-06,5352.96,12.58,4.28,5.33,5.25
2024-06-07,5346.99,12.22,4.43,5.33,5.26
2024-06-08,,,,5.33,
2024-06-09,,,,5.33,
2024-06-10,5360.79,12.74,4.47,5.33,5.25
2024-06-11,5375.32,12.85,4.39,5.33,5.25
2024-06-12,5421.03,12.04,4.31,5.33,5.25
2024-06-13,5433.74,11.94,4.24,5.33,5.25
2024-06-14,5431.6,12.66,4.2,5.33,5.25
2024-06-15,,,,5.33,
2024-06-16,,,,5.33,
2024-06-17,5473.23,12.75,4.28,5.33,5.25
2024-06-18,5487.03,12.3,4.22,5.33,5.24
2024-06-19,,12.48,,5.33,
2024-06-20,5473.17,13.28,4.25,5.33,5.24
2024-06-21,5464.62,13.2,4.25,5.33,5.23
2024-06-22,,,,5.33,
2024-06-23,,,,5.33,
2024-06-24,5447.87,13.33,4.25,5.33,5.24
2024-06-25,5469.3,12.84,4.23,5.33,5.23
2024-06-26,5477.9,12.55,4.32,5.33,5.24
2024-06-27,5482.87,12.24,4.29,5.33,5.23
2024-06-28,5460.48,12.44,4.36,5.33,5.22
2024-06-29,,,,5.33,
2024-06-30,,,,5.33,
2024-07-01,5475.09,12.22,4.48,5.33,5.24
2024-07-02,5509.01,12.03,4.43,5.33,5.24
2024-07-03,5537.02,12.09,4.36,5.33,5.24
2024-07-04,,12.26,,5.33,
2024-07-05,5567.19,12.48,4.28,5.33,5.23
2024-07-06,,,,5.33,
2024-07-07,,,,5.33,
2024-07-08,5572.85,12.37,4.28,5.33,5.23
2024-07-09,5576.98,12.51,4.3,5.33,5.23
2024-07-10,5633.91,12.85,4.28,5.33,5.23
2024-07-11,5584.54,12.92,4.2,5.33,5.21
2024-07-12,5615.35,12.46,4.18,5.33,5.21
2024-07-13,,,,5.33,
2024-07-14,,,,5.33,
2024-07-15,5631.22,13.12,4.23,5.33,5.2
2024-07-16,5667.2,13.19,4.17,5.33,5.2
2024-07-17,5588.27,14.48,4.16,5.33,5.2
2024-07-18,5544.59,15.93,4.2,5.33,5.21
2024-07-19,5505.0,16.52,4.25,5.33,5.2
2024-07-20,,,,5.33,
2024-07-21,,,,5.33,
2024-07-22,5564.41,14.91,4.26,5.33,5.19
2024-07-23,5555.74,14.72,4.25,5.33,5.18
2024-07-24,5427.13,18.04,4.28,5.33,5.18
2024-07-25,5399.22,18.46,4.27,5.33,5.17
2024-07-26,5459.1,16.39,4.2,5.33,5.16
2024-07-27,,,,5.33,
2024-07-28,,,,5.33,
2024-07-29,5463.54,16.6,4.17,5.33,5.15
2024-07-30,5436.44,17.69,4.15,5.33,5.14
2024-07-31,5522.3,16.36,4.09,5.33,5.15
2024-08-01,5446.68,18.59,3.99,5.33,5.12
2024-08-02,5346.56,23.39,3.8,5.33,5.05
2024-08-03,,,,5.33,
2024-08-04,,,,5.33,
2024-08-05,5186.33,38.57,3.78,5.33,5.09
2024-08-06,5240.03,27.71,3.9,5.33,5.09
2024-08-07,5199.5,27.85,3.96,5.33,5.09
2024-08-08,5319.31,23.79,3.99,5.33,5.09
2024-08-09,5344.16,20.37,3.94,5.33,5.09
2024-08-10,,,,5.33,
2024-08-11,,,,5.33,
2024-08-12,5344.39,20.71,3.9,5.33,5.07
2024-08-13,5434.43,18.12,3.85,5.33,5.06
2024-08-14,5455.21,16.19,3.83,5.33,5.07
2024-08-15,5543.22,15.23,3.92,5.33,5.09
2024-08-16,5554.25,14.8,3.89,5.33,5.08
2024-08-17,,,,5.33,
2024-08-18,,,,5.33,
2024-08-19,5608.25,14.65,3.86,5.33,5.06
2024-08-20,5597.12,15.88,3.82,5.33,5.04
2024-08-21,5620.85,16.27,3.79,5.33,5.02
2024-08-22,5570.64,17.55,3.86,5.33,5.04
2024-08-23,5634.61,15.86,3.81,5.33,5.01
2024-08-24,,,,5.33,
2024-08-25,,,,5.33,
2024-08-26,5616.84,16.15,3.82,5.33,4.98
2024-08-27,5625.8,15.43,3.83,5.33,4.98
2024-08-28,5592.18,17.11,3.84,5.33,4.96
2024-08-29,5591.96,15.65,3.87,5.33,4.98
2024-08-30,5648.4,15.0,3.91,5.33,4.98
2024-08-31,,,,5.33,
2024-09-01,,,,5.33,
2024-09-02,,15.55,,5.33,
2024-09-03,5528.93,20.72,3.84,5.33,4.97
2024-09-04,5520.07,21.32,3.77,5.33,4.96
2024-09-05,5503.41,19.9,3.73,5.33,4.94
2024-09-06,5408.42,22.38,3.72,5.33,4.93
2024-09-07,,,,5.33,
2024-09-08,,,,5.33,
2024-09-09,5471.05,19.45,3.7,5.33,4.89
2024-09-10,5495.52,19.08,3.65,5.33,4.85
2024-09-11,5554.13,17.69,3.65,5.33,4.89
2024-09-12,5595.76,17.07,3.68,5.33,4.85
2024-09-13,5626.02,16.56,3.66,5.33,4.78
2024-09-14,,,,5.33,
2024-09-15,,,,5.33,
2024-09-16,5633.09,17.14,3.63,5.33,4.75
2024-09-17,5634.58,17.61,3.65,5.33,4.75
2024-09-18,5618.26,18.23,3.7,5.33,4.65
2024-09-19,5713.64,16.33,3.73,4.83,4.61
2024-09-20,5702.55,16.15,3.73,4.83,4.56
2024-09-21,,,,4.83,
2024-09-22,,,,4.83,
2024-09-23,5718.57,15.89,3.75,4.83,4.53
2024-09-24,5732.93,15.39,3.74,4.83,4.5
2024-09-25,5722.26,15.41,3.79,4.83,4.51
2024-09-26,5745.37,15.37,3.79,4.83,4.5
2024-09-27,5738.17,16.96,3.75,4.83,4.5
2024-09-28,,,,4.83,
2024-09-29,,,,4.83,
2024-09-30,5762.48,16.73,3.81,4.83,4.52
2024-10-01,5708.75,19.26,3.74,4.83,4.5
2024-10-02,5709.54,18.9,3.79,4.83,4.48
2024-10-03,5699.94,20.49,3.85,4.83,4.48
2024-10-04,5751.07,19.21,3.98,4.83,4.53
2024-10-05,,,,4.83,
2024-10-06,,,,4.83,
2024-10-07,5695.94,22.64,4.03,4.83,4.55
2024-10-08,5751.13,21.42,4.04,4.83,4.53
2024-10-09,5792.04,20.86,4.06,4.83,4.54
2024-10-10,5780.05,20.93,4.09,4.83,4.54
2024-10-11,5815.03,20.46,4.08,4.83,4.53
2024-10-12,,,,4.83,
2024-10-13,,,,4.83,
2024-10-14,5859.85,19.7,,4.83,
2024-10-15,5815.26,20.64,4.03,4.83,4.52
2024-10-16,5842.47,19.58,4.02,4.83,4.51
2024-10-17,5841.47,19.11,4.09,4.83,4.54
2024-10-18,5864.67,18.03,4.08,4.83,4.53
2024-10-19,,,,4.83,
2024-10-20,,,,4.83,
2024-10-21,5853.98,18.37,4.19,4.83,4.51
2024-10-22,5851.2,18.2,4.2,4.83,4.51
2024-10-23,5797.42,19.24,4.24,4.83,4.52
2024-10-24,5809.86,19.08,4.21,4.83,4.5
2024-10-25,5808.12,20.33,4.25,4.83,4.52
2024-10-26,,,,4.83,
2024-10-27,,,,4.83,
2024-10-28,5823.52,19.8,4.28,4.83,4.49
2024-10-29,5832.92,19.34,4.28,4.83,4.49
2024-10-30,5813.67,20.35,4.29,4.83,4.47
2024-10-31,5705.45,23.16,4.28,4.83,4.44
2024-11-01,5728.8,21.88,4.37,4.83,4.41
2024-11-02,,,,4.83,
2024-11-03,,,,4.83,
2024-11-04,5712.69,21.98,4.31,4.83,4.44
2024-11-05,5782.76,20.49,4.26,4.83,4.43
2024-11-06,5929.04,16.27,4.42,4.83,4.44
2024-11-07,5973.1,15.2,4.31,4.83,4.43
2024-11-08,5995.54,14.94,4.3,4.58,4.43
2024-11-09,,,,4.58,
2024-11-10,,,,4.58,
2024-11-11,6001.35,14.97,,4.58,
2024-11-12,5983.99,14.71,4.43,4.58,4.43
2024-11-13,5985.38,14.02,4.44,4.58,4.4
2024-11-14,5949.17,14.31,4.43,4.58,4.41
2024-11-15,5870.62,16.14,4.43,4.58,4.41
2024-11-16,,,,4.58,
2024-11-17,,,,4.58,
2024-11-18,5893.62,15.58,4.42,4.58,4.42
2024-11-19,5916.98,16.35,4.39,4.58,4.41
2024-11-20,5917.11,17.16,4.41,4.58,4.42
2024-11-21,5948.71,16.87,4.43,4.58,4.43
2024-11-22,5969.34,15.24,4.41,4.58,4.43
2024-11-23,,,,4.58,
2024-11-24,,,,4.58,
2024-11-25,5987.37,14.6,4.27,4.58,4.42
2024-11-26,6021.63,14.1,4.3,4.58,4.4
2024-11-27,5998.74,14.1,4.25,4.58,4.4
2024-11-28,,13.9,,4.58,
2024-11-29,6032.38,13.51,4.18,4.58,4.39
2024-11-30,,,,4.58,
2024-12-01,,,,4.58,
2024-12-02,6047.15,13.34,4.19,4.58,4.38
2024-12-03,6049.88,13.3,4.23,4.58,4.36
2024-12-04,6086.49,13.45,4.19,4.58,4.35
2024-12-05,6075.11,13.54,4.17,4.58,4.34
2024-12-06,6090.27,12.77,4.15,4.58,4.31
2024-12-07,,,,4.58,
2024-12-08,,,,4.58,
2024-12-09,6052.85,14.19,4.2,4.58,4.3
2024-12-10,6034.91,14.18,4.22,4.58,4.29
2024-12-11,6084.19,13.58,4.26,4.58,4.26
2024-12-12,6051.25,13.92,4.32,4.58,4.23
2024-12-13,6051.09,13.81,4.4,4.58,4.23
2024-12-14,,,,4.58,
2024-12-15,,,,4.58,
2024-12-16,6074.08,14.69,4.39,4.58,4.25
2024-12-17,6050.61,15.87,4.4,4.58,4.26
2024-12-18,5872.16,27.62,4.5,4.58,4.25
2024-12-19,5867.08,24.09,4.57,4.33,4.23
2024-12-20,5930.85,18.36,4.52,4.33,4.23
2024-12-21,,,,4.33,
2024-12-22,,,,4.33,
2024-12-23,5974.07,16.78,4.59,4.33,4.24
2024-12-24,6040.04,14.27,4.59,4.33,4.28
2024-12-25,,,,4.33,
2024-12-26,6037.59,14.73,4.58,4.33,4.24
2024-12-27,5970.84,15.95,4.62,4.33,4.19
2024-12-28,,,,4.33,
2024-12-29,,,,4.33,
2024-12-30,5906.94,17.4,4.55,4.33,4.23
2024-12-31,5881.63,17.35,4.58,4.33,4.23
2025-01-01,,,,4.33,
2025-01-02,5868.55,17.93,4.57,4.33,4.22
2025-01-03,5942.47,16.13,4.6,4.33,4.2
2025-01-04,,,,4.33,
2025-01-05,,,,4.33,
2025-01-06,5975.38,16.04,4.62,4.33,4.21
2025-01-07,5909.03,17.82,4.67,4.33,4.21
2025-01-08,5918.25,17.7,4.67,4.33,4.21
2025-01-09,,18.07,4.68,4.33,4.21
2025-01-10,5827.04,19.54,4.77,4.33,4.22
2025-01-11,,,,4.33,
2025-01-12,,,,4.33,
2025-01-13,5836.22,19.19,4.79,4.33,4.23
2025-01-14,5842.91,18.71,4.78,4.33,4.22
2025-01-15,5949.91,16.12,4.66,4.33,4.21
2025-01-16,5937.34,16.6,4.61,4.33,4.21
2025-01-17,5996.66,15.97,4.61,4.33,4.2
2025-01-18,,,,4.33,
2025-01-19,,,,4.33,
2025-01-20,,15.81,,4.33,
2025-01-21,6049.24,15.06,4.57,4.33,4.22
2025-01-22,6086.37,15.1,4.6,4.33,4.22
2025-01-23,6118.71,15.02,4.65,4.33,4.22
2025-01-24,6101.24,14.85,4.63,4.33,4.21
2025-01-25,,,,4.33,
2025-01-26,,,,4.33,
2025-01-27,6012.28,17.9,4.53,4.33,4.2
2025-01-28,6067.7,16.41,4.55,4.33,4.2
2025-01-29,6039.31,16.56,4.55,4.33,4.2
2025-01-30,6071.17,15.84,4.52,4.33,4.19
2025-01-31,6040.53,16.43,4.58,4.33,4.2
2025-02-01,,,,4.33,
2025-02-02,,,,4.33,
2025-02-03,5994.57,18.62,4.54,4.33,4.22
2025-02-04,6037.88,17.21,4.52,4.33,4.22
2025-02-05,6061.48,15.77,4.43,4.33,4.22
2025-02-06,6083.57,15.5,4.45,4.33,4.22
2025-02-07,6025.99,16.54,4.49,4.33,4.24
2025-02-08,,,,4.33,
2025-02-09,,,,4.33,
2025-02-10,6066.44,15.81,4.51,4.33,4.23
2025-02-11,6068.5,16.02,4.54,4.33,4.23
2025-02-12,6051.97,15.89,4.62,4.33,4.23
2025-02-13,6115.07,15.1,4.52,4.33,4.22
2025-02-14,6114.63,14.77,4.47,4.33,4.22
2025-02-15,,,,4.33,
2025-02-16,,,,4.33,
2025-02-17,,15.37,,4.33,
2025-02-18,6129.58,15.35,4.55,4.33,4.23
2025-02-19,6144.15,15.27,4.53,4.33,4.22
2025-02-20,6117.52,15.66,4.5,4.33,4.21
2025-02-21,6013.13,18.21,4.42,4.33,4.21
2025-02-22,,,,4.33,
2025-02-23,,,,4.33,
2025-02-24,5983.25,18.98,4.4,4.33,4.19
2025-02-25,5955.25,19.43,4.3,4.33,4.19
2025-02-26,5956.06,19.1,4.25,4.33,4.2
2025-02-27,5861.57,21.13,4.29,4.33,4.2
2025-02-28,5954.5,19.63,4.24,4.33,4.2
2025-03-01,,,,4.33,
2025-03-02,,,,4.33,
2025-03-03,5849.72,22.78,4.16,4.33,4.21
2025-03-04,5778.15,23.51,4.22,4.33,4.2
2025-03-05,5842.63,21.93,4.28,4.33,4.21
2025-03-06,5738.52,24.87,4.29,4.33,4.2
2025-03-07,5770.2,23.37,4.32,4.33,4.2
2025-03-08,,,,4.33,
2025-03-09,,,,4.33,
2025-03-10,5614.56,27.86,4.22,4.33,4.19
2025-03-11,5572.07,26.92,4.28,4.33,4.2
2025-03-12,5599.3,24.23,4.32,4.33,4.21
2025-03-13,5521.52,24.66,4.27,4.33,4.2
2025-03-14,5638.94,21.77,4.31,4.33,4.2
2025-03-15,,,,4.33,
2025-03-16,,,,4.33,
2025-03-17,5675.12,20.51,4.31,4.33,4.2
2025-03-18,5614.66,21.7,4.29,4.33,4.2
2025-03-19,5675.29,19.9,4.25,4.33,4.2
2025-03-20,5662.89,19.8,4.24,4.33,4.19
2025-03-21,5667.56,19.28,4.25,4.33,4.19
2025-03-22,,,,4.33,
2025-03-23,,,,4.33,
2025-03-24,5767.57,17.48,4.34,4.33,4.19
2025-03-25,5776.65,17.15,4.31,4.33,4.19
2025-03-26,5712.2,18.33,4.35,4.33,4.2
2025-03-27,5693.31,18.69,4.38,4.33,4.2
2025-03-28,5580.94,21.65,4.27,4.33,4.2
2025-03-29,,,,4.33,
2025-03-30,,,,4.33,
2025-03-31,5611.85,22.28,4.23,4.33,4.21
2025-04-01,5633.07,21.77,4.17,4.33,4.2
2025-04-02,5670.97,21.51,4.2,4.33,4.21
2025-04-03,5396.52,30.02,4.06,4.33,4.2
2025-04-04,5074.08,45.31,4.01,4.33,4.17
2025-04-05,,,,4.33,
2025-04-06,,,,4.33,
2025-04-07,5062.25,46.98,4.15,4.33,4.17
2025-04-08,4982.77,52.33,4.26,4.33,4.19
2025-04-09,5456.9,33.62,4.34,4.33,4.24
2025-04-10,5268.05,40.72,4.4,4.33,4.22
2025-04-11,5363.36,37.56,4.48,4.33,4.23
2025-04-12,,,,4.33,
2025-04-13,,,,4.33,
2025-04-14,5405.97,30.89,4.38,4.33,4.22
2025-04-15,5396.63,30.12,4.35,4.33,4.22
2025-04-16,5275.7,32.64,4.29,4.33,4.21
2025-04-17,5282.7,29.65,4.34,4.33,4.23
2025-04-18,,,,4.33,
2025-04-19,,,,4.33,
2025-04-20,,,,4.33,
2025-04-21,5158.2,33.82,4.42,4.33,4.22
2025-04-22,5287.76,30.57,4.41,4.33,4.22
2025-04-23,5375.86,28.45,4.4,4.33,4.22
2025-04-24,5484.77,26.47,4.32,4.33,4.21
2025-04-25,5525.21,24.84,4.29,4.33,4.21
2025-04-26,,,,4.33,
2025-04-27,,,,4.33,
2025-04-28,5528.75,25.15,4.23,4.33,4.2
2025-04-29,5560.83,24.17,4.19,4.33,4.2
2025-04-30,5569.06,24.7,4.17,4.33,4.2
2025-05-01,5604.14,24.6,4.25,4.33,4.2
2025-05-02,5686.67,22.68,4.33,4.33,4.22
2025-05-03,,,,4.33,
2025-05-04,,,,4.33,
2025-05-05,5650.38,23.64,4.36,4.33,4.22
2025-05-06,5606.91,24.76,4.3,4.33,4.22
2025-05-07,5631.28,23.55,4.26,4.33,4.22
2025-05-08,5663.94,22.48,4.37,4.33,4.23
2025-05-09,5659.91,21.9,4.37,4.33,4.22
2025-05-10,,,,4.33,
2025-05-11,,,,4.33,
2025-05-12,5844.19,18.39,4.45,4.33,4.31
2025-05-13,5886.55,18.22,4.49,4.33,4.29
2025-05-14,5892.58,18.62,4.53,4.33,4.29
2025-05-15,5916.93,17.83,4.45,4.33,4.27
2025-05-16,5958.38,17.24,4.43,4.33,4.25
2025-05-17,,,,4.33,
2025-05-18,,,,4.33,
2025-05-19,5963.6,18.14,4.46,4.33,4.28
2025-05-20,5940.46,18.09,4.48,4.33,4.26
2025-05-21,5844.61,20.87,4.58,4.33,4.24
2025-05-22,5842.01,20.28,4.54,4.33,4.25
2025-05-23,5802.82,22.29,4.51,4.33,4.24
2025-05-24,,,,4.33,
2025-05-25,,,,4.33,
2025-05-26,,20.57,,4.33,
2025-05-27,5921.54,18.96,4.43,4.33,4.24
2025-05-28,5888.55,19.31,4.47,4.33,4.24
2025-05-29,5912.17,19.18,4.43,4.33,4.25
2025-05-30,5911.69,18.57,4.41,4.33,4.25
2025-05-31,,,,4.33,
2025-06-01,,,,4.33,
2025-06-02,5935.94,18.36,4.46,4.33,4.25
2025-06-03,5970.37,17.69,4.46,4.33,4.24
2025-06-04,5970.81,17.61,4.37,4.33,4.25
2025-06-05,5939.3,18.48,4.4,4.33,4.25
2025-06-06,6000.36,16.77,4.51,4.33,4.25
2025-06-07,,,,4.33,
2025-06-08,,,,4.33,
2025-06-09,6005.88,17.16,4.49,4.33,4.25
2025-06-10,6038.81,16.95,4.47,4.33,4.26
2025-06-11,6022.24,17.26,4.41,4.33,4.26
2025-06-12,6045.26,18.02,4.36,4.33,4.27
2025-06-13,5976.97,20.82,4.41,4.33,4.26
2025-06-14,,,,4.33,
2025-06-15,,,,4.33,
2025-06-16,6033.11,19.11,4.46,4.33,4.24
2025-06-17,5982.72,21.6,4.39,4.33,4.23
2025-06-18,5980.87,20.14,4.38,4.33,4.23
2025-06-19,,22.17,,4.33,
2025-06-20,5967.84,20.62,4.38,4.33,4.21
2025-06-21,,,,4.33,
2025-06-22,,,,4.33,
2025-06-23,6025.17,19.83,4.34,4.33,4.19
2025-06-24,6092.18,17.48,4.3,4.33,4.19
2025-06-25,6092.16,16.76,4.29,4.33,4.19
2025-06-26,6141.02,16.59,4.26,4.33,4.21
2025-06-27,6173.07,16.32,4.29,4.33,4.2
2025-06-28,,,,4.33,
2025-06-29,,,,4.33,
2025-06-30,6204.95,16.73,4.24,4.33,4.24
2025-07-01,6198.01,16.83,4.26,4.33,4.24
2025-07-02,6227.42,16.64,4.3,4.33,4.24
2025-07-03,6279.35,16.38,4.35,4.33,4.26
2025-07-04,,17.48,,4.33,
2025-07-05,,,,4.33,
2025-07-06,,,,4.33,
2025-07-07,6229.98,17.79,4.4,4.33,4.26
2025-07-08,6225.52,16.81,4.42,4.33,4.26
2025-07-09,6263.26,15.94,4.34,4.33,4.26
2025-07-10,6280.46,15.78,4.35,4.33,4.25
2025-07-11,6259.75,16.4,4.43,4.33,4.25
2025-07-12,,,,4.33,
2025-07-13,,,,4.33,
2025-07-14,6268.56,17.2,4.43,4.33,4.26
2025-07-15,6243.76,17.38,4.5,4.33,4.25
2025-07-16,6263.7,17.16,4.46,4.33,4.24
2025-07-17,6297.36,16.52,4.47,4.33,4.24
2025-07-18,6296.79,16.41,4.44,4.33,4.24
2025-07-19,,,,4.33,
2025-07-20,,,,4.33,
2025-07-21,6305.6,16.65,4.38,4.33,4.24
2025-07-22,6309.62,16.5,4.35,4.33,4.24
2025-07-23,6358.91,15.37,4.4,4.33,4.25
2025-07-24,6363.35,15.39,4.43,4.33,4.25
2025-07-25,6388.64,14.93,4.4,4.33,4.25
2025-07-26,,,,4.33,
2025-07-27,,,,4.33,
2025-07-28,6389.77,15.03,4.42,4.33,4.24
2025-07-29,6370.86,15.98,4.34,4.33,4.24
2025-07-30,6362.9,15.48,4.38,4.33,4.25
2025-07-31,6339.39,16.72,4.37,4.33,4.24
2025-08-01,6238.01,20.38,4.23,4.33,4.19
2025-08-02,,,,4.33,
2025-08-03,,,,4.33,
2025-08-04,6329.94,17.52,4.22,4.33,4.16
2025-08-05,6299.19,17.85,4.22,4.33,4.16
2025-08-06,6345.06,16.77,4.22,4.33,4.14
2025-08-07,6340.0,16.57,4.23,4.33,4.14
2025-08-08,6389.45,15.15,4.27,4.33,4.14
2025-08-09,,,,4.33,
2025-08-10,,,,4.33,
2025-08-11,6373.45,16.25,4.27,4.33,4.15
2025-08-12,6445.76,14.73,4.29,4.33,4.14
2025-08-13,6466.58,14.49,4.24,4.33,4.11
2025-08-14,6468.54,14.83,4.29,4.33,4.12
2025-08-15,6449.8,15.09,4.33,4.33,4.12
2025-08-16,,,,4.33,
2025-08-17,,,,4.33,
2025-08-18,6449.15,14.99,4.34,4.33,4.14
2025-08-19,6411.37,15.57,4.3,4.33,4.12
2025-08-20,6395.78,15.69,4.29,4.33,4.12
2025-08-21,6370.17,16.6,4.33,4.33,4.14
2025-08-22,6466.91,14.22,4.26,4.33,4.1
2025-08-23,,,,4.33,
2025-08-24,,,,4.33,
2025-08-25,6439.32,14.79,4.28,4.33,4.1
2025-08-26,6465.94,14.62,4.26,4.33,4.1
2025-08-27,6481.4,14.85,4.24,4.33,4.08
2025-08-28,6501.86,14.43,4.22,4.33,4.08
2025-08-29,6460.26,15.36,4.23,4.33,4.05
2025-08-30,,,,4.33,
2025-08-31,,,,4.33,
2025-09-01,,16.12,,4.33,
2025-09-02,6415.54,17.17,4.28,4.33,4.05
2025-09-03,6448.26,16.35,4.22,4.33,4.03
2025-09-04,6502.08,15.3,4.17,4.33,4.01
2025-09-05,6481.5,15.18,4.1,4.33,3.92
2025-09-06,,,,4.33,
2025-09-07,,,,4.33,
2025-09-08,6495.15,15.11,4.05,4.33,3.95
2025-09-09,6512.61,15.04,4.08,4.33,3.95
2025-09-10,6532.04,15.35,4.04,4.33,3.94
2025-09-11,6587.47,14.71,4.01,4.33,3.94
2025-09-12,6584.29,14.76,4.06,4.33,3.94
2025-09-13,,,,4.33,
2025-09-14,,,,4.33,
2025-09-15,6615.28,15.69,4.05,4.33,3.91
2025-09-16,6606.76,16.36,4.04,4.33,3.9
2025-09-17,6600.35,15.72,4.06,4.33,3.88
2025-09-18,6631.96,15.7,4.11,4.08,3.89
2025-09-19,6664.36,15.45,4.14,4.08,3.89
2025-09-20,,,,4.08,
2025-09-21,,,,4.08,
2025-09-22,6693.75,16.1,4.15,4.09,3.86
2025-09-23,6656.92,16.64,4.12,4.09,3.86
2025-09-24,6637.97,16.18,4.16,4.09,3.87
2025-09-25,6604.72,16.74,4.18,4.09,3.89
2025-09-26,6643.7,15.29,4.2,4.09,3.87
2025-09-27,,,,4.09,
2025-09-28,,,,4.09,
2025-09-29,6661.21,16.12,4.15,4.09,3.86
2025-09-30,6688.46,16.28,4.16,4.09,3.86
2025-10-01,6711.2,16.29,4.12,4.09,3.85
2025-10-02,6715.35,16.63,4.1,4.09,3.86
2025-10-03,6715.79,16.65,4.13,4.09,3.87
2025-10-04,,,,4.09,
2025-10-05,,,,4.09,
2025-10-06,6740.28,16.37,4.18,4.09,3.86
2025-10-07,6714.59,17.24,4.14,4.09,3.85
2025-10-08,6753.72,16.3,4.13,4.1,3.85
2025-10-09,6735.11,16.43,4.14,4.1,3.87
2025-10-10,6552.51,21.66,4.05,4.1,3.86
2025-10-11,,,,4.1,
2025-10-12,,,,4.1,
2025-10-13,6654.72,19.03,,4.1,
2025-10-14,6644.31,20.81,4.03,4.1,3.85
2025-10-15,6671.06,20.64,4.05,4.1,3.87
2025-10-16,6629.07,25.31,3.99,4.11,3.86
2025-10-17,6664.01,20.78,4.02,4.11,3.84
2025-10-18,,,,4.11,
2025-10-19,,,,4.11,
2025-10-20,6735.13,18.23,4.0,4.11,3.81
2025-10-21,6735.35,17.87,3.98,4.11,3.8
2025-10-22,6699.4,18.6,3.97,4.11,3.8
2025-10-23,6738.44,17.3,4.01,4.11,3.8
2025-10-24,6791.69,16.37,4.02,4.11,3.77
2025-10-25,,,,4.11,
2025-10-26,,,,4.11,
2025-10-27,6875.16,15.79,4.01,4.12,3.73
2025-10-28,6890.89,16.42,3.99,4.12,3.73
2025-10-29,6890.59,16.92,4.08,4.12,3.77
2025-10-30,6822.34,16.91,4.11,3.87,3.76
2025-10-31,6840.2,17.44,4.11,3.86,3.73
2025-11-01,,,,3.86,
2025-11-02,,,,3.86,
2025-11-03,6851.97,17.17,4.13,3.87,3.82
2025-11-04,6771.55,19.0,4.1,3.87,3.8
2025-11-05,6796.29,18.01,4.17,3.87,3.8
2025-11-06,6720.32,19.5,4.11,3.87,3.77
2025-11-07,6728.8,19.08,4.11,3.87,3.77
2025-11-08,,,,3.87,
2025-11-09,,,,3.87,
2025-11-10,6832.43,17.6,4.13,3.87,3.79
2025-11-11,6846.61,17.28,,3.87,
2025-11-12,6850.92,17.51,4.08,3.87,3.79
2025-11-13,6737.49,20.0,4.11,3.88,3.8
2025-11-14,6734.11,19.83,4.14,3.88,3.8
2025-11-15,,,,3.88,
2025-11-16,,,,3.88,
2025-11-17,6672.41,22.38,4.13,3.88,3.8
2025-11-18,6617.32,24.69,4.12,3.88,3.78
2025-11-19,6642.16,23.66,4.13,3.88,3.79
2025-11-20,6538.76,26.42,4.1,3.88,3.78
2025-11-21,6602.99,23.43,4.06,3.88,3.75
2025-11-22,,,,3.88,
2025-11-23,,,,3.88,
2025-11-24,6705.12,20.52,4.04,3.88,3.75
2025-11-25,6765.88,18.56,4.01,3.88,3.74
2025-11-26,6812.61,17.19,4.0,3.88,3.76
2025-11-27,,17.21,,3.88,
2025-11-28,6849.09,16.35,4.02,3.89,3.73
2025-11-29,,,,3.89,
2025-11-30,,,,3.89,
2025-12-01,6812.63,17.24,4.09,3.89,3.71
2025-12-02,6829.37,16.59,4.09,3.89,3.68
2025-12-03,6849.72,16.08,4.06,3.89,3.64
2025-12-04,6857.12,15.78,4.11,3.89,3.63
2025-12-05,6870.4,15.41,4.14,3.89,3.62
2025-12-06,,,,3.89,
2025-12-07,,,,3.89,
2025-12-08,6846.51,16.66,4.17,3.89,3.64
2025-12-09,6840.51,16.93,4.18,3.89,3.64
2025-12-10,6886.68,15.77,4.13,3.89,3.6
2025-12-11,6901.0,14.85,4.14,3.64,3.58
2025-12-12,6827.41,15.74,4.19,3.64,3.54
2025-12-13,,,,3.64,
2025-12-14,,,,3.64,
2025-12-15,6816.51,16.5,4.18,3.64,3.56
2025-12-16,6800.26,16.48,4.15,3.64,3.56
2025-12-17,6721.43,17.62,4.16,3.64,3.55
2025-12-18,6774.76,16.87,4.12,3.64,3.53
2025-12-19,6834.5,14.91,4.16,3.64,3.54
2025-12-20,,,,3.64,
2025-12-21,,,,3.64,
2025-12-22,6878.49,14.08,4.17,3.64,3.56
2025-12-23,6909.79,14.0,4.18,3.64,3.56
2025-12-24,6932.05,13.47,4.15,3.64,3.6
2025-12-25,,,,3.64,
2025-12-26,6929.94,13.6,4.14,3.64,3.56
2025-12-27,,,,3.64,
2025-12-28,,,,3.64,
2025-12-29,6905.74,14.2,4.12,3.64,3.57
2025-12-30,6896.24,14.33,4.14,3.64,3.55
2025-12-31,6845.5,14.95,4.18,3.64,3.57
2026-01-01,,,,3.64,
2026-01-02,6858.47,14.51,4.19,3.64,3.54
2026-01-03,,,,3.64,
2026-01-04,,,,3.64,
2026-01-05,6902.05,14.9,4.17,3.64,3.54
2026-01-06,6944.82,14.75,4.18,3.64,3.53
2026-01-07,6920.93,15.38,4.15,3.64,3.52
2026-01-08,6921.46,15.45,4.19,3.64,3.52
2026-01-09,6966.28,14.49,4.18,3.64,3.52
2026-01-10,,,,3.64,
2026-01-11,,,,3.64,
2026-01-12,6977.27,15.12,4.19,3.64,3.56
2026-01-13,6963.74,15.98,4.18,3.64,3.57
2026-01-14,6926.6,16.75,4.15,3.64,3.57
2026-01-15,6944.47,15.84,4.17,3.64,3.57
2026-01-16,6940.01,15.86,4.24,3.64,3.57
2026-01-17,,,,3.64,
2026-01-18,,,,3.64,
2026-01-19,,18.84,,3.64,
2026-01-20,6796.86,20.09,,,
