event_id,time_utc,magnitude,place,felt_reports,tsunami_flag,significance,longitude,latitude,depth_km
tx2023zowv,2023-12-30 21:50:16,3.2,"38 km WSW of Mentone, Texas",,0,158,-103.988,31.619,7.5198
us6000m0ps,2023-12-30 21:01:12,3,"2 km S of Gillette, Wyoming",,0,138,-105.5014,44.2658,0
us6000m0pm,2023-12-30 20:38:48,3.4,"25 km ESE of Wright, Wyoming",,0,178,-105.1918,43.6927,0
tx2023zoue,2023-12-30 20:28:48,3.5,"34 km NNW of Toyah, Texas",,0,188,-103.953,31.594,7.674
tx2023zosh,2023-12-30 19:32:33,3.9,"36 km WSW of Mentone, Texas",2,0,234,-103.975,31.616,7.7383
tx2023zorb,2023-12-30 18:54:54,3.1,"36 km WSW of Mentone, Texas",,0,148,-103.969,31.614,7.1085
tx2023zoqq,2023-12-30 18:42:09,3.3,"36 km WSW of Mentone, Texas",,0,168,-103.969,31.614,7.1599
us6000m0l5,2023-12-30 09:24:48,3.2,"13 km WSW of Notre-Dame-du-Mont-Carmel, Canada",94,0,200,-75.2458,45.9704,9.428
ci40452647,2023-12-30 08:29:11,3.42,"15 km W of Searles Valley, CA",18,0,187,-117.5703333,35.7473333,4.46
ci40452607,2023-12-30 02:26:27,3.52,"25 km SSW of Bodfish, CA",33,0,204,-118.6451667,35.4003333,5.21
nc73982331,2023-12-29 07:10:11,3.41,"6 km NW of The Geysers, CA",49,0,199,-122.7988333,38.814,2.08
nc73981856,2023-12-27 20:05:40,3.07,"8 km NW of Avila Beach, CA",145,0,207,-120.784,35.2355,6.22
nm60563441,2023-12-27 17:46:56,3.8,"6 km NE of Etowah, Arkansas",487,0,456,-90.1908333333333,35.7716666666667,11.2
ci40451791,2023-12-27 17:25:29,3.32,"20 km E of Little Lake, CA",6,0,171,-117.684,35.9253333,2.57
ci40451647,2023-12-27 12:08:20,3.18,"20 km E of Little Lake, CA",1,0,156,-117.6818333,35.9288333,2.76
us6000lzxb,2023-12-26 21:01:05,3.3,"13 km ENE of Wright, Wyoming",,0,168,-105.3454,43.8016,0
uw61977871,2023-12-24 15:14:04,4.04,"6 km W of Quilcene, Washington",887,0,553,-122.96,47.81966666666667,52.39
us7000ll4k,2023-12-23 20:04:46,3.2,"35 km ESE of Wright, Wyoming",,0,158,-105.0892,43.6134,0
ci40449927,2023-12-23 15:42:07,3.05,"14 km SSW of Joshua Tree, CA",25,0,153,-116.3435,34.0125,3.66
ci40449799,2023-12-23 05:52:22,3.43,"3 km SE of Huntington Beach, CA",3493,0,561,-117.9773333,33.6798333,13.03
us7000lky4,2023-12-22 19:01:22,3,"19 km NNE of Maeser, Utah",,0,138,-109.4862,40.633,0
tx2023yyve,2023-12-22 02:49:18,3.6,"18 km NE of Hermleigh, Texas",9,0,203,-100.636,32.764,8.6325
us7000lkr5,2023-12-21 21:56:51,3.5,"13 km SE of Wright, Wyoming",,0,188,-105.3702,43.6709,0
ci40449327,2023-12-21 21:29:27,3.24,"48 km SW of Primo Tapia, B.C., MX",1,0,162,-117.2583333,31.9036667,21.66
us7000lkkf,2023-12-21 11:45:28,3.1,"7 km E of Assaria, Kansas",22,0,156,-97.5236,38.6682,3.16
us7000lkhu,2023-12-20 23:48:28,3.5,"9 km E of Cuba, New Mexico",2,0,189,-106.8525,36.017,11.457
us7000lkfa,2023-12-20 18:26:04,3.3,"23 km WSW of Birney, Montana",,0,168,-106.7637,45.2064,0
tx2023ywba,2023-12-20 14:19:17,3.5,"17 km SSE of Ackerly, Texas",3,0,189,-101.635,32.385,6.2849
tx2023yuhg,2023-12-19 15:14:52,3.4,"41 km NW of Toyah, Texas",,0,178,-104.146,31.538,9.5507
nn00870301,2023-12-19 09:31:41,3.4,"7 km ESE of Spanish Springs, Nevada",550,0,403,-119.6312,39.6184,7
us7000ljyj,2023-12-18 23:55:11,3.8,"31 km S of Segundo, Colorado",4,0,224,-104.8009,36.8446,6.816
nm60562761,2023-12-18 04:10:33,3.07,"5 km WNW of Waltonville, Illinois",425,0,328,-89.0951666666667,38.2325,16.71
us7000ljrk,2023-12-17 23:13:51,3.6,"14 km ENE of Wright, Wyoming",,0,199,-105.333,43.8049,0
us7000ljqr,2023-12-17 20:19:14,4,"93 km NNW of Saint-Boniface, Canada",,0,246,-76.6533,47.2078,9.892
tx2023yqyv,2023-12-17 19:34:55,3.9,"36 km WSW of Mentone, Texas",1,0,234,-103.968,31.618,6.71
tx2023yqoy,2023-12-17 14:35:04,3.6,"56 km SSW of Whites City, New Mexico",0,0,199,-104.535,31.68,5.7717
us7000ljjx,2023-12-16 18:58:48,3.3,"19 km ENE of Wright, Wyoming",,0,168,-105.2678,43.8179,0
us7000ljdi,2023-12-15 20:09:27,3.3,"29 km SE of Wright, Wyoming",,0,168,-105.229,43.5618,0
tx2023ykca,2023-12-14 01:14:48,3.8,"17 km NE of Hermleigh, Texas",7,0,225,-100.643,32.759,7.8744
tx2023yjji,2023-12-13 15:47:58,3.8,"48 km W of Mentone, Texas",,0,222,-104.112,31.737,7.4684
nc73975501,2023-12-13 06:52:19,3.5,"2 km NNE of The Geysers, CA",25,0,198,-122.746,38.7968333,0.34
tx2023yicg,2023-12-12 23:05:36,3.3,"51 km SSW of Whites City, New Mexico",,0,168,-104.541,31.729,5.4117
tx2023yhxe,2023-12-12 20:31:11,3.4,"55 km S of Whites City, New Mexico",,0,178,-104.388,31.675,7.0571
tx2023ygzx,2023-12-12 08:45:14,3.1,"49 km W of Mentone, Texas",,0,148,-104.115,31.739,6.093
tx2023ygzh,2023-12-12 08:27:14,3.1,"49 km W of Mentone, Texas",,0,148,-104.115,31.738,6.0802
tx2023ygpd,2023-12-12 03:18:22,3.6,"41 km W of Mentone, Texas",,0,199,-104.028,31.656,6.7614
tx2023ygot,2023-12-12 03:07:25,3.1,"48 km W of Mentone, Texas",,0,148,-104.112,31.737,6.7614
us7000li9b,2023-12-11 22:29:09,3,"31 km SSE of Wright, Wyoming",,0,138,-105.3961,43.4731,0
nc73974566,2023-12-11 14:19:51,3.35,"4 km ENE of East Quincy, CA",81,0,210,-120.8488333,39.948,-0.13
tx2023yfmm,2023-12-11 12:51:06,3.1,"48 km W of Mentone, Texas",,0,148,-104.112,31.738,6.0802
us7000lhzm,2023-12-10 22:10:48,3,"11 km ESE of Wakonda, South Dakota",48,0,156,-96.9668,42.9843,5
us7000lhza,2023-12-10 20:19:39,3.1,"19 km SE of Wright, Wyoming",,0,148,-105.3025,43.6428,0
us7000lhz1,2023-12-10 19:31:18,3.5,"10 km NNE of Guide Rock, Nebraska",28,0,202,-98.3057,40.1666,5
ci40618288,2023-12-09 21:44:53,3.12,"14 km WNW of Calipatria, CA",4,0,151,-115.6563333,33.1616667,3.35
ci40618200,2023-12-09 20:04:46,3.31,"14 km WNW of Calipatria, CA",3,0,170,-115.657,33.1655,3.25
us7000lhqi,2023-12-09 11:20:55,4.1,"81 km N of Santa Rosalía, Mexico",,0,259,-112.189,28.0706,10
ci40617784,2023-12-08 23:58:18,3.25,"14 km SSW of Joshua Tree, CA",47,0,177,-116.344,34.0128333,3.06
us7000lhmj,2023-12-08 23:21:52,3.9,"13 km NNE of Tetonia, Idaho",117,0,288,-111.0723,43.92,9.987
us7000lh9j,2023-12-08 07:46:28,3.1,"21 km WNW of Stanley, Idaho",1,0,148,-115.1953,44.2849,10
us7000lh5u,2023-12-07 21:00:44,3.4,"2 km NNE of Wright, Wyoming",,0,178,-105.475,43.7723,0
nc73972711,2023-12-07 06:16:51,3.7,"25 km SSW of Los Banos, CA",69,0,234,-120.9696667,36.8508333,6.53
ci40616768,2023-12-06 04:30:22,3.65,"11 km E of Ocotillo, CA",25,0,213,-115.8783333,32.737,9.29
ci40616744,2023-12-06 04:11:51,3.43,"11 km E of Ocotillo, CA",6,0,183,-115.878,32.7378333,7.27
tx2023xvma,2023-12-06 01:14:33,3.1,"55 km NW of Toyah, Texas",,0,148,-104.193,31.679,6.1316
us7000lgj5,2023-12-05 21:53:56,3.1,"19 km NNE of Maeser, Utah",,0,148,-109.5107,40.643,0
tx2023xtxe,2023-12-05 04:35:01,3,"63 km SSW of Whites City, New Mexico",,0,138,-104.515,31.614,6.7743
ci40616032,2023-12-05 04:09:58,3.33,"2 km E of Fullerton, CA",4307,0,551,-117.908,33.8783333,9.84
tx2023xtoh,2023-12-05 00:04:08,3,"56 km S of Whites City, New Mexico",,0,138,-104.384,31.666,6.4401
tx2023xtoa,2023-12-04 23:59:09,4,"56 km S of Whites City, New Mexico",7,0,248,-104.376,31.666,6.5943
us7000lg8e,2023-12-04 22:07:19,3.2,"6 km NNW of Oliver, Canada",60,0,186,-119.5738,49.2406,8.058
tx2023xthw,2023-12-04 20:52:39,3.3,western Texas,2,0,168,-104.377,31.678,6.9542
tx2023xtgo,2023-12-04 20:13:29,3,"52 km S of Whites City, New Mexico",1,0,139,-104.294,31.705,7.2884
tx2023xtdf,2023-12-04 18:32:04,3.2,"28 km SW of Garden City, Texas",4,0,159,-101.706,31.687,3.6927
nc73971566,2023-12-04 05:47:02,3.49,"24 km WSW of Big Pine, CA",14,0,193,-118.5315,37.0655,10.46
tx2023xoil,2023-12-02 03:29:11,3.3,"15 km NE of Hermleigh, Texas",3,0,169,-100.657,32.749,9.1216
tx2023xnzz,2023-12-01 23:12:42,3.4,"61 km S of Whites City, New Mexico",,0,178,-104.399,31.624,8.2657
us7000lf7g,2023-12-01 19:09:18,3.4,"16 km ENE of Wright, Wyoming",,0,178,-105.2898,43.7848,0
ci39720890,2023-12-01 15:51:26,3.3,"11 km E of Ocotillo, CA",3,0,169,-115.8793333,32.7363333,7.32
ci39720842,2023-12-01 13:12:15,3.22,"11 km E of Ocotillo, CA",1,0,160,-115.8756667,32.736,7.09
ci39720706,2023-12-01 07:43:27,4.8,"11 km E of Ocotillo, CA",1085,1,894,-115.8728333,32.7518333,8.69
ci39720698,2023-12-01 07:35:43,3.18,"12 km E of Ocotillo, CA",11,0,160,-115.869,32.7515,8.62
uu60555582,2023-12-01 07:16:47,3.86,"13 km SSE of Kanarraville, Utah",286,0,338,-113.1191667,37.4328333,11.43
ci39719898,2023-11-29 23:35:30,3.08,"4 km NE of Banning, CA",69,0,167,-116.848,33.9543333,8.75
tx2023xhsx,2023-11-28 12:49:34,3,"31 km WSW of Ackerly, Texas",,0,138,-102.029,32.418,8.5347
ci39718786,2023-11-28 10:19:55,3.24,"15 km ENE of Borrego Springs, CA",12,0,166,-116.2171667,33.2828333,11.56
ci39718738,2023-11-28 07:59:39,3.5,"4 km NE of Big Bear City, CA",96,0,225,-116.8188333,34.292,7.22
us7000le8s,2023-11-28 04:11:07,4.2,"56 km SW of San Carlos, Mexico",6,0,274,-111.4402,27.5951,10
ci39718330,2023-11-27 10:37:40,3.49,"12 km SE of Bodfish, CA",42,0,205,-118.383,35.5223333,6.38
uu60555092,2023-11-25 16:20:04,3.26,"23 km SW of Woodruff, Utah",2,0,164,-111.2981667,41.3446667,-3.37
tx2023xceu,2023-11-25 12:00:23,3.2,"61 km S of Whites City, New Mexico",,0,158,-104.366,31.624,6.5429
us6000lqn6,2023-11-25 07:05:50,3.4,"3 km NNW of Bennington, Kansas",31,0,192,-97.6126,39.0595,9.387
uw61973581,2023-11-24 08:16:16,3.09,"4 km WSW of Deer Island, Oregon",202,0,212,-122.88966666666667,45.90983333333333,20.03
tx2023wzka,2023-11-23 23:14:34,4.2,"31 km WSW of Ackerly, Texas",5,0,273,-102.019,32.409,7.6054
us6000lqcr,2023-11-23 21:35:17,3.6,"18 km ENE of Wright, Wyoming",,0,199,-105.2862,43.8279,0
tx2023wyva,2023-11-23 15:40:17,3.4,"54 km SSW of Whites City, New Mexico",0,0,178,-104.563,31.711,6.6272
us6000lq59,2023-11-22 20:12:54,3.4,"17 km ESE of Wright, Wyoming",,0,178,-105.2781,43.7199,0
us6000lq4z,2023-11-22 19:01:16,3.1,"8 km E of Wright, Wyoming",,0,148,-105.3915,43.7493,0
us6000lq4k,2023-11-22 17:55:05,3.4,"31 km NNE of Ranchester, Wyoming",,0,178,-106.9539,45.1495,0
nc73965951,2023-11-22 15:49:00,3.17,"8 km NNW of Ferndale, CA",133,0,198,-124.313,40.6333333,22.72
tx2023wvjv,2023-11-21 18:34:40,3.2,"63 km SSW of Whites City, New Mexico",,0,158,-104.525,31.613,6.1573
tx2023wsuz,2023-11-20 08:50:03,3,"55 km S of Whites City, New Mexico",,0,138,-104.397,31.672,6.7486
tx2023wruq,2023-11-19 19:31:45,3.6,"57 km SSW of Whites City, New Mexico",,0,199,-104.535,31.672,5.5146
nc73964546,2023-11-19 13:26:24,3.24,"35 km S of Willow Creek, CA",5,0,163,-123.6251667,40.6243333,22.72
us6000lq0q,2023-11-19 02:33:54,3,"15 km S of Forestville, Canada",,0,138,-69.1172,48.598,9.96
tx2023wpos,2023-11-18 14:16:11,3.5,"16 km NE of Hermleigh, Texas",5,0,190,-100.658,32.761,9.195
us6000lp70,2023-11-17 19:08:36,3.4,"18 km NE of Wright, Wyoming",,0,178,-105.315,43.8519,0
ci39714146,2023-11-17 09:40:28,3.35,"7 km N of Delta, B.C., MX",,0,173,-115.1981667,32.415,11.43
uw61972566,2023-11-17 00:47:40,3.39,"2 km SSE of Stanwood, Washington",464,0,335,-122.3595,48.224833333333336,16.98
us6000lnp2,2023-11-15 21:03:48,3.5,"14 km ENE of Wright, Wyoming",,0,188,-105.3294,43.805,0
tx2023wjvs,2023-11-15 10:58:32,3.5,"24 km SW of Coyanosa, Texas",3,0,190,-103.265,31.1,0.0902
us6000lnhy,2023-11-15 10:41:55,3.6,"1 km SSW of Standard, Illinois",654,0,494,-89.1858,41.2402,5.688
nc73962521,2023-11-13 17:54:51,3.23,"9 km N of Big Pine, CA",15,0,165,-118.2753333,37.2473333,12.75
us7000lale,2023-11-13 07:07:48,4.5,"81 km W of Las Grullas Margen Derecha, Mexico",,0,312,-110.139,25.7449,10
tx2023wfhu,2023-11-12 23:21:56,3.5,"22 km WNW of Stanton, Texas",11,0,193,-101.997,32.224,8.9749
us7000lajk,2023-11-12 23:17:12,3,"14 km ESE of Wright, Wyoming",,0,138,-105.3288,43.6941,0
us7000ladt,2023-11-11 20:01:26,3.3,"42 km E of Wright, Wyoming",,0,168,-104.9644,43.7683,0
nc73961261,2023-11-11 03:15:24,4.1,"46 km WNW of Petrolia, CA",171,0,305,-124.8208333,40.417,17.42
us7000la9a,2023-11-11 00:18:41,4,"4 km NW of Bennington, Kansas",258,0,398,-97.635,39.0549,5
us7000la80,2023-11-10 21:03:00,3.2,"20 km NE of Wright, Wyoming",,0,158,-105.2941,43.8704,0
uw61971621,2023-11-10 20:33:49,3.11,"39 km WNW of Yachats, Oregon",8,0,151,-124.58333333333333,44.3915,29.71
nn00868733,2023-11-10 15:30:44,4.3,"31 km SE of Mina, Nevada",1,0,285,-117.8543,38.1859,12.7
tx2023vzhg,2023-11-09 16:19:36,3.1,"56 km SSW of Whites City, New Mexico",3,0,149,-104.527,31.679,5.1032
tx2023vyqk,2023-11-09 07:46:55,3,"40 km W of Mentone, Texas",,0,138,-104.017,31.641,6.093
tx2023vxai,2023-11-08 10:30:06,3.2,"38 km NNW of Toyah, Texas",1,0,158,-103.994,31.613,7.5841
tx2023vxae,2023-11-08 10:27:49,5.2,"Coalson Draw, Texas",1640,0,1026,-103.982,31.622,7.417
nn00868574,2023-11-08 03:41:39,3,"21 km ESE of Schurz, Nevada",3,0,139,-118.5834,38.8839,11.8
nn00868546,2023-11-07 17:57:19,3,California-Nevada border region,3,0,139,-118.586,38.8848,11
tx2023vury,2023-11-07 04:02:46,3.4,"57 km S of Whites City, New Mexico",1,0,178,-104.311,31.664,6.1316
us7000l985,2023-11-06 21:13:00,3.4,"9 km ESE of Wright, Wyoming",,0,178,-105.3758,43.73,0
us7000l97m,2023-11-06 19:46:37,3,"32 km SW of Birney, Montana",,0,138,-106.802,45.1053,0
nc73956640,2023-11-06 01:51:05,3.35,"6 km SW of Canyondam, CA",16,0,178,-121.1141667,40.1288333,0.87
ci39708250,2023-11-05 05:12:57,3.87,"16 km W of Imperial, CA",34,0,243,-115.7388333,32.8643333,13.16
tx2023vqus,2023-11-05 00:49:51,4.1,"20 km N of Stanton, Texas",15,0,266,-101.827,32.309,6.9941
tx2023vqsh,2023-11-04 23:39:55,4.1,"20 km N of Stanton, Texas",24,0,277,-101.828,32.312,6.7251
us7000l8sp,2023-11-04 01:28:02,3.2,"7 km N of Bennington, Kansas",26,0,167,-97.5843,39.0985,10
ci39706674,2023-11-03 20:12:18,4.02,"7 km ESE of Ojai, CA",789,0,612,-119.1696667,34.4215,6.91
tx2023vmtn,2023-11-02 19:39:10,3.3,"18 km SE of Ackerly, Texas",2,0,168,-101.588,32.403,4.4752
tx2023vmry,2023-11-02 18:54:18,3.1,"58 km S of Whites City, New Mexico",,0,148,-104.293,31.655,7.5712
tx2023vmnw,2023-11-02 16:51:29,3.3,"22 km WNW of Stanton, Texas",5,0,169,-102.004,32.222,8.388
uu60553437,2023-11-02 10:45:21,3.17,"4 km NNE of Richfield, Utah",167,0,218,-112.064,38.8136667,11.56
us7000l7zl,2023-11-01 02:38:59,3.5,"16 km WNW of Stanley, Idaho",7,0,191,-115.134,44.2623,6.439
us7000l7x1,2023-10-31 20:31:21,3.4,"25 km SE of Wright, Wyoming",,0,178,-105.2897,43.5741,0
us7000l7wv,2023-10-31 20:07:09,3.3,"14 km ESE of Wright, Wyoming",,0,168,-105.3264,43.7117,0
nn00868173,2023-10-31 02:18:25,3.2,"29 km ENE of Bridgeport, California",1,0,158,-118.913,38.3455,10.5
ci40591304,2023-10-30 12:31:38,3.41,"22 km SSW of La Quinta, CA",166,0,242,-116.4226667,33.4843333,5.45
tx2023veka,2023-10-29 05:51:53,3.3,"56 km S of Whites City, New Mexico",2,0,168,-104.372,31.665,7.1085
ci40590352,2023-10-28 17:54:38,3,"10 km SSE of Alberto Oviedo Mota, B.C., MX",,0,138,-115.1353333,32.1413333,10.2
nc73952610,2023-10-28 05:49:49,3.29,"5 km NNW of Walker, CA",18,0,173,-119.5061667,38.5536667,4.9
nc73952605,2023-10-28 05:40:18,4.24,"5 km NNW of Walker, CA",299,0,399,-119.5103333,38.5571667,4.46
nc73952475,2023-10-28 01:38:31,3.67,"2 km NNE of Millbrae, CA",16471,0,677,-122.377,37.6178333,11.61
uw61959867,2023-10-28 01:29:59,3.0100000000000002,"1 km NE of Gorst, Washington",334,0,293,-122.69583333333334,47.534166666666664,21.6
tx2023vatq,2023-10-27 06:10:55,3.3,"36 km NNW of Toyah, Texas",0,0,168,-103.973,31.61,8.3296
us7000l6ml,2023-10-26 20:03:28,3.4,"10 km ESE of Wright, Wyoming",,0,178,-105.3755,43.7178,0
ci40588312,2023-10-26 16:39:56,3.47,"15 km NE of Little Lake, CA",1,0,185,-117.771,36.0178333,1.78
nn00867904,2023-10-26 16:37:43,3.8,"44 km ENE of Fort Bidwell, California",,0,222,-119.627,41.9509,1.3
us7000l62b,2023-10-24 19:58:19,3.3,"12 km NE of Wright, Wyoming",,0,168,-105.3803,43.8346,0
uw61958757,2023-10-23 02:41:45,3.0500000000000003,"Puget Sound region, Washington",214,0,224,-122.69716666666666,47.4075,29.4
tx2023uqvs,2023-10-21 19:51:33,3,western Texas,,0,138,-103.996,31.721,6.7357
us6000lh4t,2023-10-21 09:17:19,3.6,"208 km SE of Surfside Beach, Texas",,0,199,-93.8739,27.5429,9.947
nm60556241,2023-10-21 02:59:33,3.26,"9 km SSE of Ridgely, Tennessee",262,0,284,-89.4516666666667,36.1868333333333,11.26
tx2023upgr,2023-10-20 23:07:28,3.7,"8 km SW of Falls City, Texas",19,0,220,-98.067,28.923,7.0127
us6000lgzk,2023-10-20 17:50:58,3.2,"21 km SSE of Antelope Valley-Crestview, Wyoming",,0,158,-105.3857,44.0455,0
nn00867659,2023-10-20 15:59:25,3.1,"6 km ESE of Spanish Springs, Nevada",100,0,178,-119.638,39.6274,10.1
nn00867596,2023-10-19 07:43:04,3.6,Nevada,259,0,303,-119.6343,39.621,10.5
tx2023ulrs,2023-10-19 00:09:57,3.5,"62 km SSW of Whites City, New Mexico",,0,188,-104.507,31.627,7.5198
us6000lggc,2023-10-18 20:57:19,3.2,"15 km E of Wright, Wyoming",,0,158,-105.3012,43.7789,0
us6000lgfd,2023-10-18 19:04:01,3,"33 km SW of Birney, Montana",,0,138,-106.7599,45.0737,0
nn00867575,2023-10-18 18:26:54,3.6,Nevada,446,0,382,-119.6313,39.6241,11.6
nc73948665,2023-10-18 16:29:14,4.24,"5 km SW of Isleton, CA",7899,0,817,-121.6428333,38.127,8.46
tx2023ukqa,2023-10-18 10:05:23,3,"55 km S of Whites City, New Mexico",,0,138,-104.371,31.673,5.2061
tx2023ukot,2023-10-18 09:29:56,3.4,"56 km S of Whites City, New Mexico",,0,178,-104.368,31.669,6.0802
tx2023ukol,2023-10-18 09:22:17,3.9,"55 km S of Whites City, New Mexico",2,0,234,-104.371,31.671,6.183
tx2023ukhe,2023-10-18 05:41:02,3.9,western Texas,1,0,234,-104.444,31.69,5.6174
us6000lgyu,2023-10-17 21:12:56,3.1,"27 km ESE of Wright, Wyoming",,0,148,-105.1993,43.6162,0
tx2023ujon,2023-10-17 20:16:41,3.5,"55 km S of Whites City, New Mexico",2,0,189,-104.37,31.676,6.1187
nc73947835,2023-10-16 10:31:25,4.03,"28 km W of Humboldt Hill, CA",315,0,370,-124.5208333,40.756,23.63
nc73947830,2023-10-16 10:20:49,4.83,"20 km E of Petrolia, CA",731,0,827,-124.0548333,40.3156667,31.06
ci40582824,2023-10-15 19:52:14,3.29,"17 km NE of Ojai, CA",18,0,173,-119.1346667,34.5685,1.62
ci40582816,2023-10-15 19:50:16,3.71,"16 km NE of Ojai, CA",117,0,257,-119.1363333,34.5636667,7
nn00867351,2023-10-15 17:23:57,3.5,"22 km S of Kingston, Nevada",1,0,189,-117.0526,39.0036,3.1
nn00867345,2023-10-15 17:13:38,3,"22 km S of Kingston, Nevada",,0,138,-117.047,39.0101,3
us6000lffv,2023-10-13 22:41:42,3.6,"32 km NNE of Soda Springs, Idaho",1,0,200,-111.5198,42.9403,0.327
us6000lffc,2023-10-13 20:48:31,3.3,"28 km E of Wright, Wyoming",,0,168,-105.1376,43.7274,0
tx2023ubox,2023-10-13 11:23:04,3.1,"55 km NW of Toyah, Texas",,0,148,-104.19,31.677,6.093
nc73946520,2023-10-12 21:41:21,3,"19 km WNW of New Idria, CA",3,0,139,-120.8808333,36.4658333,17.23
us6000lf69,2023-10-12 17:57:39,3.1,"13 km ENE of Wright, Wyoming",,0,148,-105.3525,43.8113,0
us6000lewq,2023-10-11 19:59:30,3.3,"9 km E of Wright, Wyoming",,0,168,-105.3746,43.7518,0
us6000lelw,2023-10-10 20:21:05,3,"12 km NNE of Colstrip, Montana",,0,138,-106.5868,45.9945,0
tx2023twoc,2023-10-10 17:17:27,3,"8 km SSW of Falls City, Texas",,0,138,-98.065,28.917,7.6168
uu60033849,2023-10-10 11:09:19,3.34,"37 km S of Silver Gate, Montana",1,0,172,-110.0013333,44.6703333,13.18
tx2023tvke,2023-10-10 02:10:50,3,"38 km W of Mentone, Texas",,0,138,-103.996,31.646,6.4658
tx2023tumb,2023-10-09 13:59:22,3.9,"3 km N of Nordheim, Texas",28,0,245,-97.611,28.953,4.5498
tx2023tuky,2023-10-09 13:25:53,3.4,"8 km SSW of Falls City, Texas",7,0,180,-98.065,28.918,7.2927
tx2023ttqk,2023-10-09 03:02:41,3.1,"7 km NE of Hermleigh, Texas",1,0,148,-100.698,32.682,6.3827
uw61965081,2023-10-09 02:21:08,4.3100000000000005,"Port Townsend, WA",14568,1,756,-122.73083333333334,48.040166666666664,54.94
nc73947486,2023-10-08 21:30:23,3.87,"7 km NW of The Geysers, CA",72,0,259,-122.804,38.8271667,1.75
tx2023tsmq,2023-10-08 12:00:39,3.1,"58 km S of Whites City, New Mexico",3,0,148,-104.475,31.656,5.8231
us6000ldvi,2023-10-07 18:02:07,3.1,"31 km SSE of Wright, Wyoming",,0,148,-105.3935,43.474,0
tx2023tneo,2023-10-05 14:14:44,3,"50 km NW of Toyah, Texas",,0,138,-104.177,31.634,7.7769
ci40577368,2023-10-05 03:09:58,3.52,"5 km NNW of Boron, CA",12,0,195,-117.661,35.041,0.79
tx2023tlnl,2023-10-04 16:26:38,3.1,"50 km NW of Toyah, Texas",,0,148,-104.176,31.637,7.3656
us6000lcu8,2023-10-04 13:50:35,3.1,"15 km SSE of Escudilla Bonita, New Mexico",,0,148,-108.9841,33.971,9.067
tx2023tksr,2023-10-04 06:02:01,3,"37 km NNW of Toyah, Texas",,0,138,-103.98,31.612,6.8514
tx2023tkrs,2023-10-04 05:29:20,3.1,"37 km WSW of Mentone, Texas",,0,148,-103.981,31.615,8.5224
us6000lclf,2023-10-03 19:58:33,3.1,"16 km E of Wright, Wyoming",,0,148,-105.2891,43.7458,0
us6000lchs,2023-10-03 13:15:41,3.3,"3 km WSW of Franklin, Arizona",9,0,171,-109.1103,32.6672,5
tx2023tixl,2023-10-03 06:06:21,3.5,"18 km SW of Rotan, Texas",1,0,189,-100.617,32.749,3.9861
tx2023tgwm,2023-10-02 03:21:22,3.6,"16 km NE of Hermleigh, Texas",7,0,203,-100.655,32.758,3.8394
nc73944271,2023-10-01 19:29:36,3.61,"4 km S of Petrolia, CA",4,0,202,-124.2905,40.2915,9.59
us6000lc4g,2023-10-01 18:03:52,3.2,"29 km SE of Wright, Wyoming",,0,158,-105.262,43.5422,0
nc73944166,2023-10-01 15:41:29,4.09,"3 km S of Petrolia, CA",88,1,294,-124.287,40.2951667,9.8
nc73943846,2023-09-30 17:16:47,4.22,"17 km WSW of Ferndale, CA",94,0,313,-124.4385,40.501,29.09
nc73943821,2023-09-30 15:26:26,4.65,"3 km SW of Ferndale, CA",929,1,732,-124.2886667,40.5588333,17.88
tx2023tdla,2023-09-30 06:08:07,3.1,"9 km NE of Hermleigh, Texas",,0,148,-100.698,32.705,2.1765
tx2023tdbf,2023-09-30 01:11:31,3,"9 km NE of Hermleigh, Texas",2,0,139,-100.698,32.7,1.9319
us6000lbgg,2023-09-28 17:01:58,3.1,"10 km N of Muddy, Montana",,0,148,-106.7426,45.7145,0
us6000lbcm,2023-09-28 10:50:20,3.1,"21 km E of Tanque Verde, Arizona",25,0,156,-110.5104,32.2208,11.504
tx2023taap,2023-09-28 09:26:54,3.2,"50 km SSE of Whites City, New Mexico",,0,158,-104.183,31.751,6.3244
us6000lb6y,2023-09-27 20:07:05,3.2,"15 km ENE of Wright, Wyoming",,0,158,-105.3066,43.7977,0
nc73942611,2023-09-27 20:00:21,3.6,"6 km NNW of Walker, CA",9,0,202,-119.5118333,38.558,4.58
ci40573224,2023-09-27 01:29:07,3.04,"21 km ESE of Little Lake, CA",1,0,142,-117.686,35.8795,2.74
nc73942216,2023-09-26 18:40:03,3.17,"28 km S of Willow Creek, CA",6,0,156,-123.581,40.694,30.66
tx2023sunf,2023-09-25 09:02:17,3,"6 km SE of Falls City, Texas",5,0,140,-97.976,28.937,5.8279
ci40572024,2023-09-25 06:42:33,3.05,"20 km WSW of Taft, CA",8,0,145,-119.6403333,35.0428333,14.25
tx2023subv,2023-09-25 03:18:10,3.3,"31 km WSW of Ackerly, Texas",2,0,168,-102.021,32.403,9.7085
ok2023stwr,2023-09-25 00:40:31,3.68,"9 km WNW of Velma, Oklahoma",66,0,241,-97.77266667,34.48,19.89
us7000kxv8,2023-09-24 20:17:22,3.1,"15 km ESE of Wright, Wyoming",,0,148,-105.3101,43.6995,0
tx2023ssod,2023-09-24 07:13:14,3.2,"62 km SSW of Whites City, New Mexico",,0,158,-104.516,31.626,5.0261
nc73940786,2023-09-23 15:57:47,3.22,"16 km WSW of Patterson, CA",42,0,175,-121.3045,37.4186667,3.44
tx2023spwx,2023-09-22 20:15:58,3.9,"8 km NE of Hermleigh, Texas",22,0,243,-100.689,32.685,6.774
us7000kxci,2023-09-22 12:18:31,3.5,New Mexico,0,0,188,-103.3149,32.2871,7.7
ok2023sped,2023-09-22 10:46:38,3.22,"8 km NW of Prague, Oklahoma",19,0,168,-96.7555,35.54033333,7
us7000kwz6,2023-09-20 19:34:41,3.3,"9 km SE of Wright, Wyoming",,0,168,-105.3953,43.6998,0
nn00866091,2023-09-20 02:39:38,3.3,"37 km SE of Mina, Nevada",,0,168,-117.7825,38.1753,8.1
ci39668658,2023-09-19 09:54:27,3.06,"2 km NW of Fontana, CA",250,0,229,-117.47,34.1121667,6.8
nc73938826,2023-09-19 05:25:21,3.06,"16 km WSW of Patterson, CA",36,0,155,-121.3036667,37.422,3.68
nc73938736,2023-09-19 04:13:10,4.53,"15 km SW of Westley, CA",3004,1,786,-121.2958333,37.4381667,3.51
nc73938706,2023-09-19 03:44:30,3.49,"15 km SW of Westley, CA",38,0,206,-121.3031667,37.4358333,-0.4
nc73938626,2023-09-19 00:15:32,3.97,"14 km SSW of Westley, CA",364,0,392,-121.2848333,37.4418333,0.05
us7000kwge,2023-09-18 14:34:40,3.4,Nebraska,11,0,181,-98.3284,40.1778,9.962
nc73938186,2023-09-18 06:20:52,3.22,"5 km NW of The Geysers, CA",86,0,194,-122.793,38.8108333,1.47
nc73938166,2023-09-18 04:17:37,3.22,"4 km N of Dollar Point, CA",133,0,207,-120.0956667,39.2225,3.53
us7000kwce,2023-09-17 18:46:04,3.1,"15 km ESE of Wright, Wyoming",,0,148,-105.3119,43.7098,0
nn00865877,2023-09-15 22:24:16,3.2,"27 km S of Mina, Nevada",2,0,158,-118.1633,38.1509,11.4
tx2023sbec,2023-09-14 18:50:39,4.1,"16 km ENE of Falls City, Texas",71,1,289,-97.864,29.049,7.9254
us7000kvns,2023-09-14 07:32:51,4,"74 km N of Santa Rosalía, Mexico",,0,246,-112.1522,28.0038,10
nc73936566,2023-09-14 02:43:54,3.35,"6 km NNW of Pinnacles, CA",26,0,181,-121.1756667,36.5745,7.74
us7000kvl9,2023-09-13 20:02:24,3.6,"9 km ESE of Wright, Wyoming",,0,199,-105.382,43.7302,0
us7000kvkj,2023-09-13 17:58:00,3.2,"22 km ENE of Wright, Wyoming",,0,158,-105.2259,43.8031,0
us7000kvbu,2023-09-12 17:26:34,3.1,"12 km NNE of Colstrip, Montana",,0,148,-106.5493,45.9833,0
nc73935981,2023-09-12 08:32:21,3.28,"10 km NE of Morgan Hill, CA",326,0,273,-121.573,37.1875,5.81
tx2023rwbl,2023-09-11 23:49:21,3.1,"17 km ENE of Falls City, Texas",1,0,148,-97.863,29.055,7.9337
tx2023rvuc,2023-09-11 20:07:21,3,"17 km ENE of Falls City, Texas",2,0,139,-97.861,29.053,7.8392
tx2023rvdd,2023-09-11 11:32:28,3.1,"57 km S of Whites City, New Mexico",,0,148,-104.3772564,31.6574241,6.131567383
us7000kuy4,2023-09-11 02:53:57,3.4,"7 km N of Valdez, Colorado",9,0,181,-104.7149,37.19,7.047
us7000kuwn,2023-09-10 23:46:12,3.6,"8 km NNW of Segundo, Colorado",26,0,214,-104.7813,37.1967,1.963
ci39661746,2023-09-08 23:40:28,3.06,"8 km E of Yucaipa, CA",61,0,169,-116.9541667,34.0328333,6.9
us7000kue1,2023-09-08 20:03:48,3.5,"9 km E of Wright, Wyoming",,0,188,-105.3801,43.7511,0
nc71131324,2023-09-08 17:25:05,4.33,"12 km NE of Burney, CA",6,0,292,-121.5705,40.9618333,12.44
nc73934641,2023-09-08 17:24:38,4.99,"12 km NE of Burney, CA",785,0,878,-121.56,40.953,15.63
tx2023rowx,2023-09-08 01:35:32,3.2,"7 km SSE of Midland, Texas",64,0,190,-102.0399438,31.94000244,7.996704102
us7000ku05,2023-09-07 18:02:37,3.1,"10 km ESE of Wright, Wyoming",,0,148,-105.3734,43.7033,0
us7000ktrd,2023-09-06 19:54:12,3.2,"22 km NW of Challis, Idaho",2,0,158,-114.4085,44.6605,16.61
ci39658674,2023-09-05 14:43:12,3.18,"23 km SSE of Santa Rosa Is., CA",4,0,157,-120.0468333,33.7431667,11.17
us7000kt8u,2023-09-04 21:18:52,3.6,"13 km E of Wright, Wyoming",,0,199,-105.3249,43.7686,0
ci39658306,2023-09-04 17:56:45,3.39,"19 km SW of Lamont, CA",7,0,179,-119.0341667,35.1166667,12.82
us7000kt1b,2023-09-03 15:49:56,3.3,"32 km NW of Kaycee, Wyoming",1,0,168,-106.93,43.9179,5
us7000ksw5,2023-09-02 18:03:12,3.6,"17 km E of Wright, Wyoming",,0,199,-105.2779,43.7308,0
tx2023redp,2023-09-02 04:28:28,3.4,"66 km S of Whites City, New Mexico",1,0,178,-104.498986,31.58604836,6.054443359000001
nc73931886,2023-09-01 23:30:16,3.06,"13 km NNE of Shingletown, CA",10,0,147,-121.8291667,40.6023333,14.04
nc73931156,2023-08-31 00:59:36,3.25,"16 km SW of Westley, CA",51,0,179,-121.3021667,37.4328333,-0.38
uu60548782,2023-08-31 00:11:18,3.67,"15 km ENE of Wolf Creek, Utah",853,0,497,-111.6508333,41.3888333,11.76
ci39653906,2023-08-29 08:05:33,3.6,"45 km ENE of San Clemente Is. (SE tip), CA",2011,1,609,-117.9176667,33.0018333,5.98
us7000ksni,2023-08-28 22:19:14,3.2,"17 km ESE of Wright, Wyoming",,0,158,-105.2773,43.7172,0
us7000krgs,2023-08-28 12:40:17,3.4,"2 km SE of Las Brisas, Mexico",5,0,180,-116.1509,30.9445,10
us7000krer,2023-08-28 02:43:26,3.6,"7 km SE of Madison, Ohio",1722,0,779,-80.972,41.7313,5
tx2023qstx,2023-08-26 23:05:23,3.1,"63 km S of Whites City, New Mexico",,0,148,-104.497093,31.6117994,6.877099609
tx2023qsaz,2023-08-26 13:30:11,3.8,"63 km S of Whites City, New Mexico",,0,222,-104.4957689,31.61387718,6.902807617
us7000kr5e,2023-08-26 08:38:44,4,"19 km SSW of Weston, Colorado",22,0,255,-104.9309,36.972,4
tx2023qrpk,2023-08-26 07:42:10,3.1,"29 km SSW of Los Ybanez, Texas",,0,148,-102.0399438,32.4710083,9.072713216
us7000kr51,2023-08-26 07:35:29,3.3,Colorado,3,0,168,-104.9664,37.0141,6.975
us7000ksea,2023-08-25 20:22:44,3.2,"11 km E of Wright, Wyoming",,0,158,-105.3527,43.7388,0
us7000kr0w,2023-08-25 19:19:29,3.4,"31 km ESE of Wright, Wyoming",,0,178,-105.153,43.6116,0
nc73928421,2023-08-25 14:14:45,3.96,"7 km NW of The Geysers, CA",37,0,261,-122.8105,38.8246667,3.04
tx2023qpym,2023-08-25 09:58:46,3.1,"56 km S of Whites City, New Mexico",,0,148,-104.3428616,31.66361198,7.982543944999999
nc73928241,2023-08-25 02:47:46,3,"3 km SE of The Geysers, CA",,0,138,-122.7365,38.757,1.03
us7000kqp9,2023-08-24 17:55:02,3.4,"20 km SSE of Antelope Valley-Crestview, Wyoming",,0,178,-105.3607,44.064,0
ci39649538,2023-08-24 14:57:02,3.25,"6 km SE of Ojai, CA",112,0,213,-119.189,34.4176667,2.26
us7000kqi2,2023-08-23 20:48:16,3.1,"45 km NW of Island Park, Idaho",,0,148,-111.7995,44.6897,7.301
tx2023qnca,2023-08-23 20:21:49,3.3,"54 km S of Whites City, New Mexico",,0,168,-104.2919274,31.68918845,8.342456055
us7000kqd8,2023-08-23 18:08:55,3.2,"31 km WSW of Birney, Montana",,0,158,-106.9061,45.2453,0
tx2023qlls,2023-08-22 22:58:00,4,"57 km S of Whites City, New Mexico",3,0,247,-104.3164618,31.66055222,7.93112793
ci39647202,2023-08-22 11:39:19,3.89,"8 km ESE of Ojai, CA",542,0,439,-119.1645,34.4191667,4.89
nc73927056,2023-08-22 10:33:30,3.11,"23 km W of Petrolia, CA",16,0,153,-124.5531667,40.2936667,15.43
tx2023qkgj,2023-08-22 07:04:20,3.2,"38 km NNW of Toyah, Texas",1,0,158,-103.997466,31.61319555,8.895178223
tx2023qkgd,2023-08-22 07:00:13,3.7,"38 km NNW of Toyah, Texas",1,0,211,-103.9966655,31.61457704,8.895178223
tx2023qker,2023-08-22 06:16:25,3.4,"38 km NNW of Toyah, Texas",,0,178,-103.9922172,31.61240895,7.776879883
tx2023qkep,2023-08-22 06:15:17,3.8,"37 km NNW of Toyah, Texas",2,0,223,-103.9895253,31.61195834,8.342456055
tx2023qkal,2023-08-22 04:11:39,3.4,"31 km WSW of Ackerly, Texas",1,0,178,-102.0249381,32.40875244,10.58890788
tx2023qjzv,2023-08-22 03:51:31,3.4,"53 km SSW of Whites City, New Mexico",,0,178,-104.5380084,31.71720262,5.334619141
ci39646898,2023-08-21 23:50:25,3.34,"6 km SE of Ojai, CA",146,0,231,-119.1981667,34.415,6.2
us7000kpxu,2023-08-21 18:03:48,3.5,"24 km ENE of Wright, Wyoming",,0,188,-105.2106,43.826,0
ci39646274,2023-08-21 07:51:03,3.03,"6 km SE of Ojai, CA",12,0,145,-119.1966667,34.414,1.06
ci39646146,2023-08-21 05:41:23,3.19,"5 km ESE of Ojai, CA",38,0,173,-119.1955,34.4238333,4.65
ci39646098,2023-08-21 05:25:16,3.94,"6 km SE of Ojai, CA",227,0,359,-119.1915,34.4096667,1.83
nc73926586,2023-08-21 02:30:22,3.13,"7 km WNW of Walker, CA",9,0,154,-119.5455,38.5448333,1.7
ci39645714,2023-08-20 22:55:15,3.07,"8 km E of Ojai, CA",57,0,176,-119.1591667,34.4426667,1.21
ci39645626,2023-08-20 22:18:16,3.94,"6 km SE of Ojai, CA",256,0,382,-119.1921667,34.4118333,9.79
ci39645586,2023-08-20 22:08:52,3.66,"7 km ESE of Ojai, CA",189,0,312,-119.168,34.4321667,1.63
ci39645506,2023-08-20 21:55:42,3.25,"7 km ESE of Ojai, CA",182,0,257,-119.1715,34.429,2
ci39645434,2023-08-20 21:47:33,3.23,"6 km SE of Ojai, CA",111,0,208,-119.1945,34.4146667,6.14
ci39645402,2023-08-20 21:45:26,3.52,"6 km ESE of Ojai, CA",35,0,210,-119.1821667,34.4273333,2.08
ci39645394,2023-08-20 21:43:06,3.04,"5 km ESE of Ojai, CA",40,0,159,-119.1943333,34.4245,2.12
ci39645386,2023-08-20 21:41:00,5.08,"7 km SE of Ojai, CA",20502,1,1147,-119.1883333,34.4085,4.84
us7000kpnv,2023-08-20 19:30:54,3.5,"0 km WSW of Lima, Montana",5,0,190,-112.5968,44.6349,12.418
us7000kpnf,2023-08-20 18:06:49,3.5,"8 km E of Wright, Wyoming",,0,188,-105.3857,43.7517,0
tx2023qhhd,2023-08-20 16:06:16,3.4,"55 km S of Whites City, New Mexico",,0,178,-104.376337,31.67535408,7.005639647999999
us7000kpmg,2023-08-20 13:59:11,3.3,"24 km WNW of Stanley, Idaho",2,0,168,-115.2244,44.2914,10
tx2023qgzo,2023-08-20 12:17:37,3,"63 km S of Whites City, New Mexico",,0,138,-104.5011576,31.61475719,7.982543944999999
ci39645178,2023-08-20 07:21:16,3.31,"9 km NNW of Big Bear City, CA",32,0,180,-116.8698333,34.3425,1.88
tx2023qelh,2023-08-19 02:49:04,3.3,"54 km S of Whites City, New Mexico",,0,168,-104.3861039,31.68402423,6.028735352
tx2023qekg,2023-08-19 02:17:52,3.5,"55 km S of Whites City, New Mexico",1,0,189,-104.3838935,31.67760404,5.874487305
ci39644162,2023-08-18 20:36:36,3.02,"20 km S of Trona, CA",2,0,141,-117.3813333,35.5836667,3.95
ci39643994,2023-08-18 16:53:19,3.19,"8 km NE of Delta, B.C., MX",,0,157,-115.1275,32.4016667,8.26
ci39643754,2023-08-18 10:46:10,3.67,"7 km NE of Delta, B.C., MX",2,0,208,-115.1366667,32.3973333,10.81
nc73925281,2023-08-17 21:08:00,4.07,"4 km E of Petrolia, CA",98,0,288,-124.2343333,40.3183333,31.93
nn00864609,2023-08-17 20:25:15,3,"36 km SSW of Eureka, Nevada",1,0,139,-116.1133,39.2038,15.8
ci39643162,2023-08-17 19:58:59,3.39,"11 km WSW of Grapevine, CA",56,0,198,-119.039,34.8986667,8.89
us7000kp2k,2023-08-17 17:20:31,3,Colorado,4,0,140,-104.7623,37.1986,5
us7000kp2h,2023-08-17 16:51:26,3.2,"9 km N of Segundo, Colorado",3,0,159,-104.7715,37.2069,4.887
ci40538616,2023-08-17 05:17:26,3.44,"22 km W of San Clemente Is. (NW tip), CA",10,0,185,-118.8406667,32.9938333,5.83
us7000knj9,2023-08-15 20:13:12,3.6,"17 km E of Wright, Wyoming",,0,199,-105.2705,43.7579,0
nc73924411,2023-08-15 14:44:24,3.04,"2 km NW of Alamo, CA",2276,0,522,-122.0476667,37.8656667,9.8
tx2023pwji,2023-08-14 16:45:05,3.4,"15 km NE of Amarillo, Texas",17,0,184,-101.701848,35.31463623,6.773966471
tx2023pwbg,2023-08-14 12:39:48,3.1,"54 km S of Whites City, New Mexico",,0,148,-104.3893013,31.68032698,6.234399414
nc73923661,2023-08-13 15:28:58,3.8,"14 km W of McKinleyville, CA",725,0,454,-124.2655,40.9506667,22.99
tx2023ptkr,2023-08-13 02:00:14,3.3,"55 km S of Whites City, New Mexico",,0,168,-104.4113687,31.67972375,6.337231444999999
us7000kp97,2023-08-12 20:17:48,3.1,"7 km WNW of Wright, Wyoming",,0,148,-105.5826,43.7788,0
ci40535408,2023-08-12 17:58:33,3.36,"116 km SSE of Estacion Coahuila, B.C., MX",,0,174,-114.324,31.3225,1.37
nc73922596,2023-08-10 19:17:18,4.28,"6 km NW of Parkfield, CA",483,1,480,-120.484,35.9345,9.5
us6000kyxh,2023-08-09 20:03:08,4.5,"76 km W of Las Grullas Margen Derecha, Mexico",,0,312,-110.0928,25.7684,10
tx2023plvw,2023-08-08 22:34:51,3.6,"55 km S of Whites City, New Mexico",,0,199,-104.4081261,31.67836631,6.851391602
ci40531840,2023-08-08 15:58:35,3.58,"7 km ENE of Delta, B.C., MX",1,0,198,-115.1225,32.3811667,15.6
uw61939452,2023-08-08 10:17:23,3.91,"9 km NNE of Snoqualmie, Washington",1585,0,665,-121.772,47.604,15.89
ci40531712,2023-08-08 08:47:38,3.35,"7 km ENE of Delta, B.C., MX",,0,173,-115.1236667,32.3788333,14.3
tx2023pklf,2023-08-08 04:03:09,3.2,"55 km S of Whites City, New Mexico",,0,158,-104.4016538,31.67702989,6.131567383
nn00864119,2023-08-08 01:08:11,3,"8 km SW of Schurz, Nevada",,0,138,-118.8754,38.892,7.6
tx2023pjmi,2023-08-07 15:29:08,3.3,"55 km S of Whites City, New Mexico",1,0,168,-104.3989623,31.6770474,7.10847168
tx2023pjhr,2023-08-07 13:09:23,3,"55 km S of Whites City, New Mexico",,0,138,-104.3979022,31.67889267,6.74855957
tx2023pioz,2023-08-07 03:41:50,3.1,"50 km W of Mentone, Texas",,0,148,-104.1277627,31.69736828,6.388647461
ci40530992,2023-08-06 23:25:26,3.34,"23 km NNW of Tehachapi, CA",17,0,178,-118.5655,35.3173333,5.21
us6000ky98,2023-08-06 10:27:58,3.4,"24 km S of Weston, Colorado",5,0,179,-104.8402,36.9072,7.5
us6000ky7k,2023-08-06 04:03:40,3.6,"37 km NNW of Challis, Idaho",20,0,206,-114.3969,44.8197,14.96
us6000ky4q,2023-08-05 16:49:01,3.1,"28 km SE of Wright, Wyoming",,0,148,-105.1964,43.603,0
tx2023peqx,2023-08-05 00:05:35,3.7,"10 km E of Study Butte, Texas",14,0,216,-103.4183134,29.3270874,0.0244547526
tx2023pemq,2023-08-04 21:58:22,3,western Texas,,0,138,-101.9113234,32.26226807,6.040323893
tx2023peel,2023-08-04 17:49:19,3.4,"54 km S of Whites City, New Mexico",1,0,178,-104.391997,31.68076923,6.131567383
ci40529512,2023-08-04 15:20:51,3.01,"18 km N of Banning, CA",11,0,143,-116.8443333,34.0848333,6.95
nc73920066,2023-08-04 08:15:01,3.01,"16 km WSW of Toms Place, CA",,0,139,-118.8533333,37.527,5.79
ci39628458,2023-08-03 07:29:59,3.09,"41 km WSW of Carlsbad, CA",16,0,154,-117.7416667,32.9923333,16.33
us6000kxc9,2023-08-02 14:53:21,3,"21 km S of Antelope Valley-Crestview, Wyoming",,0,138,-105.449,44.0355,0
ci39627442,2023-08-02 05:38:08,4.12,"8 km SW of Niland, CA",42,0,289,-115.5735,33.186,3.11
us6000kx3p,2023-08-01 18:07:58,3.4,"33 km NE of Ranchester, Wyoming",,0,178,-106.8944,45.1416,0
tx2023oxdt,2023-07-31 21:29:07,3.1,western Texas,7,0,150,-100.9445265,32.83538818,5.25777181
us6000kwwj,2023-07-31 18:04:46,3.3,"17 km E of Wright, Wyoming",,0,168,-105.271,43.7724,0
tx2023owgb,2023-07-31 09:32:55,3.3,"55 km S of Whites City, New Mexico",,0,168,-104.4032563,31.67564065,6.542895508
tx2023owfu,2023-07-31 09:25:21,3.5,"17 km SSE of Ackerly, Texas",,0,188,-101.6605135,32.37762451,5.844685872
nc73918291,2023-07-30 13:49:04,3.61,"14 km N of Morgan Hill, CA",334,0,314,-121.6323333,37.2561667,5.88
tx2023otqf,2023-07-29 23:16:34,3.3,"17 km SSE of Ackerly, Texas",2,0,168,-101.6497952,32.37762451,8.73034668
tx2023oskn,2023-07-29 07:17:44,3.1,"18 km NNW of Snyder, Texas",,0,148,-100.9702506,32.88116455,3.692667643
nc73917796,2023-07-29 01:34:01,3.13,"4 km W of Walker, CA",1,0,151,-119.5203333,38.5158333,4.78
us6000kvxr,2023-07-27 15:28:12,3.3,"5 km W of Colstrip, Montana",,0,168,-106.6963,45.8836,0
nn00863328,2023-07-26 19:45:27,3.3,Nevada,,0,168,-114.6426,37.2482,0
us6000kvju,2023-07-25 23:15:32,3.1,"19 km SW of Eunice, New Mexico",1,0,148,-103.2817,32.2903,2.006
ci39621490,2023-07-25 13:06:15,3.07,"87km ESE of Maneadero, B.C., MX",,0,145,-115.675,31.545,6.45
ci39620202,2023-07-24 07:31:02,3.02,"12km WSW of Delta, B.C., MX",1,0,141,-115.315,32.3203333,11.29
us7000khv5,2023-07-23 20:52:06,3.8,"2 km E of Chino Valley, Arizona",975,0,788,-112.4319,34.7585,5
us7000khv2,2023-07-23 20:30:45,3,"14 km E of Sweeney Ranch, Wyoming",,0,138,-108.8409,41.4963,0
us7000khur,2023-07-23 19:35:11,4.1,"82 km N of Santa Rosalía, Mexico",,0,259,-112.1731,28.0837,10
us7000khud,2023-07-23 18:05:24,4.1,"81 km SSW of Bahía de Kino, Mexico",,0,259,-112.1679,28.1123,10
tx2023ogrw,2023-07-22 21:20:39,3.4,"13 km NNW of Snyder, Texas",9,0,181,-100.9466702,32.84088135,4.279581706
tx2023ofue,2023-07-22 09:24:21,3.5,"10 km SSE of Gardendale, Texas",133,0,243,-102.3464891,31.93450928,7.801066081
us7000khi6,2023-07-21 21:42:21,3.1,"21 km S of Antelope Valley-Crestview, Wyoming",,0,148,-105.4359,44.0379,0
us7000khhb,2023-07-21 19:57:19,3.2,Eastern Montana,34,0,170,-108.8538,45.5009,5
nn00862990,2023-07-19 12:19:13,3.3,"38 km E of Austin, Nevada",,0,168,-116.6247,39.5318,0.3
nn00862982,2023-07-19 11:57:48,3.4,"42 km E of Austin, Nevada",,0,178,-116.5791,39.5391,3.2
nn00862970,2023-07-19 07:34:23,4.5,"45 km E of Austin, Nevada",13,0,318,-116.5364,39.5107,3.7
tx2023oaap,2023-07-19 05:47:43,3.1,"18 km E of Pleasanton, Texas",14,0,155,-98.289,28.969,4.6391
tx2023nzxt,2023-07-19 04:22:07,3.8,"19 km E of Pleasanton, Texas",55,0,250,-98.282,28.967,8.8201
us6000kvpr,2023-07-18 19:36:32,3.1,"16 km ESE of Wright, Wyoming",,0,148,-105.2964,43.6985,0
tx2023nxon,2023-07-17 21:25:27,3.2,"58 km S of Whites City, New Mexico",1,0,158,-104.476244,31.65262315,5.925903319999999
ci39614754,2023-07-17 14:20:47,3.12,"85km SW of Alberto Oviedo Mota, B.C., MX",,0,150,-115.669,31.5923333,6.07
ci39614514,2023-07-17 03:46:31,3.86,"86km ESE of Maneadero, B.C., MX",,0,229,-115.6796667,31.5365,6.52
ci39614506,2023-07-17 03:15:52,3.49,"86km ESE of Maneadero, B.C., MX",,0,187,-115.6813333,31.5405,5.33
ok2023nvzq,2023-07-17 00:46:16,3.09,"8 km NW of Prague, Oklahoma",7,0,149,-96.7635,35.53466667,7
ci37558052,2023-07-17 00:38:58,3.14,"89km SE of Estacion Coahuila, B.C., MX",,0,152,-114.4211667,31.5606667,5.95
ci39614474,2023-07-17 00:38:39,3.15,"88km SE of Estacion Coahuila, B.C., MX",,0,153,-114.4105,31.5803333,5.95
ok2023nvsc,2023-07-16 20:57:19,3.09,"8 km SE of Sparks, Oklahoma",1,0,147,-96.7645,35.5445,7.27
ok2023nvrz,2023-07-16 20:54:47,3.35,"9 km NW of Prague, Oklahoma",28,0,189,-96.76016667,35.53983333,6.78
ci39614338,2023-07-16 19:37:19,4.28,"92km SE of Estacion Coahuila, B.C., MX",4,0,283,-114.3971667,31.5421667,5.97
ci39614330,2023-07-16 19:33:20,3.11,"94km SE of Estacion Coahuila, B.C., MX",1,0,149,-114.3841667,31.5301667,5.96
ci39614322,2023-07-16 19:16:05,4.57,"89km SE of Estacion Coahuila, B.C., MX",15,0,328,-114.4146667,31.5663333,5.97
us7000kg63,2023-07-16 15:42:30,3.3,"15 km ESE of Wright, Wyoming",,0,168,-105.3217,43.6775,0
ci39614106,2023-07-16 10:49:37,3.35,"86km ESE of Maneadero, B.C., MX",,0,173,-115.6775,31.541,4.86
ci37557572,2023-07-16 10:37:34,3.73,"88km ESE of Maneadero, B.C., MX",,0,214,-115.667,31.5368333,8.84
ci39614090,2023-07-16 10:37:12,4.18,"86km ESE of Maneadero, B.C., MX",2,0,269,-115.6795,31.5388333,5.82
tx2023nurz,2023-07-16 07:45:37,3,"37 km NNW of Toyah, Texas",,0,138,-103.9856267,31.61231595,7.712609863
nn00862704,2023-07-16 04:36:09,3.8,"17 km NNW of Mina, Nevada",10,0,225,-118.1622,38.5412,8
nn00862696,2023-07-16 03:37:32,3.1,"17 km NNW of Mina, Nevada",2,0,148,-118.1611,38.5382,8.7
tx2023nsys,2023-07-15 08:53:47,3,"57 km S of Whites City, New Mexico",1,0,139,-104.3923465,31.65962566,5.977319336
ci39613458,2023-07-15 06:52:51,3.02,"91km SE of Estacion Coahuila, B.C., MX",,0,140,-114.4038333,31.5498333,5.96
us7000kfv7,2023-07-14 22:26:08,4.2,"3 km S of Lima, Montana",9,0,276,-112.5975,44.6097,11.621
us7000khe6,2023-07-14 22:07:56,3.1,"23 km NNW of Wright, Wyoming",,0,148,-105.5586,43.9597,0
ci39612546,2023-07-14 10:37:08,3.81,"95km SE of Estacion Coahuila, B.C., MX",,0,223,-114.3758333,31.5298333,5.97
ci39612530,2023-07-14 10:30:44,3.48,"94km SE of Estacion Coahuila, B.C., MX",,0,186,-114.3828333,31.5361667,5.96
nc73912546,2023-07-14 02:45:58,3.18,"3 km ESE of The Geysers, CA",8,0,158,-122.7266667,38.7691667,1.39
nn00862577,2023-07-14 01:00:32,3.2,"31 km SSE of Mina, Nevada",1,0,158,-118.0327,38.1108,4.7
ci39611490,2023-07-13 03:17:53,3.26,"33km E of Maneadero, B.C., MX",,0,164,-116.222,31.7321667,6.89
ci39611306,2023-07-13 01:42:53,3.96,"61km E of Maneadero, B.C., MX",4,0,242,-115.9215,31.7611667,12.58
tx2023nnyj,2023-07-12 15:02:39,3.8,"39 km NW of Toyah, Texas",,0,222,-104.0939955,31.55997914,6.118713379
us7000kez8,2023-07-11 21:44:27,3.3,"3 km SSE of Lima, Montana",,0,168,-112.5724,44.6089,10.179
us6000kr60,2023-07-09 18:04:15,3.3,"12 km E of Wright, Wyoming",,0,168,-105.3441,43.7332,0
us6000kr2n,2023-07-09 07:55:13,3,"18 km NNE of Ennis, Montana",1,0,139,-111.6782,45.5107,5
nc73910536,2023-07-09 05:30:39,3.34,"4km SE of The Geysers, CA",28,0,184,-122.7315,38.7495,1.5
tx2023nfac,2023-07-07 17:41:15,3.3,"58 km S of Whites City, New Mexico",1,0,168,-104.3040461,31.65602843,7.93112793
us6000kqjs,2023-07-06 18:05:33,3.5,"18 km ENE of Wright, Wyoming",,0,188,-105.2723,43.81,0
us6000kqdh,2023-07-06 04:35:25,4.2,"95 km E of Loreto, Mexico",,0,271,-110.3935,26,10
nn00862209,2023-07-06 01:35:30,3,"14 km WNW of Pioche, Nevada",,0,138,-114.5931,38.0028,1.5
us6000kqaw,2023-07-05 20:05:42,3.2,"9 km ESE of Wright, Wyoming",,0,158,-105.3877,43.7044,0
nc73909066,2023-07-05 09:21:20,3.5,"2km NE of Almanor, CA",78,0,215,-121.1571667,40.2315,5.25
nn00862138,2023-07-05 02:16:55,3.4,"17 km NNW of Mina, Nevada",2,0,178,-118.1536,38.5416,10
us6000kq2f,2023-07-04 16:43:35,4,"66 km E of Mulegé, Mexico",,0,246,-111.317,26.8818,10
nc73908746,2023-07-04 14:58:49,3.88,"13km NW of Petrolia, CA",61,0,252,-124.4095,40.3898333,29.86
tx2023mybc,2023-07-03 22:13:31,3,"29 km S of Stanton, Texas",,0,138,-101.7977087,31.86309814,9.072713216
ci40501968,2023-07-02 09:29:49,3.72,"21km SSW of Malibu, CA",3795,0,643,-118.881,33.827,10.73
nc73907241,2023-06-30 20:59:41,3.22,"2km NNE of Prattville, CA",10,0,163,-121.1495,40.223,5.48
ci40500864,2023-06-30 20:08:50,3.03,"14km W of Delta, B.C., MX",1,0,141,-115.3461667,32.357,14.62
ci40500216,2023-06-30 05:10:14,3.36,"16km SSW of Tehachapi, CA",130,0,223,-118.5206667,34.9971667,8.99
nc73906226,2023-06-28 04:39:36,3.01,"8km NE of Gilroy, CA",71,0,166,-121.5086667,37.0538333,7.67
tx2023mnfc,2023-06-27 23:46:57,3.3,"14 km N of Snyder, Texas",18,0,175,-100.9466702,32.8427124,4.13285319
nn00861791,2023-06-27 01:05:31,3,"5 km ESE of Spanish Springs, Nevada",86,0,168,-119.6433,39.6342,9.5
nn00861737,2023-06-26 02:26:51,3.1,"5 km E of Spanish Springs, Nevada",144,0,194,-119.6463,39.6464,9.3
nn00861727,2023-06-26 01:50:47,3.4,"4 km E of Spanish Springs, Nevada",489,0,403,-119.6521,39.6486,10.3
us7000kavp,2023-06-24 19:01:28,3.1,"13 km E of Wright, Wyoming",,0,148,-105.3213,43.7512,0
ci40493880,2023-06-24 10:10:33,3.48,"28km ENE of Barstow, CA",3,0,187,-116.7205,34.952,2.14
us7000k9kq,2023-06-19 14:18:55,4.1,Colorado,56,0,282,-104.4787,37.3123,6
us7000k9kp,2023-06-19 14:13:07,3.4,"7 km NNW of El Moro, Colorado",16,0,184,-104.4938,37.2824,6.469
ci40488576,2023-06-19 06:49:11,3.57,"32km ESE of Lake Isabella, CA",22,0,205,-118.145,35.498,6.81
nc73902356,2023-06-18 03:44:59,4.35,"8km SE of Talmage, CA",483,1,499,-123.0895,39.0893333,10.52
tx2023lsrf,2023-06-16 18:02:05,3,"37 km NNW of Toyah, Texas",2,0,139,-103.9832018,31.61140473,8.869470215
nc73901451,2023-06-15 18:03:48,3.12,"17km WSW of Petrolia, CA",10,0,153,-124.4766667,40.2885,12.94
tx2023lnxz,2023-06-14 03:46:25,3.2,"39 km NW of Toyah, Texas",1,0,158,-104.0914476,31.56102374,5.720239258
nc73900831,2023-06-13 22:45:43,3.29,"1km NNW of Pinnacles, CA",12,0,172,-121.1455,36.5368333,2.6
us7000k7yj,2023-06-12 12:38:26,3.7,"12 km N of Challis, Idaho",13,0,218,-114.257,44.6192,6.09
us7000k7h7,2023-06-09 18:16:15,3.5,"11 km E of Wright, Wyoming",,0,188,-105.3531,43.7503,0
ci40481064,2023-06-08 22:08:48,3.07,"6km NE of Sierra Madre, CA",120,0,182,-118.0125,34.2075,14.07
tx2023ldtk,2023-06-08 14:05:50,3.1,"16 km NE of Hermleigh, Texas",1,0,148,-100.6529869,32.75482178,6.431599935
nc73897551,2023-06-06 02:56:01,3.5,"44km WSW of Ferndale, CA",26,0,194,-124.7696667,40.485,15.73
us7000k6j1,2023-06-05 22:38:48,3.1,New Mexico,3,0,148,-104.4348,32.5122,5
us7000k6cb,2023-06-05 04:16:14,3.3,"155 km SE of Venice, Louisiana",3,0,168,-88.0417,28.4777,5
ci40478144,2023-06-04 16:41:44,3.08,"21km S of Santa Barbara, CA",53,0,162,-119.7366667,34.239,-0.05
us7000k69b,2023-06-04 13:55:24,3.2,"13 km SE of Lincolnville, Kansas",6,0,160,-96.8373,38.4191,5
se60500788,2023-06-04 10:09:35,3.24,"4 km NNW of West Canton, North Carolina",740,0,421,-82.8723333333333,35.5796666666667,0.1
ci40477624,2023-06-04 04:43:02,3.16,"10km NE of Julian, CA",136,0,200,-116.5265,33.1406667,7.72
nc71130564,2023-06-03 12:01:51,3.45,"3km NW of The Geysers, CA",,0,183,-122.7775,38.7966667,-0.87
nc71130559,2023-06-03 12:01:28,4.17,"4km WNW of The Geysers, CA",,0,268,-122.7953333,38.7961667,0.84
nc73895826,2023-06-03 12:01:18,4.45,"2km NW of The Geysers, CA",314,1,443,-122.7785,38.7921667,3.83
us7000k61s,2023-06-03 08:21:52,4.1,"50 km E of Mulegé, Mexico",,0,259,-111.483,26.9661,10
us7000k619,2023-06-03 07:06:54,3.3,"8 km SSE of Saratoga, Wyoming",6,0,169,-106.7754,41.382,11.6
tx2023ktoa,2023-06-03 00:01:09,3,"55 km S of Whites City, New Mexico",,0,138,-104.4059395,31.6747039,6.080151367
tx2023ktjt,2023-06-02 21:51:49,3.4,"55 km S of Whites City, New Mexico",1,0,178,-104.4086268,31.67422667,6.645727539
us7000k5uc,2023-06-02 16:09:16,3.3,"11 km ESE of Point of Rocks, Wyoming",,0,168,-108.6655,41.6285,0
us7000k5pl,2023-06-02 08:14:46,3.6,"9 km SSE of Saratoga, Wyoming",37,0,212,-106.7672,41.3773,1.317
nn00860645,2023-06-02 00:28:07,3.1,"6 km S of Cold Springs, Nevada",49,0,164,-119.9712,39.6214,6.4
nn00860639,2023-06-02 00:23:05,3.7,Nevada,732,0,503,-119.9797,39.6139,7.1
us7000k5k7,2023-06-01 18:55:43,3.2,"6 km NW of El Moro, Colorado",26,0,168,-104.5233,37.2644,5.338
nc73894986,2023-06-01 08:57:15,3.04,"16km WSW of Ferndale, CA",21,0,149,-124.436,40.5193333,17.91
ci40239231,2023-05-31 21:12:22,3.08,"32km E of Maneadero, B.C., MX",,0,146,-116.2335,31.7395,5.37
tx2023kpdn,2023-05-31 14:10:41,3.2,"15 km NE of Hermleigh, Texas",,0,158,-100.6615615,32.75115967,7.263061523
ci40238455,2023-05-31 03:00:52,3.06,"25km SW of Lone Pine, CA",17,0,149,-118.2483333,36.4115,2.54
ci40238207,2023-05-30 20:24:52,3.56,"15km SSE of Port Hueneme, CA",189,0,276,-119.1248333,34.0218333,13.56
us7000k52t,2023-05-30 19:59:10,3.2,Wyoming,,0,158,-105.3543,43.8198,0
us7000k52f,2023-05-30 19:10:47,3.3,"26 km SE of Wright, Wyoming",,0,168,-105.2433,43.6021,0
nm60500758,2023-05-30 02:45:20,3.03,"6 km W of Calhoun, Kentucky",70,0,170,-87.3303333333333,37.5391666666667,0.45
ci40235983,2023-05-28 13:33:24,3.58,"72km S of Maneadero, B.C., MX",,0,197,-116.6141667,31.0733333,5.67
tx2023kjja,2023-05-28 10:08:16,3,"57 km NW of Toyah, Texas",,0,138,-104.2638828,31.64729159,6.157275391
us7000k4j0,2023-05-27 22:59:19,3.1,"8 km E of Wright, Wyoming",,0,148,-105.3842,43.7508,0
nc73890315,2023-05-26 20:39:01,3.08,"6km SSE of Markleeville, CA",5,0,148,-119.777,38.6376667,-1.28
tx2023kgbj,2023-05-26 14:51:25,3.1,"37 km NNW of Toyah, Texas",,0,148,-103.9870824,31.60714072,6.157275391
nc73890170,2023-05-26 11:26:25,4.13,"2km NNE of Prattville, CA",89,0,301,-121.1478333,40.2266667,6.71
tx2023kdvg,2023-05-25 09:29:51,3.5,"54 km SSW of Whites City, New Mexico",1,0,189,-104.5465081,31.70610769,6.362939453
us7000k3l2,2023-05-24 19:38:49,3.2,"12 km S of Alton, Kansas",3,0,158,-98.9467,39.3587,6.675
ci40232623,2023-05-24 00:30:25,3.04,"64km ENE of Big Pine, CA",1,0,142,-117.5841667,37.2783333,6.16
uw61918522,2023-05-23 07:21:34,3.11,"6 km N of Camano, Washington",37,0,163,-122.5215,48.232,60.58
tx2023jzjn,2023-05-22 22:59:55,3.9,"37 km NNW of Toyah, Texas",2,0,234,-103.9766083,31.61062189,7.828295898
tx2023jzjl,2023-05-22 22:59:08,3.5,"36 km WSW of Mentone, Texas",,0,188,-103.9696252,31.61294221,7.828295898
tx2023jzjk,2023-05-22 22:58:36,3.1,"36 km WSW of Mentone, Texas",,0,148,-103.971239,31.61293707,7.93112793
us6000kdvw,2023-05-22 15:27:49,3,"18 km NNE of Vernal, Utah",,0,138,-109.4514,40.6129,0
tx2023jysx,2023-05-22 14:38:44,3,"54 km SSW of Whites City, New Mexico",1,0,139,-104.548623,31.70241475,4.511962890999999
tx2023jysi,2023-05-22 14:20:30,3.1,"58 km S of Whites City, New Mexico",,0,148,-104.3217915,31.65408656,6.851391602
us6000kdjv,2023-05-21 03:35:54,3.1,"53 km S of Silver Peak, Nevada",,0,148,-117.5855,37.2718,5.481
ci40230055,2023-05-21 03:26:29,4.26,"64km ENE of Big Pine, CA",4,0,280,-117.5835,37.2836667,5.29
ci40229151,2023-05-20 08:18:16,3.38,"5km NW of Palomar Observatory, CA",431,0,352,-116.9066667,33.3821667,12.64
tx2023jtoh,2023-05-19 18:37:30,3.8,"37 km NNW of Toyah, Texas",1,0,222,-103.9904524,31.608853,8.715222168
us6000kd8r,2023-05-19 17:59:39,3.2,"9 km ENE of Wright, Wyoming",,0,158,-105.3847,43.7769,0
nn00859696,2023-05-19 04:22:04,3.3,"35 km SE of Mina, Nevada",1,0,168,-117.8174,38.1634,9.8
nc73889641,2023-05-18 15:55:53,3.72,"3km NE of Prattville, CA",50,0,232,-121.1346667,40.2251667,8.4
us6000kcpy,2023-05-18 01:04:17,3.8,"8 km ENE of San Mateo, New Mexico",15,0,229,-107.5612,35.3661,5
us6000kclp,2023-05-17 19:58:14,3,"8 km SW of Antelope Valley-Crestview, Wyoming",,0,138,-105.5387,44.1649,0
nc73889176,2023-05-17 15:01:45,3.07,"16km SSE of Tres Pinos, CA",4,0,146,-121.272,36.6485,3.75
us6000kd80,2023-05-16 20:23:41,3.1,"7 km NE of Wright, Wyoming",,0,148,-105.4181,43.7985,0
us6000kcdr,2023-05-16 20:08:50,3.5,"11 km SE of Wright, Wyoming",,0,188,-105.3797,43.6901,0
nc73888746,2023-05-16 11:37:26,3.24,"2km NNE of Almanor, CA",19,0,170,-121.1678333,40.2371667,6.02
us6000kc3s,2023-05-15 18:00:34,3.1,"15 km ENE of Wright, Wyoming",,0,148,-105.331,43.824,0
us6000kbxx,2023-05-15 01:23:56,3.1,"15 km SW of Weston, Colorado",5,0,150,-104.9561,37.028,8.128
us6000kbxp,2023-05-15 00:13:11,4.3,"13 km W of Las Brisas, Mexico",4,1,286,-116.304,30.9615,3.814
us6000kbvb,2023-05-14 15:18:15,4.5,"24 km W of Las Brisas, Mexico",3,0,313,-116.4154,30.9225,10
nc73887711,2023-05-13 21:07:31,3.02,"4km W of Cobb, CA",5,0,142,-122.7653333,38.8218333,2.04
tx2023jiet,2023-05-13 13:18:23,3,"54 km W of Mentone, Texas",,0,138,-104.170904,31.70728239,7.828295898
tx2023jhrf,2023-05-13 06:27:54,3,"54 km S of Whites City, New Mexico",1,0,139,-104.3833796,31.68036489,6.697143555000001
us6000kbm0,2023-05-13 03:04:16,4.4,"Baja California Sur, Mexico",1,0,298,-111.0277,26.4438,10
nc73887101,2023-05-12 12:42:51,3.09,"3km NNW of Canyondam, CA",9,0,150,-121.0931667,40.1941667,4.59
nc73887046,2023-05-12 10:18:41,5.16,"4km NW of Canyondam, CA",1350,0,1030,-121.0998333,40.196,6.06
nc73886856,2023-05-12 02:54:45,3.79,"4km NW of Canyondam, CA",18,0,229,-121.1003333,40.196,4.79
nc73886731,2023-05-11 23:19:41,5.48,Lake Almanor Earthquake,7030,1,1072,-121.1095,40.2041667,5.85
us6000kb7i,2023-05-11 20:00:40,3.2,"12 km ESE of Wright, Wyoming",,0,158,-105.3562,43.7036,0
tx2023jech,2023-05-11 07:31:20,3.6,"42 km NW of Toyah, Texas",,0,199,-104.1531231,31.53639665,7.262719727000001
tx2023jdmd,2023-05-10 23:20:50,3.8,"42 km NW of Toyah, Texas",2,0,223,-104.1643245,31.52984619,7.214152018
us6000kazr,2023-05-10 22:01:22,3.1,"31 km SW of Cameron, Arizona",3,0,148,-111.6498,35.6724,11.033
us6000kay5,2023-05-10 18:21:14,3.4,"33 km SW of Cameron, Arizona",3,0,178,-111.655,35.6487,6.916
us6000katj,2023-05-10 09:28:39,4.7,"60 km SW of Campo Pesquero el Colorado, Mexico",1,0,340,-109.7955,25.4361,10
us6000kate,2023-05-10 08:55:32,4.6,Gulf of California,,0,326,-109.5992,25.2588,10
us6000kata,2023-05-10 08:45:50,4.9,"50 km SW of Campo Pesquero el Colorado, Mexico",1,0,370,-109.6761,25.4406,10
us6000kasv,2023-05-10 07:05:23,4.9,"57 km WSW of Campo Pesquero el Colorado, Mexico",5,0,372,-109.8101,25.4966,10
us6000kap5,2023-05-09 18:19:02,3.3,"22 km SSE of Antelope Valley-Crestview, Wyoming",,0,168,-105.3806,44.0323,0
tx2023izsj,2023-05-08 21:58:07,3.2,"55 km S of Whites City, New Mexico",,0,158,-104.4116189,31.67765392,7.288427734
us6000kafw,2023-05-08 18:04:48,3.3,"9 km ENE of Wright, Wyoming",,0,168,-105.3788,43.7778,0
us6000kafp,2023-05-08 18:04:04,3.2,"21 km ESE of Wright, Wyoming",,0,158,-105.2481,43.6736,0
ci40220951,2023-05-08 15:05:24,3.32,"2km WNW of Las Flores, CA",727,0,395,-118.6536667,34.0453333,7.22
us6000ka2j,2023-05-06 18:00:13,3.1,"12 km ESE of Wright, Wyoming",,0,148,-105.3489,43.7104,0
ci40219807,2023-05-06 14:16:02,3.55,"2km SW of Heber, CA",15,0,200,-115.5491667,32.7175,5.15
tx2023iunm,2023-05-06 01:48:46,3.2,"66 km SSW of Whites City, New Mexico",1,0,158,-104.5205162,31.58772833,5.745947266
us6000k9tj,2023-05-05 15:09:30,3.3,"24 km S of Weston, Colorado",2,0,168,-104.8298,36.9099,3.013
ci40219303,2023-05-05 11:12:15,3.38,"13km NNE of Grapevine, CA",24,0,184,-118.8973333,35.056,13.84
us6000k9n1,2023-05-05 07:41:05,4,"79 km N of Santa Rosalía, Mexico",,0,246,-112.14,28.0496,10
us6000k9ij,2023-05-04 19:01:37,3.5,"17 km E of Wright, Wyoming",,0,188,-105.2706,43.7398,0
us6000k9hs,2023-05-04 17:01:09,3.2,"23 km ENE of Wright, Wyoming",,0,158,-105.2279,43.8358,0
us6000k9ce,2023-05-03 23:13:25,3.4,"8 km N of Segundo, Colorado",7,0,180,-104.7538,37.2012,3.537
ci40217951,2023-05-03 11:43:38,3.09,"19km ESE of Little Lake, CA",3,0,148,-117.7168333,35.8708333,9.27
us7000jxpy,2023-05-03 08:03:44,4.2,"62 km SW of San Carlos, Mexico",,0,271,-111.5669,27.6325,10
nc73883241,2023-05-03 03:14:17,3.12,"4km S of San Juan Bautista, CA",52,0,167,-121.5408333,36.8116667,5.09
ci40217695,2023-05-03 01:40:24,3.56,"19km ESE of Little Lake, CA",20,0,201,-117.7166667,35.8715,8.85
nn00858976,2023-05-02 20:15:39,3.3,"39 km SSW of Eureka, Nevada",1,0,168,-116.1556,39.1914,0
us7000jxj8,2023-05-02 17:25:31,3,"26 km WNW of Stanley, Idaho",,0,138,-115.2416,44.3192,20.389
us7000jxi2,2023-05-02 15:19:37,3.3,"33 km WSW of Raton, New Mexico",1,0,168,-104.8033,36.8164,4.152
tx2023inhb,2023-05-02 02:35:36,3,"50 km S of Whites City, New Mexico",,0,138,-104.3498426,31.72515502,5.10324707
ci40217047,2023-05-02 00:19:35,3.21,"21km NNW of Searles Valley, CA",1,0,159,-117.4958333,35.9438333,0.15
nc73882866,2023-05-01 23:13:47,3.62,"4km SE of Point Arena, CA",122,0,252,-123.6595,38.8905,9.07
ci40216951,2023-05-01 20:36:51,3.13,"17km SE of Ocotillo Wells, CA",,0,151,-116.0081667,33.0278333,7.47
ci40215983,2023-04-30 11:44:03,3.21,"8km WSW of Niland, CA",6,0,161,-115.5888333,33.2026667,2.68
ci40215735,2023-04-30 07:58:19,4.26,"7km WSW of Niland, CA",19,0,292,-115.5858333,33.2036667,1.89
ci40215687,2023-04-30 07:32:12,3.18,"8km WSW of Niland, CA",4,0,158,-115.595,33.2095,2
ci40215583,2023-04-30 07:10:10,4.29,"9 km SW of Niland, CA",5,0,286,-115.5933333,33.1893333,1.88
ci40215575,2023-04-30 07:09:34,4.33,"8km WSW of Niland, CA",50,0,323,-115.59,33.2008333,2.04
ci40215535,2023-04-30 06:39:56,3.02,"2km SSW of Heber, CA",18,0,147,-115.5353333,32.7088333,10.38
ci40215511,2023-04-30 05:55:59,3.37,"17km SE of Ocotillo Wells, CA",2,0,175,-116.0076667,33.0296667,7.69
us7000jx48,2023-04-30 05:20:20,3.1,"5 km ENE of La Joya, New Mexico",4,0,149,-106.7926,34.3598,5
nn00858896,2023-04-29 23:08:10,3.2,Nevada,1,0,158,-114.9948,37.2583,8.9
us7000jx1w,2023-04-29 21:16:21,3.1,"23 km SE of Wright, Wyoming",,0,148,-105.3201,43.5793,0
ci40214943,2023-04-29 21:08:02,3.07,"3km S of Heber, CA",,0,145,-115.5351667,32.706,6.49
ci40214935,2023-04-29 21:06:47,3.71,"3km SSW of Heber, CA",66,0,239,-115.5406667,32.709,11.34
us7000jx0t,2023-04-29 18:06:08,3,"25 km ESE of Wright, Wyoming",,0,138,-105.2152,43.6474,0
ci40214511,2023-04-29 14:48:54,3.02,"3km S of Heber, CA",9,0,144,-115.5325,32.7013333,9.67
ci40214159,2023-04-29 12:09:11,3.21,"3km SW of Heber, CA",10,0,163,-115.5471667,32.7111667,10.58
ci40214151,2023-04-29 12:07:03,4.09,"3 km SSW of Heber, CA",185,0,348,-115.5448333,32.711,10.43
us7000jwsg,2023-04-28 19:20:00,3.1,"14 km N of Lame Deer, Montana",,0,148,-106.6455,45.7511,0
us7000jwrg,2023-04-28 17:19:16,3.4,"38 km SW of Princeton, Canada",2,0,178,-120.8363,49.1862,4.696
ci40212415,2023-04-28 06:49:52,3.16,"3km S of Heber, CA",81,0,186,-115.5343333,32.7048333,11.06
tx2023igbe,2023-04-28 03:41:18,3.2,"58 km S of Whites City, New Mexico",,0,158,-104.2854443,31.65176817,8.008251953
ci40212119,2023-04-27 23:10:52,3.16,"17km SE of Ocotillo Wells, CA",23,0,160,-116.0031667,33.0293333,9.96
us7000jwck,2023-04-27 17:59:28,3.2,Wyoming,,0,158,-105.342,43.841,0
us7000jw46,2023-04-26 20:03:12,3.4,"24 km NNW of Challis, Idaho",2,0,178,-114.3893,44.6943,16.382
us7000jw45,2023-04-26 20:02:30,3.2,"20 km NW of Challis, Idaho",,0,158,-114.3799,44.6587,15.346
tx2023idfm,2023-04-26 14:27:42,3,"59 km S of Whites City, New Mexico",,0,138,-104.3841311,31.64359258,6.954223633
nc73877910,2023-04-26 07:34:33,3.1,"16km E of Seven Trees, CA",231,0,247,-121.6576667,37.2868333,6.26
tx2023icrm,2023-04-26 07:27:15,3.2,"54 km S of Whites City, New Mexico",,0,158,-104.3909326,31.68215487,6.131567383
ci40445744,2023-04-26 06:46:58,3.56,"12km NNE of Banning, CA",268,0,297,-116.8456667,34.0288333,19.7
tx2023iawp,2023-04-25 07:40:51,3.2,"35 km WSW of Mentone, Texas",,0,158,-103.9588366,31.6060821,7.879711914
nc73877500,2023-04-25 04:12:15,3.12,"14km NNW of San Simeon, CA",9,0,153,-121.2321667,35.766,7.63
us7000jvnf,2023-04-24 22:16:17,3.4,"71 km NW of Ferme-Neuve, Canada",2,0,178,-76.1399,47.1382,9.813
us6000k6rt,2023-04-24 13:29:08,3,"66 km NW of San Felipe, Mexico",,0,138,-115.3512,31.4292,12.822
us6000k6kx,2023-04-23 18:10:08,3.6,New York,1804,0,689,-76.0202,43.8635,8.68
nc73876195,2023-04-21 09:13:56,3.16,"11km NNW of Hollister, CA",32,0,170,-121.4398333,36.938,3.88
us6000k5va,2023-04-20 20:10:47,3.1,Utah,,0,148,-109.4909,40.6282,0
us6000k5u1,2023-04-20 18:04:34,3.3,"17 km ENE of Wright, Wyoming",,0,168,-105.2754,43.7853,0
tx2023hrmq,2023-04-20 04:25:39,3.4,"36 km NNW of Toyah, Texas",,0,178,-103.9776678,31.60694173,9.319360352
nc73875700,2023-04-20 03:35:47,3.65,"9km ESE of Clayton, CA",1292,0,615,-121.8396667,37.9163333,16.04
us6000k5lu,2023-04-19 21:24:36,3.3,"21 km SE of Wright, Wyoming",,0,168,-105.2826,43.6363,0
ok2023hqrj,2023-04-19 17:42:11,3.05,"2 km SSE of Meno, Oklahoma",2,0,144,-98.16983333,36.36816667,5
us6000k5k8,2023-04-19 16:07:01,4.5,off the east coast of the United States,12,0,316,-70.8364,32.6203,10
us6000k5di,2023-04-18 20:31:35,3.4,"23 km W of Carlsbad, New Mexico",5,0,179,-104.4793,32.3912,5
us6000k5cd,2023-04-18 17:43:04,3.2,"4 km SSW of Colstrip, Montana",,0,158,-106.6484,45.8479,0
tx2023hngs,2023-04-17 20:55:01,3.5,"57 km S of Whites City, New Mexico",1,0,189,-104.3605682,31.65706908,6.697143555000001
tx2023hnbc,2023-04-17 18:03:41,3.7,"57 km S of Whites City, New Mexico",2,0,211,-104.2901214,31.66484022,9.319360352
ci40441936,2023-04-17 15:27:56,3.62,"28km ENE of Barstow, CA",12,0,206,-116.7195,34.9518333,1.8
tx2023hmuu,2023-04-17 14:52:40,3.2,"58 km S of Whites City, New Mexico",,0,158,-104.2975477,31.65101019,6.697143555000001
ci40441800,2023-04-17 07:45:17,3.56,"19km SSW of San Miguel Is., CA",7,0,197,-120.446,33.8713333,0.85
nn00858273,2023-04-16 15:23:27,3.3,"30 km SSE of Mina, Nevada",3,0,168,-117.9704,38.1429,7.4
tx2023hkgy,2023-04-16 05:36:49,3.1,"54 km S of Whites City, New Mexico",,0,148,-104.402772,31.68161853,6.131567383
tx2023hjvh,2023-04-15 23:44:03,3,"50 km W of Mentone, Texas",1,0,139,-104.1347794,31.70009479,7.879711914
tx2023hjtb,2023-04-15 22:35:39,3.1,"51 km W of Mentone, Texas",,0,148,-104.1381626,31.70295214,6.735705566
us6000k4se,2023-04-15 19:35:24,4,"35 km SE of Indé, Mexico",,0,246,-105.0195,25.6536,10
us6000k4jw,2023-04-14 20:23:25,3.3,"14 km SE of Wright, Wyoming",,0,168,-105.3718,43.6584,0
us6000k4ir,2023-04-14 18:04:09,3.6,"14 km ENE of Wright, Wyoming",,0,199,-105.3137,43.7785,0
us6000k4hu,2023-04-14 16:12:14,3,"16 km SSE of Sleepy Hollow, Wyoming",,0,138,-105.3575,44.0959,0
ci40440784,2023-04-14 14:56:56,3.52,"8km SSW of Progreso, B.C., MX",57,0,210,-115.6255,32.5215,15.53
nc73872965,2023-04-13 07:42:10,3.88,"1km NNW of The Geysers, CA",45,0,256,-122.7635,38.7865,2.01
nc73872830,2023-04-13 02:52:41,3.02,"16km WSW of Toms Place, CA",1,0,141,-118.8396667,37.4906667,3.8
us6000k3wv,2023-04-12 20:53:23,3.2,"34 km WSW of Birney, Montana",,0,158,-106.8869,45.1536,0
us6000k3vn,2023-04-12 18:02:24,3.1,"18 km ENE of Wright, Wyoming",,0,148,-105.2906,43.826,0
nc73871740,2023-04-12 06:30:34,3.09,"3km NNW of The Geysers, CA",8,0,149,-122.7731667,38.8013333,0.39
nc73871215,2023-04-12 05:39:51,4.43,"7km WNW of Cobb, CA",785,1,687,-122.8068333,38.8351667,2.45
nc73871065,2023-04-12 02:22:35,3.26,"4km NNW of Pinnacles, CA",16,0,170,-121.1555,36.565,3.66
nc73870790,2023-04-11 17:40:32,3,"9km ENE of San Martin, CA",79,0,162,-121.5181667,37.1093333,5.68
us6000k3dp,2023-04-10 23:30:49,3,"15 km ENE of Wright, Wyoming",,0,138,-105.3316,43.8283,0
tx2023habk,2023-04-10 15:25:51,3.5,western Texas,,0,188,-104.4513412,31.69370137,5.257495117
tx2023gzjd,2023-04-10 06:14:48,3.7,"20 km NW of Stanton, Texas",14,0,217,-101.933,32.262,6.4209
us6000k359,2023-04-09 22:50:15,3.2,"19 km SE of Wright, Wyoming",,0,158,-105.3388,43.6133,0
tx2023gyee,2023-04-09 14:35:28,3,western Texas,,0,138,-104.1624206,31.56117162,8.239624022999998
ci40438576,2023-04-09 02:06:52,3.65,"10km S of Progreso, B.C., MX",13,0,209,-115.5726667,32.4946667,14.57
nc73868965,2023-04-08 05:07:58,3.05,"8km W of Cobb, CA",11,0,147,-122.8106667,38.8348333,2.09
us6000k2qm,2023-04-07 20:08:08,3.5,"14 km E of Wright, Wyoming",,0,188,-105.3126,43.7545,0
ok2023gulf,2023-04-07 13:36:32,3.36,"3 km ESE of Carney, Oklahoma",23,0,183,-96.97766667,35.79116667,7
us6000k2bu,2023-04-06 09:33:02,3.3,"6 km N of Bennington, Kansas",48,0,187,-97.5826,39.0927,5
ok2023gshe,2023-04-06 09:16:56,3.24,Oklahoma,59,0,186,-96.9785,35.7915,7.23
ok2023gsgn,2023-04-06 08:57:16,4,"4 km ESE of Carney, Oklahoma",1161,0,716,-96.96983333,35.7935,7
us6000k27w,2023-04-05 20:02:35,3.2,"22 km E of Wright, Wyoming",,0,158,-105.2092,43.7428,0
ok2023gpyi,2023-04-05 02:32:40,3.19,"4 km ESE of Carney, Oklahoma",18,0,163,-96.96883333,35.79416667,7.82
nc73866925,2023-04-04 22:23:17,4.41,"1km NNW of Tres Pinos, CA",12209,1,769,-121.323,36.801,10.16
us6000k1sd,2023-04-03 18:03:26,3.4,"16 km ENE of Wright, Wyoming",,0,178,-105.2968,43.8027,0
ci39509394,2023-04-03 11:35:28,3.08,"14km E of Arvin, CA",40,0,157,-118.6721667,35.2038333,5.99
us6000k1le,2023-04-02 21:32:55,3.2,"15 km E of Wright, Wyoming",,0,158,-105.2997,43.7457,0
us6000k1ld,2023-04-02 21:31:01,3.9,"Baja California, Mexico",5,0,236,-116.9557,31.3791,19.433
us6000k1l9,2023-04-02 21:02:37,3,Wyoming,,0,138,-105.3957,43.739,0
us6000k1em,2023-04-01 21:42:01,3.1,"8 km NE of Point of Rocks, Wyoming",,0,148,-108.7078,41.7352,0
tx2023gjxz,2023-04-01 19:33:38,3.4,"61 km S of Whites City, New Mexico",,0,178,-104.4279964,31.62139893,7.947794596
nc73865505,2023-04-01 16:43:48,3.01,"3km NNE of San Leandro, CA",707,0,394,-122.1433333,37.7491667,7.62
nc73865490,2023-04-01 16:24:56,3,"3km NNE of San Leandro, CA",962,0,494,-122.1426667,37.7505,7.58
us6000k1c8,2023-04-01 12:14:58,3.4,"20 km WNW of Stanley, Idaho",2,0,178,-115.166,44.3067,10
ci39508378,2023-04-01 01:16:07,4.15,"5km NW of Palomar Observatory, CA",14549,1,715,-116.9096667,33.3816667,12.96
us6000k16e,2023-03-31 16:48:01,3.6,"Baja California, Mexico",1,0,200,-115.9585,31.2078,16.181
ci39507946,2023-03-31 03:28:40,3.17,"55km SSW of Maneadero, B.C., MX",,0,155,-116.797,31.2605,11.25
us6000k0x6,2023-03-30 17:18:55,3.3,"10 km W of Hoback, Wyoming",56,0,185,-110.9076,43.2697,5
us6000k0r5,2023-03-29 20:58:57,3.2,"24 km NNE of Maeser, Utah",,0,158,-109.5031,40.6899,0
uu60535541,2023-03-29 14:24:39,3.72,"56 km SSE of Mammoth, Wyoming",3,0,214,-110.3611667,44.5253333,3.67
us6000k0k7,2023-03-29 14:15:25,3,"64 km ESE of West Yellowstone, Montana",,0,138,-110.3911,44.393,5
uu60535446,2023-03-29 13:05:13,3.06,Wyoming,0,0,144,-110.3553333,44.5191667,3.37
nc73863515,2023-03-28 13:01:18,3.4,"1km ENE of Pacifica, CA",2675,0,578,-122.4773333,37.6173333,9.13
tx2023fzlo,2023-03-27 01:55:01,3.4,"35 km SE of Malaga, New Mexico",2,0,178,-103.8001046,32.00540127,7.93112793
tx2023fyan,2023-03-26 07:11:27,3.3,"57 km S of Whites City, New Mexico",,0,168,-104.3498159,31.65851409,6.697143555000001
ci40189967,2023-03-26 06:20:45,3.59,"48km E of Trona, CA",6,0,200,-116.8505,35.7898333,0.42
us7000jmqa,2023-03-25 19:08:47,3,"23 km SE of Wright, Wyoming",,0,138,-105.2505,43.6266,0
us7000jmq4,2023-03-25 17:57:31,3.4,Wyoming,,0,178,-105.3015,43.7836,0
us7000jmk6,2023-03-24 20:04:32,3.1,"22 km ENE of Wright, Wyoming",,0,148,-105.2494,43.8586,0
ci40189119,2023-03-24 13:45:13,3.42,"9km SSW of Borrego Springs, CA",167,0,248,-116.4095,33.178,11.69
ci40188871,2023-03-24 00:30:20,3.24,"23km ESE of Ridgecrest, CA",4,0,163,-117.44,35.5355,9.3
us7000jm96,2023-03-23 20:27:01,3.2,"19 km SE of Wright, Wyoming",,0,158,-105.2956,43.6477,0
ci40188551,2023-03-23 09:53:00,3.94,"66km S of Maneadero, B.C., MX",,0,239,-116.675,31.1275,10.04
nc73860860,2023-03-23 03:38:53,3.22,"10km S of Tres Pinos, CA",16,0,166,-121.341,36.7035,4.04
us7000jm04,2023-03-22 18:24:02,3.4,Wyoming,,0,178,-105.3372,43.7532,0
nc73860415,2023-03-21 23:18:19,4.54,"10km WSW of Ferndale, CA",738,1,620,-124.3725,40.5415,18.1
us7000jltx,2023-03-21 22:34:55,3.2,"12 km ESE of Wright, Wyoming",,0,158,-105.3458,43.7151,0
tx2023fpmh,2023-03-21 14:55:19,3.2,"42 km NW of Toyah, Texas",2,0,158,-104.1355578,31.56451135,5.874487305
us7000jlhl,2023-03-20 19:03:46,3,"9 km E of Wright, Wyoming",,0,138,-105.38,43.7425,0
us7000jlbw,2023-03-19 21:11:36,3.1,"30 km SE of Wright, Wyoming",,0,148,-105.1827,43.5907,0
us7000jlbl,2023-03-19 20:01:44,3,Wyoming,,0,138,-105.5645,44.0013,0
tx2023flsl,2023-03-19 13:29:28,3.1,"56 km S of Whites City, New Mexico",,0,148,-104.3439536,31.66544373,5.308911133
us7000jl8p,2023-03-19 11:10:10,3.8,"4 km WNW of Hoehne, Colorado",54,0,244,-104.4343,37.2908,6.48
us7000jl4e,2023-03-18 18:02:30,3,"10 km ENE of Wright, Wyoming",,0,138,-105.3636,43.7717,0
ci40186575,2023-03-18 17:19:33,3.56,"13km SSW of Bombay Beach, CA",11,0,199,-115.7958333,33.2471667,7.07
ci40186543,2023-03-18 16:52:07,3.55,"13km SSW of Bombay Beach, CA",9,0,197,-115.799,33.2466667,7.15
nc73858675,2023-03-18 14:23:06,3.7,"15km N of Deep Springs, CA",2,0,211,-117.9741667,37.508,0.32
nc73858500,2023-03-18 07:03:42,3.87,"15km N of Deep Springs, CA",13,0,234,-117.972,37.5096667,-0.21
tx2023fipz,2023-03-17 20:50:08,3.2,"5 km SE of Ackerly, Texas",3,0,158,-101.678,32.493,8.4717
ci40185807,2023-03-17 06:22:16,3.15,"40km ENE of Maneadero, B.C., MX",1,0,153,-116.1728333,31.8516667,15.51
us7000jklz,2023-03-16 21:42:28,3,"14 km ENE of Point of Rocks, Wyoming",,0,138,-108.6358,41.7395,0
uw61902757,2023-03-16 20:33:40,3.17,"49 km ESE of Plush, Oregon",,0,155,-119.38733333333333,42.18833333333333,8.34
nc73857425,2023-03-15 21:44:05,3.75,"16km N of Deep Springs, CA",3,0,217,-117.9556667,37.5105,-0.79
us7000jk7y,2023-03-15 20:05:57,3.2,Wyoming,,0,158,-105.2993,43.8826,0
nc73857320,2023-03-15 18:29:41,3.49,"13km NNW of San Simeon, CA",24,0,196,-121.2455,35.7473333,6.15
tx2023fdhi,2023-03-14 22:47:32,3.1,"29 km WSW of Ackerly, Texas",1,0,148,-102.025,32.464,9.2529
nc73856845,2023-03-14 17:46:51,3.21,"10km S of Tres Pinos, CA",7,0,160,-121.3381667,36.6975,4.19
nc73856835,2023-03-14 17:41:44,3.24,"10km S of Tres Pinos, CA",4,0,163,-121.34,36.7003333,3.99
nc73856840,2023-03-14 17:41:24,3.19,"10km S of Tres Pinos, CA",11,0,160,-121.339,36.6996667,4.02
nc73856670,2023-03-14 10:13:18,3.88,"17km N of Deep Springs, CA",6,0,233,-117.971,37.5213333,-1.23
nc73856635,2023-03-14 09:35:28,3.15,"16km N of Deep Springs, CA",2,0,153,-117.972,37.5195,-0.46
nc73856610,2023-03-14 09:25:08,3.04,"16km N of Deep Springs, CA",1,0,142,-117.9836667,37.5136667,1.11
nc73856490,2023-03-14 05:00:29,3.82,"16km N of Deep Springs, CA",4,0,226,-117.9835,37.5176667,0.11
us7000jjr4,2023-03-14 04:22:45,3.2,"6 km NNW of Segundo, Colorado",8,0,160,-104.7715,37.1849,7.04
tx2023fbvv,2023-03-14 03:50:27,3.1,"56 km S of Whites City, New Mexico",1,0,148,-104.3415141,31.66339035,6.671435547
ci40184319,2023-03-13 22:14:02,3.09,"5km SSW of Big Bear Lake, CA",47,0,163,-116.9315,34.1996667,8.77
tx2023fbiz,2023-03-13 21:21:15,3.5,"50 km S of Whites City, New Mexico",,0,188,-104.3013508,31.72314461,5.874487305
tx2023fafg,2023-03-13 06:19:05,3.1,"36 km NNW of Toyah, Texas",,0,148,-103.9722947,31.60833778,8.496704102000002
us7000jjdp,2023-03-12 20:01:17,3.2,"25 km ENE of Wright, Wyoming",,0,158,-105.2247,43.8683,0
us7000jjcx,2023-03-12 18:00:46,3,"14 km ESE of Wright, Wyoming",,0,138,-105.3131,43.7246,0
us7000jj9w,2023-03-12 03:03:57,3.7,"11 km S of Donnelly, Idaho",193,0,284,-116.0793,44.6246,12.062
us7000jj6v,2023-03-11 20:29:09,3.2,"23 km ESE of Wright, Wyoming",,0,158,-105.2213,43.6844,0
us7000jiyi,2023-03-10 20:31:35,3.9,"5 km N of Sequndo, Colorado",14,0,241,-104.7283,37.1696,4.466
tx2023evpu,2023-03-10 17:57:27,3.2,"56 km SSW of Whites City, New Mexico",,0,158,-104.5201764,31.68539466,5.411743164
us7000jivk,2023-03-10 15:30:55,3.5,"8 km N of Segundo, Colorado",11,0,192,-104.7425,37.2057,3.488
us7000jitc,2023-03-10 14:03:03,3.6,"16 km S of Ophir, Colorado",39,0,213,-107.8469,37.712,6.884
us7000jisa,2023-03-10 10:50:49,3,"11 km N of Segundo, Colorado",10,0,143,-104.7515,37.2293,2.345
us7000jiqv,2023-03-10 06:06:47,4.3,"6 km NNE of Segundo, Colorado",107,0,332,-104.7339,37.175,5.574
uw61901007,2023-03-08 09:33:06,3.0300000000000002,"8 km WSW of Richland, Oregon",2,0,142,-117.26983333333334,44.739,9.2
tx2023erbw,2023-03-08 06:24:20,3.6,western Texas,1,0,200,-104.3584941,31.6662738,6.131567383
us7000jhyf,2023-03-07 18:56:22,3.2,"17 km NE of Wright, Wyoming",,0,158,-105.3244,43.8503,0
nc73856426,2023-03-07 14:33:12,3.8,"9km NW of Pinnacles, CA",301,0,331,-121.2011667,36.5941667,9.29
tx2023epmt,2023-03-07 09:36:44,3.7,"56 km S of Whites City, New Mexico",3,0,212,-104.3533553,31.66331812,6.260107422
us7000jhra,2023-03-06 22:08:25,3.2,"19 km NNE of Maeser, Utah",,0,158,-109.4651,40.6297,0
us7000jhgu,2023-03-05 14:29:49,4.4,Gulf of California,2,0,298,-110.1881,25.7487,10
us7000jh68,2023-03-03 20:43:23,3.1,Wyoming,,0,148,-105.3747,43.6592,0
nc73854486,2023-03-02 21:16:50,3.59,"2km WNW of The Geysers, CA",45,0,215,-122.7821667,38.7876667,2.72
nc73854491,2023-03-02 21:16:17,3.35,"2km NW of The Geysers, CA",4,0,174,-122.7758333,38.7908333,3.83
us7000jgvg,2023-03-02 19:05:21,3.2,"19 km ENE of Wright, Wyoming",,0,158,-105.256,43.8054,0
tx2023efrl,2023-03-02 00:38:17,3.2,"53 km S of Whites City, New Mexico",,0,158,-104.4093201,31.69122709,5.720239258
us7000jgmn,2023-03-01 19:00:46,3.2,"21 km ENE of Wright, Wyoming",,0,158,-105.2648,43.8562,0
nc73853396,2023-03-01 07:09:40,3.3,"8km NW of The Geysers, CA",8,0,170,-122.8148333,38.8286667,1.96
tx2023edto,2023-02-28 23:26:08,4.1,"37 km NNW of Toyah, Texas",2,0,259,-103.9891287,31.61345334,8.483850098
ci40419496,2023-02-28 13:30:51,3.56,"17km SSW of Trona, CA",8,0,198,-117.4165,35.6128333,8.15
ci40419408,2023-02-28 02:18:04,3.15,"17km S of Trona, CA",3,0,153,-117.4145,35.6136667,7.92
tx2023ebcp,2023-02-27 12:35:39,3.1,"56 km NW of Toyah, Texas",,0,148,-104.2639767,31.62408161,6.131567383
us6000jrx0,2023-02-27 11:34:09,3,"26 km WSW of Leadore, Idaho",2,0,139,-113.6854,44.6298,13.213
tx2023eavt,2023-02-27 09:05:22,3,western Texas,,0,138,-104.1779978,31.64014802,6.080151367
tx2023eavq,2023-02-27 09:04:35,3,western Texas,1,0,139,-104.176949,31.64428938,6.131567383
nn00856380,2023-02-25 07:31:39,3,"36 km SE of Mina, Nevada",1,0,139,-117.797,38.1785,10.2
us6000jr5d,2023-02-24 00:17:53,3.3,"13 km W of Freedom, Idaho",21,0,175,-111.204,42.9951,5
us6000jr51,2023-02-23 23:30:18,3.5,"23 km NNE of Sheridan, Wyoming",,0,188,-106.8851,45.0044,0
nn00856288,2023-02-22 18:22:12,3.5,"32 km SE of Mina, Nevada",4,0,190,-117.8891,38.1577,8.7
nc73850141,2023-02-22 15:48:21,3.07,"4km ESE of Ferndale, CA",54,0,162,-124.2203333,40.5595,15.63
tx2023drxo,2023-02-22 11:49:48,3.1,"56 km S of Whites City, New Mexico",,0,148,-104.3657864,31.66921585,6.620019531
tx2023drwp,2023-02-22 11:19:41,3.2,"55 km S of Whites City, New Mexico",1,0,158,-104.365559,31.674043,6.131567383
tx2023drrr,2023-02-22 08:51:24,4,"55 km S of Whites City, New Mexico",,0,246,-104.3682345,31.6721879,7.211303711
tx2023drpm,2023-02-22 07:44:10,4.2,western Texas,5,0,273,-104.374706,31.67352601,6.645727539
tx2023drnw,2023-02-22 06:55:02,3.1,"55 km S of Whites City, New Mexico",2,0,149,-104.3714522,31.67078894,6.131567383
us6000jqlt,2023-02-21 19:02:57,3.2,"14 km ENE of Wright, Wyoming",,0,158,-105.3212,43.7782,0
tx2023dptp,2023-02-21 07:33:26,3.1,"59 km S of Whites City, New Mexico",3,0,149,-104.4201385,31.63830216,6.080151367
us6000jqe0,2023-02-20 20:13:26,3.5,"14 km E of Wright, Wyoming",,0,188,-105.3116,43.7379,0
us6000jpzc,2023-02-18 21:02:14,3.1,"21 km ENE of Wright, Wyoming",,0,148,-105.2297,43.7977,0
us6000jpz0,2023-02-18 20:20:59,3.2,"25 km SE of Wright, Wyoming",,0,158,-105.2392,43.6148,0
ok2023djlr,2023-02-17 20:45:57,3.11,"6 km ENE of Fairmont, Oklahoma",5,0,151,-97.64483333,36.38233333,7.74
us6000jpr6,2023-02-17 19:27:31,3.3,"4 km S of Colstrip, Montana",,0,168,-106.6314,45.8453,0
us6000jpg2,2023-02-16 21:43:25,3,"6 km NW of Gillette, Wyoming",,0,138,-105.5579,44.3394,0
us6000jpf6,2023-02-16 18:26:16,3.1,"26 km SW of Birney, Montana",,0,148,-106.7841,45.182,0
tx2023dgvx,2023-02-16 10:29:04,4.7,"15 km NE of Hermleigh, Texas",273,0,498,-100.6594179,32.7456665,7.849975586
uu60531356,2023-02-16 09:07:35,3.17,"7 km SW of Corinne, Utah",92,0,186,-112.1761667,41.507,7.26
tx2023dgle,2023-02-16 05:03:36,3,"58 km S of Whites City, New Mexico",2,0,139,-104.4040832,31.64805961,7.159887695
us6000jp88,2023-02-15 21:07:28,3.1,"11 km ENE of Wright, Wyoming",,0,148,-105.3677,43.799,0
nc73846356,2023-02-14 17:41:39,3,"37km S of Hayfork, CA",1,0,139,-123.1501667,40.224,39.42
us6000jnm9,2023-02-13 19:06:51,3.3,"17 km ENE of Wright, Wyoming",,0,168,-105.2802,43.7918,0
ci40414104,2023-02-13 10:09:46,3.24,"26km SE of Ocotillo Wells, CA",25,0,172,-115.9256667,32.9858333,11.07
us6000jnke,2023-02-13 10:07:48,3.7,Wyoming,1,0,211,-107.4026,43.5487,9.763
tx2023dahw,2023-02-12 20:34:24,3.1,"15 km NE of Hermleigh, Texas",2,0,149,-100.6572742,32.74932861,8.290161133
tx2023dafm,2023-02-12 19:23:17,3,"58 km S of Whites City, New Mexico",1,0,139,-104.3898571,31.65205839,4.511962890999999
us6000jqcd,2023-02-12 18:15:47,3,"22 km SE of Wright, Wyoming",,0,138,-105.2818,43.6209,0
us6000jnd8,2023-02-12 01:22:17,3.7,"20 km ESE of Kelly, Wyoming",74,0,239,-110.3989,43.5345,7.821
tx2023cymd,2023-02-11 20:27:18,3.5,"16 km NE of Hermleigh, Texas",3,0,189,-100.6529869,32.75115967,8.925984701
us6000jn7s,2023-02-11 02:29:01,3.2,"9 km N of Norwich, Kansas",45,0,174,-97.868,37.5394,5
nm60509971,2023-02-10 03:10:58,3.12,"7 km S of Catron, Missouri",77,0,187,-89.7118333333333,36.5463333333333,6.63
us6000jmuu,2023-02-09 20:24:14,3.4,"17 km SE of Wright, Wyoming",,0,178,-105.3445,43.6403,0
nc73843856,2023-02-09 10:13:10,3.34,"11km E of Coalinga, CA",15,0,177,-120.2365,36.1451667,10.85
us6000jmca,2023-02-07 21:26:09,3.4,"20 km E of Wright, Wyoming",,0,178,-105.2355,43.7319,0
tx2023coxt,2023-02-06 14:56:54,3,"17 km N of Snyder, Texas",3,0,139,-100.9338081,32.8793335,5.600138346
us6000jlqv,2023-02-06 11:15:49,3.8,"1 km NE of West Seneca, New York",7846,0,832,-78.7853,42.8605,5.677
us6000jlkn,2023-02-05 20:00:13,3.4,"9 km ESE of Wright, Wyoming",,0,178,-105.3797,43.7322,0
nn00855707,2023-02-05 03:23:06,3.5,"31 km SE of Mina, Nevada",2,0,189,-117.8921,38.1675,11.4
tx2023clqb,2023-02-04 19:40:20,3.7,"37 km WSW of Mentone, Texas",2,0,211,-103.9800113,31.61968782,6.992785645
nn00855693,2023-02-04 17:38:28,3,"77 km N of Rachel, Nevada",,0,138,-115.8663,38.3342,10.4
tx2023ckhu,2023-02-04 02:21:16,3.1,"20 km NW of Stanton, Texas",,0,148,-101.9284728,32.27142334,7.801066081
us6000jl9i,2023-02-03 21:24:00,3.3,Eastern Montana,,0,168,-106.9324,45.089,0
tx2023cjxc,2023-02-03 20:56:59,3,"16 km NE of Hermleigh, Texas",,0,138,-100.6476277,32.7520752,8.754801432
tx2023cjtv,2023-02-03 19:18:33,3.5,"16 km NE of Hermleigh, Texas",3,0,190,-100.6529869,32.75482178,8.290161133
us6000jl1z,2023-02-02 21:52:59,3.1,Utah,,0,148,-109.4868,40.6383,0
us6000jl16,2023-02-02 18:58:51,3.3,Wyoming,,0,168,-105.2621,43.8198,0
us6000jl11,2023-02-02 18:44:11,3,"9 km NE of Stanley, Idaho",,0,138,-114.8652,44.2812,14.168
ci40165247,2023-02-02 00:37:11,3.11,"7km ESE of Ridgecrest, CA",40,0,161,-117.5995,35.5963333,7.1
ci40164927,2023-02-01 09:05:02,3.11,"14km ENE of Thousand Palms, CA",57,0,168,-116.2578333,33.886,3.19
us6000jknv,2023-02-01 06:36:37,3.1,"6 km NNW of Trinidad, Colorado",30,0,158,-104.5362,37.2175,6.789
us6000jknf,2023-02-01 04:05:53,4.1,"80 km NNE of Santa Rosal?a, Mexico",1,0,259,-111.963,28.0165,10
us6000jke7,2023-01-30 19:28:52,3.8,"9 km NNW of Livingston, Montana",309,0,324,-110.5969,45.7449,20.111
ok2023cblf,2023-01-30 05:52:26,3.04,"17 km SE of Waynoka, Oklahoma",2,0,143,-98.765,36.45466667,7.35
ok2023cbko,2023-01-30 05:32:24,3,"16 km SE of Waynoka, Oklahoma",3,0,139,-98.7655,36.46,7.9
us6000jk7m,2023-01-29 22:21:23,3,"31 km SE of Wright, Wyoming",,0,138,-105.1911,43.567,0
ok2023bzow,2023-01-29 05:26:30,3.07,"12 km W of Fairview, Oklahoma",9,0,149,-98.61933333,36.25166667,4.06
nc73838976,2023-01-28 23:56:58,3.7,"12km WSW of Ferndale, CA",249,0,295,-124.3973333,40.5355,24.7
us6000jk1w,2023-01-28 21:03:19,3.5,"12 km ESE of Wright, Wyoming",,0,188,-105.3381,43.7237,0
us6000jk14,2023-01-28 19:08:53,3.3,"11 km ENE of Wright, Wyoming",,0,168,-105.3492,43.772,0
nn00855432,2023-01-28 17:16:15,3.7,"32 km SE of Mina, Nevada",2,0,211,-117.8643,38.1734,7.9
us6000jk4e,2023-01-28 15:30:45,3,"15 km SSE of Hauterive, Canada",,0,138,-68.1999,49.0646,10.599
ci40162663,2023-01-27 14:58:14,3.02,"86km E of Maneadero, B.C., MX",,0,140,-115.6786667,31.5651667,23.64
nc73838231,2023-01-27 10:28:22,3.23,"3km ESE of Fortuna, CA",362,0,316,-124.1238333,40.588,17.1
tx2023bunm,2023-01-26 11:03:18,3.2,"16 km NE of Hermleigh, Texas",1,0,158,-100.6551305,32.75115967,6.871785482
ci40161287,2023-01-25 10:03:33,3.61,"16km S of Malibu Beach, CA",1114,0,690,-118.7026667,33.8863333,13.83
ok2023bspx,2023-01-25 10:01:41,3.53,"5 km ENE of Meridian, Oklahoma",85,0,227,-97.19116667,35.8515,7.98
ci40161279,2023-01-25 10:00:54,4.19,"16km S of Malibu Beach, CA",18250,1,740,-118.7045,33.885,14.71
tx2023brob,2023-01-24 19:57:04,3.5,"55 km S of Whites City, New Mexico",,0,188,-104.3897618,31.67159174,6.131567383
us6000jis8,2023-01-23 19:01:00,4.1,"11 km E of Wright, Wyoming",,0,259,-105.3537,43.7513,0
nc73836266,2023-01-23 13:58:02,3.62,"9km ENE of San Martin, CA",264,0,291,-121.5168333,37.1093333,5.65
tx2023bnpw,2023-01-22 16:19:10,3,"37 km NNW of Toyah, Texas",,0,138,-103.9802503,31.61302295,8.329602051
tx2023bmcf,2023-01-21 20:16:53,3.1,"36 km WSW of Mentone, Texas",1,0,148,-103.9636918,31.60928415,8.548120117
nc73834926,2023-01-21 03:27:50,3.06,"6km NNW of The Geysers, CA",23,0,152,-122.788,38.8208333,0.9
nc73834441,2023-01-20 08:01:14,4.26,"16km WSW of Weitchpec, CA",504,0,486,-123.8753333,41.128,25.27
nc73834401,2023-01-20 07:15:39,3.02,"8km NNW of New Idria, CA",83,0,169,-120.6923333,36.484,10.28
nc73834231,2023-01-20 01:18:07,3.59,"9km SW of Cloverdale, CA",126,0,246,-123.0948333,38.7511667,6.28
nc73834131,2023-01-19 20:30:07,3.66,"16km WSW of Weitchpec, CA",17,0,212,-123.8765,41.1286667,26.26
nc73834081,2023-01-19 19:21:41,3.16,"4km S of San Juan Bautista, CA",18,0,160,-121.532,36.8073333,4.17
us7000j5l0,2023-01-19 19:00:22,3.2,"11 km NNE of Gillette, Wyoming",,0,158,-105.4576,44.3885,0
nc73834041,2023-01-19 17:15:55,3.56,"4km S of San Juan Bautista, CA",218,0,289,-121.531,36.8096667,5.32
ok2023bhzl,2023-01-19 14:20:55,3.03,"6 km ENE of Fairmont, Oklahoma",4,0,143,-97.6435,36.382,7.83
ci40403984,2023-01-19 13:58:40,3.35,"21km ESE of Little Lake, CA",5,0,174,-117.6995,35.8578333,8.5
us7000j503,2023-01-17 21:46:19,3.2,"9 km SW of Colstrip, Montana",,0,158,-106.704,45.8169,0
us7000j4zz,2023-01-17 21:35:28,3.3,"12 km ENE of Wright, Wyoming",,0,168,-105.3471,43.7849,0
nc73832526,2023-01-15 22:51:35,3.38,"21km ENE of Le Grand, CA",207,0,248,-120.028,37.2951667,16.43
tx2023bbdb,2023-01-15 20:12:53,3.3,"34 km SE of Malaga, New Mexico",,0,168,-103.8163168,32.00720848,7.674047852000001
us7000j4c9,2023-01-14 06:27:22,3.3,"7 km ESE of Dedham, Maine",150,0,226,-68.5787,44.6651,9.593
nc73831751,2023-01-14 03:06:21,3.2,"4km WNW of Walker, CA",8,0,160,-119.5205,38.5285,5.56
us7000j494,2023-01-13 18:59:38,3.1,"16 km ENE of Wright, Wyoming",,0,148,-105.306,43.8071,0
nc73831546,2023-01-13 10:02:52,3.5,"14km WSW of Ferndale, CA",86,0,218,-124.41,40.5245,18.4
nn00854763,2023-01-12 04:20:21,3.3,"47 km ENE of Tonopah, Nevada",,0,168,-116.7029,38.1836,11.5
us7000j3sc,2023-01-11 22:58:13,3.4,"9 km ENE of Wright, Wyoming",,0,178,-105.3787,43.7828,0
ci40401704,2023-01-11 18:59:20,3.23,"6km SW of Idyllwild, CA",183,0,230,-116.7613333,33.6998333,15.82
nc73831091,2023-01-11 17:21:42,4.05,"57km W of Ferndale, CA",33,0,263,-124.9323333,40.5213333,17.86
nc73830791,2023-01-10 18:32:14,3.61,"6km E of McKinleyville, CA",726,0,462,-124.0303333,40.9488333,22.2
ci40155183,2023-01-10 15:34:50,3.15,"10km ENE of Porterville, CA",87,0,180,-118.9036667,36.0841667,7.64
tx2023aqki,2023-01-09 23:23:53,3.1,"55 km S of Whites City, New Mexico",,0,148,-104.3957406,31.67798749,6.440063477
ci40155015,2023-01-09 19:42:56,3.18,"16km N of Borrego Springs, CA",29,0,165,-116.3966667,33.396,4.89
us7000j39g,2023-01-09 19:11:17,3.4,Wyoming,,0,178,-105.3309,43.7876,0
tx2023aoms,2023-01-08 22:20:09,3.1,"5 km S of Falls City, Texas",8,0,150,-98.026,28.934,6.0643
tx2023aolq,2023-01-08 21:47:29,3.2,"9 km ENE of Balmorhea, Texas",3,0,159,-103.6457569,31.006442,10.70759277
us7000j2nk,2023-01-06 21:34:44,3.4,Wyoming,,0,178,-105.2726,43.7374,0
us7000j2m3,2023-01-06 18:25:44,3,"3 km N of Kinney, Minnesota",,0,138,-92.7329,47.5429,0
tx2023akeh,2023-01-06 13:28:04,3.4,"57 km S of Whites City, New Mexico",3,0,179,-104.2938384,31.65838483,6.131567383
nc73829331,2023-01-06 12:27:19,3.27,"3km SW of Humboldt Hill, CA",209,0,236,-124.2103333,40.7068333,18.71
us7000j292,2023-01-05 09:29:31,3.3,"17 km NNE of Ennis, Montana",,0,168,-111.6732,45.5056,5
ci40153687,2023-01-04 20:49:34,3,"16km NE of Little Lake, CA",1,0,139,-117.7673333,36.0211667,1.5
us7000j24u,2023-01-04 18:59:38,3.4,"11 km ESE of Wright, Wyoming",,0,178,-105.3634,43.6984,0
tx2023afwf,2023-01-04 04:54:42,3.2,"54 km S of Whites City, New Mexico",5,0,159,-104.4890112,31.69159742,6.594311523
ci40153431,2023-01-04 00:56:59,3.19,"6km W of Alberto Oviedo Mota, B.C., MX",,0,157,-115.2365,32.2203333,19.68
uu60529092,2023-01-03 21:44:30,3.19,"1 km NE of Benson, Utah",332,0,269,-111.9201667,41.7943333,0.79
nc73828121,2023-01-02 22:41:09,3.06,"2km ENE of Bishop, CA",11,0,146,-118.368,37.371,5.96
us7000j1na,2023-01-02 19:02:17,3.3,"17 km ENE of Wright, Wyoming",,0,168,-105.2956,43.8095,0
tx2023acno,2023-01-02 09:06:44,3.2,"54 km S of Whites City, New Mexico",,0,158,-104.413051,31.68706615,6.080151367
tx2023abqj,2023-01-01 21:23:47,3.3,"54 km S of Whites City, New Mexico",3,0,168,-104.421101,31.68425514,6.131567383
nc73827571,2023-01-01 18:35:04,5.35,"15km SE of Rio Dell, CA",1207,1,1370,-123.971,40.409,30.63
nc73827436,2023-01-01 06:49:10,3.9,"9km NW of Pinnacles, CA",272,0,346,-121.2063333,36.595,7.74
nc73827426,2023-01-01 06:19:31,3.14,"9km NW of Pinnacles, CA",27,0,161,-121.2001667,36.5958333,8.14
ci40151807,2022-12-31 12:12:26,4.14,"16 km N of Borrego Springs, CA",1858,0,744,-116.3933333,33.3975,3.88
ci40151719,2022-12-31 11:41:09,3.47,"11km SSE of Lucerne Valley, CA",108,0,222,-116.9218333,34.3556667,4.73
nn00854257,2022-12-28 13:22:52,3.4,"32 km NW of Gabbs, Nevada",5,0,179,-118.1503,39.0976,8.1
us7000j0eq,2022-12-27 17:52:50,3.1,"33 km NE of Ranchester, Wyoming",,0,148,-106.8972,45.1415,0
us6000jbwi,2022-12-27 03:12:20,3.2,"14 km NE of Jal, New Mexico",8,0,160,-103.0951,32.2119,5
ci40150455,2022-12-27 03:01:32,3.32,"76km ESE of Maneadero, B.C., MX",,0,170,-115.7883333,31.5371667,14
us6000jbu4,2022-12-26 20:07:41,3.3,"12 km E of Wright, Wyoming",,0,168,-105.345,43.7306,0
tx2022zdze,2022-12-24 22:32:06,3.4,"16 km NW of Stanton, Texas",3,0,179,-101.8920303,32.24578857,5.991414388
us6000jbhb,2022-12-24 21:12:49,3.4,"21 km NW of Challis, Idaho",2,0,178,-114.398,44.6528,10
nc73824236,2022-12-24 19:33:44,4.16,"8km E of Hydesville, CA",471,0,469,-124.0083333,40.5571667,22.4
us6000jbgx,2022-12-24 18:58:10,3.3,"16 km ENE of Wright, Wyoming",,0,168,-105.3014,43.811,0
us6000jbct,2022-12-23 23:05:14,3.2,"12 km NNE of Wright, Wyoming",,0,158,-105.4089,43.8491,0
us6000jb59,2022-12-22 20:09:49,3.2,"18 km S of Wright, Wyoming",,0,158,-105.5118,43.5894,0
us6000jb4d,2022-12-22 18:05:19,3.1,"19 km SSE of Sleepy Hollow, Wyoming",,0,148,-105.3148,44.081,0
us6000jb3z,2022-12-22 17:03:31,3.1,"29 km NE of Wright, Wyoming",,0,148,-105.2683,43.9576,0
nc73823036,2022-12-22 11:49:55,3.79,"6km NW of Petrolia, CA",23,0,229,-124.3346667,40.3601667,28.71
nc73822961,2022-12-22 08:47:13,3.33,"14km WSW of Ferndale, CA",87,0,202,-124.411,40.52,17.87
nc73822861,2022-12-22 02:22:50,3.34,"3km N of Union City, CA",1651,0,532,-122.025,37.6201667,3.82
us6000jaw1,2022-12-21 17:42:25,3.8,"22 km NW of Stanley, Idaho",9,0,225,-115.1654,44.3432,10
nc73822556,2022-12-21 16:28:16,3.3,"6km NNE of Hydesville, CA",218,0,248,-124.0651667,40.5971667,22.03
tx2022yxmi,2022-12-21 09:12:36,3.2,western Texas,35,0,169,-102.2007193,32.10845947,7.801066081
nc73822341,2022-12-21 07:17:15,3,"11km ESE of Pine Hills, CA",87,0,185,-124.029,40.693,21.97
nc73822146,2022-12-21 01:07:33,3.02,"19km WSW of Ferndale, CA",9,0,143,-124.4661667,40.5058333,22.8
nc73822026,2022-12-20 22:06:34,4.35,"6km WSW of Ferndale, CA",92,1,331,-124.3291667,40.5455,19.74
nc73821761,2022-12-20 16:33:41,3.2,"10km WSW of Ferndale, CA",5,0,159,-124.3623333,40.5303333,17.7
nc73821666,2022-12-20 15:33:26,3.18,"6km SW of Ferndale, CA",13,0,162,-124.3181667,40.5461667,18.06
nc73821656,2022-12-20 15:30:01,3.01,"10km E of Hydesville, CA",1,0,140,-123.9766667,40.5656667,20.1
nc73821636,2022-12-20 15:09:05,3.99,"6km NNE of Hydesville, CA",50,0,266,-124.0688333,40.6005,22.5
nc73821516,2022-12-20 13:53:19,3.31,"12km WSW of Ferndale, CA",8,0,171,-124.389,40.5186667,17.56
nc73821486,2022-12-20 13:35:06,3.4,"8km SW of Ferndale, CA",14,0,185,-124.324,40.5268333,18
nc73821226,2022-12-20 11:42:54,3.02,"7km SW of Ferndale, CA",9,0,144,-124.3145,40.529,17.94
nc73821111,2022-12-20 10:53:16,3.52,"9km SW of Ferndale, CA",,0,191,-124.3543333,40.5273333,17.09
nc73821106,2022-12-20 10:52:39,3.05,"4km WNW of Ferndale, CA",4,0,144,-124.3128333,40.586,20.75
nc73821046,2022-12-20 10:39:02,4.92,"7km WNW of Rio Dell, CA",133,0,458,-124.1881667,40.5228333,26.55
nc73821036,2022-12-20 10:34:24,6.4,"15km WSW of Ferndale, CA",5910,1,1730,-124.423,40.525,17.91
tx2022ysoh,2022-12-18 16:32:07,3,"56 km S of Whites City, New Mexico",2,0,139,-104.3751518,31.66295253,6.131567383
tx2022ysnh,2022-12-18 16:01:40,3.1,"9 km SE of Midland, Texas",13,0,153,-102.012076,31.93267822,10.39326986
us6000ja1p,2022-12-17 19:05:33,3.1,"18 km NE of Wright, Wyoming",,0,148,-105.3249,43.8629,0
ok2022yqrj,2022-12-17 15:48:47,3.14,"8 km WSW of Waynoka, Oklahoma",1,0,152,-98.9615,36.5415,6.71
nc73819746,2022-12-17 11:39:42,3.57,"1km ENE of El Cerrito, CA",9394,0,726,-122.304,37.9181667,5.48
tx2022yplj,2022-12-16 23:38:40,3.4,"21 km NNW of Midland, Texas",42,0,196,-102.1342654,32.18536377,6.676147461
tx2022yplg,2022-12-16 23:35:27,5.2,"Range Hill, Texas",2405,0,600,-102.141,32.191,8.1923
us6000j9tk,2022-12-16 19:02:45,3.4,"21 km NE of Wright, Wyoming",,0,178,-105.2753,43.8697,0
us6000j9t9,2022-12-16 18:31:06,3.1,"24 km NW of Colstrip, Montana",,0,148,-106.8754,46.0192,0
tx2022ynjv,2022-12-15 20:35:24,3,"37 km NNW of Toyah, Texas",4,0,140,-103.9862703,31.60599442,10.03918457
tx2022ylev,2022-12-14 15:48:25,3,"51 km S of Whites City, New Mexico",1,0,139,-104.2700743,31.71826488,7.159887695
tx2022yldx,2022-12-14 15:20:16,3.3,"36 km WSW of Mentone, Texas",,0,168,-103.9696817,31.62581062,7.982543944999999
tx2022ylaz,2022-12-14 13:50:43,3.1,"36 km WSW of Mentone, Texas",,0,148,-103.9624869,31.6105518,7.147033691
nc73818126,2022-12-13 12:31:28,3.28,"10km NW of Pinnacles, CA",21,0,173,-121.2093333,36.6046667,8.88
us6000j8vd,2022-12-12 20:21:56,3.4,"30 km ESE of Wright, Wyoming",,0,178,-105.1484,43.6284,0
us6000j8np,2022-12-11 21:58:15,3.3,"4 km SSW of Luis Lopez, New Mexico",2,0,168,-106.9129,33.954,8.596
us6000j8ln,2022-12-11 14:29:13,3.2,"8 km SW of Danville, Kansas",5,0,159,-97.9493,37.2292,5
tx2022yfdh,2022-12-11 08:11:46,3,"54 km S of Whites City, New Mexico",,0,138,-104.3839261,31.68128059,6.131567383
tx2022yfbc,2022-12-11 07:06:07,3.4,"54 km S of Whites City, New Mexico",,0,178,-104.3903779,31.68032006,7.365551758
us6000j8gj,2022-12-10 19:03:17,3.1,"12 km E of Wright, Wyoming",,0,148,-105.3357,43.7664,0
us6000j8dw,2022-12-10 08:23:30,4.4,"24 km WSW of Las Brisas, Mexico",4,0,299,-116.3895,30.8464,10
ok2022ydai,2022-12-10 04:26:23,3.04,"10 km W of Lamont, Oklahoma",4,0,144,-97.67366667,36.69633333,5
nn00853040,2022-12-09 07:10:32,3,"79 km N of Rachel, Nevada",,0,138,-115.8331,38.3553,11.2
ci40143847,2022-12-09 02:16:41,3.28,"120km ESE of Maneadero, B.C., MX",,0,166,-115.5058333,31.124,5.61
us6000j802,2022-12-08 20:01:41,3.1,"19 km SSE of Wright, Wyoming",,0,148,-105.3568,43.6046,0
nn00852980,2022-12-08 16:48:47,3.1,"50 km ENE of Fort Bidwell, California",,0,148,-119.5586,41.976,0
tx2022xzrs,2022-12-08 08:40:05,3.2,"36 km WSW of Mentone, Texas",,0,158,-103.9705722,31.61420308,8.535266113
nc73815951,2022-12-08 02:46:32,3.12,"10km ESE of Loyalton, CA",16,0,155,-120.1395,39.631,-1.24
us6000j7py,2022-12-07 21:09:40,3,"10 km E of Wright, Wyoming",,0,138,-105.363,43.7466,0
ci40142983,2022-12-07 14:13:22,3.59,"13 km SE of Bodfish, CA",65,0,223,-118.3915,35.5086667,5.07
nn00852809,2022-12-07 07:38:27,3,"81 km N of Rachel, Nevada",,0,138,-115.8032,38.3737,3.1
tx2022xxjz,2022-12-07 02:30:13,3.4,"54 km W of Mentone, Texas",2,0,178,-104.1763164,31.71139301,7.828295898
nn00852719,2022-12-06 08:43:21,3.5,"50 km ENE of Fort Bidwell, California",1,0,189,-119.5587,41.9732,0
nc73814971,2022-12-06 00:10:37,3.98,"9km SSW of Kettleman City, CA",32,0,255,-120.0126667,35.9356667,9.46
nc73814941,2022-12-05 23:13:16,3.59,"13km ESE of Alum Rock, CA",1267,0,608,-121.6876667,37.3258333,8.21
us6000j75f,2022-12-05 22:10:08,3.4,"12 km ENE of Wright, Wyoming",,0,178,-105.3407,43.7914,0
tx2022xvap,2022-12-05 19:28:21,3,"48 km W of Mentone, Texas",,0,138,-104.1143963,31.73591729,7.738317870999999
tx2022xsii,2022-12-04 07:58:23,3.5,"57 km NW of Toyah, Texas",,0,188,-104.2416858,31.66602425,6.388647461
us6000j6te,2022-12-04 06:53:48,3,"51 km ENE of Fort Bidwell, California",,0,138,-119.553,41.9856,16.465
us6000j6q7,2022-12-03 18:39:54,3.4,"10 km E of Wright, Wyoming",,0,178,-105.3592,43.7561,0
tx2022xrfo,2022-12-03 17:26:46,3.3,western Texas,,0,168,-104.5293976,31.61431841,6.157275391
tx2022xrdr,2022-12-03 16:29:58,3.2,western Texas,,0,158,-103.9626179,31.6097471,7.828295898
tx2022xqwd,2022-12-03 12:41:32,3,"66 km SSW of Whites City, New Mexico",,0,138,-104.5431518,31.59215386,7.288427734
us6000j7me,2022-12-02 22:11:18,3.2,"15 km E of Wright, Wyoming",,0,158,-105.3037,43.7597,0
tx2022xprp,2022-12-02 21:15:10,3.2,"55 km S of Whites City, New Mexico",,0,158,-104.4312481,31.67545477,5.10324707
us6000j6eg,2022-12-02 18:50:01,3.3,"30 km WSW of Birney, Montana",,0,168,-106.8484,45.1838,0
tx2022xpee,2022-12-02 14:28:55,3,"35 km SSW of Los Ybanez, Texas",,0,138,-102.0742426,32.4307251,9.757446289
nc73813816,2022-12-02 12:21:48,3.91,"4km WSW of Big Pine, CA",53,0,254,-118.338,37.1563333,8.17
ci40383192,2022-12-01 15:28:29,3.82,"12km NNW of Ocotillo, CA",262,0,329,-116.0403333,32.8361667,10.46
us6000j5yj,2022-12-01 07:50:24,3.4,"5 km SW of Luis Lopez, New Mexico",12,0,181,-106.9296,33.9604,8.984
us6000j5v8,2022-11-30 21:05:35,3.3,"13 km ENE of Wright, Wyoming",,0,168,-105.3445,43.802,0
us6000j5ld,2022-11-29 20:14:27,3.4,"8 km NE of Wright, Wyoming",,0,178,-105.4315,43.8121,0
tx2022xjif,2022-11-29 09:41:25,3.1,"55 km S of Whites City, New Mexico",,0,148,-104.4037571,31.67150103,6.851391602
tx2022xifc,2022-11-28 18:59:23,3.5,"42 km NW of Toyah, Texas",0,0,188,-104.1371084,31.55439337,6.645727539
us7000issd,2022-11-27 19:06:55,3.3,"15 km E of Wright, Wyoming",,0,168,-105.3025,43.7465,0
tx2022xeij,2022-11-26 16:07:26,3.1,"54 km S of Whites City, New Mexico",,0,148,-104.4044329,31.68666321,6.028735352
us7000iskd,2022-11-26 14:40:15,4.3,"31 km SW of Las Brisas, Mexico",1,0,285,-116.4095,30.7774,10
tx2022xbat,2022-11-24 20:51:13,3,"38 km NNW of Toyah, Texas",,0,138,-104.0025809,31.61409731,7.63548584
tx2022xaxs,2022-11-24 19:19:28,4.7,"34 km WSW of Mentone, Texas",30,0,350,-104.0029099,31.62673498,8.483850098
tx2022xaxp,2022-11-24 19:14:19,4.5,western Texas,20,0,318,-103.9876096,31.63414005,7.429821777
ci40380264,2022-11-24 07:20:54,3.01,"5km NE of Westmorland, CA",11,0,143,-115.5835,33.0695,11.77
us7000is09,2022-11-24 06:25:38,4.3,"31 km W of Las Brisas, Mexico",,0,284,-116.4862,30.9238,10
us7000irwr,2022-11-23 21:02:27,3.4,Wyoming,,0,178,-105.3449,43.75,0
us7000irvb,2022-11-23 17:29:40,3,"14 km SW of Colstrip, Montana",,0,138,-106.7533,45.7945,0
us7000iru7,2022-11-23 16:34:53,3.1,"7 km NNE of Colstrip, Montana",,0,148,-106.587,45.9431,0
nn00851914,2022-11-23 02:30:13,3.5,"31 km SE of Mina, Nevada",1,0,189,-117.8655,38.1864,6.3
tx2022wxtx,2022-11-23 01:57:57,3.6,"53 km SSW of Whites City, New Mexico",,0,199,-104.5581962,31.71635872,7.828295898
us7000irm7,2022-11-22 21:00:56,4.5,"30 km W of Las Brisas, Mexico",3,0,313,-116.4784,30.9783,10
us7000irjd,2022-11-22 16:39:05,6.2,"28 km SW of Las Brisas, Mexico",438,1,889,-116.3907,30.7936,10
nn00851695,2022-11-21 00:52:14,3,"80 km N of Rachel, Nevada",2,0,139,-115.8242,38.3662,10.4
tx2022wtze,2022-11-21 00:05:43,3.2,"52 km SSW of Whites City, New Mexico",,0,158,-104.5270042,31.72073247,5.977319336
tx2022wrbx,2022-11-19 10:03:52,4,"38 km WSW of Mentone, Texas",5,0,248,-104.0020069,31.63489585,7.468383789
tx2022wpyw,2022-11-18 19:23:22,3,"38 km NNW of Toyah, Texas",,0,138,-104.0045813,31.61052859,7.879711914
us7000iqjc,2022-11-17 20:57:47,3.4,Wyoming,,0,178,-105.2302,43.8182,0
us7000iqeg,2022-11-17 13:23:21,3.4,"14 km SW of Smiths Ferry, Idaho",9,0,181,-116.2381,44.2217,10
tx2022wnac,2022-11-17 04:38:32,3.8,"37 km WSW of Mentone, Texas",14,0,228,-103.988021,31.63586216,7.725463867
tx2022wmtd,2022-11-17 01:04:09,3.6,"37 km WSW of Mentone, Texas",11,0,204,-103.9832184,31.61508142,7.866857910000001
tx2022wmog,2022-11-16 22:39:13,4,"39 km WSW of Mentone, Texas",46,0,271,-104.0091105,31.62947111,8.123937988
tx2022wmmk,2022-11-16 21:40:29,3.3,"36 km WSW of Mentone, Texas",11,0,172,-103.9665535,31.61789254,5.733093261999999
tx2022wmmd,2022-11-16 21:32:44,5.4,"Coalson Draw, Texas",2303,0,1079,-103.9987871,31.6367452,6.902807617
us7000iq4e,2022-11-16 13:47:44,3.7,"3 km NE of Ravalli, Montana",358,0,375,-114.1463,47.2961,12.331
uu60525377,2022-11-16 10:29:50,3.04,"18 km NNW of Taylor, Wyoming",,0,142,-111.091,42.214,7.6
uu60525357,2022-11-16 09:58:54,3.57,"17 km NNW of Taylor, Wyoming",17,0,202,-111.091,42.2126667,9.49
us7000ipye,2022-11-15 21:31:37,3.2,"15 km E of Wright, Wyoming",,0,158,-105.3002,43.7598,0
us7000ipxc,2022-11-15 18:58:55,3.1,"15 km ENE of Wright, Wyoming",,0,148,-105.3078,43.8047,0
nn00851287,2022-11-15 04:01:52,3,"37 km WNW of Kingston, Nevada",,0,138,-117.4792,39.3318,9.2
us7000iprx,2022-11-15 02:23:33,3,"southern Quebec, Canada",647,0,365,-73.6966,45.7212,7.952
us7000ipi0,2022-11-13 20:15:09,3.1,"24 km SE of Wright, Wyoming",,0,148,-105.248,43.6265,0
us7000iphw,2022-11-13 20:06:33,3.3,"23 km ENE of Wright, Wyoming",,0,168,-105.2226,43.824,0
us7000iphl,2022-11-13 18:43:11,3,"4 km SSW of Mooringsport, Louisiana",20,0,146,-93.9825,32.6524,5
tx2022wfsc,2022-11-13 04:36:24,3.3,"54 km NW of Toyah, Texas",0,0,168,-104.2173573,31.65098384,6.851391602
us7000ipb5,2022-11-12 14:01:55,3,southern Idaho,1,0,139,-115.1038,44.2525,10
uu60524772,2022-11-12 13:45:07,3.58,"7 km SW of Corinne, Utah",328,0,309,-112.1813333,41.5125,10.07
nc73804285,2022-11-12 13:11:22,3.09,"3km W of Walker, CA",4,0,148,-119.5185,38.5111667,4.48
us7000ip9u,2022-11-12 09:58:48,3.4,"45 km NE of Dubois, Wyoming",3,0,179,-109.2413,43.829,9.122
ci40131047,2022-11-11 11:16:19,3.19,"15km W of Searles Valley, CA",,0,157,-117.5666667,35.7415,3.56
nm60415496,2022-11-11 06:09:30,3.19,"5 km SE of Tiptonville, Tennessee",26,0,167,-89.433,36.3435,4.38
tx2022vxcy,2022-11-08 11:57:11,3.3,"56 km S of Whites City, New Mexico",,0,168,-104.3783731,31.66201297,6.697143555000001
nn00850805,2022-11-08 03:50:53,3.3,"41 km NNE of Nixon, Nevada",,0,168,-119.148,40.172,8.3
nc73802520,2022-11-07 19:41:35,3.23,"4km W of Walker, CA",12,0,164,-119.5206667,38.5181667,4.61
us7000in4x,2022-11-07 18:40:29,3.1,"29 km NE of Ranchester, Wyoming",,0,148,-106.9013,45.0921,0
tx2022vvod,2022-11-07 15:15:03,3.5,"58 km S of Whites City, New Mexico",,0,188,-104.3180018,31.65135131,7.468383789
us7000in1y,2022-11-07 10:43:04,3.1,"40 km N of Soda Springs, Idaho",,0,148,-111.6004,43.0176,10
ci40129871,2022-11-07 05:10:26,3.81,"78km ESE of Maneadero, B.C., MX",,0,223,-115.782,31.509,21.56
ci40129847,2022-11-07 04:59:02,4.04,"84km ESE of Maneadero, B.C., MX",10,0,255,-115.6993333,31.5571667,7.04
ci40129839,2022-11-07 04:52:55,3.69,"83km ESE of Maneadero, B.C., MX",0,0,209,-115.7113333,31.5536667,8.36
ci40129831,2022-11-07 04:50:33,3.1,"76km ESE of Maneadero, B.C., MX",,0,148,-115.7966667,31.5138333,19.58
us7000in01,2022-11-07 04:14:51,3.6,"24 km NW of Stanley, Idaho",5,0,201,-115.1574,44.3722,10
nc73804556,2022-11-07 02:01:27,3.76,"16km WNW of Lake Pillsbury, CA",54,0,236,-123.1165,39.4828333,5.64
us7000imyu,2022-11-06 23:33:47,4.3,"80 km SSW of Bahía de Kino, Mexico",,0,284,-112.2235,28.1429,10
uu60523487,2022-11-06 11:39:53,3.78,"3 km ESE of Colorado City, Arizona",237,0,300,-112.9426667,36.9838333,16.48
us7000imrn,2022-11-05 20:01:49,3.2,"12 km ENE of Wright, Wyoming",,0,158,-105.338,43.7797,0
nm60415171,2022-11-05 18:44:12,3.16,"10 km N of Van Buren, Missouri",90,0,192,-91.0195,37.0878333,8.1
nc73803326,2022-11-04 20:26:32,3.19,"6km W of Cobb, CA",16,0,163,-122.7961667,38.8331667,2.47
us7000imgl,2022-11-04 10:02:46,6.1,"82 km SSW of Bahía de Kino, Mexico",60,0,597,-112.3106,28.1573,10
tx2022vosj,2022-11-03 21:25:55,3,"3 km W of Falls City, Texas",5,0,140,-98.048,28.988,6.6021
us7000imah,2022-11-03 20:02:02,3.2,Wyoming,,0,158,-105.3672,43.822,0
us7000ima7,2022-11-03 19:34:10,3.3,"47 km WSW of San Vicente, Mexico",,0,168,-116.7047,31.1645,10
ci40128775,2022-11-03 19:11:09,3.27,"79km ESE of Maneadero, B.C., MX",,0,165,-115.7598333,31.5301667,16.86
ci40128767,2022-11-03 19:09:03,3.1,"85km ESE of Maneadero, B.C., MX",,0,148,-115.6906667,31.5638333,1.67
us7000im1p,2022-11-02 20:29:25,3.3,Wyoming,,0,168,-108.0343,43.8693,5
us7000ilx8,2022-11-02 05:52:09,3,"11 km S of Virden, New Mexico",11,0,143,-109.023,32.5882,5
us7000ilx1,2022-11-02 05:30:37,3.1,"15 km S of Virden, New Mexico",7,0,151,-109.0157,32.5442,5
us7000iln9,2022-11-01 07:17:36,4.2,"Sonora, Mexico",1,0,272,-111.8314,27.9226,10
us7000ills,2022-10-31 23:01:09,3,southern Idaho,,0,138,-115.2615,44.3927,10
us7000iljs,2022-10-31 19:11:06,3.3,"24 km SE of Wright, Wyoming",,0,168,-105.2577,43.6105,0
ci40127463,2022-10-31 04:52:58,3.01,"6km ESE of Wrightwood, CA",76,0,171,-117.569,34.3418333,4.35
tx2022vgkq,2022-10-30 08:26:30,3.5,"21 km E of Smiley, Texas",7,0,191,-97.474,29.243,6.0108
tx2022vdsu,2022-10-28 21:08:53,3.4,"5 km SE of Ackerly, Texas",,0,178,-101.6733756,32.48931885,7.556518555000001
us7000im0j,2022-10-28 17:48:41,3.1,"17 km ENE of Wright, Wyoming",,0,148,-105.2935,43.8189,0
us7000iks6,2022-10-27 19:09:55,3.1,"26 km SE of Wright, Wyoming",,0,148,-105.2517,43.5926,0
nc73799821,2022-10-27 17:54:22,3.66,"7km WSW of Petrolia, CA",32,0,220,-124.3686667,40.3113333,28.88
tx2022uzvs,2022-10-26 18:04:57,3.3,"11 km NW of Tilden, Texas",,0,168,-98.64,28.523,4.7066
nc73799336,2022-10-26 06:24:19,3.05,"6km NW of Walker, CA",4,0,144,-119.534,38.5471667,4.12
nc73799186,2022-10-25 22:08:37,3.54,"15km E of Seven Trees, CA",372,0,334,-121.6751667,37.3106667,8.05
nc73799091,2022-10-25 18:42:02,5.06,"15km ESE of Alum Rock, CA",24203,0,894,-121.672,37.3115,8.38
us6000iwb8,2022-10-25 11:00:39,3,"2 km NNE of La Luz, New Mexico",7,0,141,-105.9296,33.0002,5
us6000iw56,2022-10-24 19:16:40,3.1,"40 km SE of Wright, Wyoming",,0,148,-105.0927,43.531,0
us6000iw52,2022-10-24 18:56:30,3,southern Idaho,1,0,139,-115.1565,44.3233,10
nc73798306,2022-10-23 18:16:23,4.1,"3km SSE of Fortuna, CA",529,1,476,-124.14,40.5781667,28.35
us6000ivy6,2022-10-23 18:02:43,3.3,"14 km ENE of Wright, Wyoming",,0,168,-105.3273,43.7995,0
ci40364760,2022-10-23 09:24:58,3.27,"23km SSW of La Quinta, CA",65,0,187,-116.4261667,33.4806667,5.79
us6000ivtb,2022-10-22 20:09:00,3.1,"13 km ENE of Wright, Wyoming",,0,148,-105.3496,43.8116,0
nn00849777,2022-10-22 09:30:14,3.4,"17 km NE of Austin, Nevada",,0,178,-116.9273,39.6096,12.8
tx2022uqxw,2022-10-21 20:57:35,3.1,western Texas,,0,148,-104.3957777,31.68212359,7.416967772999999
tx2022uqvy,2022-10-21 19:57:58,3.7,western Texas,,0,211,-104.4016123,31.67243422,6.74855957
us6000ivlt,2022-10-21 19:57:58,3.5,western Texas,1,0,189,-104.419,31.6826,5
tx2022uqus,2022-10-21 19:21:14,3.1,"56 km S of Whites City, New Mexico",,0,148,-104.3999478,31.66692993,6.851391602
ci40363688,2022-10-20 09:53:20,3.79,"100km S of San Clemente Is. (SE tip), CA",7,0,223,-118.2288333,31.9225,5.8
nc73796766,2022-10-20 07:55:16,4.32,"36km NE of Redway, CA",67,0,323,-123.5185,40.3495,33.05
tx2022unvi,2022-10-20 04:15:59,3.367831862,"56 km NW of Toyah, Texas",,0,174,-104.2241581,31.66128988,8.008251953
nc73796026,2022-10-20 00:02:34,3.22,"6km NW of The Geysers, CA",32,0,177,-122.8108333,38.816,1.68
nc73795956,2022-10-19 23:59:50,3.27,"6km NW of The Geysers, CA",7,0,166,-122.8078333,38.8176667,2.43
nc73795966,2022-10-19 23:59:04,3.33,"6km NW of The Geysers, CA",22,0,179,-122.8151667,38.8121667,3.26
us6000iud0,2022-10-17 16:49:04,3.4,southern Idaho,7,0,180,-115.1751,44.3322,10
tx2022ugkl,2022-10-16 02:48:44,3.3,"33 km SE of Malaga, New Mexico",,0,168,-103.8287224,32.00028938,7.725463867
nc73793981,2022-10-15 17:30:41,3.14,"2km WSW of Anderson Springs, CA",22,0,162,-122.7143333,38.765,1.69
nn00849318,2022-10-15 03:27:45,3.1,"29 km SSE of Mina, Nevada",1,0,148,-117.9446,38.1533,9.8
us6000itul,2022-10-15 01:47:51,3.2,"2 km ESE of Ravalli, Montana",50,0,175,-114.1547,47.2691,10
tx2022udqr,2022-10-14 14:32:51,3.4,"34 km SE of Malaga, New Mexico",3,0,179,-103.8175224,32.00364424,8.535266113
us6000itfp,2022-10-13 20:06:00,3.3,"7 km ESE of Wright, Wyoming",,0,168,-105.3978,43.7345,0
us6000itel,2022-10-13 18:03:12,3.5,"30 km WSW of Birney, Montana",,0,188,-106.8691,45.2093,0
ok2022uapd,2022-10-12 22:22:16,3.15,"4 km SSE of Dover, Oklahoma",6,0,155,-97.88483333,35.94266667,6.6
ci40359712,2022-10-12 12:54:07,3.67,"13km NNW of Grapevine, CA",30,0,215,-118.9958333,35.0486667,12.27
nc73792396,2022-10-12 00:28:36,3.54,"5km NE of Walker, CA",15,0,199,-119.4411667,38.5498333,7.27
ci40359128,2022-10-11 13:36:16,3.22,"103km SE of Estacion Coahuila, B.C., MX",,0,160,-114.3305,31.4663333,5.97
us6000isn0,2022-10-11 06:19:05,3.8,"23 km SSE of Golfo de Santa Clara, Mexico",,0,222,-114.3592,31.5071,22.083
ci40359000,2022-10-11 06:12:54,3.54,"101km SE of Estacion Coahuila, B.C., MX",,0,193,-114.3495,31.4701667,5.97
tx2022twbq,2022-10-10 11:00:41,3,"56 km S of Whites City, New Mexico",1,0,139,-104.3697934,31.66574382,7.519799805
ci40358328,2022-10-09 21:48:21,3.01,"14km SSW of Searles Valley, CA",4,0,141,-117.4841667,35.6578333,4.94
tx2022ttrc,2022-10-09 03:24:38,3,"58 km S of Whites City, New Mexico",,0,138,-104.298115,31.6546837,7.57121582
ok2022trof,2022-10-07 23:40:03,3.14,"4 km SSE of Dover, Oklahoma",4,0,153,-97.88416667,35.94366667,6.34
ci40357392,2022-10-07 22:45:05,3.47,"23km E of Julian, CA",55,0,209,-116.3546667,33.0413333,11.79
ok2022trds,2022-10-07 18:21:53,3.21,"4 km SSE of Dover, Oklahoma",2,0,159,-97.89133333,35.94133333,6.23
uw61886506,2022-10-07 12:52:36,4.39,"16 km ESE of Lacomb, Oregon",6105,0,786,-122.55083333333333,44.540333333333336,13.17
ok2022tpru,2022-10-06 23:12:08,3.42,"4 km SSE of Dover, Oklahoma",6,0,182,-97.89,35.94133333,6.3
tx2022tpmz,2022-10-06 20:47:07,3.2,"47 km W of Mentone, Texas",,0,158,-104.0978304,31.73564266,7.159887695
ok2022tnyr,2022-10-06 00:24:43,3.19,"4 km SSE of Dover, Oklahoma",4,0,159,-97.89166667,35.94016667,5.47
nc73789551,2022-10-05 04:51:30,3.01,"19km SSW of Mariposa, CA",202,0,204,-120.0411667,37.3278333,19.55
us6000iqwy,2022-10-04 23:59:05,3.1,"11 km W of Stanley, Idaho",,0,148,-115.0782,44.2065,10
ci40355512,2022-10-04 16:38:33,3.57,"5km WSW of Delta, B.C., MX",3,0,197,-115.2443333,32.3381667,2.83
ci40355088,2022-10-03 16:08:09,3.01,"4km W of Banning, CA",111,0,174,-116.9215,33.9246667,7.62
nn00848420,2022-10-03 15:24:31,3.1,"5 km NE of Valmy, Nevada",,0,148,-117.0879,40.8273,7.9
ci40354936,2022-10-03 08:24:33,3.08,"5km ESE of Yorba Linda, CA",744,0,451,-117.7646667,33.8696667,4.27
tx2022tiot,2022-10-03 01:43:37,3.3,"30 km SSW of Los Ybanez, Texas",,0,168,-102.0410156,32.46276855,9.048258464
ci40353408,2022-09-30 11:50:11,3.41,"17km ESE of Anza, CA",120,0,224,-116.5131667,33.4803333,9.3
tx2022tdqv,2022-09-30 09:05:52,3.2,"54 km S of Whites City, New Mexico",,0,158,-104.4825414,31.69072462,5.46315918
ok2022tcwv,2022-09-29 22:59:09,3.09,"2 km ESE of Aline, Oklahoma",2,0,148,-98.42216667,36.499,7.81
nn00848153,2022-09-29 03:00:15,3.1,"29 km SSE of Mina, Nevada",1,0,148,-117.9748,38.151,9.3
nc73786811,2022-09-28 17:02:02,3.35,"24km NE of Alum Rock, CA",73,0,195,-121.6206667,37.5,7.61
us6000invq,2022-09-28 02:17:14,4.3,"61 km ENE of Mulegé, Mexico",,0,284,-111.3805,27.0398,10
us6000inv3,2022-09-28 01:18:24,5.4,"53 km E of Mulegé, Mexico",8,0,451,-111.4476,26.9509,10
tx2022sypn,2022-09-27 14:44:50,3,"57 km S of Whites City, New Mexico",,0,138,-104.3059757,31.66176222,7.802587891
ci40107319,2022-09-27 13:02:57,3.33,"36km N of Yucca Valley, CA",8,0,174,-116.4898333,34.4301667,7.67
ci40107167,2022-09-27 08:03:39,3.7,"13km SE of Bodfish, CA",35,0,224,-118.3885,35.5076667,5.18
us6000ing6,2022-09-26 20:34:31,3.2,Wyoming,,0,158,-105.3657,43.7714,0
us6000infq,2022-09-26 19:09:32,3.2,"26 km SE of Wright, Wyoming",,0,158,-105.2432,43.5911,0
us7000iat3,2022-09-24 20:33:26,3.1,"35 km SE of Wright, Wyoming",,0,148,-105.1766,43.526,0
nc73785481,2022-09-24 19:27:39,4.84,"37km W of Petrolia, CA",239,1,461,-124.7245,40.3136667,13.08
us7000ialm,2022-09-23 21:58:05,3.4,Wyoming,,0,178,-105.4062,43.7368,0
nc73784941,2022-09-23 06:58:34,3.05,"2km WSW of Anderson Springs, CA",17,0,150,-122.714,38.7713333,1.66
uw61882431,2022-09-22 14:41:56,3.49,"26 km WNW of Forks, Washington",10,0,190,-124.715,48.0465,37.04
us7000ia2r,2022-09-22 04:31:43,3,"37 km W of Challis, Idaho",,0,138,-114.701,44.5303,10
ci40103815,2022-09-21 10:50:48,3.04,"17km NE of Coso Junction, CA",7,0,145,-117.8355,36.1721667,7.13
nc73784121,2022-09-21 02:43:10,3.69,"12km WSW of Petrolia, CA",24,0,220,-124.4145,40.2941667,7.88
ci40103391,2022-09-20 18:34:41,3.48,"6km WNW of Bombay Beach, CA",13,0,192,-115.791,33.3613333,3.01
nc73783911,2022-09-20 14:03:08,3.96,"5km E of Covelo, CA",17,0,246,-123.1861667,39.8005,9.05
us7000i9d9,2022-09-19 21:18:14,4.4,"45 km ESE of Littlefield, Arizona",514,0,473,-113.498,36.6773,10
nc73783386,2022-09-19 04:47:18,3.26,"7km SSW of Tres Pinos, CA",73,0,188,-121.3453333,36.7296667,7.74
uu60515582,2022-09-18 12:55:19,3.93,"22 km SSW of Mammoth, Wyoming",29,0,248,-110.8096667,44.7891667,10.76
ci40102327,2022-09-18 09:13:21,3.3,"23km NE of Thermal, CA",1,0,168,-115.9403333,33.764,6.34
ci40102247,2022-09-18 06:55:48,3.53,"23km NE of Thermal, CA",26,0,201,-115.9373333,33.7635,6.15
nc73782876,2022-09-17 20:44:17,3.18,"12km W of Petrolia, CA",17,0,162,-124.4236667,40.3408333,18.88
nc73782441,2022-09-16 16:12:42,3.65,"2km WNW of Walker, CA",15,0,211,-119.505,38.5233333,5.3
us7000i8dk,2022-09-15 21:26:23,3.3,"20 km SSE of Antelope Valley-Crestview, Wyoming",,0,168,-105.3872,44.0523,0
nc73782086,2022-09-15 20:07:05,3.25,"21km SW of Los Banos, CA",10,0,165,-121.0358333,36.9443333,6.42
us7000i8cd,2022-09-15 19:01:43,3.3,"23 km ESE of Lodge Grass, Montana",,0,168,-107.0818,45.232,0
tx2022scbj,2022-09-15 06:35:52,3.3,"40 km NW of Toyah, Texas",,0,168,-104.100593,31.56190495,6.131567383
us7000i82i,2022-09-14 18:09:41,3.2,Wyoming,,0,158,-105.2461,43.6663,0
nc71129069,2022-09-14 01:40:20,4.29,"4km N of Santa Rosa, CA",277,0,419,-122.7036667,38.4813333,5.59
nc73781306,2022-09-14 01:39:38,4.39,"3km N of Santa Rosa, CA",6902,1,926,-122.7071667,38.475,5.57
nc73781266,2022-09-13 22:44:25,3,"16km SW of Toms Place, CA",3,0,139,-118.8123333,37.4665,8.99
us7000i7nq,2022-09-13 14:31:33,4.1,"83 km N of Santa Rosalía, Mexico",1,0,259,-112.1787,28.0905,10
tx2022rypg,2022-09-13 09:04:41,3.2,"57 km S of Whites City, New Mexico",,0,158,-104.3102446,31.65714154,7.905419922
tx2022rymt,2022-09-13 07:49:42,3.1,"57 km S of Whites City, New Mexico",,0,148,-104.3083811,31.65968013,7.314135742
nc73780871,2022-09-12 20:09:09,3.3,"16km WSW of Loyalton, CA",20,0,175,-120.4031667,39.6025,-1.55
tx2022rxjz,2022-09-12 17:16:28,3,"55 km NW of Toyah, Texas",1,0,139,-104.1916871,31.67501085,7.416967772999999
nc73780356,2022-09-11 06:55:21,3.24,"16km NW of Pinnacles, CA",61,0,183,-121.2581667,36.6365,9.53
us6000iirr,2022-09-10 20:59:37,3,"14 km ENE of Wright, Wyoming",,0,138,-105.3207,43.8033,0
us6000iiji,2022-09-09 21:14:30,3.3,"17 km ESE of Wright, Wyoming",,0,168,-105.3065,43.663,0
tx2022rqno,2022-09-08 23:08:32,3,"54 km S of Whites City, New Mexico",1,0,139,-104.3930901,31.68260056,7.776879883
uw61869652,2022-09-08 08:08:25,3.71,"7 km WNW of Lofall, Washington",3428,0,642,-122.75166666666667,47.842,23.33
tx2022rmze,2022-09-07 00:28:03,3.082102624,"56 km S of Whites City, New Mexico",,0,146,-104.3030833,31.67028138,7.879711914
ci40096951,2022-09-06 11:55:24,3.19,"8km NNE of Banning, CA",31,0,166,-116.843,33.9918333,17.26
nc73775530,2022-09-04 22:55:15,3.36,"14km ESE of Alum Rock, CA",342,0,314,-121.6781667,37.3121667,7.77
nc73775400,2022-09-04 18:57:55,3.47,"4km NNE of Pinnacles, CA",9,0,188,-121.1308333,36.5688333,9.91
us7000i54s,2022-09-04 13:54:25,3.3,"21 km WNW of Stanley, Idaho",,0,168,-115.1904,44.2908,10
us7000i54n,2022-09-04 13:31:31,3.4,"19 km W of Stanley, Idaho",1,0,178,-115.1766,44.1981,10
us7000i54i,2022-09-04 13:16:29,3.4,southern Idaho,11,0,183,-115.1298,44.2664,10
ci40095559,2022-09-03 17:04:55,3.57,"5km NW of Mira Loma, CA",1428,0,676,-117.5595,34.0203333,11.39
tx2022rggw,2022-09-03 08:25:22,3,"35 km NW of Toyah, Texas",,0,138,-104.0392762,31.55755125,6.388647461
tx2022rfrs,2022-09-03 00:44:57,3,western Texas,,0,138,-104.001038,31.6006595,7.596923828000001
tx2022reye,2022-09-02 14:52:07,3.2,"18 km NNE of Hermleigh, Texas",0,0,158,-100.6572742,32.77313232,5.697957357
nn00848285,2022-09-02 06:50:11,3,"14 km SE of Wells, Nevada",2,0,139,-114.8257,41.0329,13.2
tx2022reem,2022-09-02 04:55:15,3.5,"35 km NW of Toyah, Texas",1,0,189,-104.0074046,31.58225387,7.802587891
tx2022rduz,2022-09-02 00:07:37,4.093029702,"36 km NNW of Toyah, Texas",2,0,258,-104.0015346,31.59192553,6.208691406
tx2022rdfr,2022-09-01 16:23:29,4.4,"38 km WSW of Mentone, Texas",15,0,302,-103.9893144,31.62459784,6.568603515999999
tx2022rdfm,2022-09-01 16:17:27,3.7,"37 km NNW of Toyah, Texas",1,0,211,-104.0085728,31.60155272,6.157275391
nn00848278,2022-09-01 15:21:20,3.2,"50 km ENE of Fort Bidwell, California",,0,158,-119.5575,41.9732,0.2
nc73774300,2022-09-01 13:36:22,4,"5km ENE of Pinnacles, CA",38,1,261,-121.0965,36.549,1.6
uu60513027,2022-09-01 01:33:06,3.33,"59 km ENE of Warm River, Idaho",5,0,172,-110.6061667,44.2595,9.58
nc73774035,2022-08-31 22:41:44,3.33,"8km S of Ferndale, CA",19,0,175,-124.256,40.5055,26.24
tx2022qzxn,2022-08-30 20:49:52,3.4,"47 km W of Mentone, Texas",,0,178,-104.0976604,31.70622942,6.234399414
nn00846122,2022-08-30 18:31:27,3.9,"32 km SE of Mina, Nevada",2,0,234,-117.8993,38.1502,6.1
ci40334320,2022-08-30 08:44:40,4.03,"6km NNW of Delta, B.C., MX",3,0,251,-115.2251667,32.4063333,12.18
us7000i3hk,2022-08-29 19:02:48,3.2,Wyoming,,0,158,-105.3215,43.7327,0
tx2022qwya,2022-08-29 05:41:13,3,"17 km NNE of Hermleigh, Texas",,0,138,-100.6701362,32.77313232,3.056844076
ci40333424,2022-08-28 22:48:03,3.42,"14km ESE of Wofford Heights, CA",67,0,205,-118.3181667,35.6443333,7.28
tx2022qwhw,2022-08-28 21:31:56,3.1,"47 km W of Mentone, Texas",,0,148,-104.0973952,31.70691991,6.877099609
us7000i34z,2022-08-28 17:10:47,3,Wyoming,,0,138,-105.3558,44.0567,0
nn00845990,2022-08-28 13:04:11,3.4,"26 km SSE of Mina, Nevada",3,0,178,-117.9717,38.1813,2.8
us7000i2yy,2022-08-27 21:06:04,3,"12 km E of Wright, Wyoming",,0,138,-105.3341,43.7698,0
nc73772490,2022-08-27 19:42:52,3,"10km E of Alum Rock, CA",188,0,210,-121.7126667,37.3568333,8.12
us7000i2uu,2022-08-27 02:31:11,3.3,"Baja California, Mexico",2,0,168,-115.9623,30.8442,8.945
uu60511732,2022-08-26 21:25:49,3.03,"23 km SSW of Mammoth, Wyoming",,0,141,-110.8053333,44.782,8.79
ci40332296,2022-08-26 20:29:17,3.19,"148km SSE of Estacion Coahuila, B.C., MX",,0,157,-114.1633333,31.0756667,5.94
tx2022qscz,2022-08-26 14:30:42,3.1,"18 km SE of Ackerly, Texas",2,0,149,-101.598347,32.394104,11.37145996
uu60511437,2022-08-26 05:51:13,3.09,"23 km SSW of Mammoth, Wyoming",,0,147,-110.8038333,44.7755,11.58
uu60511392,2022-08-26 03:35:16,3.08,"22 km SSW of Mammoth, Wyoming",,0,146,-110.8016667,44.7826667,9.61
us7000i2hn,2022-08-26 02:42:27,3.5,"30 km NW of Stanley, Idaho",19,0,194,-115.1984,44.4028,10
us7000i2hj,2022-08-26 02:10:53,3.3,"27 km E of Bairoil, Wyoming",,0,168,-107.2294,42.2321,5
ci40331312,2022-08-25 07:32:51,3.27,"7km NNE of Borrego Springs, CA",16,0,169,-116.3506667,33.3161667,11.56
nn00845765,2022-08-24 18:02:49,3.1,"52 km NE of Valmy, Nevada",,0,148,-116.7227,41.1547,8.1
nm60405492,2022-08-21 14:12:44,3.14,"4 km SSW of Imboden, Arkansas",221,0,240,-91.1988333,36.1686667,15.97
tx2022qixy,2022-08-21 13:45:21,3.2,"13 km N of Snyder, Texas",13,0,162,-100.9338081,32.83905029,3.301391602
tx2022qbld,2022-08-17 11:19:56,3.1,"18 km NNE of Hermleigh, Texas",3,0,149,-100.6529869,32.77679443,7.752156576
us6000ibip,2022-08-17 06:55:10,3,"3 km SE of Centerville, Maine",38,0,151,-67.6413,44.687,5
ci40326728,2022-08-17 00:53:01,3.19,"1km NE of Cabazon, CA",48,0,176,-116.7775,33.9263333,14.2
tx2022qaqd,2022-08-17 00:43:58,3.803475183,"17 km NNE of Hermleigh, Texas",14,0,228,-100.6637052,32.76580811,6.235961914
tx2022pzrx,2022-08-16 12:29:29,3,"17 km NNE of Hermleigh, Texas",,0,138,-100.6572742,32.76947021,6.627237956
tx2022pysn,2022-08-15 23:39:34,3,"58 km S of Whites City, New Mexico",1,0,139,-104.4005707,31.64647395,6.979931641
tx2022pxke,2022-08-15 06:18:01,3.3,"48 km W of Mentone, Texas",,0,168,-104.1102169,31.73513088,8.085375977
uw61862977,2022-08-13 13:31:22,3.0300000000000002,"21 km NW of Bickleton, Washington",9,0,144,-120.50166666666667,46.1315,12.29
nc73767655,2022-08-13 12:33:35,3.57,"14km SE of Bayside, CA",342,0,326,-123.9355,40.7575,22.58
nc73767575,2022-08-13 07:25:36,3.17,"16km WSW of Weitchpec, CA",112,0,197,-123.882,41.132,28.27
tx2022przf,2022-08-12 07:04:54,3.4,"16 km SE of Ackerly, Texas",0,0,178,-101.591916,32.41973877,5.844685872
nc73767145,2022-08-12 03:37:05,3.45,"8km NNE of Walker, CA",7,0,185,-119.4523333,38.5876667,5.2
us6000ia14,2022-08-11 20:31:52,3.1,"10 km SSE of Antelope Valley-Crestview, Wyoming",,0,148,-105.4328,44.1345,0
nc73766880,2022-08-11 17:12:57,3.49,"8km NNE of Walker, CA",14,0,191,-119.4498333,38.586,5.23
us6000i9wg,2022-08-11 07:37:15,3,"25 km SSE of Baie-Comeau, Canada",4,0,140,-67.995,49.0129,10.501
tx2022pqec,2022-08-11 07:17:16,4.5,"54 km S of Whites City, New Mexico",9,0,315,-104.4253993,31.68330721,6.645727539
us6000i9vm,2022-08-11 05:11:35,3.8,"65 km WSW of San Carlos, Mexico",2,0,223,-111.6657,27.742,10
tx2022pppc,2022-08-10 23:41:53,3.1,"54 km S of Whites City, New Mexico",,0,148,-104.4226948,31.68194653,6.697143555000001
ci40079375,2022-08-10 19:03:55,3.57,"46km SW of Primo Tapia, B.C., MX",4,0,197,-117.2573333,31.9225,19.11
nc73765725,2022-08-09 00:33:28,3,"8km NNE of Walker, CA",3,0,139,-119.4488333,38.5843333,5.07
nc73765585,2022-08-08 20:44:14,4.45,"8km NNE of Walker, CA",241,0,406,-119.446,38.5816667,5.4
tx2022pkmj,2022-08-08 04:38:53,3.1,"48 km W of Mentone, Texas",,0,148,-104.1150319,31.72959515,7.879711914
nc73765315,2022-08-08 02:38:51,3.26,"14km NNE of Pinnacles, CA",6,0,165,-121.0928333,36.6546667,11.05
ci40076855,2022-08-07 08:40:01,3.52,"83km ESE of Maneadero, B.C., MX",1,0,191,-115.711,31.5595,8.75
tx2022piya,2022-08-07 08:15:16,3.9,"53 km SSW of Whites City, New Mexico",1,0,234,-104.5930719,31.72872322,6.979931641
us6000i8nr,2022-08-06 16:08:22,5.2,"67 km WSW of San Carlos, Mexico",10,0,419,-111.6466,27.6656,10
us6000i881,2022-08-05 00:49:11,3.2,"4 km ENE of Draper, South Dakota",,0,158,-100.4879,43.9354,8.949
uw61860022,2022-08-04 13:22:39,3.06,"6 km SSE of Black Diamond, Washington",259,0,250,-121.97183333333334,47.25866666666667,21.54
tx2022pdgu,2022-08-04 05:51:57,3.6,"52 km SSW of Whites City, New Mexico",2,0,200,-104.5170479,31.72149605,4.769042969
ci40074431,2022-08-03 18:45:00,3.33,"4km SSW of Llano, CA",45,0,186,-117.8075,34.4603333,5.14
nc73763275,2022-08-02 21:44:06,3.9,"25km W of Petrolia, CA",46,0,251,-124.5783333,40.3136667,15.88
us6000i7j4,2022-08-02 19:10:47,3.3,"32 km SW of Birney, Montana",,0,168,-106.8307,45.1258,0
tx2022owaz,2022-07-31 06:58:57,3.2,"18 km SE of Ackerly, Texas",,0,158,-101.5865568,32.4005127,4.157307943
tx2022ouzb,2022-07-30 16:52:05,3,"34 km SE of Malaga, New Mexico",,0,138,-103.8141292,31.99756136,7.982543944999999
uu60507652,2022-07-30 07:44:55,3.13,"23 km SSW of Mammoth, Wyoming",1,0,151,-110.8006667,44.7798333,7.73
nn00843841,2022-07-29 21:08:28,3,"30 km SSE of Mina, Nevada",1,0,139,-117.9448,38.1457,12.6
us6000i6jt,2022-07-29 16:03:26,3,"15 km ENE of Wright, Wyoming",,0,138,-105.3103,43.7838,0
tx2022osco,2022-07-29 03:14:06,3.2,"54 km S of Whites City, New Mexico",,0,158,-104.3769196,31.68040593,6.131567383
tx2022orkk,2022-07-28 18:03:57,3.2,"56 km S of Whites City, New Mexico",,0,158,-104.3974822,31.66212021,7.596923828000001
tx2022orjd,2022-07-28 17:24:57,3.3,"56 km S of Whites City, New Mexico",,0,168,-104.373035,31.66710223,7.005639647999999
tx2022orir,2022-07-28 17:12:01,4.2,"55 km S of Whites City, New Mexico",2,0,272,-104.3833268,31.6743905,7.211303711
tx2022oraa,2022-07-28 12:48:42,3.1,"55 km S of Whites City, New Mexico",,0,148,-104.3857878,31.67874093,7.802587891
tx2022opif,2022-07-27 14:41:56,3.3,"58 km S of Whites City, New Mexico",,0,168,-104.3112617,31.64978213,6.157275391
tx2022oosa,2022-07-27 06:30:37,3.7,"55 km S of Whites City, New Mexico",1,0,211,-104.3709219,31.67171146,7.622631836000001
tx2022ooqf,2022-07-27 05:35:26,3.7,"55 km S of Whites City, New Mexico",,0,211,-104.366145,31.67955447,7.828295898
us6000i5ns,2022-07-26 18:35:22,3.3,"16 km E of Wright, Wyoming",,0,168,-105.2938,43.7782,0
tx2022onll,2022-07-26 14:05:56,3.1,"56 km S of Whites City, New Mexico",,0,148,-104.3566319,31.66881307,6.157275391
us7000htip,2022-07-26 12:04:01,3.4,"8 km WSW of Superior, Nebraska",12,0,182,-98.1608,39.9816,5
us7000hte1,2022-07-25 19:12:51,3.2,"17 km SSE of Wright, Wyoming",,0,158,-105.3787,43.6138,0
ci40069263,2022-07-25 11:21:07,4.29,"7km W of El Sauzal, B.C., MX",624,1,551,-116.7616667,31.9075,16.69
tx2022olaq,2022-07-25 06:18:31,3.3,"18 km SSE of Ackerly, Texas",,0,168,-101.6154964,32.38677979,7.703247069999999
tx2022okll,2022-07-24 22:39:59,3,"59 km S of Whites City, New Mexico",,0,138,-104.3660346,31.63566395,7.802587891
ci40068679,2022-07-24 06:12:01,3.09,"7km NW of Delta, B.C., MX",1,0,147,-115.2408333,32.399,10.97
tx2022oiif,2022-07-23 18:47:33,3.4,"40 km NW of Toyah, Texas",,0,178,-104.1161523,31.55632374,7.262719727000001
nc73761801,2022-07-23 02:47:13,3.37,"8km NNW of Avenal, CA",6,0,177,-120.163,36.0743333,7.88
nc73761796,2022-07-23 01:41:04,4.24,"5km S of Oroville East, CA",571,0,528,-121.4761667,39.4656667,0.59
us7000hsv7,2022-07-23 00:21:42,3.3,"12 km WNW of Wright, Wyoming",,0,168,-105.6284,43.8022,0
tx2022ofqt,2022-07-22 07:37:02,3.1,"27 km SW of Girard, Texas",,0,148,-100.8716416,33.19244385,7.996704102
tx2022ofpz,2022-07-22 07:15:58,3.2,"36 km NNW of Toyah, Texas",,0,158,-103.9857073,31.60048117,7.828295898
ci40067559,2022-07-22 00:11:28,3.1,"20km ESE of Olancha, CA",2,0,148,-117.8156667,36.189,6.86
tx2022oeha,2022-07-21 13:35:58,4.9,"55 km S of Whites City, New Mexico",26,0,378,-104.4210628,31.68011905,5.925903319999999
tx2022odve,2022-07-21 07:36:16,3.2,"57 km S of Whites City, New Mexico",2,0,158,-104.3928273,31.65318824,6.851391602
tx2022odsa,2022-07-21 06:00:53,3.2,"54 km S of Whites City, New Mexico",1,0,158,-104.419469,31.68242764,4.486254883
tx2022odrp,2022-07-21 05:48:27,3.2,"55 km S of Whites City, New Mexico",,0,158,-104.4205075,31.67828438,6.080151367
tx2022odrm,2022-07-21 05:43:26,3,"55 km S of Whites City, New Mexico",,0,138,-104.420232,31.67759682,6.054443359000001
tx2022obrm,2022-07-20 03:27:06,3.1,"37 km NNW of Toyah, Texas",,0,148,-103.9943283,31.6036696,9.113696289
us7000hrwz,2022-07-19 21:25:04,3.4,"29 km NE of Ranchester, Wyoming",,0,178,-106.8804,45.0802,0
us7000hrwa,2022-07-19 19:32:06,3.1,"23 km ESE of Wright, Wyoming",,0,148,-105.2055,43.6971,0
nc73760676,2022-07-19 17:00:16,3.06,"44km NNE of Toms Place, CA",3,0,145,-118.4551667,37.9133333,10.03
us6000i3kh,2022-07-19 00:33:27,3,"59 km W of Las Brisas, Mexico",1,0,139,-116.7829,31.0166,10
tx2022nzdg,2022-07-18 17:59:42,3,"35 km NW of Toyah, Texas",,0,138,-104.0363274,31.55917074,7.596923828000001
ci40065903,2022-07-18 17:07:58,3.38,"12km SE of Bodfish, CA",14,0,180,-118.3873333,35.5143333,5.38
ci40065399,2022-07-17 18:18:39,3.46,"4km SW of Salton City, CA",6,0,187,-115.983,33.272,4.9
ci40065255,2022-07-17 15:44:26,3.8,"13km SE of Bodfish, CA",81,0,257,-118.3865,35.5126667,4.66
us6000i38f,2022-07-17 12:51:41,3.8,"8 km WSW of Superior, Nebraska",149,0,289,-98.1625,39.9889,3
ci40065175,2022-07-17 11:34:47,3.47,"22km ESE of Bodfish, CA",17,0,192,-118.2855,35.487,3
ci40065151,2022-07-17 10:41:43,3.55,"23km SSW of Newport Beach, CA",77,0,218,-118.009,33.4196667,9.99
nc73759571,2022-07-17 08:19:59,3.26,"7km NW of The Geysers, CA",22,0,173,-122.8221667,38.8165,2.64
tx2022nwkz,2022-07-17 06:30:11,3,"15 km ENE of Hermleigh, Texas",0,0,138,-100.6090415,32.69348145,6.798421224
us6000i334,2022-07-16 19:02:59,3.2,"15 km SE of Wright, Wyoming",,0,158,-105.3647,43.644,0
tx2022nvkk,2022-07-16 17:03:27,3.4,"57 km S of Whites City, New Mexico",,0,178,-104.3654279,31.65887722,7.57121582
us6000i30i,2022-07-16 10:40:39,4,"41 km WSW of San Vicente, Mexico",1,0,246,-116.6584,31.2106,10
tx2022nthp,2022-07-15 13:23:29,3.2,"55 km S of Whites City, New Mexico",1,0,158,-104.4234363,31.67481786,6.157275391
ci40063391,2022-07-15 01:19:07,4.58,"13km NE of Ridgecrest, CA",427,0,528,-117.5843333,35.7091667,6.3
ci40063159,2022-07-14 19:30:34,3.25,"10km WSW of Lytle Creek, CA",499,0,377,-117.5951667,34.2206667,13.57
ci40063127,2022-07-14 18:54:03,3.58,"4km SW of Salton City, CA",33,0,211,-115.9846667,33.2725,4.95
nn00842853,2022-07-14 01:20:58,3.1,"88 km S of Eureka, Nevada",,0,148,-116.0966,38.724,2.6
ci40303048,2022-07-13 16:01:36,3.27,"7km NNE of Borrego Springs, CA",18,0,171,-116.3316667,33.3111667,11.68
ci40302920,2022-07-13 10:28:27,3.58,"37km SSE of San Clemente Is. (SE tip), CA",14,0,203,-118.2405,32.498,5.93
us6000i1t1,2022-07-12 13:43:00,4.6,"14 km ENE of San Juanito, Mexico",8,0,329,-107.4775,28.0381,15.13
nn00842670,2022-07-12 06:16:17,3.1,"92 km S of Eureka, Nevada",,0,148,-116.0875,38.6878,0
nn00842648,2022-07-11 23:02:16,3,"88 km S of Eureka, Nevada",,0,138,-116.0873,38.7192,0
us6000i1ln,2022-07-11 19:04:58,3.2,"34 km SE of Wright, Wyoming",,0,158,-105.1952,43.5276,0
nn00842587,2022-07-11 16:47:20,3.5,"92 km S of Eureka, Nevada",,0,188,-116.1046,38.684,2.8
nn00842579,2022-07-11 15:02:04,3.5,"92 km S of Eureka, Nevada",1,0,189,-116.0878,38.687,0.8
us6000i1bg,2022-07-10 03:20:42,3.1,"23 km SW of Stanley, Idaho",2,0,148,-115.1652,44.0809,10
us6000i109,2022-07-08 19:59:06,3.2,"16 km ENE of Wright, Wyoming",,0,158,-105.292,43.8001,0
ci40299688,2022-07-08 10:29:52,3.11,"10km NNE of Ocotillo Wells, CA",5,0,150,-116.1058333,33.2323333,9.02
ci40298688,2022-07-07 01:30:31,3.54,"10km NNE of Ocotillo Wells, CA",14,0,197,-116.1063333,33.2308333,9.6
ci40297864,2022-07-06 06:15:46,3.53,"9km ESE of Bodfish, CA",56,0,213,-118.402,35.5548333,2.88
ci40296688,2022-07-05 02:42:05,3.2,"18km SE of San Clemente Is. (SE tip), CA",17,0,161,-118.2046667,32.715,5.84
nc73754191,2022-07-04 07:22:41,3.38,"8km SSE of Round Valley, CA",30,0,187,-118.5516667,37.353,10.3
tx2022myhh,2022-07-04 01:22:21,3,"55 km S of Whites City, New Mexico",,0,138,-104.4296075,31.67270827,7.674047852000001
nn00842158,2022-07-03 17:28:48,3.5,"91 km S of Eureka, Nevada",,0,188,-116.0897,38.6943,0.2
us6000hziu,2022-07-03 10:42:24,3.1,"9 km WNW of Smiths Ferry, Idaho",13,0,152,-116.1997,44.3282,8.75
nn00842131,2022-07-02 17:19:57,3.1,"90 km S of Eureka, Nevada",3,0,148,-116.0858,38.7053,17.9
tx2022munt,2022-07-02 00:04:03,3.2,"59 km S of Whites City, New Mexico",,0,158,-104.2910465,31.64553205,8.702368164
nn00842055,2022-07-01 11:13:47,3.2,"70 km N of Black Rock City, Nevada",,0,158,-119.1041,41.3971,17
nc73753116,2022-07-01 05:27:56,3.24,"4km NNE of Big Pine, CA",18,0,167,-118.2695,37.1925,11.63
nn00842016,2022-06-30 17:48:11,3.9,"35 km SE of Mina, Nevada",1,0,234,-117.7791,38.2083,7.7
se60401416,2022-06-29 23:03:01,3.6,"6 km E of Elgin, South Carolina",3840,0,719,-80.727,34.1653333,2.75
se60401376,2022-06-29 18:43:56,3.5,"6 km E of Elgin, South Carolina",4827,0,798,-80.7286667,34.1668333,2.68
tx2022mqlx,2022-06-29 18:36:01,3.3,"37 km NNW of Toyah, Texas",,0,168,-103.9849391,31.60898616,9.345068359
tx2022mqlw,2022-06-29 18:35:54,3.2,"37 km NNW of Toyah, Texas",1,0,158,-103.9793022,31.61153236,9.833520508
ci40293376,2022-06-29 04:19:36,3.02,"10km SW of Niland, CA",12,0,144,-115.6073333,33.1813333,2.96
nc73752031,2022-06-28 11:57:40,4.19,"2km WNW of Cobb, CA",82,0,310,-122.7471667,38.8301667,0.48
se60400941,2022-06-26 05:31:54,3.4,"6 km E of Elgin, South Carolina",3765,0,778,-80.7246667,34.1666667,3.52
tx2022mjaw,2022-06-25 17:05:09,3,"4 km WSW of Pecos, Texas",5,0,141,-103.5352746,31.41481601,7.905419922
ci40290912,2022-06-24 22:30:53,3.42,"15km WNW of Progreso, B.C., MX",4,0,181,-115.7246667,32.6441667,11.15
nc73750331,2022-06-24 09:05:12,3.35,"12km NW of Parkfield, CA",23,0,180,-120.5266667,35.9723333,10.72
us7000hjr6,2022-06-23 21:06:40,3.1,"17 km NNE of Maeser, Utah",,0,148,-109.4929,40.6187,0
tx2022mero,2022-06-23 07:50:14,3,"52 km SSW of Whites City, New Mexico",1,0,139,-104.5715377,31.72981292,5.745947266
us7000hj1p,2022-06-21 16:22:36,3,"13 km NNW of Georgetown, Idaho",1,0,139,-111.4274,42.601,6.91
uw61844772,2022-06-20 04:45:09,3.22,"11 km WNW of O'Brien, Oregon",4,0,161,-123.82866666666666,42.1175,33.08
ci40287560,2022-06-20 03:40:29,3.75,"6km NW of Delta, B.C., MX",8,0,221,-115.2291667,32.3988333,19.74
us7000hikp,2022-06-19 20:01:53,3.4,"12 km ENE of Wright, Wyoming",,0,178,-105.344,43.7765,0
tx2022lxjc,2022-06-19 07:36:01,3.3,"58 km NW of Toyah, Texas",,0,168,-104.2952103,31.62758426,7.519799805
us7000hig9,2022-06-18 22:47:43,3,"4 km SW of Clay Springs, Arizona",,0,138,-110.33,34.3311,10
nc73747161,2022-06-18 20:14:16,3.33,"10km NE of Morgan Hill, CA",140,0,224,-121.5806667,37.1923333,5.08
tx2022lwae,2022-06-18 13:58:40,3.8,"51 km SSW of Whites City, New Mexico",,0,222,-104.5357175,31.7298588,5.206079102000001
tx2022lvxs,2022-06-18 12:43:34,3.2,"25 km SW of Coyanosa, Texas",,0,158,-103.2521254,31.07871877,3.098022461
se60400186,2022-06-18 08:05:23,3.9,"7 km E of Stillmore, Georgia",2355,1,724,-82.1405,32.4525,0.75
us7000hiar,2022-06-18 05:03:14,5.1,"109 km W of La Libertad, Mexico",2,0,401,-113.8135,30.0788,10
us7000hial,2022-06-18 05:00:44,5.1,"103 km WNW of La Libertad, Mexico",,0,400,-113.7326,30.1501,10
us7000hiaj,2022-06-18 04:51:29,5.2,"101 km W of La Libertad, Mexico",,0,416,-113.7212,30.0817,10
ci40286392,2022-06-17 23:47:52,3.13,"19km SSW of Lamont, CA",8,0,154,-119.0065,35.1083333,13.05
tx2022lubo,2022-06-17 12:24:11,3.2,"52 km SSW of Whites City, New Mexico",,0,158,-104.5559425,31.73223214,6.620019531
tx2022lsuz,2022-06-16 19:56:07,3.6,"16 km SSE of Ackerly, Texas",2,0,200,-101.6433641,32.39227295,8.436889647999998
ci40285368,2022-06-16 17:58:34,3.09,"11km SW of Lamont, CA",15,0,152,-118.988,35.1836667,12.52
nn00841009,2022-06-16 16:55:23,3.9,"34 km SE of Mina, Nevada",10,0,238,-117.8226,38.1723,7.9
tx2022lqaj,2022-06-15 07:14:53,3.1,western Texas,5,0,150,-100.9338081,32.82806396,3.839396159
ci40040359,2022-06-15 02:18:33,3.24,"24km N of Searles Valley, CA",6,0,163,-117.4081667,35.9876667,0.72
us7000hh66,2022-06-13 21:29:00,3.3,"19 km NNE of Maeser, Utah",,0,168,-109.4837,40.63,0
ok2022lmrb,2022-06-13 11:09:04,3.14,"6 km NW of Medford, Oklahoma",3,0,153,-97.78566667,36.84983333,7.95
nc73744931,2022-06-13 09:40:43,3.01,"13km SW of Lakeport, CA",76,0,170,-123.0025,38.9461667,6.06
ci40039007,2022-06-12 22:44:41,3.06,"5km WSW of Delta, B.C., MX",,0,144,-115.2368333,32.3343333,25.65
us7000hgkk,2022-06-10 19:09:34,3.3,"23 km SSE of Wright, Wyoming",,0,168,-105.3368,43.5764,0
tx2022lgxq,2022-06-10 07:35:38,3.3,"19 km N of Stanton, Texas",1,0,168,-101.7977087,32.30072021,7.898885091
nc73743421,2022-06-09 22:26:59,3.79,"20km W of Petrolia, CA",28,0,229,-124.5188333,40.2915,20.18
us7000hga1,2022-06-09 18:40:09,4.2,"269 km SSW of Bahía Asunción, Mexico",,0,271,-115.201,24.8549,10
nn00840644,2022-06-09 15:32:49,3,"18 km NE of Mina, Nevada",2,0,139,-117.9313,38.4878,3.7
ci40036911,2022-06-09 07:34:17,3.21,"13km SE of Bodfish, CA",17,0,165,-118.3875,35.5115,4.31
ci40036719,2022-06-08 22:48:21,3.55,"13km SE of Bodfish, CA",52,0,212,-118.3873333,35.5108333,5.2
tx2022leec,2022-06-08 19:30:24,3.6,"38 km NNW of Toyah, Texas",1,0,200,-103.9900717,31.61379489,9.113696289
ci40036375,2022-06-08 14:41:32,3.05,"15km W of Salton City, CA",11,0,147,-116.1145,33.283,2.76
tx2022ldmr,2022-06-08 10:42:02,4.1,"58 km SSW of Whites City, New Mexico",1,0,259,-104.5180063,31.65760532,7.494091797
us7000hfeh,2022-06-06 19:01:46,3.3,"13 km E of Wright, Wyoming",,0,168,-105.3272,43.7673,0
tx2022kzqw,2022-06-06 08:14:21,3.9,"18 km SE of Ackerly, Texas",10,0,237,-101.5833413,32.40692139,6.871785482
tx2022kzot,2022-06-06 07:12:54,4.3,"52 km SSW of Whites City, New Mexico",3,0,285,-104.538838,31.71926451,5.308911133
us7000hezb,2022-06-04 16:23:52,3,"8 km NNW of Roxbury, Kansas",4,0,140,-97.4577,38.624,5
us7000hg6u,2022-06-04 01:57:54,4,"83 km SSW of Campo Pesquero el Colorado, Mexico",,0,246,-109.7543,25.1137,10
us7000hetv,2022-06-04 01:38:59,4.7,"76 km SW of Campo Pesquero el Colorado, Mexico",1,0,340,-109.7535,25.196,10
us7000heth,2022-06-04 01:04:30,4.2,"78 km SSW of Campo Pesquero el Colorado, Mexico",,0,271,-109.6413,25.1162,10
us7000hept,2022-06-03 16:41:41,3.3,"35 km WSW of Mentone, Texas",,0,168,-103.9583,31.6311,5
ok2022kure,2022-06-03 14:45:48,3.16,"10 km W of Quinton, Oklahoma",1,0,154,-95.484,35.12383333,12.88
ci40032983,2022-06-03 10:40:29,3.68,"6km SSW of Warner Springs, CA",296,0,309,-116.6641667,33.2338333,10.94
tx2022kuaz,2022-06-03 06:34:31,3,"38 km WSW of Mentone, Texas",,0,138,-103.9947289,31.63193321,4.614794922
nn00840175,2022-06-02 20:57:23,3.4,"30 km SE of Mina, Nevada",2,0,178,-117.8827,38.1845,3.8
nc73740051,2022-06-02 12:07:22,4.14,"7km NW of Bay Point, CA",5794,1,694,-122.0076667,38.0765,18.43
tx2022krhd,2022-06-01 18:16:36,3.1,western Texas,1,0,148,-104.5896572,31.71220509,5.437451172
tx2022krdf,2022-06-01 16:17:04,3.2,"54 km SSW of Whites City, New Mexico",1,0,158,-104.5816754,31.7210008,7.237011719
tx2022krcw,2022-06-01 16:06:13,3.3,"34 km WSW of Mentone, Texas",2,0,168,-103.9787581,31.61015535,9.627856445
tx2022krce,2022-06-01 15:46:10,4.6,"53 km SSW of Whites City, New Mexico",10,0,329,-104.5509138,31.71526584,6.157275391
tx2022kras,2022-06-01 15:01:49,4.3,western Texas,8,0,288,-103.9819379,31.59957436,9.627856445
us7000he30,2022-06-01 13:56:26,4.2,"85 km ESE of Loreto, Mexico",,0,271,-110.5196,25.8259,10
us7000he0s,2022-06-01 07:36:29,4.2,"81 km W of Las Grullas Margen Derecha, Mexico",,0,271,-110.153,25.8786,10
ci40031287,2022-05-31 23:53:29,3.08,"20km NNE of Ridgecrest, CA",4,0,147,-117.6253333,35.7945,5.92
uu60500212,2022-05-31 22:12:27,3.76,"37 km ENE of Thompson Springs, Utah",100,0,252,-109.2958333,39.0608333,6.81
nm60397126,2022-05-31 08:40:31,3.21,"12 km SE of Ridgely, Tennessee",152,0,224,-89.3806667,36.1851667,11.19
ci40029871,2022-05-29 15:26:56,3.83,"40km ENE of Maneadero, B.C., MX",5,0,228,-116.1776667,31.8693333,12.04
uw61836427,2022-05-28 19:07:44,3.16,"55 km NE of Marblemount, Washington",17,0,157,-120.8225,48.807833333333335,-0.06
nc73738836,2022-05-28 00:42:05,3.02,"22km ENE of San Lucas, CA",8,0,142,-120.8108333,36.2383333,6.67
ci40027143,2022-05-26 09:23:32,4.28,"18km S of Trona, CA",326,0,429,-117.406,35.6026667,4.79
nc73738116,2022-05-26 08:11:39,3.31,"7km N of Big Pine, CA",7,0,171,-118.2918333,37.2298333,5.47
us7000hchm,2022-05-25 19:21:54,3.1,"20 km ESE of Wright, Wyoming",,0,148,-105.266,43.6688,0
tx2022kdvy,2022-05-25 09:50:34,3.3,"57 km S of Whites City, New Mexico",1,0,168,-104.3809995,31.65464279,7.622631836000001
us7000hcaj,2022-05-24 21:18:50,3.2,"20 km NNE of Vernal, Utah",,0,158,-109.4424,40.6263,0
us7000hc9y,2022-05-24 20:05:25,3.2,"8 km E of Wright, Wyoming",,0,158,-105.3883,43.7537,0
us6000hn9c,2022-05-23 10:43:35,3,"14 km WNW of Stanley, Idaho",4,0,139,-115.0961,44.2844,12.62
tx2022jymv,2022-05-22 11:34:01,3.2,"55 km S of Whites City, New Mexico",1,0,158,-104.4043329,31.67563361,7.93112793
us6000hn38,2022-05-22 09:58:57,3,"2 km WSW of Mullan, Idaho",8,0,142,-115.8348,47.458,5
nc73736456,2022-05-22 01:30:30,3.35,"14km WSW of Toms Place, CA",15,0,178,-118.8228333,37.5186667,5.31
us6000hmrm,2022-05-20 20:04:38,3.1,"12 km ESE of Wright, Wyoming",,0,148,-105.3424,43.7222,0
nc73736021,2022-05-20 16:20:35,3.05,"11km SSW of Ferndale, CA",4,0,144,-124.3091667,40.4836667,19.16
us6000hmgl,2022-05-19 20:44:18,3.2,"17 km NW of Colstrip, Montana",,0,158,-106.7578,46.0062,0
tx2022jqli,2022-05-18 01:43:06,3,"58 km S of Whites City, New Mexico",,0,138,-104.3865547,31.64380688,7.494091797
us6000hlv1,2022-05-17 20:10:27,3.2,"13 km ENE of Wright, Wyoming",,0,158,-105.3333,43.7914,0
us6000hlup,2022-05-17 19:13:10,3.3,"16 km SE of Wright, Wyoming",,0,168,-105.3566,43.6413,0
uw61832097,2022-05-17 08:07:34,3.4,"6 km ENE of Oso, Washington",244,0,280,-121.852,48.29966666666667,3.53
ci40019919,2022-05-16 06:16:50,3.76,"7km NE of Desert Hot Springs, CA",742,0,492,-116.4448333,34.0078333,8.25
us6000hlch,2022-05-15 20:02:46,3.5,"14 km ESE of Wright, Wyoming",,0,188,-105.321,43.7103,0
ci40019119,2022-05-15 02:26:34,3.24,"91km ESE of Maneadero, B.C., MX",1,0,162,-115.6405,31.504,8.73
us6000hl7w,2022-05-15 00:00:02,3.2,"9 km SW of Atoka, New Mexico",,0,158,-104.4516,32.6989,2.31
ci40018903,2022-05-14 21:28:14,3.26,"17km SSE of Maricopa, CA",14,0,169,-119.353,34.9123333,5.83
ok2022jklo,2022-05-14 19:00:57,3.12,"6 km SSE of Yeager, Oklahoma",2,0,150,-96.3135,35.1055,2.6
nc73733606,2022-05-14 11:20:00,3,"40km W of Petrolia, CA",2,0,139,-124.7546667,40.3771667,18.35
tx2022jjsq,2022-05-14 09:28:04,3.2,"37 km NNW of Toyah, Texas",,0,158,-103.9948791,31.6064253,7.725463867
ci40017815,2022-05-13 19:45:18,3.16,"10km NE of Ridgecrest, CA",44,0,167,-117.6093333,35.6956667,7.96
us6000hkxb,2022-05-13 14:49:33,3.2,"9 km NNE of Colstrip, Montana",,0,158,-106.5758,45.9615,0
ci40017591,2022-05-13 13:32:36,3.48,"2km SSE of Palomar Observatory, CA",909,0,559,-116.8575,33.342,7.37
tx2022jiec,2022-05-13 13:02:51,3,"58 km S of Whites City, New Mexico",,0,138,-104.384451,31.64933546,7.391259766
tx2022jgye,2022-05-12 20:50:44,3.2,"55 km S of Whites City, New Mexico",,0,158,-104.4051091,31.67218158,6.362939453
tx2022jgrc,2022-05-12 17:16:25,3,"50 km SSE of Whites City, New Mexico",,0,138,-104.1830494,31.7518049,7.365551758
us6000hkfh,2022-05-11 20:02:53,3.4,"15 km E of Wright, Wyoming",,0,178,-105.3019,43.759,0
tx2022jetj,2022-05-11 16:10:28,3.1,"36 km WSW of Mentone, Texas",,0,148,-103.9628898,31.61043564,7.031347656
uu60497322,2022-05-11 13:32:02,4.22,"36 km S of Silver Gate, Montana",57,0,300,-109.9963333,44.681,13.95
us7000h8f0,2022-05-10 20:02:00,3.1,"18 km ENE of Wright, Wyoming",,0,148,-105.2694,43.7987,0
ci40255392,2022-05-10 06:53:51,3.53,"27km S of Trona, CA",10,0,194,-117.3896667,35.5251667,9.05
ci40255256,2022-05-09 23:21:37,3.15,"21km NE of Independence, CA",,0,153,-118.0076667,36.918,1.49
ci40255120,2022-05-09 21:35:33,3.54,"24km E of Julian, CA",273,0,324,-116.3538333,33.0391667,11.34
us7000h86c,2022-05-09 20:02:45,3.1,"13 km ESE of Wright, Wyoming",,0,148,-105.3402,43.7023,0
se60393731,2022-05-09 05:32:47,3.25,"5 km ESE of Elgin, South Carolina",5501,0,662,-80.731,34.1588333,3.95
us7000h7t8,2022-05-07 17:03:52,3.4,"14 km ENE of Wright, Wyoming",,0,178,-105.3389,43.818,0
us7000h7t1,2022-05-07 16:42:58,3,"22 km N of Gillette, Wyoming",,0,138,-105.4885,44.4969,0
nc73730206,2022-05-06 20:17:27,3.25,"16km WNW of Bayview, CA",60,0,179,-124.3613333,40.8213333,23.02
tx2022istt,2022-05-05 02:42:27,3,"55 km S of Whites City, New Mexico",,0,138,-104.4129416,31.67511743,6.902807617
tx2022ised,2022-05-04 18:48:28,3.5,"36 km WSW of Mentone, Texas",,0,188,-103.969881,31.60995404,9.036572266
tx2022isec,2022-05-04 18:48:16,3.2,"36 km NNW of Toyah, Texas",,0,158,-103.977134,31.60786264,9.370776367
tx2022irrg,2022-05-04 12:18:43,3.2,"37 km NNW of Toyah, Texas",,0,158,-104.0088119,31.59534738,9.010864258
ci40250808,2022-05-02 21:56:48,3.45,"14km NW of Coso Junction, CA",5,0,185,-118.0658333,36.132,2.48
us7000h6ff,2022-05-02 20:09:22,3.1,"23 km S of Antelope Valley-Crestview, Wyoming",,0,148,-105.4827,44.0153,0
tx2022imey,2022-05-01 12:24:54,3.5,"45 km NW of Toyah, Texas",,0,188,-104.1164971,31.61423098,8.496704102000002
uw61835766,2022-05-01 11:15:56,3.56,"2 km E of Mount Vernon, Washington",678,0,425,-122.3055,48.4235,13.54
nc73727061,2022-05-01 03:17:37,3.34,"5km WNW of The Geysers, CA",46,0,187,-122.8116667,38.7988333,3.08
nc73726581,2022-04-30 18:17:56,3.32,"6km NW of The Geysers, CA",23,0,179,-122.8031667,38.8195,3.74
tx2022ihbu,2022-04-28 17:08:58,4,"36 km WSW of Mentone, Texas",,0,246,-103.9707092,31.61477713,8.805200195
nn00838002,2022-04-28 15:00:01,3.3,"23 km NNE of Hawthorne, Nevada",2,0,168,-118.4791,38.7001,8.6
tx2022igcn,2022-04-28 04:21:58,3,"37 km WSW of Mentone, Texas",,0,138,-103.9846963,31.61473187,9.267944336
tx2022igcd,2022-04-28 04:10:58,3.6,"37 km NNW of Toyah, Texas",,0,199,-103.9814519,31.61106576,8.805200195
tx2022ifxi,2022-04-28 01:44:07,3.4,"56 km S of Whites City, New Mexico",,0,178,-104.4112763,31.66961329,6.131567383
tx2022ifnh,2022-04-27 20:41:25,3.6,"37 km NNW of Toyah, Texas",1,0,200,-103.9763404,31.61085255,8.728076172
tx2022ifjt,2022-04-27 18:54:12,4,"37 km WSW of Mentone, Texas",1,0,246,-103.9771627,31.61429685,9.319360352
tx2022hxpy,2022-04-23 12:55:56,3.1,"57 km S of Whites City, New Mexico",1,0,148,-104.3048699,31.65809185,7.391259766
us6000hfqd,2022-04-22 19:59:07,3.2,"15 km ENE of Wright, Wyoming",,0,158,-105.3088,43.8045,0
tx2022hvoq,2022-04-22 10:00:28,3,"51 km NW of Toyah, Texas",,0,138,-104.1994339,31.62717501,6.697143555000001
nc73721575,2022-04-22 05:02:34,3.22,"12km S of Tres Pinos, CA",20,0,167,-121.3041667,36.6781667,4.37
ci40243288,2022-04-21 18:58:50,3.62,"7km NE of Imperial, CA",21,0,210,-115.5135,32.8948333,9.45
ci40242720,2022-04-20 23:52:47,3.25,"7km SSE of Brawley, CA",7,0,165,-115.515,32.9191667,7.92
us6000hf2v,2022-04-20 19:01:55,3.1,"17 km ENE of Wright, Wyoming",,0,148,-105.307,43.8395,0
tx2022hsoc,2022-04-20 18:19:22,3.2,"35 km SE of Malaga, New Mexico",1,0,158,-103.8106099,31.99458088,6.671435547
ci40241880,2022-04-20 05:19:44,3.41,"7km SSE of Brawley, CA",42,0,194,-115.5111667,32.918,11.48
ci40241816,2022-04-20 03:56:46,3.29,"7km S of Brawley, CA",16,0,173,-115.5171667,32.915,7.69
us7000h3fq,2022-04-19 21:29:06,3.1,"17 km E of Wright, Wyoming",,0,148,-105.2714,43.7581,0
ci40241440,2022-04-19 20:30:08,3.72,"8km SSE of Brawley, CA",69,0,236,-115.5138333,32.9105,11.46
ci40241424,2022-04-19 20:22:41,3.61,"8km S of Brawley, CA",22,0,209,-115.5165,32.9095,11.77
nc73719985,2022-04-19 05:00:09,3.15,"3km ESE of Cloverdale, CA",179,0,226,-122.9833333,38.7966667,1.3
ci40240528,2022-04-18 22:35:34,3.31,"9km NW of Delta, B.C., MX",2,0,169,-115.2528333,32.415,18.5
us7000h34m,2022-04-18 18:04:53,3.3,"20 km NE of Wright, Wyoming",,0,168,-105.2963,43.8722,0
us7000h2xs,2022-04-17 19:07:27,3,"32 km SE of Wright, Wyoming",,0,138,-105.2417,43.5216,0
ci40238728,2022-04-17 05:38:25,3.77,"60km E of Maneadero, B.C., MX",34,0,232,-115.9406667,31.6538333,16.73
tx2022hmaj,2022-04-17 04:34:17,3,"56 km S of Whites City, New Mexico",,0,138,-104.4599962,31.66997223,7.699755859
tx2022hlsv,2022-04-17 00:45:48,3,"17 km SW of Falls City, Texas",1,0,139,-98.131,28.858,9.3813
us7000h2qq,2022-04-16 20:09:59,3,"10 km ESE of Wright, Wyoming",,0,138,-105.3608,43.7272,0
us6000hfar,2022-04-15 17:34:33,3,"4 km SSE of Sleepy Hollow, Wyoming",,0,138,-105.3978,44.2008,0
ci40236864,2022-04-15 04:30:55,4.53,"20km W of El Sauzal, B.C., MX",4596,1,786,-116.8925,31.9305,14.51
nn00837174,2022-04-14 17:26:19,3.3,"37 km N of Dyer, Nevada",12,0,171,-118.0462,38.0016,5.9
us7000h1z4,2022-04-13 21:02:16,3.1,"10 km E of Wright, Wyoming",,0,148,-105.3598,43.7583,0
ci39990551,2022-04-11 23:40:20,3.24,"13km WNW of Calipatria, CA",20,0,168,-115.6436667,33.1728333,7.73
us7000h1d9,2022-04-11 22:04:29,3.1,"11 km NE of Lame Deer, Montana",,0,148,-106.5474,45.6793,0
tx2022hccx,2022-04-11 18:32:00,3,"52 km NW of Toyah, Texas",1,0,139,-104.2075331,31.63127098,5.46315918
ci39989815,2022-04-10 06:58:16,3.09,"80km ESE of Maneadero, B.C., MX",,0,147,-115.7515,31.5356667,14.39
tx2022gzcf,2022-04-10 02:43:44,3.5,"54 km S of Whites City, New Mexico",,0,188,-104.4200031,31.68196449,6.080151367
us7000h1w2,2022-04-09 22:26:40,3,"15 km E of Wright, Wyoming",,0,138,-105.2999,43.732,0
ci39989439,2022-04-09 15:36:51,3.93,"117km SW of Maneadero, B.C., MX",,0,238,-117.3523333,30.9015,5.96
tx2022gwvk,2022-04-08 21:01:14,3.1,"55 km S of Whites City, New Mexico",,0,148,-104.4199904,31.68058579,6.131567383
ci39988527,2022-04-08 09:35:54,3.28,"22km NNW of Tehachapi, CA",12,0,169,-118.5361667,35.3131667,3.29
us7000gzxy,2022-04-05 19:25:02,3.2,Wyoming,,0,158,-105.2929,43.5962,0
us7000h0pe,2022-04-04 17:59:12,3,Wyoming,,0,138,-105.3384,43.7808,0
us7000gzn4,2022-04-04 17:57:03,3.2,"5 km NE of Gillette, Wyoming",,0,158,-105.4509,44.3212,0
us7000gzlk,2022-04-04 16:12:00,3,"20 km NNE of Gillette, Wyoming",,0,138,-105.404,44.4586,0
nc73714176,2022-04-04 15:18:31,3.8,"10km WSW of Rio Dell, CA",60,0,241,-124.2186667,40.4816667,21.41
nc73714181,2022-04-04 15:16:46,4.07,"9km W of Rio Dell, CA",246,0,348,-124.2101667,40.4871667,21.4
us7000gzg2,2022-04-03 21:38:44,3,"7 km WSW of Abeytas, New Mexico",1,0,139,-106.8942,34.446,5
us7000gzdk,2022-04-03 14:14:57,3,"14 km ENE of Wright, Wyoming",,0,138,-105.3213,43.8027,0
ci39985119,2022-04-03 09:51:30,3.62,"16km NNE of Barstow, CA",30,0,213,-116.9765,35.0381667,2.01
nc73713331,2022-04-02 10:31:04,3.54,"16km NE of Willow Creek, CA",7,0,195,-123.5105,41.0453333,33.39
nc73713091,2022-04-01 15:31:59,3.02,"19km SE of Willow Creek, CA",2,0,141,-123.4696667,40.8165,26.05
tx2022gjnd,2022-04-01 14:04:22,3.1,"58 km S of Whites City, New Mexico",,0,148,-104.4296901,31.65271537,7.699755859
nn00836469,2022-04-01 11:34:31,3.5,"31 km SE of Mina, Nevada",,0,188,-117.8881,38.1708,12.4
tx2022giza,2022-04-01 06:56:22,3.8,"55 km S of Whites City, New Mexico",,0,222,-104.3892399,31.67343347,6.645727539
tx2022giyb,2022-04-01 06:27:52,3,"57 km S of Whites City, New Mexico",,0,138,-104.4092562,31.65468979,6.054443359000001
nc73712821,2022-03-31 22:39:04,3.33,"4km S of San Juan Bautista, CA",127,0,214,-121.5395,36.8105,5.84
us7000gypi,2022-03-31 12:56:05,3.4,"8 km S of Clayton, New Mexico",14,0,184,-103.183,36.3781,5
nc73712606,2022-03-31 08:16:30,3.29,"0km SW of Round Valley, CA",13,0,171,-118.601,37.4108333,10.53
nc73712486,2022-03-31 02:05:26,3.93,"1km SW of Round Valley, CA",206,0,316,-118.6031667,37.4093333,10.53
us7000gzm1,2022-03-30 19:47:06,3.2,"16 km ESE of Wright, Wyoming",,0,158,-105.3094,43.6845,0
tx2022gflr,2022-03-30 08:47:19,3.1,"56 km S of Whites City, New Mexico",,0,148,-104.3888706,31.66217579,6.362939453
tx2022gezt,2022-03-30 02:45:53,3.1,"55 km S of Whites City, New Mexico",,0,148,-104.3879085,31.67505059,6.362939453
tx2022gewj,2022-03-30 01:02:14,3.5,"55 km S of Whites City, New Mexico",,0,188,-104.3784539,31.67120433,6.131567383
us7000gy83,2022-03-29 21:11:26,3.3,"10 km NNW of Ryan Park, Wyoming",,0,168,-106.5744,41.4014,5
tx2022gcmz,2022-03-28 18:02:05,3.4,"54 km NW of Toyah, Texas",,0,178,-104.2237336,31.63946138,7.519799805
us7000gxw2,2022-03-28 17:07:44,3.3,"31 km NE of Ranchester, Wyoming",,0,168,-106.9205,45.1341,0
tx2022gcjr,2022-03-28 16:22:50,3.2,"54 km NW of Toyah, Texas",,0,158,-104.2157299,31.64915374,6.954223633
ci39980583,2022-03-28 15:24:32,3.04,"10km SW of Niland, CA",9,0,144,-115.6095,33.1831667,2.28
us7000gxqq,2022-03-27 20:03:32,3.1,"18 km E of Wright, Wyoming",,0,148,-105.2679,43.7582,0
ok2022galm,2022-03-27 15:01:16,3.29,"5 km ENE of Edmond, Oklahoma",261,0,279,-97.42216667,35.674,7.08
tx2022fzug,2022-03-27 06:18:43,3.7,"37 km WSW of Mentone, Texas",,0,211,-103.9774245,31.61268742,7.905419922
nc73710701,2022-03-26 17:46:51,3.29,"6km W of Walker, CA",2,0,167,-119.5428333,38.5136667,-0.46
nc73710361,2022-03-25 21:10:58,3.67,"10km WSW of Williams, CA",23,0,215,-122.2585,39.1266667,-0.49
tx2022fvzq,2022-03-25 04:28:32,3.3,"54 km S of Whites City, New Mexico",,0,168,-104.4049171,31.68068532,6.234399414
tx2022fvwu,2022-03-25 03:01:58,4.6,"56 km S of Whites City, New Mexico",23,0,334,-104.4204226,31.66909306,6.799975586
us7000gwzs,2022-03-24 21:00:54,3.1,"22 km NNE of Maeser, Utah",,0,148,-109.4886,40.6671,0
us7000gwz9,2022-03-24 19:51:01,3.2,"13 km NE of Colstrip, Montana",,0,158,-106.49,45.9621,0
tx2022futk,2022-03-24 12:12:46,4,"65 km NNE of Van Horn, Texas",2,0,247,-104.5667564,31.58645679,6.157275391
tx2022fuei,2022-03-24 04:34:48,3.1,"64 km SSW of Whites City, New Mexico",,0,148,-104.5202005,31.60933161,6.414355469
us7000gwml,2022-03-23 20:31:23,3.1,"15 km ENE of Wright, Wyoming",,0,148,-105.3173,43.8039,0
ci39974207,2022-03-22 11:59:40,3.03,"16km SE of Anza, CA",23,0,147,-116.5325,33.4715,13.09
ci39974135,2022-03-22 10:33:38,3.28,"6km E of Ontario, CA",1001,0,526,-117.5645,34.0498333,7.4
us6000h69n,2022-03-20 21:28:25,3.3,"25 km E of Wright, Wyoming",,0,168,-105.1729,43.7251,0
us6000h63l,2022-03-20 00:00:15,3.5,"9 km WNW of Viola, Kansas",17,0,194,-97.7425,37.5186,2.16
nc73707826,2022-03-19 16:59:41,3.58,"4km ENE of Corralitos, CA",742,0,501,-121.7615,37.0021667,12.04
us6000h5zq,2022-03-19 09:53:11,3.8,"5 km NW of Ryan Park, Wyoming",23,0,231,-106.5638,41.3522,11.41
us6000h5y3,2022-03-19 04:27:15,3,"9 km WNW of Viola, Kansas",16,0,145,-97.7449,37.5224,5
tx2022fkti,2022-03-19 00:45:08,3.2,"17 km SSE of Ackerly, Texas",1,0,158,-101.638005,32.38586426,5.135498046999999
tx2022fktd,2022-03-19 00:41:53,3.5,"18 km SSE of Ackerly, Texas",3,0,190,-101.6390768,32.37762451,3.937215169
tx2022fkqk,2022-03-18 23:19:39,3.1,"35 km WSW of Mentone, Texas",,0,148,-103.9591262,31.61090693,7.494091797
nc73707241,2022-03-18 15:16:25,3.28,"22km ESE of Pinnacles, CA",5,0,167,-120.9055,36.483,17.94
tx2022fjoe,2022-03-18 09:04:12,3,"54 km S of Whites City, New Mexico",,0,138,-104.3981817,31.68003984,6.620019531
nc73707021,2022-03-18 04:51:22,3.99,"5km W of Walker, CA",51,0,266,-119.5405,38.521,-0.54
us6000h5ip,2022-03-17 20:00:24,3.8,"13 km SSW of Clayton, New Mexico",22,0,231,-103.2532,36.3449,5
us6000h5ew,2022-03-17 14:27:06,3.1,"9 km N of Stanley, Idaho",9,0,151,-114.9398,44.3019,10
us6000h5eu,2022-03-17 14:25:20,3.1,"10 km N of Stanley, Idaho",1,0,148,-114.958,44.3146,10
us6000h57x,2022-03-16 21:16:41,3.4,"5 km SW of Santiago, Mexico",5,0,179,-100.1989,25.3946,14.23
us6000h571,2022-03-16 20:04:27,3,"16 km ENE of Wright, Wyoming",,0,138,-105.3053,43.8113,0
us6000h56c,2022-03-16 18:28:15,3.3,"33 km NE of Ranchester, Wyoming",,0,168,-106.843,45.1082,0
us6000h6h7,2022-03-16 17:26:29,3,"15 km SSE of Sleepy Hollow, Wyoming",,0,138,-105.3248,44.1242,0
ci39968663,2022-03-15 18:15:34,3.09,"23km N of Ridgecrest, CA",9,0,150,-117.6508333,35.8251667,6.27
nn00835351,2022-03-15 11:48:32,3.4,"30 km SSW of Alamo, Nevada",1,0,178,-115.3165,37.1209,11.8
us6000h4ly,2022-03-15 03:36:21,4.2,"69 km NE of Santa Rosalía, Mexico",,0,271,-111.7258,27.7416,10
tx2022fcvm,2022-03-14 16:48:35,3,"52 km NW of Toyah, Texas",,0,138,-104.2173495,31.61168865,7.494091797
ok2022fckr,2022-03-14 11:20:21,3.12,"12 km E of Crowder, Oklahoma",4,0,151,-95.53583333,35.106,7.69
nc73705251,2022-03-14 04:09:24,3.07,"7km NNW of Pinnacles, CA",14,0,150,-121.1828333,36.586,5.89
nc73705146,2022-03-13 20:51:32,4.12,"7km NW of Pinnacles, CA",94,1,300,-121.1883333,36.5846667,6.03
nc71127384,2022-03-13 20:51:30,3.23,"8km NNW of Pinnacles, CA",,0,161,-121.1863333,36.5893333,6.1
us6000h47u,2022-03-13 19:13:22,3.1,"17 km SE of Wright, Wyoming",,0,148,-105.3596,43.6221,0
tx2022faar,2022-03-13 04:00:54,3.4,"35 km NW of Toyah, Texas",,0,178,-104.0772932,31.52936933,7.416967772999999
tx2022ezne,2022-03-12 21:11:30,3.2,"54 km S of Whites City, New Mexico",0,0,158,-104.4030641,31.68414439,6.157275391
us6000h3wh,2022-03-11 20:59:37,3.3,"10 km N of Stanley, Idaho",6,0,170,-114.9584,44.312,16.8
us6000h3tr,2022-03-11 16:19:04,3.2,"12 km WSW of Colstrip, Montana",,0,158,-106.7722,45.8375,0
us6000h3ry,2022-03-11 11:59:07,3.3,"6 km SSE of Lincoln, Montana",7,0,170,-112.6508,46.8979,13.8
us6000h3rx,2022-03-11 11:43:51,3.2,"6 km SSE of Lincoln, Montana",4,0,159,-112.66,46.8978,9.06
us6000h3eg,2022-03-09 21:09:21,3.2,"10 km ESE of Wright, Wyoming",,0,158,-105.3652,43.7171,0
us6000h34z,2022-03-08 20:37:23,3,"7 km SW of Gypsum, Kansas",5,0,140,-97.4806,38.6532,5
nc73702486,2022-03-07 16:22:42,3.54,"6km WNW of Bodie, CA",14,0,198,-119.08,38.2258333,8.97
tx2022epcw,2022-03-07 04:38:34,3.1,"55 km S of Whites City, New Mexico",,0,148,-104.4121362,31.67535254,6.722851562
us6000h2ku,2022-03-06 19:03:20,3.1,"13 km ESE of Wright, Wyoming",,0,148,-105.3322,43.7201,0
us6000h2fp,2022-03-05 21:07:27,3.4,"11 km ESE of Wright, Wyoming",,0,178,-105.3542,43.7243,0
nc73701676,2022-03-05 15:07:29,3.22,"2km E of Pinnacles, CA",21,0,166,-121.1181667,36.5286667,6.48
ci40200072,2022-03-05 11:02:16,3.27,"13km SE of Bodfish, CA",18,0,170,-118.384,35.5136667,4.74
tx2022elkn,2022-03-05 03:56:10,3.3,"57 km S of Whites City, New Mexico",,0,168,-104.3210536,31.6625934,7.391259766
tx2022elfg,2022-03-05 01:16:51,4.3,"57 km S of Whites City, New Mexico",5,0,286,-104.3132288,31.66011153,7.416967772999999
us6000h25b,2022-03-04 20:27:31,3.1,"27 km E of Wright, Wyoming",,0,148,-105.156,43.7279,0
us6000h24z,2022-03-04 19:01:44,3.1,"22 km ENE of Wright, Wyoming",,0,148,-105.2357,43.8367,0
nn00834904,2022-03-04 09:57:48,3.5,"51 km N of Hiko, Nevada",,0,188,-115.2581,38.0585,7.5
tx2022ejzg,2022-03-04 09:07:22,3.1,"37 km NNW of Toyah, Texas",2,0,148,-104.0066693,31.59719319,7.674047852000001
nn00834881,2022-03-03 23:51:42,3.1,Nevada,2,0,148,-115.2854,38.0896,8.2
us6000h1vg,2022-03-03 20:21:09,3.4,"29 km NE of Ranchester, Wyoming",,0,178,-106.8741,45.0782,0
us6000h1u5,2022-03-03 17:10:07,3,"7 km N of Kinney, Minnesota",,0,138,-92.7274,47.5794,0
nc73700486,2022-03-03 11:39:58,3.78,"0km NNW of The Geysers, CA",33,0,234,-122.7581667,38.7805,0.4
uu60483892,2022-03-02 09:08:11,3.44,"4 km S of Joseph, Utah",22,0,190,-112.2125,38.5848333,-2.24
us6000h19n,2022-03-02 01:37:54,3.1,"64 km NW of San Felipe, Mexico",,0,148,-115.4005,31.3552,28.24
nn00834659,2022-03-01 18:17:21,3.5,"28 km SSE of Mina, Nevada",1,0,189,-118.0206,38.141,9.4
us6000h10i,2022-03-01 06:33:05,3,Colorado,,0,138,-104.9291,37.0276,6.89
ci40195880,2022-02-28 11:57:25,3.26,"16km W of Delta, B.C., MX",2,0,164,-115.3583333,32.3331667,15.54
tx2022ecax,2022-02-28 00:52:23,3,"52 km SSW of Whites City, New Mexico",,0,138,-104.6429978,31.76048572,4.923291016
us6000h0kk,2022-02-27 21:03:22,3.1,"20 km NE of Wright, Wyoming",,0,148,-105.3439,43.9027,0
tx2022eauw,2022-02-27 08:41:20,3.1,"55 km S of Whites City, New Mexico",,0,148,-104.4126703,31.67488942,7.288427734
ci40194848,2022-02-27 04:44:34,3.05,"10km ESE of Ojai, CA",116,0,185,-119.136,34.4221667,17.29
ci40194736,2022-02-27 01:44:18,3.98,"10km NW of Santa Paula, CA",2099,1,724,-119.132,34.4211667,19.66
nn00834481,2022-02-26 01:42:23,3.5,"36 km SE of Mina, Nevada",2,0,189,-117.7771,38.1861,5.2
us6000h06v,2022-02-25 22:01:11,3.1,"20 km NE of Wright, Wyoming",,0,148,-105.2908,43.864,0
us6000h018,2022-02-25 09:18:10,4.4,"100 km WNW of La Libertad, Mexico",2,0,299,-113.6942,30.1675,10
us6000gzwq,2022-02-24 22:33:56,3,"20 km SE of Wright, Wyoming",,0,138,-105.3102,43.6187,0
tx2022drzp,2022-02-22 12:50:28,3,"57 km S of Whites City, New Mexico",,0,138,-104.3202519,31.66328751,6.131567383
nn00834257,2022-02-22 08:48:41,3,"24 km N of Sutcliffe, Nevada",3,0,139,-119.6443,40.1717,8.6
ok2022drkk,2022-02-22 05:10:27,3.24,"7 km NW of Medford, Oklahoma",11,0,166,-97.7895,36.85616667,7.78
us7000gms3,2022-02-21 21:05:25,3.1,"13 km ENE of Wright, Wyoming",,0,148,-105.332,43.7889,0
nc73695786,2022-02-21 05:07:36,3.4,"9km SSW of Tres Pinos, CA",240,0,259,-121.3711667,36.7206667,2.7
nn00834222,2022-02-21 05:06:10,3.5,California-Nevada border region,,0,188,-118.3624,38.2511,7.9
tx2022dovf,2022-02-20 19:13:25,3.4,"3 km S of El Indio, Texas",,0,178,-100.313,28.479,3.0176
nn00834205,2022-02-20 09:37:50,3.4,"30 km SSE of Mina, Nevada",2,0,178,-117.9365,38.1543,10.8
uu60482552,2022-02-19 22:17:28,3.53,"5 km S of Joseph, Utah",52,0,210,-112.2238333,38.5735,4.48
nc73695251,2022-02-19 21:35:37,3.14,"12km WSW of Petrolia, CA",5,0,153,-124.4191667,40.292,8.51
tx2022dlox,2022-02-19 00:38:53,3.5,"56 km S of Whites City, New Mexico",1,0,189,-104.3748927,31.66410315,5.848779297
us7000gm2g,2022-02-18 21:04:51,3.1,"19 km E of Wright, Wyoming",,0,148,-105.2489,43.7605,0
us7000gm0x,2022-02-18 17:48:05,3.2,"8 km N of Parkville, Minnesota",,0,158,-92.5604,47.605,0
nc73693841,2022-02-16 23:02:47,3.3,"8km NE of San Simeon, CA",10,0,171,-121.1255,35.6986667,6.6
nc73693581,2022-02-16 12:10:59,3.09,"1km W of San Juan Bautista, CA",49,0,169,-121.5535,36.8451667,7
nn00833903,2022-02-15 21:16:24,4.7,"36 km SE of Mina, Nevada",17,0,347,-117.7833,38.1814,4.1
nn00833880,2022-02-15 05:34:54,3.4,"31 km SE of Mina, Nevada",1,0,178,-117.8893,38.1622,10.2
tx2022deeq,2022-02-14 23:29:28,3.2,"14 km ENE of Gardendale, Texas",58,0,180,-102.2371618,32.06268311,8.436889647999998
us7000gkwg,2022-02-14 22:09:22,3.2,"7 km SW of Colstrip, Montana",,0,158,-106.693,45.8362,0
us7000gkvs,2022-02-14 21:05:13,3.4,"6 km E of Wright, Wyoming",,0,178,-105.4143,43.7494,0
ci40185640,2022-02-14 16:41:35,3.17,"10km SW of Valencia, CA",367,0,305,-118.6415,34.3891667,3.23
ci40185312,2022-02-14 09:13:22,3.36,"40km ENE of Maneadero, B.C., MX",3,0,175,-116.1843333,31.8636667,15.44
ci40185288,2022-02-14 08:53:08,3.03,"40km ENE of Maneadero, B.C., MX",,0,141,-116.1773333,31.8561667,15.3
us7000gklc,2022-02-13 19:06:12,3.2,"12 km ENE of Wright, Wyoming",,0,158,-105.3445,43.7876,0
tx2022dbtm,2022-02-13 15:34:53,3.5,"56 km S of Whites City, New Mexico",,0,188,-104.3921656,31.6695081,7.596923828000001
tx2022dbkq,2022-02-13 11:05:37,3,"55 km S of Whites City, New Mexico",,0,138,-104.3760417,31.67236859,7.288427734
tx2022dbkn,2022-02-13 11:03:32,3,"55 km S of Whites City, New Mexico",,0,138,-104.3739447,31.67881614,6.260107422
tx2022dbkm,2022-02-13 11:02:15,4.2,"55 km S of Whites City, New Mexico",4,0,273,-104.38548,31.67437675,7.416967772999999
tx2022dayy,2022-02-13 05:11:52,3.5,"56 km S of Whites City, New Mexico",,0,188,-104.3803075,31.66774561,7.185595703
tx2022dayw,2022-02-13 05:10:28,3.7,"55 km S of Whites City, New Mexico",,0,211,-104.3816876,31.67164338,7.622631836000001
us7000gkc6,2022-02-12 20:09:41,3.2,"26 km SE of Wright, Wyoming",,0,158,-105.2528,43.5879,0
us7000gkav,2022-02-12 16:34:30,3,"9 km E of Wright, Wyoming",,0,138,-105.3743,43.7454,0
nc73691736,2022-02-12 03:13:42,3.24,"2km NNE of San Leandro, CA",1117,0,542,-122.1478333,37.7395,3.84
tx2022cyer,2022-02-11 16:42:00,3.2,"55 km S of Whites City, New Mexico",,0,158,-104.4148319,31.67579431,7.391259766
tx2022cxyu,2022-02-11 13:43:20,3,"56 km S of Whites City, New Mexico",1,0,139,-104.3910809,31.6685959,6.979931641
nn00833670,2022-02-11 01:59:24,3.1,"29 km SE of Lamoille, Nevada",,0,148,-115.2667,40.5145,2.4
ci40182560,2022-02-11 00:25:02,3.86,"10km NW of Santa Paula, CA",1307,1,709,-119.1323333,34.4171667,18.74
us7000gjqg,2022-02-10 17:49:44,3.2,"7 km NNE of Gillette, Wyoming",,0,158,-105.4632,44.3529,0
tx2022cwlh,2022-02-10 17:45:46,3.3,"24 km W of Garden City, Texas",1,0,168,-101.7419731,31.87774658,9.072713216
nc73690166,2022-02-08 23:16:00,3.27,"5km NW of The Geysers, CA",20,0,173,-122.8013333,38.8081667,2.93
nc73689506,2022-02-07 00:01:53,3.09,"2km ENE of San Leandro, CA",1429,0,507,-122.1356667,37.7281667,4.28
ci40178728,2022-02-06 23:24:47,3.62,"13km NE of Trabuco Canyon, CA",824,0,556,-117.4786667,33.7323333,11.02
nc73689126,2022-02-06 04:55:17,3.36,"1km NE of The Geysers, CA",29,0,185,-122.7453333,38.7856667,0.84
nc73688171,2022-02-04 15:50:09,3.14,"9km WNW of Cobb, CA",19,0,159,-122.8191667,38.8461667,1.12
tx2022ckqw,2022-02-04 06:57:19,3,"10 km NNE of Odessa, Texas",55,0,168,-102.314334,31.925354,8.436889647999998
tx2022ckkx,2022-02-04 03:55:51,3.3,"24 km SSW of Coyanosa, Texas",,0,168,-103.1461613,31.02901617,22.3019043
nc73686986,2022-02-02 01:41:48,3.47,"4km SSE of Markleeville, CA",104,0,232,-119.7725,38.6553333,-1.09
ci39929895,2022-02-01 17:26:16,3.26,"1km SE of South Gate, CA",1131,0,664,-118.2048333,33.949,15.79
us7000ggx4,2022-02-01 09:43:06,3.3,"20 km WNW of Stanley, Idaho",3,0,168,-115.1599,44.3114,10
uu60479902,2022-01-31 22:53:09,3.17,"17 km NNE of Maeser, Utah",1,0,155,-109.4736667,40.6073333,-2
ok2022cedc,2022-01-31 17:10:21,4.5,"7 km NW of Medford, Oklahoma",4769,0,942,-97.7935,36.851,7.85
ci39928087,2022-01-30 17:46:26,4,"5km WSW of Palomar Observatory, CA",5794,1,706,-116.9146667,33.3355,13.31
us7000ggf0,2022-01-30 16:36:50,3,"27 km NW of Stanley, Idaho",2,0,139,-115.1634,44.409,10
nn00832788,2022-01-30 07:16:42,3.9,"29 km SSE of Mina, Nevada",,0,234,-118.0052,38.142,8
us7000gg9u,2022-01-29 19:36:04,3.1,"18 km ENE of Wright, Wyoming",,0,148,-105.2887,43.8276,0
nn00832745,2022-01-29 07:03:15,3.3,"53 km SE of Imlay, Nevada",2,0,168,-117.756,40.2843,7.6
tx2022bysy,2022-01-28 18:21:44,3.1,"9 km SSE of Gardendale, Texas",48,0,166,-102.3314834,31.94366455,8.192342122
us7000gfz3,2022-01-28 18:18:44,3.1,"33 km SW of Birney, Montana",,0,148,-106.8513,45.1351,0
us7000gfnt,2022-01-27 22:03:55,3.1,"12 km ENE of Wright, Wyoming",,0,148,-105.36,43.8052,0
us7000gflv,2022-01-27 18:09:18,3,"2 km NNW of Mountain Iron, Minnesota",,0,138,-92.6323,47.555,0
tx2022bwrn,2022-01-27 15:22:52,3,"16 km SSE of Ackerly, Texas",,0,138,-101.6262147,32.40325928,9.121622721
ci39924871,2022-01-27 10:51:22,3.51,"13km NNW of Grapevine, CA",24,0,200,-118.9958333,35.0445,12.03
ci39923679,2022-01-26 10:38:30,3.12,"15km NE of Little Lake, CA",6,0,152,-117.7755,36.0235,1.83
ci39923631,2022-01-26 09:59:17,3.02,"15km NE of Little Lake, CA",2,0,141,-117.7763333,36.023,1.63
ci39923623,2022-01-26 09:59:05,3.03,"15km NE of Little Lake, CA",,0,141,-117.7791667,36.0256667,1.74
nn00832491,2022-01-26 00:21:26,3.2,"15 km ESE of Empire, Nevada",2,0,158,-119.1791,40.5071,9.5
us7000gf3f,2022-01-25 20:58:15,3.2,"22 km SE of Wright, Wyoming",,0,158,-105.2767,43.624,0
tx2022brnk,2022-01-24 19:37:55,3,"55 km S of Whites City, New Mexico",,0,138,-104.4259078,31.68008664,7.262719727000001
tx2022bqrg,2022-01-24 08:26:24,3.5,"58 km S of Whites City, New Mexico",,0,188,-104.4638661,31.65271041,6.491479492
ci39921383,2022-01-23 20:57:15,3.21,"20km N of Borrego Springs, CA",50,0,178,-116.3975,33.4338333,6.66
tx2022bpuj,2022-01-23 20:51:42,3.2,"54 km S of Whites City, New Mexico",,0,158,-104.4113813,31.68110245,7.57121582
nc73682266,2022-01-23 16:53:10,3.07,"14km SSE of Tres Pinos, CA",10,0,150,-121.2703333,36.6666667,5.17
us7000geee,2022-01-23 16:32:57,3,"12 km E of Wright, Wyoming",,0,138,-105.3401,43.7701,0
nn00832186,2022-01-22 22:40:11,4.3,"25 km SW of Mina, Nevada",43,0,299,-118.3528,38.2571,11.7
ci39920079,2022-01-22 01:01:42,3.01,"16km NNW of Ocotillo, CA",3,0,140,-116.0805,32.8625,7.23
us7000ge1a,2022-01-21 22:00:02,4.4,"83 km NNE of Loreto, Mexico",5,0,301,-110.9803,26.6934,10
us7000ge0y,2022-01-21 21:26:35,5.3,"76 km SSW of Bahía de Lobos, Mexico",4,0,434,-110.8671,26.7675,10
us7000gdzx,2022-01-21 20:07:31,3.1,"15 km ESE of Wright, Wyoming",,0,148,-105.3029,43.718,0
tx2022blnu,2022-01-21 12:59:34,3.3,"55 km S of Whites City, New Mexico",1,0,168,-104.3795789,31.67671232,7.519799805
us7000gdri,2022-01-21 04:59:43,3.3,"12 km NW of Carlin, Nevada",,0,168,-116.212,40.786,0
nn00832045,2022-01-20 15:45:10,3.4,"37 km SE of Mina, Nevada",1,0,178,-117.7655,38.1827,9
tx2022bizw,2022-01-20 03:41:45,3.1,"27 km SE of Lindsay, Texas",,0,148,-103.348713,31.18278101,3.45793457
us7000gdae,2022-01-19 18:47:42,3.1,"22 km ENE of Wright, Wyoming",,0,148,-105.2433,43.8374,0
us7000gd3q,2022-01-19 05:56:26,3.3,"8 km ESE of Saratoga, Wyoming",,0,168,-106.7141,41.4289,5
us7000gcx9,2022-01-18 15:55:58,3.2,"9 km NE of Lame Deer, Montana",,0,158,-106.5756,45.681,0
tx2022bfwj,2022-01-18 10:31:16,3,"34 km SSW of Los Ybanez, Texas",2,0,139,-102.0796018,32.44445801,1.809651693
ci39915287,2022-01-18 07:39:15,3.45,"10km NNW of Idyllwild, CA",606,0,462,-116.7506667,33.8255,12.48
ci39914199,2022-01-17 00:02:29,3.19,"5km WSW of Ojai, CA",217,0,230,-119.2985,34.4386667,10.42
us7000gcin,2022-01-16 21:43:06,3.2,"19 km SE of Wright, Wyoming",,0,158,-105.2956,43.6413,0
tx2022bbtv,2022-01-16 04:41:47,3,western Texas,0,0,138,-104.3432502,31.6137437,7.288427734
tx2022bbtl,2022-01-16 04:29:58,3,"56 km S of Whites City, New Mexico",,0,138,-104.3727879,31.66963155,6.774267578
us7000gc7n,2022-01-15 08:41:59,3.1,"5 km SW of Gypsum, Kansas",6,0,149,-97.4701,38.6657,5
ci39913183,2022-01-15 07:46:04,3.03,"103km ESE of Maneadero, B.C., MX",,0,141,-115.6476667,31.2196667,11.56
ci39913151,2022-01-15 06:33:46,3.22,"56km ESE of Maneadero, B.C., MX",,0,160,-115.9938333,31.5731667,19.35
us7000gc11,2022-01-14 17:12:06,3,"5 km NNE of Virginia, Minnesota",,0,138,-92.5061,47.5704,0
us7000gbr7,2022-01-13 21:07:54,3.2,Wyoming,,0,158,-105.327,43.8879,0
us7000gbtq,2022-01-13 07:42:38,3,"26 km SSE of Baie-Comeau, Canada",,0,138,-68.0734,48.9851,14.83
ci39910255,2022-01-13 03:19:08,3.86,"23km ESE of Anza, CA",2570,0,649,-116.443,33.4688333,13.97
us7000gbfr,2022-01-12 20:23:20,3,"19 km ENE of Wright, Wyoming",,0,138,-105.2741,43.8245,0
us7000gb71,2022-01-12 02:40:26,3,"59 km ENE of San Vicente, Mexico",,0,138,-115.6533,31.4848,10
us7000gb3k,2022-01-11 21:41:11,4.3,"79 km SSW of El Huitusi, Mexico",,0,284,-109.1013,24.8507,10
us7000gb28,2022-01-11 19:59:24,3.4,"26 km SE of Wright, Wyoming",,0,178,-105.2606,43.5784,0
us7000gave,2022-01-11 10:47:50,4.5,"97 km SSW of Topolobampo, Mexico",,0,312,-109.3479,24.7597,10
tx2022asqe,2022-01-11 04:37:02,3.9,"52 km SSW of Whites City, New Mexico",2,0,235,-104.5259366,31.72165965,4.486254883
tx2022aspg,2022-01-11 04:09:05,3.7,"55 km S of Whites City, New Mexico",3,0,211,-104.4113435,31.67696635,7.365551758
us7000gajg,2022-01-10 14:35:40,3.1,"4 km ESE of Assaria, Kansas",28,0,159,-97.5561,38.6563,5
nn00831477,2022-01-10 14:31:27,3.7,"16 km S of Wells, Nevada",9,0,213,-114.9424,40.9622,13.6
nn00831455,2022-01-10 08:09:08,3,"34 km SE of Mina, Nevada",,0,138,-117.8179,38.1757,8.7
us7000gahx,2022-01-10 07:44:57,3.2,"14 km N of Saint-Pascal, Canada",7,0,160,-69.823,47.652,17.97
nn00831449,2022-01-10 05:09:37,3.2,"30 km SE of Mina, Nevada",2,0,158,-117.8876,38.1763,7.2
us7000ga9j,2022-01-09 00:11:22,4.7,"90 km SSW of El Huitusi, Mexico",2,0,341,-109.1019,24.7518,10
ci39906383,2022-01-08 23:46:18,3.21,"3km NW of Palomar Observatory, CA",67,0,186,-116.8868333,33.373,4.58
ci39905711,2022-01-08 06:21:31,3.56,"8km WNW of Fillmore, CA",303,0,313,-118.9911667,34.4365,1.8
nc73674891,2022-01-07 02:32:07,3.01,"8km ESE of Deep Springs, CA",1,0,140,-117.9028333,37.3363333,8.72
nc73674821,2022-01-07 00:56:40,3.03,"12km SSW of Ferndale, CA",5,0,143,-124.3218333,40.478,18.75
nn00831181,2022-01-06 04:21:23,3.4,"31 km SE of Mina, Nevada",1,0,178,-117.8851,38.17,7.6
nc73674251,2022-01-06 02:42:10,4.58,"50km W of Petrolia, CA",218,0,412,-124.8643333,40.3846667,12.57
nc73674211,2022-01-06 00:28:07,4.75,"8km ESE of Deep Springs, CA",526,0,589,-117.9023333,37.3338333,9.5
us7000g9ct,2022-01-05 22:06:16,3.2,"11 km SW of Colstrip, Montana",,0,158,-106.7243,45.8121,0
nn00831033,2022-01-05 07:21:14,4.2,"35 km SE of Mina, Nevada",21,0,279,-117.8238,38.1677,9.9
tx2022ahnt,2022-01-05 02:53:43,3.3,"57 km S of Whites City, New Mexico",,0,168,-104.3207826,31.6623652,7.776879883
nn00831000,2022-01-04 23:22:39,3.6,"31 km NE of Osino, Nevada",,0,199,-115.35,41.094,4.2
tx2022afum,2022-01-04 04:02:02,3.6,"54 km S of Whites City, New Mexico",2,0,200,-104.4518179,31.68726376,5.308911133
us7000g8rj,2022-01-03 21:01:46,3.3,"27 km NE of Wright, Wyoming",,0,168,-105.2868,43.9499,0
tx2022aezo,2022-01-03 17:26:55,3,"58 km S of Whites City, New Mexico",,0,138,-104.2954023,31.65194162,7.93112793
tx2022aewr,2022-01-03 16:00:08,3.5,"58 km S of Whites City, New Mexico",,0,188,-104.3008096,31.65512786,7.725463867
tx2022aepq,2022-01-03 12:24:45,3.2,"39 km NNW of Toyah, Texas",,0,158,-104.0153894,31.62060196,7.416967772999999
tx2022aejt,2022-01-03 09:28:27,3.1,"57 km S of Whites City, New Mexico",,0,148,-104.3046246,31.66108063,8.136791992
tx2022aejc,2022-01-03 09:08:30,3.5,"58 km S of Whites City, New Mexico",,0,188,-104.3002459,31.65191394,7.314135742
tx2022aedx,2022-01-03 06:30:53,3.6,"58 km S of Whites City, New Mexico",1,0,200,-104.3008059,31.65466829,7.211303711
ci39901519,2022-01-03 02:34:48,3.92,"15km SSE of Buttonwillow, CA",133,0,302,-119.3906667,35.284,17.73
tx2022adsb,2022-01-03 00:31:47,3.2,"58 km S of Whites City, New Mexico",,0,158,-104.3002824,31.65650967,6.851391602
tx2022adli,2022-01-02 21:08:17,3.2,"17 km N of Stanton, Texas",5,0,159,-101.7752001,32.2869873,8.16788737
nn00830861,2022-01-02 13:05:52,3,"34 km SE of Mina, Nevada",2,0,139,-117.8369,38.162,9.9
us7000g8dw,2022-01-01 23:03:52,3.2,"12 km SE of Wright, Wyoming",,0,158,-105.3755,43.6819,0
us7000g8bj,2022-01-01 12:44:57,3.1,"65 km NW of San Felipe, Mexico",,0,148,-115.3674,31.3965,21.03
nc73671951,2022-01-01 06:10:48,3.29,"1km W of Parkfield, CA",34,0,185,-120.441,35.8995,5.65
nc73671446,2021-12-31 20:57:46,3.81,"12km SSW of Ferndale, CA",161,0,281,-124.3288333,40.4778333,19.05
us7000g87m,2021-12-31 19:35:54,3.1,"30 km WSW of Birney, Montana",,0,148,-106.8409,45.1694,0
ci39900159,2021-12-31 19:27:58,3.38,"3km SW of Redlands, CA",509,0,349,-117.208,34.0346667,14.43
tx2021zpem,2021-12-31 01:41:54,3.5,western Texas,1,0,189,-104.5869232,31.75726715,5.848779297
us7000g81z,2021-12-30 20:53:09,3.2,"20 km SSE of Wright, Wyoming",,0,158,-105.385,43.5805,0
tx2021zmyq,2021-12-29 20:28:44,3.5,"31 km SE of Malaga, New Mexico",,0,188,-103.8719125,31.99237922,7.519799805
us7000g7s1,2021-12-29 20:21:20,3.3,"9 km SSE of Colstrip, Montana",,0,168,-106.5974,45.7967,0
us7000g7lw,2021-12-29 18:18:39,3,"0 km ENE of Parkville, Minnesota",,0,138,-92.5665,47.5338,0
tx2021zmpp,2021-12-29 15:54:32,3.1,"17 km NNE of Hermleigh, Texas",,0,148,-100.6637052,32.76580811,7.947794596
tx2021zmpf,2021-12-29 15:41:08,3.1,"12 km W of Nacogdoches, Texas",25,0,157,-94.79218274,31.60491943,7.60542806
us6000gfxc,2021-12-28 20:19:26,3.3,"24 km SE of Wright, Wyoming",,0,168,-105.2374,43.6231,0
us6000gfwi,2021-12-28 18:56:42,3,"26 km SSE of Antelope Valley-Crestview, Wyoming",,0,138,-105.4062,43.9912,0
us6000gfrr,2021-12-28 02:43:56,4.1,"96 km W of La Libertad, Mexico",,0,259,-113.6939,29.9002,10
tx2021zjsk,2021-12-28 01:55:43,4.6,"17 km N of Stanton, Texas",403,0,543,-101.7741282,32.28607178,8.436889647999998
se60377836,2021-12-27 19:18:54,3.3,"5 km SSW of Lugoff, South Carolina",3168,0,728,-80.7196667,34.1823333,3.07
us6000gfjw,2021-12-27 05:51:31,3.7,"7 km WSW of Gypsum, Kansas",28,0,220,-97.4995,38.6752,5
us6000gfid,2021-12-26 21:09:30,4.1,"111 km W of La Libertad, Mexico",,0,259,-113.834,29.7727,10
us6000gfib,2021-12-26 21:01:31,3,Wyoming,,0,138,-105.1926,43.8511,0
us6000gfhi,2021-12-26 18:43:31,4.7,"Baja California, Mexico",,0,340,-113.8046,29.9182,10
us6000gfe5,2021-12-26 10:40:16,3.7,"6 km SW of Gypsum, Kansas",46,0,230,-97.4684,38.6613,5
nc73668566,2021-12-26 07:19:46,3.22,"8km NNW of Pinnacles, CA",23,0,167,-121.1905,36.5941667,5.64
us6000gf3t,2021-12-24 20:02:29,3.1,"11 km E of Wright, Wyoming",,0,148,-105.3472,43.7524,0
us6000gf2s,2021-12-24 17:44:29,3,"24 km NW of Stanley, Idaho",4,0,140,-115.1813,44.345,18.5
nc73668306,2021-12-24 15:51:29,3.27,"44km W of Petrolia, CA",1,0,165,-124.8075,40.3266667,9.55
nc73668291,2021-12-24 14:24:25,3.6,"35km W of Petrolia, CA",1,0,200,-124.7,40.3208333,22.99
nc73668286,2021-12-24 12:58:09,3.12,"9km WSW of Petrolia, CA",1,0,150,-124.3888333,40.3035,30.59
us6000gezr,2021-12-24 05:44:50,4.9,"99 km W of La Libertad, Mexico",,0,369,-113.7224,29.9939,10
nn00830439,2021-12-24 03:58:46,3.3,"22 km N of Sutcliffe, Nevada",5,0,169,-119.6266,40.1506,5.1
us6000gett,2021-12-23 14:13:23,4.5,"66 km SW of San Carlos, Mexico",1,0,312,-111.5824,27.5939,10
ci39894823,2021-12-23 12:44:24,3.12,"3km NW of Palomar Observatory, CA",37,0,164,-116.8856667,33.3711667,4.6
tx2021zbjp,2021-12-23 12:23:27,3,"20 km SW of Falls City, Texas",,0,138,-98.161,28.851,4.4146
nc73667941,2021-12-23 11:24:36,3.24,"6km W of Petrolia, CA",3,0,162,-124.3581667,40.317,30.9
tx2021zaxc,2021-12-23 06:04:10,3.2,"52 km SSW of Whites City, New Mexico",,0,158,-104.5153708,31.71553375,7.082763671999999
nc73667866,2021-12-23 03:28:52,3.87,"6km N of Petrolia, CA",77,0,260,-124.2925,40.3751667,21.02
se60140943,2021-12-22 06:20:48,3.1,"10 km E of Maplesville, Alabama",123,0,200,-86.7655,32.7843333,0.01
uu60472847,2021-12-21 22:36:45,3.62,"9 km E of Springdale, Utah",161,0,268,-112.8938333,37.1905,19.65
us6000ge9j,2021-12-21 21:01:40,3.2,"20 km SE of Wright, Wyoming",,0,158,-105.3192,43.613,0
nc73667331,2021-12-21 20:03:16,3.08,"3km E of Covelo, CA",11,0,151,-123.2128333,39.7981667,-1.16
tx2021yyhp,2021-12-21 19:57:50,3,"19 km SW of Falls City, Texas",2,0,139,-98.158,28.857,4.6819
nc73667251,2021-12-21 17:24:54,3.23,"30km W of Petrolia, CA",2,0,161,-124.6383333,40.3076667,20.87
nc73667171,2021-12-21 14:16:14,3.16,"12km SSW of Ferndale, CA",11,0,157,-124.3068333,40.469,27.6
nc73666831,2021-12-21 04:34:19,3.76,"14km N of Petrolia, CA",4,0,219,-124.2841667,40.4475,27.54
nc73666801,2021-12-21 03:26:39,3.84,"10km NNE of Petrolia, CA",4,0,228,-124.2383333,40.4115,26.83
nc73666511,2021-12-20 21:53:46,3.93,"6km NE of Petrolia, CA",1,0,238,-124.2258333,40.3585,26.93
nc73666506,2021-12-20 21:52:53,3.25,"18km SW of Ferndale, CA",2,0,163,-124.4248333,40.4746667,25.08
nc73666476,2021-12-20 21:31:39,3.18,"11km NNE of Petrolia, CA",1,0,156,-124.2385,40.4138333,22.54
nc73666446,2021-12-20 21:19:57,3.28,"13km SSW of Ferndale, CA",7,0,168,-124.3005,40.4636667,24.23
nc73666411,2021-12-20 21:10:08,3.12,"14km NNE of Petrolia, CA",3,0,151,-124.2491667,40.4431667,28.02
nc73666396,2021-12-20 21:06:38,3.02,"8km SSW of Rio Dell, CA",1,0,141,-124.1348333,40.4316667,26.96
nc73666376,2021-12-20 20:55:43,3.07,"11km N of Petrolia, CA",2,0,146,-124.2931667,40.425,25.23
nc73666361,2021-12-20 20:47:43,3.28,"27km W of Petrolia, CA",13,0,171,-124.6,40.3196667,17.93
us6000gdya,2021-12-20 20:40:26,3.1,"18 km ESE of Crownpoint, New Mexico",,0,148,-107.9464,35.6413,0
nc71126864,2021-12-20 20:13:40,4.84,"52km W of Petrolia, CA",8,0,364,-124.8993333,40.3498333,19.88
nc73666231,2021-12-20 20:10:31,6.2,"7km N of Petrolia, CA",4378,1,1420,-124.298,40.3901667,27.04
nc71127029,2021-12-20 20:10:20,5.65,"29km W of Petrolia, CA",0,0,491,-124.626,40.2978333,16.51
nc73666136,2021-12-20 14:25:06,3.98,"22km W of Petrolia, CA",36,0,257,-124.5376667,40.2881667,20.28
tx2021yvpp,2021-12-20 08:35:26,3,"54 km NW of Toyah, Texas",,0,138,-104.2200384,31.64959138,7.725463867
us6000gdn8,2021-12-19 20:22:08,3.2,"14 km SE of Wright, Wyoming",,0,158,-105.3523,43.6635,0
us6000gdmy,2021-12-19 19:07:35,3.5,"13 km E of Wright, Wyoming",,0,188,-105.3255,43.753,0
us6000gdks,2021-12-19 10:27:35,4.6,"103 km W of La Libertad, Mexico",2,0,326,-113.7587,30.0098,10
ci40130936,2021-12-19 07:44:45,3.08,"11km NE of Coso Junction, CA",2,0,146,-117.853,36.1131667,3.26
us6000gdiq,2021-12-19 04:24:20,3,"32 km WSW of LeChee, Arizona",7,0,141,-111.0938,34.953,5
us6000gddc,2021-12-18 08:32:39,4.7,"106 km W of La Libertad, Mexico",,0,340,-113.7866,29.83,10
us6000gdb9,2021-12-18 02:41:23,4.5,"115 km W of La Libertad, Mexico",,0,312,-113.8879,29.8652,10
ci40129800,2021-12-17 21:29:29,3.45,"192km S of Estacion Coahuila, B.C., MX",,0,183,-114.737,30.4775,5.96
us6000gd8z,2021-12-17 21:24:18,3.2,"10 km SSW of Colstrip, Montana",,0,158,-106.654,45.7956,0
us6000gd87,2021-12-17 20:17:10,3,"7 km NW of Stanley, Idaho",2,0,139,-115.0184,44.2578,15.76
us6000gd38,2021-12-17 14:23:43,3.3,"5 km SSW of Gypsum, Kansas",6,0,170,-97.456,38.664,2.47
ci40129416,2021-12-17 12:17:22,3.2,"58km S of Estacion Coahuila, B.C., MX",,0,158,-115.0685,31.6793333,5.84
us6000gd2p,2021-12-17 12:13:51,3.7,"12 km ENE of Ganges, Canada",1016,0,631,-123.3477,48.8934,16.88
us6000gd1p,2021-12-17 07:53:15,3.1,"6 km NNW of Three Forks, Montana",21,0,156,-111.5731,45.9472,2.74
us6000gd0k,2021-12-17 02:59:58,4.4,"82 km SSW of El Huitusi, Mexico",,0,298,-109.1071,24.8256,10
ci40128720,2021-12-16 13:13:36,3.05,"15km WSW of Delta, B.C., MX",2,0,144,-115.3526667,32.3251667,18.43
tx2021yope,2021-12-16 12:25:25,4.4,"35 km NW of Toyah, Texas",12,0,303,-104.0301734,31.56493822,8.548120117
tx2021yokk,2021-12-16 10:01:36,3.3,"14 km ENE of Gardendale, Texas",44,0,184,-102.2393054,32.06268311,10.53999837
tx2021ynzp,2021-12-16 04:33:27,3.7,"14 km ENE of Gardendale, Texas",152,0,273,-102.2393054,32.06451416,10.34436035
tx2021ynnh,2021-12-15 22:21:02,3.6,"14 km ENE of Gardendale, Texas",100,0,237,-102.2382336,32.06359863,9.830810547
us6000gck7,2021-12-15 22:06:34,4.3,"112 km W of La Libertad, Mexico",,0,284,-113.848,29.7933,10
us6000gcie,2021-12-15 18:17:48,3.1,"7 km SW of Gypsum, Kansas",10,0,151,-97.494,38.6693,5
tx2021ymzt,2021-12-15 15:30:21,3.1,"14 km ENE of Gardendale, Texas",32,0,159,-102.2350181,32.06451416,8.877075195
us6000gced,2021-12-15 15:03:08,3.5,"7 km ESE of Assaria, Kansas",20,0,197,-97.519,38.6555,5
us6000gcdj,2021-12-15 10:38:40,4.8,"107 km W of La Libertad, Mexico",3,0,356,-113.8006,29.9111,10
us6000gcd6,2021-12-15 09:58:21,4,"1 km SSW of Gypsum, Kansas",129,0,299,-97.4346,38.69,3
nn00829958,2021-12-15 01:56:16,3.1,"17 km S of Paradise Valley, Nevada",,0,148,-117.5345,41.337,8.7
us6000gc8a,2021-12-14 17:55:10,3.1,"21 km NW of Stanley, Idaho",1,0,148,-115.1185,44.3619,12.37
us6000gc6q,2021-12-14 16:49:08,3.2,"14 km WNW of Stanley, Idaho",1,0,158,-115.1149,44.2617,23.55
ci39886887,2021-12-14 06:36:15,3.9,"55km S of Estacion Coahuila, B.C., MX",1,0,234,-115.0538333,31.6996667,5.48
us6000gc27,2021-12-14 02:31:32,5.1,"89 km S of Topolobampo, Mexico",,0,400,-109.2209,24.807,10
se60140143,2021-12-12 17:52:56,3.04,"2 km E of Manchester, Ohio",420,0,352,-83.5815,38.691,14.51
us6000gbjb,2021-12-12 02:09:23,3.6,"7 km WSW of Gypsum, Kansas",101,0,237,-97.5041,38.6841,5
tx2021ygfk,2021-12-11 22:27:18,4,"52 km SSW of Whites City, New Mexico",1,0,246,-104.5167809,31.72172783,7.314135742
us6000gbi1,2021-12-11 22:00:02,4.5,"130 km W of La Libertad, Mexico",,0,312,-114.0326,29.7774,10
us6000gbhw,2021-12-11 21:55:50,4.3,"119 km W of La Libertad, Mexico",,0,284,-113.9285,29.8607,10
us6000gbhg,2021-12-11 21:00:55,4.1,"87 km SSW of El Huitusi, Mexico",,0,259,-109.0983,24.7784,10
tx2021yfnt,2021-12-11 13:28:52,3.5,"56 km S of Whites City, New Mexico",,0,188,-104.3638846,31.66715953,6.74855957
us6000gbej,2021-12-11 10:28:20,3,"5 km WSW of Gypsum, Kansas",5,0,141,-97.4918,38.694,2.56
us6000gcht,2021-12-11 09:56:12,4,"36 km SSW of Topolobampo, Mexico",,0,246,-109.2157,25.3072,10
tx2021yfez,2021-12-11 09:03:30,3.4,"57 km S of Whites City, New Mexico",,0,178,-104.3676046,31.66162119,6.697143555000001
tx2021yccs,2021-12-09 16:30:40,3.1,"54 km S of Whites City, New Mexico",,0,148,-104.2924622,31.68872582,7.159887695
us6000gavf,2021-12-09 15:47:10,3,"6 km NNW of Colstrip, Montana",,0,138,-106.6515,45.937,0
us6000gav6,2021-12-09 15:31:05,4.6,"91 km W of La Libertad, Mexico",,0,326,-113.6182,30.0752,10
ci39883351,2021-12-09 06:38:13,3.49,"11km SE of Carpinteria, CA",219,0,262,-119.4526667,34.3185,7.25
us6000gamp,2021-12-08 20:25:43,3,"8 km SW of Gypsum, Kansas",29,0,149,-97.5037,38.6609,5
tx2021yaha,2021-12-08 16:24:10,3.1,"51 km S of Whites City, New Mexico",2,0,148,-104.2760161,31.72053004,7.314135742
us6000gaga,2021-12-08 13:45:28,4.3,"6 km SSW of Gypsum, Kansas",811,0,722,-97.4477,38.6529,3
ci39882375,2021-12-08 10:28:04,3.62,"7km S of Lytle Creek, CA",994,0,579,-117.5068333,34.2005,4.98
tx2021xzkc,2021-12-08 04:49:46,3,"31 km SW of Coyanosa, Texas",,0,138,-103.3078296,31.05126412,5.308911133
tx2021xziu,2021-12-08 04:11:01,3.2,"55 km S of Whites City, New Mexico",,0,158,-104.408389,31.67767519,7.596923828000001
us6000ga89,2021-12-07 21:12:43,3.1,"17 km ESE of Wright, Wyoming",,0,148,-105.2972,43.6758,0
ci39881343,2021-12-07 07:11:22,3.12,"17km E of Shoshone, CA",3,0,150,-116.0806667,35.9868333,2.74
tx2021xxkx,2021-12-07 02:57:23,3.7,"55 km S of Whites City, New Mexico",4,0,212,-104.4037696,31.67287973,6.440063477
us6000g9hs,2021-12-06 17:30:46,4.7,"118 km W of La Libertad, Mexico",,0,340,-113.9108,29.8139,10
us6000g9fh,2021-12-06 08:40:04,4,"86 km SSW of El Huitusi, Mexico",,0,246,-109.1176,24.7897,10
uw61803056,2021-12-05 21:21:01,3.14,"24 km N of Winthrop, Washington",32,0,162,-120.231,48.698,8.73
us6000g9b3,2021-12-05 17:37:22,4.8,"104 km W of La Libertad, Mexico",,0,354,-113.7657,30.0634,10
nn00829381,2021-12-05 10:56:24,3,"27 km SSW of Mina, Nevada",,0,138,-118.2282,38.1635,7.4
us6000g97p,2021-12-05 06:55:20,4.3,"59 km WNW of La Libertad, Mexico",,0,284,-113.2297,30.1832,10
us6000g96a,2021-12-05 01:35:06,3.1,"32 km S of Lima, Montana",1,0,148,-112.6355,44.3442,10
us6000g967,2021-12-05 01:26:56,4.7,"118 km W of La Libertad, Mexico",2,0,340,-113.9073,29.8083,10
us6000g945,2021-12-04 23:51:17,4,"119 km W of La Libertad, Mexico",,0,246,-113.9213,29.8072,10
us6000g935,2021-12-04 21:57:21,4.4,"108 km W of La Libertad, Mexico",,0,298,-113.8088,29.8324,10
ci39878559,2021-12-04 09:27:32,3.13,"6km NE of Puebla, B.C., MX",7,0,153,-115.2983333,32.5955,19.82
ci39878511,2021-12-04 09:20:01,3.17,"6km ENE of Puebla, B.C., MX",28,0,165,-115.2921667,32.5831667,18.92
us6000g8z7,2021-12-04 08:11:27,5.1,"73 km SSW of Topolobampo, Mexico",8,0,403,-109.2818,24.9689,10
us6000g8yu,2021-12-04 07:58:32,4.6,"110 km W of La Libertad, Mexico",,0,326,-113.8314,29.8718,10
tx2021xsdn,2021-12-04 05:34:19,3.1,western Texas,,0,148,-104.2245283,31.59993226,7.314135742
tx2021xrsi,2021-12-03 23:53:47,3.1,"57 km S of Whites City, New Mexico",,0,148,-104.4268092,31.66123724,5.308911133
tx2021xmxs,2021-12-01 08:56:17,3,"32 km SE of Malaga, New Mexico",1,0,139,-103.8697257,31.9845714,7.725463867
tx2021xmvs,2021-12-01 07:55:42,3.1,"55 km S of Whites City, New Mexico",,0,148,-104.3822948,31.67945261,6.182983398
ci39875135,2021-12-01 01:23:41,3.19,"15km SW of Searles Valley, CA",20,0,163,-117.5245,35.6763333,9.12
tx2021xmau,2021-11-30 21:20:52,3.2,"55 km S of Whites City, New Mexico",,0,158,-104.3914464,31.679394,6.388647461
us6000g800,2021-11-30 20:43:39,3.4,"30 km ENE of Wright, Wyoming",,0,178,-105.1499,43.8602,0
us6000g7ze,2021-11-30 19:37:34,3.3,"41 km NE of Leadore, Idaho",1,0,168,-113.0683,44.9879,11.72
us6000g7q0,2021-11-29 20:00:12,4.6,"109 km W of La Libertad, Mexico",,0,326,-113.8222,29.8352,10
us6000g7q1,2021-11-29 19:59:59,3.3,"37 km SE of Wright, Wyoming",,0,168,-105.1382,43.5356,0
us6000g7pp,2021-11-29 19:23:53,4.6,"114 km W of La Libertad, Mexico",,0,326,-113.864,29.7902,10
us7000fxzr,2021-11-29 15:19:28,3.3,"54 km ENE of San Vicente, Mexico",3,0,168,-115.6969,31.4704,10
us7000fxxr,2021-11-29 08:44:56,4.3,"104 km W of La Libertad, Mexico",,0,284,-113.774,29.8855,10
us7000fxwa,2021-11-29 06:36:56,4.1,"96 km WSW of La Libertad, Mexico",,0,259,-113.6419,29.6574,10
us7000fxvz,2021-11-29 06:24:26,4.3,"90 km W of La Libertad, Mexico",,0,284,-113.6228,30.0066,10
tx2021xind,2021-11-28 23:03:03,3.2,"25 km WSW of Coyanosa, Texas",1,0,158,-103.3165901,31.17996685,2.892358398
tx2021xief,2021-11-28 18:32:50,3.2,"55 km S of Whites City, New Mexico",,0,158,-104.3749812,31.67421366,6.979931641
tx2021xhzt,2021-11-28 16:17:41,3.6,"59 km SSW of Whites City, New Mexico",,0,199,-104.5664834,31.66091323,8.008251953
uu60470092,2021-11-28 11:15:46,3.07,"20 km ESE of Kanarraville, Utah",5,0,147,-112.9816667,37.4415,6.12
tx2021xhfj,2021-11-28 05:59:10,3.3,"57 km SSE of Whites City, New Mexico",4,0,169,-104.2433241,31.66923274,6.697143555000001
us7000fxmt,2021-11-28 05:44:21,3.2,"56 km ENE of San Vicente, Mexico",3,0,158,-115.6752,31.4751,10
us7000fxhw,2021-11-27 14:43:37,3.2,"16 km E of Wright, Wyoming",,0,158,-105.2844,43.74,0
tx2021xffi,2021-11-27 03:41:50,3,"56 km S of Whites City, New Mexico",,0,138,-104.3716873,31.66688091,7.596923828000001
tx2021xewe,2021-11-26 23:04:31,3.3,"54 km NW of Toyah, Texas",,0,168,-104.2571297,31.6078032,6.774267578
us6000g88t,2021-11-26 22:57:46,3.3,"28 km ENE of Wright, Wyoming",,0,168,-105.1649,43.858,0
us7000fx8q,2021-11-26 15:52:36,3.1,"7 km SE of Wright, Wyoming",,0,148,-105.4158,43.7097,0
tx2021xedc,2021-11-26 13:24:45,3.4,"55 km NW of Toyah, Texas",,0,178,-104.2641607,31.61282057,7.031347656
us7000fx4i,2021-11-26 00:27:35,4.3,"107 km W of La Libertad, Mexico",,0,284,-113.8015,29.848,10
us7000fx3w,2021-11-25 22:50:05,4.6,"115 km W of La Libertad, Mexico",,0,326,-113.8858,29.8928,10
us7000fx3r,2021-11-25 22:29:08,3.3,"7 km ENE of Wright, Wyoming",,0,168,-105.399,43.768,0
us7000fx39,2021-11-25 20:42:15,4.4,"109 km W of La Libertad, Mexico",1,0,298,-113.826,29.8581,10
us7000fwuv,2021-11-24 19:02:55,3.3,"17 km ENE of Wright, Wyoming",,0,168,-105.2964,43.8239,0
us7000fwny,2021-11-24 09:47:58,4.6,"113 km W of La Libertad, Mexico",2,0,326,-113.8533,29.7906,10
ok2021wzwk,2021-11-24 05:30:15,3.28,"3 km SSW of Quinton, Oklahoma",10,0,170,-95.38983333,35.09983333,7.56
us7000fwmd,2021-11-24 04:37:20,4.7,"113 km W of La Libertad, Mexico",2,0,340,-113.8625,29.8294,10
us7000fwkd,2021-11-23 22:34:40,3,"15 km SW of Stanley, Idaho",5,0,140,-115.0692,44.1161,10
us7000fwiz,2021-11-23 20:01:19,3.1,"35 km SSE of Wright, Wyoming",,0,148,-105.3741,43.4404,0
us7000fwfd,2021-11-23 12:32:54,4,"16 km SW of Stanley, Idaho",30,0,261,-115.1057,44.1314,10
us7000fwf0,2021-11-23 11:30:19,4.3,"100 km W of La Libertad, Mexico",1,0,285,-113.7217,30.071,10
us7000fwev,2021-11-23 11:11:57,3.1,"11 km W of Webber, Kansas",1,0,148,-98.1724,39.9309,5
nc73656465,2021-11-22 21:22:04,3.01,"20km W of Petrolia, CA",4,0,141,-124.519,40.2966667,19.43
nn00828641,2021-11-22 21:14:05,3.2,"25 km ENE of Mina, Nevada",3,0,158,-117.8415,38.4873,6.5
us7000fvvi,2021-11-21 03:47:02,4.2,"109 km W of La Libertad, Mexico",,0,271,-113.8277,29.8557,10
us7000fvsf,2021-11-20 17:00:52,3,"25 km S of Antelope Valley-Crestview, Wyoming",,0,138,-105.4262,43.9976,0
us7000fvpc,2021-11-20 07:29:08,4.3,"107 km W of La Libertad, Mexico",,0,284,-113.8066,29.8835,10
ci39864815,2021-11-20 03:03:44,3.39,"89km SE of Estacion Coahuila, B.C., MX",,0,177,-114.403,31.5711667,5.97
ci39864791,2021-11-20 02:39:07,3.75,"93km SE of Estacion Coahuila, B.C., MX",0,0,216,-114.3851667,31.5421667,3.91
nc73655200,2021-11-20 01:52:51,3.12,"1km ENE of Bishop, CA",30,0,158,-118.3813333,37.3688333,4.69
ci39864743,2021-11-20 01:39:18,3.17,"8km N of Cabazon, CA",119,0,195,-116.7871667,33.9943333,11.94
us7000fvjg,2021-11-19 18:34:00,3.1,"6 km ENE of Colstrip, Montana",2,0,148,-106.5417,45.9059,0
us7000fvcw,2021-11-19 04:26:28,4.5,"109 km W of La Libertad, Mexico",,0,312,-113.8168,30.0063,10
tx2021wqqn,2021-11-19 04:18:11,3,"21 km WSW of Coyanosa, Texas",,0,138,-103.2657692,31.16377523,3.406518555
us7000fv07,2021-11-18 04:33:34,4.4,"41 km W of Plutarco Elías Calles (La Y Griega), Mexico",,0,298,-113.1498,30.7529,10
us7000fuzx,2021-11-18 04:32:46,4,"105 km W of La Libertad, Mexico",,0,246,-113.7822,29.8811,10
nm60363582,2021-11-18 02:53:03,4,"7 km S of Williamsville, Missouri",5440,0,786,-90.543,36.9076667,16.46
ci40100448,2021-11-18 01:51:15,3.21,"28km W of El Sauzal, B.C., MX",,0,159,-116.9846667,31.8815,13.5
nc73654065,2021-11-17 19:44:46,3.22,"2km NE of San Ramon, CA",,0,160,-121.9628333,37.7896667,9.51
nc73654060,2021-11-17 19:43:43,3.86,"1km NE of San Ramon, CA",4731,0,649,-121.9688333,37.7891667,10.3
nc73653615,2021-11-16 17:22:40,3.13,"15km WSW of Toms Place, CA",3,0,151,-118.8358333,37.506,7.53
tx2021wlmn,2021-11-16 08:36:47,3.5,"15 km NNW of Midland, Texas",42,0,204,-102.1578458,32.1194458,7.214152018
us7000fubc,2021-11-15 14:46:44,4.2,"103 km W of La Libertad, Mexico",1,0,272,-113.7589,29.9084,10
nc73652930,2021-11-15 09:28:29,3.17,"7km NW of Parkfield, CA",12,0,158,-120.4905,35.9445,9.79
ci40096736,2021-11-14 16:07:10,3.03,"45km SW of Primo Tapia, B.C., MX",,0,141,-117.2363333,31.921,21.21
us7000ftrh,2021-11-13 04:53:34,3.2,"38 km SW of Monument, New Mexico",,0,158,-103.5923,32.4132,5
us7000fthg,2021-11-12 07:46:36,3.4,"23 km WNW of Stanley, Idaho",4,0,179,-115.2016,44.3185,10
us7000fthc,2021-11-12 07:40:39,4,"23 km WNW of Stanley, Idaho",11,0,250,-115.1998,44.3166,5.2
us7000ftgr,2021-11-12 05:09:16,4.3,"113 km W of La Libertad, Mexico",1,0,285,-113.8679,29.8343,10
us7000ftev,2021-11-12 02:16:36,3.2,"23 km WNW of Stanley, Idaho",2,0,158,-115.1936,44.3168,10
nc73651550,2021-11-11 15:05:05,3.13,"4km NW of Cobb, CA",25,0,161,-122.7471667,38.8478333,1.74
tx2021wcph,2021-11-11 11:47:05,3.1,"56 km S of Whites City, New Mexico",,0,148,-104.3471714,31.66404537,6.645727539
ci39854223,2021-11-11 05:26:10,3.27,"82km SE of Maneadero, B.C., MX",,0,165,-115.912,31.2338333,11.12
us7000ft4g,2021-11-11 03:14:55,4.1,"91 km NNW of San Luis, Mexico",,0,259,-114.0112,29.2308,10
tx2021wazp,2021-11-10 14:43:21,3,"56 km S of Whites City, New Mexico",,0,138,-104.3727799,31.66871241,6.157275391
uw61796116,2021-11-09 22:11:53,3,"2 km ESE of Big Lake, Washington",54,0,156,-122.2045,48.397,15.93
us7000fsnf,2021-11-09 09:43:55,4.4,"97 km WSW of La Libertad, Mexico",,0,298,-113.5658,29.4809,10
nn00827626,2021-11-08 05:24:46,3.2,"29 km SSW of Mina, Nevada",7,0,160,-118.2335,38.1448,8.3
us7000fsar,2021-11-08 00:34:28,3.1,"36 km NNW of Stanley, Idaho",6,0,150,-115.1738,44.4995,10
us7000fs3e,2021-11-06 19:28:32,3.1,"11 km SW of Colstrip, Montana",,0,148,-106.7252,45.8053,0
us7000fry2,2021-11-06 06:19:36,4.3,"117 km W of La Libertad, Mexico",1,0,285,-113.9088,29.8431,10
us7000fru2,2021-11-05 20:18:11,4.5,"96 km W of La Libertad, Mexico",,0,312,-113.6786,29.7569,10
us7000frtw,2021-11-05 20:04:05,3,"8 km NNW of Wright, Wyoming",,0,138,-105.5251,43.8277,0
ci39849903,2021-11-05 16:38:39,3.06,"10km WNW of San Clemente Is. (SE tip), CA",5,0,146,-118.4495,32.8538333,3.08
us7000frq1,2021-11-05 14:08:04,4.4,"120 km W of La Libertad, Mexico",1,0,298,-113.9374,29.9123,10
ci39849663,2021-11-05 12:03:13,3.36,"14km SSW of Searles Valley, CA",19,0,180,-117.4856667,35.6648333,10.73
us7000frp3,2021-11-05 11:18:42,4.3,"118 km W of La Libertad, Mexico",,0,284,-113.9007,29.7119,10
us7000frac,2021-11-04 01:08:41,3.3,southern Idaho,2,0,168,-115.2508,44.4669,10
nc73648540,2021-11-04 00:24:34,4.08,"19km NW of Covelo, CA",21,0,265,-123.4245,39.8938333,7.43
us7000fr9f,2021-11-03 22:49:40,4.2,"111 km W of La Libertad, Mexico",,0,271,-113.8305,29.776,10
us7000fr5l,2021-11-03 16:10:38,4.5,"94 km W of La Libertad, Mexico",2,0,312,-113.6708,29.9133,10
nn00827440,2021-11-03 13:37:07,3,"50 km SSW of Denio, Nevada",,0,138,-118.7682,41.5428,14.1
us7000fr0f,2021-11-03 02:07:37,4.4,"105 km SSW of Puerto Peñasco, Mexico",,0,298,-113.9149,30.4187,10
nc73648090,2021-11-03 01:33:16,3.05,"6km NNE of Petrolia, CA",10,0,146,-124.2571667,40.3711667,29.93
nc73648040,2021-11-03 00:24:51,4.38,"5km NNE of Petrolia, CA",114,1,350,-124.2553333,40.363,29.6
us7000fqx9,2021-11-02 20:02:01,3.1,"13 km ENE of Wright, Wyoming",,0,148,-105.324,43.7815,0
us7000fqnl,2021-11-02 00:25:32,3,"14 km NW of Stanley, Idaho",1,0,139,-115.0857,44.2929,10
us7000fqf0,2021-11-01 03:09:15,4,"25 km N of Cimarron, New Mexico",38,0,261,-104.9365,36.7422,5.36
us7000fqeh,2021-11-01 02:11:50,3.2,"26 km N of Cimarron, New Mexico",27,0,169,-104.9197,36.7539,5
tx2021vhqz,2021-10-31 00:46:32,3.1,"3 km SSE of El Indio, Texas",1,0,148,-100.293,28.483,3.6635
us7000fq5x,2021-10-30 21:10:36,3.2,"19 km ESE of Wright, Wyoming",,0,158,-105.2528,43.7101,0
ok2021vfor,2021-10-29 21:21:09,3.01,"9 km ESE of Jefferson, Oklahoma",3,0,140,-97.68666667,36.69133333,7.37
us7000fpwb,2021-10-29 20:00:43,3.4,"5 km ESE of Wright, Wyoming",,0,178,-105.4306,43.7229,0
us7000fpus,2021-10-29 16:55:43,3,"4 km NE of Kinney, Minnesota",,0,138,-92.6911,47.5456,0
ci39843975,2021-10-29 15:24:10,3.01,"13km ESE of Olancha, CA",4,0,140,-117.8781667,36.221,1.91
us7000fppr,2021-10-29 09:19:22,3.4,"17 km S of Boulder, Montana",9,0,182,-112.1027,46.0841,10
us7000fpjh,2021-10-28 22:26:20,3.2,"11 km SSW of Antelope Valley-Crestview, Wyoming",,0,158,-105.5041,44.128,0
tx2021vbxd,2021-10-27 21:04:23,3.2,"9 km SSE of Gardendale, Texas",40,0,172,-102.3282679,31.94274902,7.776611328000001
us7000fp76,2021-10-27 15:52:48,3,"21 km WNW of Stanley, Idaho",3,0,139,-115.1655,44.3161,10
tx2021vado,2021-10-26 22:03:00,3.6,"9 km NNE of Odessa, Texas",154,0,272,-102.3336271,31.93084717,8.387980143
tx2021vadh,2021-10-26 21:54:36,3.4,"9 km NNE of Odessa, Texas",80,0,212,-102.3314834,31.92901611,8.387980143
us6000fxkz,2021-10-26 10:29:59,3.1,Tennessee-Virginia border region,,0,148,-82.9601,36.8943,0
nc73644635,2021-10-25 23:49:36,3.53,"17km NW of San Simeon, CA",35,0,206,-121.3038333,35.7688333,6.46
nc73644630,2021-10-25 23:42:35,4.65,"18km NW of San Simeon, CA",619,1,568,-121.3043333,35.7758333,7.79
uu60464942,2021-10-25 17:52:47,3.02,"6 km SW of Beaver, Utah",1,0,141,-112.6911667,38.2301667,0.55
us6000fx8w,2021-10-24 18:05:21,3.1,"25 km ESE of Wright, Wyoming",,0,148,-105.2222,43.6304,0
tx2021uvxm,2021-10-24 14:26:21,3.1,"37 km NNW of Toyah, Texas",1,0,148,-104.0045113,31.59582186,7.674047852000001
ci39841223,2021-10-24 14:01:02,3.61,"3km WSW of East Los Angeles, CA",3679,0,630,-118.1973333,34.0168333,17.15
uu60464457,2021-10-24 07:07:52,3.29,"6.6km SW of Beaver, Utah",7,0,169,-112.6866667,38.2346667,7.13
ci39841127,2021-10-24 06:49:12,3.55,"25km WSW of Westmorland, CA",16,0,200,-115.876,32.9675,11.15
nc73643690,2021-10-23 21:46:28,3.13,"14km SSW of Loyalton, CA",16,0,156,-120.3128333,39.5631667,5.98
us6000fx2j,2021-10-23 19:01:32,3.1,"19 km ESE of Wright, Wyoming",,0,148,-105.2865,43.6543,0
ci39840559,2021-10-23 02:56:39,3.6,"51km SW of Rosarito, B.C., MX",17,0,205,-117.4516667,32.0458333,5.95
tx2021uszg,2021-10-22 23:55:22,3.4,"57 km S of Whites City, New Mexico",,0,178,-104.4294917,31.66030001,6.182983398
nc73642940,2021-10-22 21:14:19,3.38,"5km WNW of Toms Place, CA",20,0,182,-118.732,37.5855,8.93
uu60464237,2021-10-22 11:29:38,3.24,"16 km SSW of Levan, Utah",8,0,164,-111.9605,39.4346667,7.12
nc73642595,2021-10-22 02:30:17,3.26,"6km WNW of Toms Place, CA",30,0,176,-118.7328333,37.5878333,8.81
tx2021uqrw,2021-10-21 17:56:08,3.2,"48 km SSW of Whites City, New Mexico",,0,158,-104.5903393,31.77378534,3.997802734
tx2021uqne,2021-10-21 15:33:13,3.2,"55 km S of Whites City, New Mexico",,0,158,-104.3816795,31.67072425,6.74855957
tx2021uqff,2021-10-21 11:31:54,3.2,"55 km S of Whites City, New Mexico",,0,158,-104.4064861,31.67561951,7.159887695
ci39839175,2021-10-21 05:49:40,4,"112km SSE of Estacion Coahuila, B.C., MX",,0,246,-114.3585,31.3518333,13.69
us6000fwbi,2021-10-21 02:38:50,3.4,"16 km ENE of Georgetown, Idaho",23,0,187,-111.1792,42.5358,5
nc73641850,2021-10-20 08:57:15,3.73,"13km S of Tres Pinos, CA",155,0,281,-121.3173333,36.6708333,6.52
us6000fw26,2021-10-20 07:25:52,3.1,southern Idaho,2,0,148,-115.164,44.1651,11.63
nc73641685,2021-10-20 04:05:04,3.13,"1km NNW of The Geysers, CA",17,0,158,-122.7601667,38.7878333,1.51
us6000fvyx,2021-10-19 19:58:46,3,"14 km ENE of Wright, Wyoming",,0,138,-105.3159,43.7915,0
nc73641100,2021-10-18 09:45:06,3.44,"7km NE of Coalinga, CA",24,0,189,-120.3091667,36.1858333,10.36
tx2021ukma,2021-10-18 08:08:29,3.2,"43 km NW of Toyah, Texas",1,0,158,-104.1513886,31.55961406,6.157275391
tx2021uklz,2021-10-18 08:07:22,3.5,"43 km NW of Toyah, Texas",,0,188,-104.1535275,31.55776587,7.494091797
tx2021ujlz,2021-10-17 19:00:11,3.4,"40 km W of Mentone, Texas",,0,178,-104.0222806,31.7083597,7.725463867
ci39835791,2021-10-17 13:19:00,3.98,"15km ESE of Olancha, CA",14,0,249,-117.86,36.2131667,4.19
nn00825754,2021-10-15 12:36:04,3.7,"30 km SSE of Mina, Nevada",,0,211,-117.9846,38.1348,9
nn00825704,2021-10-15 00:04:32,3.6,"54 km SSE of Eureka, Nevada",2,0,200,-115.6637,39.0756,10
tx2021uefp,2021-10-14 22:05:10,3.3,"32 km SE of Malaga, New Mexico",,0,168,-103.8697442,31.99008647,7.519799805
ci40068480,2021-10-12 19:50:15,3.25,"24km SE of Santa Cruz Is. (E end), CA",17,0,167,-119.3443333,33.8738333,5.91
nc73638685,2021-10-12 11:29:05,3.84,"18km WSW of Petrolia, CA",11,0,230,-124.4941667,40.2886667,20.61
nn00825474,2021-10-12 08:28:37,3.5,"31 km SE of Mina, Nevada",,0,188,-117.901,38.1602,10.3
tx2021tzis,2021-10-12 05:59:12,3,"55 km S of Whites City, New Mexico",,0,138,-104.3895193,31.67458066,7.442675781
ci40068112,2021-10-11 23:14:47,3.08,"13km ENE of Ridgecrest, CA",16,0,151,-117.5356667,35.658,7.73
tx2021twgf,2021-10-10 13:17:14,3.8,"64 km S of Whites City, New Mexico",2,0,223,-104.5013316,31.60533424,8.522412109
us6000ft7t,2021-10-09 06:38:33,3.1,"16 km NW of Stanley, Idaho",3,0,149,-115.095,44.3096,10
us6000ft70,2021-10-09 05:42:51,3,"15 km NW of Stanley, Idaho",,0,138,-115.0774,44.3116,10
nc73636810,2021-10-08 00:13:49,3.66,"13km SSE of Bodie, CA",10,0,209,-118.9533333,38.1018333,9.57
us6000fsrw,2021-10-07 19:17:03,3.1,"10 km SE of Wright, Wyoming",,0,148,-105.4019,43.6781,0
us6000fsna,2021-10-07 15:49:11,3.3,Eastern Montana,,0,168,-106.7395,45.7725,0
us6000fsfx,2021-10-06 21:06:06,3.3,"29 km WSW of Birney, Montana",,0,168,-106.8435,45.191,0
nc73636175,2021-10-06 14:25:27,3.52,"20km S of Big Pine, CA",4,0,192,-118.3253333,36.989,8.89
nc73633396,2021-10-04 23:07:48,3.66,"14km WNW of Pinnacles, CA",531,0,424,-121.2886667,36.5891667,6.36
tx2021tlxn,2021-10-04 21:33:20,3.2,"55 km S of Whites City, New Mexico",,0,158,-104.435615,31.68185954,6.131567383
us6000frfm,2021-10-04 03:18:30,3,"11 km NW of Stanley, Idaho",6,0,140,-115.057,44.2817,10
us6000frf8,2021-10-04 02:58:14,3.8,"4 km WSW of Gypsum, Kansas",138,0,298,-97.4787,38.6884,5
us6000fre0,2021-10-03 22:28:50,3.1,"10 km SE of Wright, Wyoming",,0,148,-105.3898,43.6908,0
nc73632846,2021-10-03 12:02:00,3.29,"12km NNE of Morgan Hill, CA",103,0,204,-121.6146667,37.2326667,3.89
tx2021tipg,2021-10-03 01:58:09,3.1,"40 km W of Mentone, Texas",,0,148,-104.0249983,31.71340546,7.828295898
tx2021tiox,2021-10-03 01:48:10,3.3,western Texas,,0,168,-104.0260547,31.70926532,7.93112793
tx2021tiop,2021-10-03 01:39:18,4,"40 km W of Mentone, Texas",3,0,247,-104.0238823,31.7055964,8.136791992
us6000fr7b,2021-10-02 23:47:42,4,"12 km NW of Stanley, Idaho",19,0,253,-115.0512,44.2936,7.01
nc73632531,2021-10-02 19:22:26,3.35,"3km N of San Leandro, CA",1793,0,553,-122.1575,37.7501667,6.2
tx2021tibj,2021-10-02 18:57:45,3,"40 km W of Mentone, Texas",,0,138,-104.026057,31.7097249,7.519799805
tx2021tibk,2021-10-02 18:55:43,3.6,"38 km W of Mentone, Texas",1,0,200,-104.0007447,31.7093542,6.285815430000001
tx2021tibh,2021-10-02 18:54:57,3.4,"40 km W of Mentone, Texas",0,0,178,-104.0212309,31.71387857,7.622631836000001
ci40061064,2021-10-02 01:42:20,3.68,"14km W of Mojave, CA",129,0,259,-118.321,35.0691667,2.69
ci40060160,2021-10-01 03:46:56,3.07,"3km NNW of Yucca Valley, CA",103,0,184,-116.4441667,34.1386667,6.7
us6000fql6,2021-09-30 21:27:45,4.4,"36 km SSW of Campo Pesquero el Colorado, Mexico",1,0,298,-109.4361,25.4511,10
us6000fqkg,2021-09-30 20:33:01,4.3,"41 km WSW of Campo Pesquero el Colorado, Mexico",,0,284,-109.6688,25.5571,10
nc73631381,2021-09-30 12:45:03,3.23,"3km ESE of Santa Rosa, CA",1048,0,541,-122.6711667,38.4416667,9.27
tx2021tcra,2021-09-29 20:02:51,3,"55 km NW of Toyah, Texas",,0,138,-104.2294546,31.6493131,6.671435547
nc73630901,2021-09-29 12:33:15,3.29,"28km SE of Markleeville, CA",13,0,171,-119.5385,38.5416667,5.31
tx2021tbrx,2021-09-29 07:22:08,4.2,"55 km S of Whites City, New Mexico",3,0,272,-104.3795425,31.67257621,6.131567383
nc73630596,2021-09-28 19:41:18,3.24,"4km NNW of Cholame, CA",4,0,163,-120.31,35.7593333,3.76
nc71126389,2021-09-28 15:12:38,3.79,"28km SE of Markleeville, CA",10,0,224,-119.5315,38.5418333,5.16
nc73630471,2021-09-28 15:12:12,3.8,"28km SE of Markleeville, CA",74,0,254,-119.5348333,38.542,5.04
us7000ff15,2021-09-28 01:55:55,3.1,"30 km WNW of Stanley, Idaho",8,0,151,-115.3002,44.312,10
se60370971,2021-09-27 22:21:57,3.27,South Carolina,2806,0,705,-80.154,32.944,6.75
us7000fex1,2021-09-27 17:20:40,4.4,"68 km ESE of San Felipe, Mexico",,0,298,-114.1506,30.8654,10
nc73629861,2021-09-26 19:23:31,3.43,"30km SSW of Smith Valley, NV",4,0,182,-119.413,38.5151667,3.02
tx2021swio,2021-09-26 08:57:29,3,"22 km WNW of Mentone, Texas",,0,138,-103.8293949,31.76750432,6.157275391
nc73629686,2021-09-26 08:51:30,3.61,"13km SE of Petrolia, CA",12,0,205,-124.1636667,40.2491667,11.69
us7000fegy,2021-09-26 00:17:45,4.1,"14 km NNE of Villa Hidalgo, Mexico",3,0,259,-109.2393,30.2697,10
tx2021stsm,2021-09-24 22:33:42,3.3,"57 km S of Whites City, New Mexico",,0,168,-104.4815179,31.66890121,6.054443359000001
nn00823399,2021-09-24 20:21:39,3,"25 km NE of Nellis Air Force Base, Nevada",20,0,145,-114.8655,36.4156,9.5
tx2021stmj,2021-09-24 19:28:25,3.3,"12 km S of Ackerly, Texas",5,0,170,-101.7076744,32.41424561,10.58890788
ci39818327,2021-09-24 19:28:15,3.44,"19km E of Ridgecrest, CA",11,0,186,-117.4695,35.6053333,3.82
us7000fe7i,2021-09-24 19:18:57,3,"60 km ENE of San Vicente, Mexico",,0,138,-115.6297,31.4467,24.44
us7000fe89,2021-09-24 18:56:56,3,"7 km E of Wright, Wyoming",,0,138,-105.3942,43.7559,0
us7000fe5s,2021-09-24 18:18:15,3.1,"28 km SW of Birney, Montana",,0,148,-106.7994,45.1607,0
nn00823364,2021-09-24 16:19:46,3.1,"33 km SE of Mina, Nevada",1,0,148,-117.8386,38.1706,8.9
tx2021sryl,2021-09-23 23:20:26,3.2,"54 km S of Whites City, New Mexico",1,0,158,-104.3793765,31.6842969,6.362939453
us7000fdvv,2021-09-23 20:13:18,3.2,"7 km WSW of Colstrip, Montana",,0,158,-106.7106,45.847,0
tx2021sqtx,2021-09-23 07:52:06,4.3,"36 km NNW of Toyah, Texas",4,0,286,-104.0034225,31.59306805,8.805200195
nc73628241,2021-09-23 01:53:41,3.61,"30km SSW of Smith Valley, NV",8,0,203,-119.5006667,38.5433333,7.32
tx2021spyz,2021-09-22 21:17:58,3.4,"23 km WNW of Mentone, Texas",1,0,178,-103.840147,31.75920878,6.568603515999999
ci39816575,2021-09-22 17:59:31,3.41,"51km E of Maneadero, B.C., MX",2,0,179,-116.0351667,31.6603333,7.46
nc73627921,2021-09-22 09:57:45,3.17,"12km W of Moss Landing, CA",500,0,360,-121.919,36.7865,8.74
us7000fdbg,2021-09-22 03:36:50,3.2,"14 km WNW of Stanley, Idaho",11,0,161,-115.0983,44.2782,14.5
ci39815335,2021-09-21 22:57:32,3.26,"10km NNW of Anza, CA",143,0,222,-116.7108333,33.6346667,13.42
ci39815127,2021-09-21 22:41:30,3.42,"10km NNW of Anza, CA",296,0,287,-116.7148333,33.6348333,13.22
ci39814663,2021-09-21 11:15:56,3.19,"28km NE of Indio, CA",18,0,163,-115.9695,33.8736667,5.05
tx2021smvw,2021-09-21 04:19:42,3.2,"37 km ESE of Malaga, New Mexico",1,0,158,-103.7159331,32.0680349,8.908032227
us7000fct3,2021-09-20 04:41:47,3.8,"18 km NE of Stanley, Idaho",14,0,227,-114.7974,44.3531,14.84
ok2021skor,2021-09-19 22:24:34,3.61,"7 km E of Nescatunga, Oklahoma",10,0,204,-98.065,36.75783333,7.8
ok2021skoo,2021-09-19 22:21:38,3.8,"7 km E of Nescatunga, Oklahoma",89,0,281,-98.06683333,36.75783333,7
us7000fcl9,2021-09-19 05:43:49,3.4,"22 km WNW of Stanley, Idaho",5,0,179,-115.185,44.3061,10
us7000fcl8,2021-09-19 05:39:57,3,"21 km WNW of Stanley, Idaho",1,0,139,-115.1796,44.3078,10
us7000fcl5,2021-09-19 05:19:00,3.4,"19 km WNW of Stanley, Idaho",3,0,179,-115.1515,44.3097,10
us7000fcl3,2021-09-19 05:06:57,3.6,"24 km WNW of Stanley, Idaho",5,0,201,-115.2087,44.3124,10
us7000fcnv,2021-09-19 04:22:14,3.3,"20 km NW of Stanley, Idaho",1,0,168,-115.1476,44.3196,10
us7000fckm,2021-09-19 04:18:15,4,"19 km NW of Stanley, Idaho",95,0,283,-115.1247,44.3347,10
nc73626591,2021-09-19 00:09:14,3.1,"6km WNW of Dublin, CA",379,0,277,-121.991,37.7285,7.08
tx2021sitf,2021-09-18 22:27:01,4.1,"36 km NNW of Toyah, Texas",3,0,260,-104.0007506,31.59675394,7.314135742
nc73626516,2021-09-18 19:20:31,3.97,"30km SSW of Smith Valley, NV",105,0,293,-119.4986667,38.5468333,6.82
ci39812319,2021-09-18 02:58:34,4.28,"2km E of Carson, CA",10301,1,782,-118.2636667,33.8313333,11.86
us7000fc5w,2021-09-17 16:27:49,3.1,"1 km NE of Eveleth, Minnesota",,0,148,-92.5245,47.4719,0
ci39811695,2021-09-17 12:51:58,3.72,"7km N of Delta, B.C., MX",0,0,213,-115.2061667,32.4136667,10.89
tx2021sgcm,2021-09-17 11:42:48,3.4,"30 km E of McKinney Acres, Texas",4,0,179,-102.202863,32.27325439,5.600138346
us7000fbj1,2021-09-15 17:13:05,3,"3 km W of Mountain Iron, Minnesota",,0,138,-92.6733,47.5334,0
nc73625096,2021-09-15 12:29:44,3.55,"25km ENE of Dardanelle, CA",14,0,200,-119.5606667,38.4188333,6.26
nc73624666,2021-09-14 07:38:52,3.79,"15km SSE of New Idria, CA",29,0,231,-120.5926667,36.2965,16.6
ci39807135,2021-09-13 14:59:35,3.62,"5km NNW of Thousand Oaks, CA",2275,0,612,-118.8976667,34.2278333,2.41
us7000faqh,2021-09-13 09:27:15,3.7,"9 km NW of Pritchett, Colorado",39,0,231,-102.925,37.4346,15.97
nn00822105,2021-09-13 04:45:12,3,"31 km SSE of Mina, Nevada",,0,138,-117.9332,38.1469,11
nm60369491,2021-09-13 04:04:58,3.28,"7 km ESE of Ridgely, Tennessee",61,0,191,-89.41,36.2423333,9.36
tx2021rxvx,2021-09-12 23:20:21,3,"23 km WNW of Mentone, Texas",,0,138,-103.8328873,31.76405005,6.902807617
us7000fakz,2021-09-12 18:05:57,3.2,"12 km NW of Stanley, Idaho",4,0,158,-115.0544,44.288,10
nn00822047,2021-09-12 15:18:51,3.7,"38 km SE of Mina, Nevada",1,0,211,-117.7495,38.1899,8
tx2021rxcl,2021-09-12 13:30:08,3.8,"53 km NW of Toyah, Texas",,0,222,-104.2348409,31.61274738,6.74855957
tx2021rwyl,2021-09-12 11:26:41,3.6,"17 km NNE of Hermleigh, Texas",18,0,207,-100.6604897,32.76672363,7.874430339
us7000faed,2021-09-11 22:37:02,3.1,"8 km NW of Stanley, Idaho",1,0,148,-115.0253,44.2618,10
us7000fad6,2021-09-11 18:52:28,3,"30 km SE of Wright, Wyoming",,0,138,-105.2482,43.5447,0
us7000faba,2021-09-11 13:07:11,3.1,"7 km SW of Woodbine, Kansas",8,0,151,-97.02,38.753,5
us7000fa67,2021-09-10 23:06:26,3.3,"25 km NW of Stanley, Idaho",2,0,168,-115.1893,44.3529,10
nn00821883,2021-09-10 23:03:15,3.4,"34 km SE of Mina, Nevada",2,0,178,-117.8386,38.1677,7.9
us7000fa5u,2021-09-10 22:30:41,3.2,"12 km WNW of Stanley, Idaho",4,0,159,-115.0741,44.2715,10
us7000fa3e,2021-09-10 17:37:50,3.1,"6 km NW of Stanley, Idaho",3,0,149,-114.9888,44.2633,17.11
us7000fa2x,2021-09-10 17:23:46,3,"5 km NNE of Mountain Iron, Minnesota",,0,138,-92.604,47.5768,0
tx2021rthr,2021-09-10 11:34:35,3.1,"55 km S of Whites City, New Mexico",,0,148,-104.3924655,31.67295312,6.542895508
nc73622771,2021-09-09 21:57:56,4.47,"10km SW of Petrolia, CA",39,0,321,-124.3813333,40.2705,32.83
us7000f9rd,2021-09-09 17:10:12,3,"6 km NNE of Kinney, Minnesota",,0,138,-92.7125,47.5745,0
nc73622621,2021-09-09 14:27:54,3.41,"26km SSW of Smith Valley, NV",3,0,180,-119.4175,38.5571667,2.89
tx2021rqlj,2021-09-08 22:02:05,4.3,"55 km S of Whites City, New Mexico",4,0,286,-104.3773813,31.67167072,6.080151367
nn00821676,2021-09-08 21:42:09,3.3,"75 km NNW of Rachel, Nevada",,0,168,-116.0115,38.2882,4.1
ci40037288,2021-09-08 21:17:52,3.01,"6km NNW of Delta, B.C., MX",,0,139,-115.2058333,32.4086667,16.62
uu60456907,2021-09-08 18:00:11,3.03,"44 km ENE of Warm River, Idaho",1,0,141,-110.7843333,44.234,10.61
uu60456872,2021-09-08 17:01:31,3.22,"44 km ENE of Warm River, Idaho",0,0,160,-110.785,44.2366667,4.66
tx2021rojf,2021-09-07 18:39:58,3.1,"56 km S of Whites City, New Mexico",,0,148,-104.3724967,31.66710562,6.131567383
tx2021rnek,2021-09-07 03:05:37,3.7,"16 km NNW of Midland, Texas",593,0,466,-102.1707079,32.1194458,7.116333008
nc73621131,2021-09-06 22:34:24,3.11,"7km NW of The Geysers, CA",2,0,149,-122.8158333,38.815,2.27
tx2021rmgf,2021-09-06 14:52:35,3.3,"53 km NW of Toyah, Texas",1,0,168,-104.2402137,31.61179999,6.542895508
tx2021rlly,2021-09-06 04:38:36,3.4,"56 km S of Whites City, New Mexico",,0,178,-104.3695343,31.66689443,6.157275391
ci40034008,2021-09-05 23:39:22,3.31,"16km SSW of Olancha, CA",2,0,169,-118.0653333,36.15,2.63
us7000f8br,2021-09-05 19:04:59,3.2,"25 km ESE of Wright, Wyoming",,0,158,-105.2017,43.6592,0
nc73620341,2021-09-05 05:27:45,3.69,"4km ENE of Talmage, CA",199,0,277,-123.1191667,39.143,9.8
tx2021rjfn,2021-09-04 23:08:12,3.1,"19 km E of Balmorhea, Texas",,0,148,-103.5388591,30.99038304,4.897583008
nn00821135,2021-09-04 10:19:07,3.5,"28 km SSW of Mina, Nevada",3,0,189,-118.2498,38.1581,7.3
us7000f7js,2021-09-03 16:08:15,3.2,"1 km NE of Virginia, Minnesota",,0,158,-92.5209,47.5353,0
us7000f7hp,2021-09-03 14:55:52,3.4,"23 km WNW of Stanley, Idaho",7,0,181,-115.2021,44.3184,13.62
nc73619336,2021-09-03 05:44:20,3.78,"4km ENE of Talmage, CA",316,0,349,-123.118,39.1465,9.21
tx2021rgbn,2021-09-03 05:41:15,4.3,"56 km S of Whites City, New Mexico",26,0,295,-104.4002024,31.66531969,6.825683594
tx2021rftf,2021-09-03 01:31:49,3,"56 km S of Whites City, New Mexico",,0,138,-104.3814083,31.67049618,6.157275391
tx2021rfrr,2021-09-03 00:42:59,3.3,"56 km S of Whites City, New Mexico",,0,168,-104.3861998,31.66449088,6.311523438
nn00820819,2021-09-01 20:35:04,3,"31 km SSW of Wells, Nevada",,0,138,-115.0776,40.8388,14
ok2021rddu,2021-09-01 15:26:03,3.04,"2 km E of Quinton, Oklahoma",,0,142,-95.34183333,35.12083333,7.16
us7000f6a0,2021-08-31 17:21:09,4.7,"25 km S of Wells, Nevada",278,0,487,-114.974,40.8826,7.48
nc73618401,2021-08-31 16:09:56,4.05,"6km NW of Pinnacles, CA",265,1,364,-121.1828333,36.5781667,8.54
tx2021rbeo,2021-08-31 13:33:23,3.5,"56 km S of Whites City, New Mexico",1,0,189,-104.4104836,31.67122709,6.979931641
ci40027904,2021-08-31 09:50:07,3.12,"13km SE of Bodfish, CA",22,0,157,-118.3801667,35.5183333,6.6
nc71125774,2021-08-31 08:01:24,3.55,"11km WSW of Petrolia, CA",,0,194,-124.3945,40.2713333,28.15
nc73618286,2021-08-31 08:01:11,4,"11km WSW of Petrolia, CA",8,0,249,-124.4008333,40.2815,32.36
ci40027600,2021-08-30 23:11:42,3.24,"6km ENE of Progreso, B.C., MX",36,0,174,-115.5223333,32.6071667,11.56
nc73617431,2021-08-29 13:23:31,3.41,"27km SSW of Smith Valley, NV",7,0,182,-119.4153333,38.5461667,2.57
nn00820391,2021-08-29 06:23:04,3.4,"32 km SE of Mina, Nevada",,0,178,-117.8802,38.1632,7.7
nc73617241,2021-08-29 02:31:15,3.33,"27km SSW of Smith Valley, NV",2,0,171,-119.4205,38.5498333,2.46
us7000f58s,2021-08-28 15:55:02,3,"14 km ESE of Lincoln, Montana",3,0,139,-112.5158,46.8927,11.35
ci40024976,2021-08-28 00:56:22,3.1,"8km NNW of Delta, B.C., MX",,0,148,-115.2283333,32.4223333,4.96
us7000f4w1,2021-08-27 15:49:29,3.3,"55 km NW of Saint-Boniface, Canada",3,0,169,-76.5006,46.8485,14.41
ci40024128,2021-08-27 12:34:51,4,"13km SE of Bodfish, CA",325,0,379,-118.3791667,35.5151667,5.01
nc73616171,2021-08-27 07:04:59,3.06,"26km SSW of Smith Valley, NV",,0,144,-119.4278333,38.5638333,-1.9
nc73615986,2021-08-27 04:47:44,4.37,"25km SSW of Smith Valley, NV",41,0,309,-119.4211667,38.5663333,-1.92
nc73615886,2021-08-27 01:47:25,3.5,"26km SSW of Smith Valley, NV",5,0,190,-119.4195,38.5558333,0.71
us7000f3ue,2021-08-25 18:01:04,3.4,"20 km ENE of Wright, Wyoming",,0,178,-105.2534,43.8062,0
ok2021qons,2021-08-24 15:23:45,3.73,"1 km S of Quinton, Oklahoma",27,0,229,-95.3725,35.11116667,6.62
us7000f2y5,2021-08-24 08:16:05,3.1,"29 km NE of Boulder, Wyoming",3,0,149,-109.4807,42.95,5
ci40018784,2021-08-23 14:57:23,4.04,"12km N of Westmorland, CA",22,0,258,-115.6413333,33.139,7.16
nc73614206,2021-08-23 08:20:42,3.05,"30km SSW of Smith Valley, NV",2,0,144,-119.4831667,38.537,6.6
us6000f9x1,2021-08-23 02:58:44,4.4,"59 km SSW of Topolobampo, Mexico",7,0,301,-109.3145,25.1223,10
us6000f9rl,2021-08-22 19:02:52,3.1,"16 km ESE of Wright, Wyoming",,0,148,-105.3002,43.698,0
ok2021qksb,2021-08-22 13:02:54,3.4,"3 km ESE of Quinton, Oklahoma",5,0,179,-95.335,35.111,7.24
ok2021qknk,2021-08-22 10:42:51,3.55,"9 km ESE of Jefferson, Oklahoma",16,0,201,-97.691,36.687,5
nc73613366,2021-08-22 03:50:51,3.1,"28km SSW of Smith Valley, NV",,0,148,-119.4573333,38.5451667,3.08
nc73613146,2021-08-21 22:56:40,3.17,"29km SE of Markleeville, CA",6,0,157,-119.53,38.5301667,2.06
tx2021qjmz,2021-08-21 21:20:55,3,"55 km S of Whites City, New Mexico",,0,138,-104.4067782,31.67814536,6.825683594
nc73613051,2021-08-21 20:22:01,3.07,"27km SSW of Smith Valley, NV",1,0,145,-119.4293333,38.5533333,-1.53
nc73613006,2021-08-21 19:54:46,3.1,"5km S of Ridgemark, CA",17,0,153,-121.374,36.772,9.34
nc73612571,2021-08-20 18:01:33,3.08,"6km W of Petrolia, CA",1,0,146,-124.3501667,40.3195,28
uu60454112,2021-08-20 17:00:28,3.05,"19 km NE of West Yellowstone, Montana",,0,143,-110.9323333,44.7905,9.42
nn00819000,2021-08-19 05:23:53,3.3,"9 km ESE of Carson City, Nevada",374,0,295,-119.6632,39.1265,11.3
ci40014840,2021-08-19 04:29:46,3.37,"18km ESE of Ocotillo Wells, CA",2,0,175,-115.9626667,33.071,2.99
ci40014576,2021-08-18 21:50:22,3.84,"17km ESE of Ocotillo Wells, CA",7,0,229,-115.9675,33.0748333,3.84
ci40014560,2021-08-18 21:45:14,3.98,"18km ESE of Ocotillo Wells, CA",46,0,259,-115.9598333,33.0733333,7.07
us6000f7xd,2021-08-18 12:33:54,4.1,"23 km NNE of Villa Hidalgo, Mexico",,0,259,-109.1897,30.3454,10.1
us6000f7nu,2021-08-17 20:02:29,3.3,"3 km NNE of Wright, Wyoming",,0,168,-105.4828,43.7824,0
nc73611096,2021-08-17 10:09:46,3.03,"16km ENE of New Idria, CA",5,0,143,-120.497,36.4586667,15.64
us6000f7fb,2021-08-17 04:19:53,3,"27 km NNE of Jeffrey City, Wyoming",2,0,139,-107.7558,42.7407,0
ci39774951,2021-08-16 18:59:38,3.06,"3km NNW of Yucca Valley, CA",44,0,161,-116.443,34.14,4.38
tx2021pybe,2021-08-15 14:56:21,3.2,"37 km ESE of Malaga, New Mexico",1,0,158,-103.7116181,32.07401474,7.828295898
us6000f69c,2021-08-14 17:44:53,3,"5 km SSE of Bluff City, Kansas",3,0,139,-97.8453,37.0381,9.91
tx2021pusb,2021-08-13 18:52:04,3.4,"55 km S of Whites City, New Mexico",,0,178,-104.4159001,31.67486805,7.494091797
us6000f5q4,2021-08-13 16:01:57,3.2,Wyoming,,0,158,-105.355,43.8125,0
se60133543,2021-08-13 11:57:34,4.3,"2 km ENE of Crab Orchard, Tennessee",1,0,285,-84.8531667,35.9163333,0.17
se60353147,2021-08-13 11:57:17,3.09,"4 km SSW of Crab Orchard, Tennessee",,0,147,-84.8981667,35.8766667,0.03
nc73609421,2021-08-13 02:33:41,3.16,"29km SE of Markleeville, CA",8,0,156,-119.554,38.5101667,3.07
us6000f4wv,2021-08-12 22:48:36,3.3,"21 km SSW of Playas, New Mexico",1,0,168,-108.6397,31.7487,18.25
us6000f4ku,2021-08-12 17:22:43,3.1,"3 km NE of Parkville, Minnesota",,0,148,-92.5464,47.5571,0
us6000f3yv,2021-08-10 21:12:12,3.1,"19 km W of Gillette, Wyoming",,0,148,-105.7465,44.3105,0
us6000f3xn,2021-08-10 18:34:21,3.1,"19 km WNW of Huachinera, Mexico",1,0,148,-109.1454,30.2812,15.73
us6000f3x5,2021-08-10 17:18:25,3,"3 km N of Chisholm, Minnesota",,0,138,-92.8787,47.5199,0
tx2021pooe,2021-08-10 10:06:36,3,"55 km S of Whites City, New Mexico",,0,138,-104.4030059,31.67771045,7.391259766
us6000f3nc,2021-08-09 19:29:31,3.5,Kansas,17,0,195,-98.3878,39.7204,5
tx2021pmxg,2021-08-09 12:24:40,3.5,"4 km N of Wheeler, Texas",36,0,204,-100.2730619,35.48492432,6.871785482
us6000f3fk,2021-08-08 20:02:44,3.1,"16 km ENE of Wright, Wyoming",,0,148,-105.2992,43.8107,0
us6000f3fj,2021-08-08 19:55:18,3.9,"163 km E of Saint Augustine Beach, Florida",2,0,235,-79.6066,30.1465,0
nc73607376,2021-08-08 10:40:00,3.1,"6km W of Petrolia, CA",5,0,149,-124.3578333,40.3226667,27.93
tx2021pklr,2021-08-08 04:17:30,3.2,"58 km NW of Toyah, Texas",1,0,158,-104.2821299,31.6407565,7.494091797
tx2021pklq,2021-08-08 04:17:09,3.5,"58 km S of Whites City, New Mexico",,0,188,-104.2822082,31.65086712,6.979931641
ci39766271,2021-08-07 01:17:16,3.45,"10km W of Delta, B.C., MX",1,0,183,-115.3018333,32.3533333,19.88
ci39765679,2021-08-06 14:37:45,3.39,"18km NW of Grapevine, CA",22,0,184,-119.0836667,35.0406667,7.98
us6000f2hs,2021-08-05 15:31:02,3.3,"37 km SSW of Playas, New Mexico",,0,168,-108.7189,31.6173,19.05
us6000f2gu,2021-08-05 13:33:07,3.6,"24 km SSE of Animas, New Mexico",2,0,200,-108.7085,31.7423,15.75
ci39764447,2021-08-05 06:51:30,3.12,"2km NW of Hemet, CA",573,0,368,-116.9853333,33.7553333,17.42
us6000f2au,2021-08-05 00:46:34,3.1,"31 km SSW of Playas, New Mexico",,0,148,-108.6892,31.6606,17.41
ok2021pejn,2021-08-04 20:23:40,3.08,"16 km SE of Waynoka, Oklahoma",3,0,147,-98.76016667,36.4635,8.49
us6000f27r,2021-08-04 17:21:38,3.1,"5 km NW of Hibbing, Minnesota",,0,148,-92.9826,47.4638,0
us6000f235,2021-08-04 05:31:15,3.1,"63 km W of Supai, Arizona",,0,148,-113.3928,36.2833,5
us6000f47k,2021-08-03 19:20:43,3,"10 km SSE of Colstrip, Montana",,0,138,-106.5515,45.8043,0
us6000f1yi,2021-08-03 19:15:10,3.2,"8 km ENE of Wright, Wyoming",,0,158,-105.3998,43.785,0
nc73605151,2021-08-03 18:55:00,3.26,"41km NNE of Toms Place, CA",1,0,164,-118.5555,37.9176667,6.69
nc73605076,2021-08-03 16:58:00,3.26,"26km SSW of Smith Valley, NV",4,0,164,-119.4583333,38.57,-0.3
tx2021pavj,2021-08-02 21:49:59,3.2,"56 km S of Whites City, New Mexico",1,0,158,-104.3943022,31.66765593,6.157275391
nc73604436,2021-08-02 18:28:54,3.66,"12km W of Alder Springs, CA",5,0,207,-122.8623333,39.6703333,7.64
tx2021paoe,2021-08-02 18:10:55,3.1,"19 km WSW of Coyanosa, Texas",,0,148,-103.2390292,31.15497923,3.45793457
us6000f1h5,2021-08-02 13:45:48,3,"38 km NNW of Stanley, Idaho",,0,138,-115.202,44.5059,16.64
ci39761199,2021-08-02 08:50:25,3.13,"7km SSE of Guadalupe Victoria, B.C., MX",,0,151,-115.0723333,32.2345,16.31
tx2021ozmv,2021-08-02 04:22:53,3,"55 km NW of Toyah, Texas",,0,138,-104.2707994,31.60152414,6.697143555000001
us6000f1dd,2021-08-02 03:50:45,3.8,"12 km NW of Rolling Hills, Wyoming",266,0,310,-105.933,42.9946,9.72
tx2021oxgn,2021-07-31 22:55:21,3.1,"20 km WSW of Coyanosa, Texas",,0,148,-103.2524337,31.14857758,3.81784668
us6000f128,2021-07-31 21:19:12,5.2,"17 km W of Bavispe, Mexico",63,0,437,-109.12,30.4525,10
tx2021oxbq,2021-07-31 20:30:24,3.4,"54 km NW of Toyah, Texas",,0,178,-104.2549985,31.61057225,6.671435547
us6000f109,2021-07-31 15:39:20,5.5,"60 km SW of San Carlos, Mexico",25,0,478,-111.497,27.5909,10
nc73603251,2021-07-31 15:15:56,3.17,"5km NNW of The Geysers, CA",34,0,169,-122.7895,38.816,3.47
ci39759175,2021-07-31 00:59:29,3.05,"4km SW of Redlands, CA",153,0,195,-117.212,34.0356667,14.55
nn00816831,2021-07-29 14:23:29,3.5,"27 km NNW of Benton, California",4,0,189,-118.6142,38.0392,10.3
us6000f07p,2021-07-29 12:57:47,3.3,"11 km SSE of Esbon, Kansas",3,0,168,-98.3726,39.7318,5
tx2021orwk,2021-07-29 00:08:04,3.3,"54 km NW of Toyah, Texas",,0,168,-104.2581918,31.60595909,6.877099609
nc73601321,2021-07-28 23:50:23,3.28,"26km SSW of Smith Valley, NV",4,0,167,-119.4621667,38.567,1.19
tx2021orfg,2021-07-28 15:28:04,4.3,"54 km NW of Toyah, Texas",5,0,286,-104.2582124,31.60871654,6.260107422
nc73600926,2021-07-28 15:07:31,3.4,"7km NNW of Cholame, CA",24,0,188,-120.3323333,35.78,8.53
us6000ezu0,2021-07-28 14:58:53,3,"22 km WNW of Gillette, Wyoming",,0,138,-105.7619,44.3811,0
nc73600901,2021-07-28 14:14:20,3.18,"13km WSW of Bridgeport, CA",8,0,158,-119.3795,38.2298333,10.7
nc73600841,2021-07-28 10:51:09,3.05,"6km NNW of Guerneville, CA",201,0,230,-123.0123333,38.5555,5.78
us6000eznp,2021-07-28 00:24:02,4.2,"47 km W of Las Grullas Margen Derecha, Mexico",2,0,272,-109.8103,25.9291,10
nc73600036,2021-07-26 21:40:11,3.28,"32km SE of Markleeville, CA",3,0,166,-119.4985,38.5215,4.67
us6000ezab,2021-07-26 20:01:56,3.2,"13 km SE of Wright, Wyoming",,0,158,-105.3542,43.6791,0
ci39753207,2021-07-26 08:21:18,3.21,"10km NW of Tehachapi, CA",104,0,198,-118.5116667,35.2038333,5.5
nc73599586,2021-07-26 01:21:52,3.16,"11km W of Alder Springs, CA",9,0,156,-122.8501667,39.6683333,4.67
us6000eyr6,2021-07-24 20:06:42,3.2,"31 km SE of Wright, Wyoming",,0,158,-105.2193,43.5497,0
tx2021ojit,2021-07-24 08:08:40,3.1,"11 km NW of Tilden, Texas",1,0,148,-98.64,28.524,4.77
nn00815969,2021-07-24 05:36:35,3,"45 km ENE of Tonopah, Nevada",,0,138,-116.728,38.1716,0.9
nn00815966,2021-07-24 05:34:46,3.8,"46 km ENE of Tonopah, Nevada",2,0,223,-116.7154,38.1729,1
nc73598366,2021-07-23 19:47:49,3.17,"33km ENE of Dardanelle, CA",1,0,155,-119.4941667,38.4708333,7.67
us6000eyd6,2021-07-23 16:37:25,3.1,"8 km W of Colstrip, Montana",,0,148,-106.7337,45.8834,0
us6000ey1x,2021-07-22 17:15:27,3.2,"3 km NW of Buhl, Minnesota",,0,158,-92.8181,47.5118,0
ok2021ofuf,2021-07-22 09:23:17,3.34,"2 km E of Quinton, Oklahoma",6,0,174,-95.34,35.12183333,7.55
nc73597156,2021-07-21 23:33:38,3.24,"30km SE of Markleeville, CA",10,0,165,-119.5325,38.5145,4.99
nn00815426,2021-07-21 12:04:18,3.9,"28 km SSW of Mina, Nevada",,0,234,-118.2405,38.1569,7.7
nc73596726,2021-07-21 10:05:30,4.35,"12km WSW of Petrolia, CA",25,0,299,-124.4131667,40.2773333,35.38
nc73596516,2021-07-21 03:50:11,3.09,"32km SE of Markleeville, CA",3,0,148,-119.5108333,38.5143333,5.85
us6000exg9,2021-07-20 20:50:02,4,"26 km ESE of Wright, Wyoming",,0,246,-105.21,43.6224,0
nc73595631,2021-07-19 19:58:10,3.03,"31km NW of Bridgeport, CA",7,0,143,-119.4761667,38.4625,5.47
tx2021oalq,2021-07-19 11:23:25,4,"37 km ESE of Malaga, New Mexico",5,0,248,-103.7191823,32.07124808,7.828295898
nc73594701,2021-07-18 13:24:10,3.6,"28km NW of Bridgeport, CA",50,0,216,-119.4703333,38.4241667,5.44
nc73594531,2021-07-18 06:46:12,5.12,"12km W of Petrolia, CA",751,0,719,-124.4255,40.3235,30.91
us7000en3d,2021-07-18 05:36:10,3.2,"19 km WNW of Stanley, Idaho",2,0,158,-115.1633,44.2827,10
nc73593641,2021-07-17 09:49:10,3.52,"28km SSW of Smith Valley, NV",6,0,193,-119.469,38.5495,3.15
tx2021nwfy,2021-07-17 03:57:54,3.1,"13 km N of Coyanosa, Texas",,0,148,-103.0816299,31.36774275,4.126342773
uu60447002,2021-07-17 00:45:35,3.63,"63 km SSE of Mammoth, Wyoming",5,0,204,-110.3443333,44.4621667,6.38
nc73593256,2021-07-17 00:44:54,3.41,"29km SSW of Smith Valley, NV",5,0,181,-119.4601667,38.5363333,2.04
nc73593236,2021-07-17 00:32:54,3.13,"32km ENE of Dardanelle, CA",3,0,152,-119.5143333,38.4795,4.92
nn00814337,2021-07-16 20:09:13,3,"36 km SE of Mina, Nevada",,0,138,-117.7982,38.1771,7.2
uu60446632,2021-07-16 19:44:20,3.17,"64 km ESE of West Yellowstone, Montana",,0,155,-110.3453333,44.4503333,7.08
us7000emme,2021-07-16 17:48:33,3.9,"186 km ENE of Flagler Beach, Florida",4,0,236,-79.3251,30.0852,0
uu60446177,2021-07-16 14:12:51,3.13,"64 km ESE of West Yellowstone, Montana",6,0,153,-110.3451667,44.4508333,7.2
uu60446027,2021-07-16 12:54:41,3.01,"64 km ESE of West Yellowstone, Montana",,0,139,-110.3495,44.4506667,6.92
us7000em88,2021-07-15 15:32:06,3.4,Eastern Montana,,0,178,-106.6918,45.8491,0
nc73591671,2021-07-15 14:18:29,3.77,"32km SSW of Smith Valley, NV",39,0,233,-119.485,38.5218333,4.8
nc73590191,2021-07-14 08:43:31,3.19,"28km SE of Markleeville, CA",3,0,157,-119.5363333,38.5401667,4.32
nc73589811,2021-07-14 03:46:14,3.89,"28km SSW of Smith Valley, NV",29,0,244,-119.4605,38.5486667,2.03
us7000elml,2021-07-13 17:28:15,3,"13 km NNE of Parkville, Minnesota",,0,138,-92.5242,47.6424,0
us7000ela8,2021-07-12 18:57:46,3,"23 km SSE of Wright, Wyoming",,0,138,-105.4101,43.5523,0
us6000eunx,2021-07-12 17:03:58,3,"7 km NNE of Manchester, Oklahoma",11,0,143,-97.9971,37.0539,5
us6000eunb,2021-07-12 16:06:14,3.7,"3 km E of Capulin, New Mexico",29,0,223,-106.7715,36.2316,10
us6000eumz,2021-07-12 15:33:35,4.2,"5 km E of Capulin, New Mexico",389,0,454,-106.7485,36.2272,13.26
us6000eum3,2021-07-12 13:44:29,3,"4 km NNE of Capulin, New Mexico",9,0,141,-106.7838,36.2717,10
nc73587746,2021-07-12 03:43:34,3.39,"57km W of Petrolia, CA",7,0,179,-124.9568333,40.3746667,5.94
nc73587376,2021-07-11 12:35:42,3.26,"29km SE of Markleeville, CA",10,0,167,-119.5393333,38.5198333,0.67
nc73587191,2021-07-11 06:09:04,3.07,"30km SE of Markleeville, CA",2,0,145,-119.5275,38.5151667,5.04
nc73587066,2021-07-11 01:27:48,3.11,"29km ENE of Dardanelle, CA",1,0,149,-119.5431667,38.4751667,1.96
nn00812460,2021-07-10 14:05:12,3.6,"36 km SE of Mina, Nevada",2,0,200,-117.7673,38.1997,10.6
nc73586481,2021-07-10 02:48:45,3.57,"31km SE of Markleeville, CA",9,0,200,-119.5403333,38.4985,2.67
nc73586451,2021-07-10 01:57:33,3.02,"33km SE of Markleeville, CA",2,0,141,-119.5056667,38.4993333,5.61
nc73586416,2021-07-10 01:21:01,3.76,"28km SE of Markleeville, CA",21,0,225,-119.5535,38.5318333,2.47
nc73586371,2021-07-10 00:18:33,3.06,"30km SSW of Smith Valley, NV",1,0,144,-119.4775,38.5391667,0.22
nc73586281,2021-07-09 22:59:50,3.14,"29km SE of Markleeville, CA",5,0,153,-119.522,38.536,5.02
nc73586236,2021-07-09 21:09:37,3.07,"30km SE of Markleeville, CA",4,0,146,-119.5448333,38.498,2.01
us6000etm3,2021-07-09 12:15:05,3.1,"6 km NNW of Smiths Ferry, Idaho",7,0,150,-116.1312,44.3464,5.43
nc73585856,2021-07-09 11:49:18,3.32,"29km SSW of Smith Valley, NV",12,0,174,-119.4678333,38.54,1.34
us6000etu3,2021-07-09 11:48:56,3,"7 km SW of Walker, California",,0,138,-119.5271,38.4569,5
nc73585791,2021-07-09 09:45:17,3.39,"30km ESE of Markleeville, CA",2,0,177,-119.5071667,38.5486667,6.09
nc73585781,2021-07-09 09:38:17,3.41,"30km SE of Markleeville, CA",7,0,182,-119.5228333,38.5281667,6.12
nc73585776,2021-07-09 09:16:17,3.41,"29km SSW of Smith Valley, NV",0,0,179,-119.4666667,38.5456667,0.99
nc73585771,2021-07-09 09:13:49,3.55,"28km SSW of Smith Valley, NV",2,0,195,-119.466,38.5493333,0.67
nc73585621,2021-07-09 06:42:19,3.12,"30km ENE of Dardanelle, CA",2,0,150,-119.5396667,38.4791667,1.73
nc73585576,2021-07-09 05:43:55,3.57,"28km SE of Markleeville, CA",13,0,201,-119.5386667,38.5393333,4.64
nc73585531,2021-07-09 05:10:35,4.34,"28km SE of Markleeville, CA",474,0,517,-119.5293333,38.5426667,3.92
nc73585526,2021-07-09 05:04:18,4.06,"30km SE of Markleeville, CA",47,0,271,-119.512,38.5291667,5.7
nc71123549,2021-07-09 04:20:33,3.01,"33km SSW of Smith Valley, NV",2,0,140,-119.4825,38.5096667,6.79
nc73585471,2021-07-09 04:03:58,3.19,"29km SE of Markleeville, CA",7,0,159,-119.5486667,38.514,0.85
nc73585466,2021-07-09 04:03:02,3.3,"30km SE of Markleeville, CA",7,0,171,-119.5386667,38.5173333,-2.09
nc73585446,2021-07-09 03:48:15,3,"28km SE of Markleeville, CA",3,0,139,-119.5331667,38.5385,3.34
nc73585321,2021-07-09 01:58:49,3.19,"30km SE of Markleeville, CA",5,0,158,-119.539,38.5125,2.45
nc73585291,2021-07-09 01:46:00,4.55,"30km SE of Markleeville, CA",187,0,399,-119.5343333,38.5086667,3.71
tx2021nhkj,2021-07-09 01:09:09,3.4,"55 km S of Whites City, New Mexico",0,0,178,-104.404867,31.67517052,7.314135742
nc73585196,2021-07-09 00:59:07,3.31,"30km ENE of Dardanelle, CA",9,0,173,-119.5313333,38.472,1.66
nc73585176,2021-07-09 00:51:17,3.1,"29km SE of Markleeville, CA",5,0,150,-119.5258333,38.5363333,4.11
nc73585141,2021-07-09 00:27:46,4.41,"32km ENE of Dardanelle, CA",121,0,378,-119.5103333,38.4781667,4.81
nc73585111,2021-07-09 00:05:21,3.92,"31km NW of Bridgeport, CA",29,0,249,-119.4825,38.4563333,4.79
nc73585101,2021-07-09 00:03:18,3.64,"28km SE of Markleeville, CA",3,0,205,-119.5353333,38.5365,2.81
nc73585086,2021-07-08 23:58:53,4.24,"29km SE of Markleeville, CA",93,0,319,-119.524,38.537,5.83
nc73585056,2021-07-08 23:47:43,3.76,"28km SE of Markleeville, CA",49,0,240,-119.5335,38.536,4.55
nc73585061,2021-07-08 23:44:41,3.52,"28km ESE of Markleeville, CA",1,0,191,-119.5218333,38.5528333,4.36
nc73585021,2021-07-08 23:33:40,4.63,"29km ENE of Dardanelle, CA",322,0,491,-119.5448333,38.4796667,1.58
nc71123414,2021-07-08 23:22:09,3.04,"30km SE of Markleeville, CA",45,0,162,-119.5288333,38.5181667,4.27
nc73584986,2021-07-08 23:21:45,3.03,"32km ENE of Dardanelle, CA",,0,141,-119.518,38.4938333,8.65
nc73584971,2021-07-08 23:13:58,3.35,"31km SE of Markleeville, CA",34,0,188,-119.5228333,38.5056667,5.15
nc73584966,2021-07-08 23:11:03,3.38,"29km ENE of Dardanelle, CA",141,0,241,-119.5458333,38.4746667,2.91
nc73584956,2021-07-08 23:06:15,3.08,"31km ENE of Dardanelle, CA",,0,146,-119.5103333,38.4541667,6.04
nc73584946,2021-07-08 23:03:23,3.29,"32km ENE of Dardanelle, CA",5,0,168,-119.5135,38.4838333,4.46
nc73584931,2021-07-08 23:01:01,3.66,"31km SE of Markleeville, CA",38,0,224,-119.512,38.5241667,6.77
nc73584936,2021-07-08 22:59:45,4.31,"32km SE of Markleeville, CA",347,0,428,-119.5106667,38.5128333,6.74
us6000etc9,2021-07-08 22:57:29,3.2,"2 km WNW of Walker, California",17,0,163,-119.5018,38.5228,3.77
nc71123379,2021-07-08 22:50:14,5.03,"32km SE of Markleeville, CA",96,0,446,-119.5021667,38.5126667,7.4
nc73584926,2021-07-08 22:49:48,6,"Antelope Valley, CA",25986,0,1124,-119.4998333,38.5075,7.45
us6000etba,2021-07-08 21:21:50,3.1,"37 km SSE of Wright, Wyoming",,0,148,-105.2728,43.4553,0
us6000eta7,2021-07-08 19:59:16,3.3,"16 km E of Wright, Wyoming",,0,168,-105.2856,43.7676,0
nc73584531,2021-07-08 07:36:26,3.58,"11km ESE of Angwin, CA",99,0,241,-122.323,38.5531667,10
tx2021nera,2021-07-07 13:05:31,3.1,"54 km NW of Toyah, Texas",,0,148,-104.2549233,31.6004616,7.288427734
us7000ej2y,2021-07-06 11:44:40,3.6,"27 km SSE of Melstone, Montana",23,0,208,-107.7505,46.3679,10
us7000ej0q,2021-07-06 04:13:15,3.1,"107 km SE of Study Butte, Texas",,0,148,-102.6825,28.705,10
ci39730287,2021-07-06 02:38:01,3.53,"14km ENE of Ridgecrest, CA",49,0,208,-117.5335,35.6815,6.1
us7000eixi,2021-07-05 20:12:33,3.4,"9 km E of Wright, Wyoming",,0,178,-105.3793,43.7542,0
us7000eiql,2021-07-04 21:17:42,3.6,"43 km S of Ten Sleep, Wyoming",3,0,201,-107.3763,43.6458,16.55
us7000eik0,2021-07-04 02:18:35,3.1,"24 km SW of Lake Valley, New Mexico",1,0,148,-108.3769,35.9559,5
nc73582701,2021-07-03 23:23:51,3.74,"2km WSW of Los Banos, CA",143,0,281,-120.8746667,37.0516667,5.75
us7000eiha,2021-07-03 16:13:14,3,"20 km SSE of Antelope Valley-Crestview, Wyoming",,0,138,-105.4071,44.0468,0
nc73582536,2021-07-03 10:41:39,3.15,"8km NW of Parkfield, CA",11,0,156,-120.4993333,35.9495,10.43
ci39727919,2021-07-03 09:47:11,3.01,"5km NNE of Running Springs, CA",33,0,152,-117.0985,34.2511667,4.14
ci39727887,2021-07-03 08:22:25,3.41,"4km NNW of Fontana, CA",1244,0,609,-117.48,34.1333333,4.67
nc73582466,2021-07-03 06:36:18,3.09,"9km NW of Parkfield, CA",3,0,148,-120.5,35.952,10.51
ci39727759,2021-07-03 04:58:09,3.47,"13km SE of Bodfish, CA",60,0,210,-118.3781667,35.5178333,6.53
us7000ei1l,2021-07-01 17:09:05,3,"1 km NW of Parkville, Minnesota",,0,138,-92.5947,47.5443,0
tx2021mtdb,2021-07-01 05:33:52,3.4,"11 km NE of Hermleigh, Texas",2,0,178,-100.6872856,32.71453857,6.089233398
nn00810545,2021-06-30 23:13:53,3.4,"24 km S of Carlin, Nevada",3,0,179,-116.0564,40.4937,12.2
us7000ehv3,2021-06-30 22:42:53,3,"7 km SW of Colstrip, Montana",,0,138,-106.6901,45.8406,0
tx2021msph,2021-06-30 22:36:25,3.1,"57 km S of Whites City, New Mexico",,0,148,-104.3153668,31.65826066,6.542895508
nc73581561,2021-06-30 22:19:19,3.17,"7km WSW of Williams, CA",25,0,166,-122.2215,39.1353333,-0.27
ci39725271,2021-06-30 22:15:56,3.23,"17km W of Searles Valley, CA",12,0,164,-117.587,35.7791667,6.71
tx2021mrwz,2021-06-30 13:21:14,3,"54 km S of Whites City, New Mexico",,0,138,-104.4060271,31.6843548,6.131567383
tx2021mrwy,2021-06-30 13:19:56,3,"55 km S of Whites City, New Mexico",,0,138,-104.4021672,31.67426897,6.285815430000001
us6000eqz8,2021-06-30 00:27:15,3.3,"15 km NE of Stanley, Idaho",13,0,171,-114.7912,44.3059,10
nc73580646,2021-06-29 01:29:48,3.9,"3km N of San Lorenzo, CA",12071,1,664,-122.1223333,37.7061667,9.2
us6000eqms,2021-06-28 21:55:30,3.3,"21 km N of Wright, Wyoming",,0,168,-105.5368,43.9436,0
uu60442307,2021-06-28 14:02:29,3.14,"17 km NE of West Yellowstone, Montana",1,0,152,-110.9168333,44.7518333,10.94
tx2021mnee,2021-06-27 23:18:09,3,"37 km NNW of Toyah, Texas",,0,138,-104.0002258,31.59951329,7.93112793
tx2021mjvg,2021-06-26 03:23:58,3.3,"54 km S of Whites City, New Mexico",,0,168,-104.3860794,31.68126683,6.285815430000001
tx2021mjnk,2021-06-25 23:25:28,3.3,"54 km NW of Toyah, Texas",,0,168,-104.2597883,31.60365248,7.031347656
us6000epui,2021-06-25 21:43:47,3.1,"38 km SE of Wright, Wyoming",,0,148,-105.1235,43.5273,0
tx2021minl,2021-06-25 10:18:25,3.2,"55 km S of Whites City, New Mexico",,0,158,-104.3741717,31.67398897,6.080151367
tx2021mimc,2021-06-25 09:37:11,3.1,"56 km S of Whites City, New Mexico",,0,148,-104.3722136,31.66549882,6.620019531
tx2021milw,2021-06-25 09:30:15,4.4,"56 km S of Whites City, New Mexico",,0,298,-104.370854,31.66389879,6.131567383
ci39718407,2021-06-25 08:26:58,3.01,"20km NNW of Barstow, CA",9,0,142,-117.0758333,35.0735,3.71
tx2021mhrb,2021-06-24 22:59:38,3,"53 km NW of Toyah, Texas",,0,138,-104.2573077,31.59562301,6.131567383
tx2021mhkx,2021-06-24 19:53:37,3.6,"55 km S of Whites City, New Mexico",,0,199,-104.3669345,31.67748136,6.105859375
us6000epf5,2021-06-24 17:20:22,3.1,"4 km NNE of Virginia, Minnesota",,0,148,-92.5097,47.555,0
tx2021mhak,2021-06-24 14:36:48,3.3,"37 km NNW of Toyah, Texas",,0,168,-103.9975794,31.60871414,7.622631836000001
ci39716863,2021-06-24 00:08:35,3.16,"4km NNE of El Segundo, CA",2309,0,614,-118.3946667,33.9498333,11.69
ci39716639,2021-06-23 20:06:07,3.57,"4km NNW of Yucca Valley, CA",134,0,244,-116.4441667,34.1468333,5.47
tx2021mfpg,2021-06-23 19:49:04,3.1,"56 km S of Whites City, New Mexico",,0,148,-104.3156936,31.66538245,7.391259766
tx2021mevv,2021-06-23 09:59:13,3.6,"55 km S of Whites City, New Mexico",,0,199,-104.4075418,31.67331461,6.902807617
nc73578421,2021-06-23 08:25:36,3.3,"24km WNW of Truckee, CA",182,0,235,-120.4626667,39.3726667,10.01
ci39715855,2021-06-23 03:30:58,3.14,"14km SW of Delta, B.C., MX",,0,152,-115.3126667,32.2793333,14.75
tx2021mdrc,2021-06-22 18:28:13,3.1,"17 km SSE of Ackerly, Texas",3,0,149,-101.6262147,32.38861084,1.931925456
us7000ef40,2021-06-22 04:03:09,3,"16 km SW of Clayton, Idaho",8,0,142,-114.5563,44.1622,10
uw61737697,2021-06-22 01:04:19,3.17,"3 km W of Skokomish, Washington",59,0,179,-123.206833333333,47.3321666666667,44.33
us7000ef0m,2021-06-21 19:56:48,3.4,"12 km ESE of Wright, Wyoming",,0,178,-105.3386,43.7167,0
us7000eet2,2021-06-20 22:11:49,4.1,"79 km WSW of Las Grullas Margen Derecha, Mexico",,0,259,-110.1025,25.7034,10
us7000een4,2021-06-20 10:42:01,4.6,"67 km WSW of Las Grullas Margen Derecha, Mexico",,0,326,-109.9859,25.7279,10
us7000ee9a,2021-06-18 21:04:11,3.1,"43 km NW of Stanley, Idaho",1,0,148,-115.2536,44.5389,10
us7000ee97,2021-06-18 20:49:35,3.7,"44 km NNW of Stanley, Idaho",4,0,212,-115.2281,44.561,10
us7000ee8n,2021-06-18 19:48:39,3.9,"169 km ENE of Ponce Inlet, Florida",14,0,240,-79.3493,29.7433,0
ci39711727,2021-06-18 18:16:41,3.09,"11km NNE of Coso Junction, CA",2,0,148,-117.9215,36.138,5.63
nn00809751,2021-06-18 11:26:38,3.3,"24 km S of Mina, Nevada",1,0,168,-118.0726,38.1677,7.5
ci39711255,2021-06-18 08:22:25,3.45,"17km E of Ocotillo, CA",9,0,186,-115.8193333,32.7073333,11.68
tx2021lveu,2021-06-18 03:10:13,3.1,"3 km SSW of El Indio, Texas",,0,148,-100.328,28.481,2.0883
nm60344372,2021-06-17 19:18:02,3.82,Illinois-Indiana border region,4059,0,764,-87.2866667,39.8305,6.26
us7000edx7,2021-06-17 19:00:41,3,"12 km SSE of Sleepy Hollow, Wyoming",,0,138,-105.3566,44.1416,0
ci39710335,2021-06-17 17:13:17,3.22,"20km NNE of Olancha, CA",4,0,160,-117.8868333,36.44,0.83
tx2021ltpd,2021-06-17 06:07:40,3.1,"34 km WSW of Ackerly, Texas",,0,148,-102.0656679,32.42706299,11.90946452
ci39709687,2021-06-17 05:41:31,3.26,"123km SSW of Estacion Coahuila, B.C., MX",,0,164,-115.2761667,31.1123333,4.61
ci39709511,2021-06-17 02:40:16,3,"44km ENE of Ensenada, B.C., MX",,0,138,-116.193,32.0358333,13.79
ok2021lsxi,2021-06-16 21:07:33,3.74,"3 km SE of Carney, Oklahoma",83,0,253,-96.985,35.7915,7
ci39708967,2021-06-16 17:44:55,3.38,"21km NNE of Olancha, CA",9,0,178,-117.8888333,36.442,0.5
tx2021lsbn,2021-06-16 10:06:51,3.1,"35 km WSW of Ackerly, Texas",,0,148,-102.0742426,32.42340088,7.703247069999999
nn00809550,2021-06-15 20:32:57,3.2,"24 km S of Mina, Nevada",,0,158,-118.0759,38.1677,6.3
us7000edb2,2021-06-15 20:01:46,3.5,"22 km E of Wright, Wyoming",,0,188,-105.2184,43.7293,0
nn00809542,2021-06-15 19:14:38,3,"25 km S of Mina, Nevada",,0,138,-118.0728,38.1606,6.7
ci39705335,2021-06-14 12:28:12,3.06,"12km NNE of Borrego Springs, CA",24,0,153,-116.3121667,33.3551667,12
ci39705135,2021-06-14 08:51:26,3.01,"69km SW of Alberto Oviedo Mota, B.C., MX",,0,139,-115.7621667,31.8585,13.96
nc73574191,2021-06-14 03:16:24,3.98,"7km WNW of The Geysers, CA",22,0,251,-122.8278333,38.8051667,3.56
ci39704359,2021-06-13 18:20:12,3.15,"11km N of Westmorland, CA",1,0,153,-115.6413333,33.1386667,7.61
ci39704287,2021-06-13 17:43:13,3.01,"11km N of Westmorland, CA",1,0,140,-115.6408333,33.1361667,7.9
ci39703959,2021-06-13 14:35:06,3.36,"45km ENE of Ensenada, B.C., MX",1,0,174,-116.1906667,32.0391667,13.11
nc73573646,2021-06-13 06:54:47,3.98,"7km WNW of The Geysers, CA",83,0,285,-122.8291667,38.8078333,2.65
us7000ecg9,2021-06-12 15:51:24,3.2,"11 km W of Stanley, Idaho",5,0,159,-115.0835,44.2053,10
uw61733532,2021-06-12 11:12:29,3.78,"3 km WSW of Skokomish, Washington",164,0,299,-123.202833333333,47.3196666666667,43.84
ci39937032,2021-06-12 08:25:07,3.01,"12km WSW of Niland, CA",3,0,141,-115.6401667,33.2028333,1.81
ci39936648,2021-06-12 05:55:20,3.79,"14km WSW of Niland, CA",5,0,222,-115.6605,33.205,2.78
ci39936288,2021-06-12 04:49:38,4.06,"13km WSW of Niland, CA",4,0,255,-115.656,33.206,2.62
ci39936280,2021-06-12 04:48:44,3.35,"14km WSW of Niland, CA",0,0,173,-115.6555,33.2003333,2.94
ew1623472898,2021-06-12 04:41:38,4.1407,"11 km W of Niland, California",,0,264,-115.6436,33.2354,8
ci39936232,2021-06-12 04:41:37,3.61,"14km WSW of Niland, CA",1,0,201,-115.6543333,33.1956667,3.12
ci39936216,2021-06-12 04:41:20,3.02,"14km WSW of Niland, CA",,0,140,-115.6575,33.2033333,2.99
ci39936208,2021-06-12 04:40:23,3.79,"13km WSW of Niland, CA",,0,221,-115.652,33.2033333,2.41
ci39936192,2021-06-12 04:39:46,4.32,"12km WSW of Niland, CA",37,0,302,-115.647,33.2066667,2.47
ci39936136,2021-06-12 04:30:28,3.85,"12km WSW of Niland, CA",1,0,228,-115.6465,33.2068333,2.77
ci39936128,2021-06-12 04:27:34,3.94,"13km WSW of Niland, CA",14,0,243,-115.6498333,33.2081667,2.97
us7000ec6g,2021-06-11 19:02:20,3.2,"20 km SE of Wright, Wyoming",,0,158,-105.338,43.6074,0
us7000ec5z,2021-06-11 18:19:27,3.9,"22 km ENE of Jiménez, Mexico",1,0,234,-105.1732,28.3778,10
nc73572726,2021-06-11 10:45:53,3.25,"4km NNW of Aromas, CA",489,0,363,-121.6631667,36.9255,7.04
tx2021link,2021-06-11 04:44:51,3.4,"55 km S of Whites City, New Mexico",,0,178,-104.3792714,31.67234813,7.185595703
us7000ebw2,2021-06-10 22:19:19,3.4,"16 km ENE of Wright, Wyoming",,0,178,-105.2995,43.8028,0
ci39933160,2021-06-10 17:10:19,3.03,"10km NNE of Ocotillo Wells, CA",1,0,141,-116.0925,33.2246667,8.87
tx2021lgcb,2021-06-09 20:45:26,3.3,"56 km S of Whites City, New Mexico",,0,168,-104.3730229,31.66572352,7.211303711
uu60439137,2021-06-09 19:52:50,3.65,"17 km E of Independence, Utah",14,0,210,-111.055,40.3101667,9.59
tx2021levg,2021-06-09 04:10:49,3.4,"53 km NW of Toyah, Texas",,0,178,-104.2495038,31.59497554,7.391259766
us7000eb7u,2021-06-08 17:21:21,3,"1 km N of Iron Junction, Minnesota",,0,138,-92.5998,47.4339,0
nn00809031,2021-06-08 01:44:17,3.3,"12 km S of Elko, Nevada",21,0,173,-115.7764,40.7228,16.7
ci39928744,2021-06-07 21:24:52,3.61,"12km WNW of Calipatria, CA",5,0,202,-115.6401667,33.1583333,5.46
ci39928712,2021-06-07 21:19:11,3.35,"12km WNW of Calipatria, CA",1,0,173,-115.6398333,33.1566667,5.88
ci39928664,2021-06-07 21:08:28,4.08,"13km WNW of Calipatria, CA",35,0,278,-115.64,33.1666667,5.34
us7000eavn,2021-06-07 19:59:18,3.6,Wyoming,,0,199,-105.3461,43.7021,0
ci39928368,2021-06-07 18:05:02,3.31,"62km SSE of Maneadero, B.C., MX",,0,169,-116.42,31.1753333,6.27
nc73571146,2021-06-07 16:07:29,3.35,"9km ENE of Round Valley, CA",26,0,181,-118.5013333,37.4301667,5.61
ci39927952,2021-06-07 14:45:22,3.52,"13km WSW of Niland, CA",,0,191,-115.6373333,33.1843333,4.93
ci39927264,2021-06-07 05:44:35,3.56,"11km W of Calipatria, CA",21,0,203,-115.6266667,33.1436667,7.51
nc73570951,2021-06-07 02:21:29,3.19,"9km NNW of West Bishop, CA",17,0,162,-118.4983333,37.4306667,5.81
ci39924760,2021-06-06 11:03:20,3.06,"12km WSW of Niland, CA",,0,144,-115.6363333,33.1865,5.61
ci39924744,2021-06-06 10:56:06,3.08,"13km WNW of Calipatria, CA",,0,146,-115.6453333,33.1561667,5.85
ci39923832,2021-06-06 08:05:36,3.81,"13km WSW of Niland, CA",8,0,227,-115.6395,33.1855,9.8
ci39922872,2021-06-06 05:01:30,3.19,"13km WNW of Calipatria, CA",1,0,157,-115.6446667,33.1645,5.36
uw61730837,2021-06-06 03:51:37,3.94,"6 km NE of Government Camp, Oregon",267,0,335,-121.6935,45.3423333333333,4.3
ci39922408,2021-06-06 03:08:23,3.61,"10km WNW of Calipatria, CA",5,0,202,-115.6195,33.1506667,9.28
ci39921208,2021-06-05 21:49:39,3.27,"10km W of Calipatria, CA",1,0,165,-115.6216667,33.1433333,3.61
ci39920064,2021-06-05 19:05:31,3.34,"11km WNW of Calipatria, CA",1,0,172,-115.6215,33.1615,6.36
ci39919656,2021-06-05 18:21:48,4.09,"10km WNW of Calipatria, CA",36,0,272,-115.6186667,33.1513333,7.06
ci39919616,2021-06-05 18:17:37,3.09,"11km N of Westmorland, CA",0,0,147,-115.6388333,33.1381667,4.76
ci39919608,2021-06-05 18:16:51,3.25,"11km N of Westmorland, CA",4,0,164,-115.6351667,33.1353333,6.97
ci39919472,2021-06-05 18:03:40,3.51,"10km WNW of Calipatria, CA",7,0,191,-115.6138333,33.15,5.32
ci39919440,2021-06-05 18:01:04,3.28,"11km WNW of Calipatria, CA",0,0,166,-115.6261667,33.1498333,6.81
ci39919416,2021-06-05 17:59:06,3.29,"12km WNW of Calipatria, CA",1,0,167,-115.6333333,33.1563333,6.49
ci39919408,2021-06-05 17:58:42,3.4,"11km W of Calipatria, CA",5,0,179,-115.6323333,33.1366667,7.57
ci39919400,2021-06-05 17:57:21,4.29,"10km WNW of Calipatria, CA",9,0,286,-115.6155,33.145,3.69
ci39919392,2021-06-05 17:55:58,5.25,"11km W of Calipatria, CA",1173,0,994,-115.6348333,33.14,5.78
ci39919336,2021-06-05 17:50:50,3.88,"12km N of Westmorland, CA",3,0,232,-115.639,33.142,5.91
ci39919296,2021-06-05 17:48:58,3.25,"12km N of Westmorland, CA",,0,162,-115.6378333,33.1395,7.29
ci39919280,2021-06-05 17:47:53,3.89,"11km WNW of Calipatria, CA",3,0,234,-115.6305,33.1481667,4.03
ci37327820,2021-06-05 17:47:50,3,"11km N of Westmorland, CA",,0,138,-115.6351667,33.1375,4.46
ci39919272,2021-06-05 17:47:19,3.12,"11km W of Calipatria, CA",,0,150,-115.6338333,33.1448333,4.64
ci39919264,2021-06-05 17:46:39,3.79,"11km N of Westmorland, CA",5,0,223,-115.641,33.134,4.63
ci39919256,2021-06-05 17:46:26,3.56,"11km W of Calipatria, CA",0,0,195,-115.6343333,33.1415,5.87
ci37327652,2021-06-05 17:46:21,3.25,"12km N of Westmorland, CA",,0,162,-115.6371667,33.14,6
ci39919248,2021-06-05 17:45:16,4.08,"11km N of Westmorland, CA",13,0,261,-115.64,33.1375,4.59
ci39919216,2021-06-05 17:42:10,3.21,"11km NNW of Westmorland, CA",0,0,159,-115.6453333,33.1336667,3.84
ci39919208,2021-06-05 17:40:51,3.55,"10km N of Westmorland, CA",2,0,195,-115.6408333,33.1301667,3.05
us7000e9v5,2021-06-04 22:50:40,3.1,"9 km ENE of Anoka, Nebraska",24,0,158,-98.7287,42.9962,5
us7000e9qy,2021-06-04 15:25:00,3.7,"10 km NE of Anoka, Nebraska",64,0,245,-98.7332,43.008,5
us7000e9jl,2021-06-03 21:39:14,3,"17 km NNE of Maeser, Utah",,0,138,-109.5147,40.6203,0
ok2021kumm,2021-06-03 12:23:30,3.31,"7 km SW of Dibble, Oklahoma",27,0,181,-97.684,34.9795,11.82
nc73569391,2021-06-03 12:15:32,3.59,"9km E of Alum Rock, CA",1401,0,518,-121.726,37.3721667,7.07
tx2021kugg,2021-06-03 09:14:36,3,"24 km SW of Coyanosa, Texas",,0,138,-103.2600662,31.10493425,4.537670898
nc73569196,2021-06-03 04:34:42,3.62,"3km NE of Pinnacles, CA",115,0,263,-121.1141667,36.5501667,9.14
tx2021ksoj,2021-06-02 11:04:31,3,"53 km SSW of Whites City, New Mexico",,0,138,-104.5693334,31.72523423,6.054443359000001
ci39913520,2021-06-01 21:29:46,3.16,"3km NW of Aguanga, CA",159,0,214,-116.8916667,33.4596667,12.83
us6000egr7,2021-06-01 20:15:12,3,"14 km NE of Stanley, Idaho",,0,138,-114.792,44.3013,10
nn00808590,2021-06-01 12:26:47,3.1,"29 km ENE of Bridgeport, California",4,0,149,-118.9229,38.3605,9.7
us6000eghc,2021-06-01 04:21:20,3.6,"37 km NW of Stanley, Idaho",4,0,200,-115.2439,44.4761,10
tx2021kqey,2021-06-01 04:02:02,3.1,"54 km NW of Toyah, Texas",,0,148,-104.2474539,31.60877428,6.157275391
tx2021kqet,2021-06-01 03:55:58,3.1,"54 km NW of Toyah, Texas",,0,148,-104.2506611,31.6059996,6.260107422
nc73567966,2021-05-31 09:06:14,3.44,"14km WSW of Toms Place, CA",27,0,194,-118.8263333,37.5226667,4.9
us6000eg3s,2021-05-31 02:27:52,3.2,"26 km WNW of Stanley, Idaho",3,0,158,-115.2141,44.343,10
ci39909592,2021-05-29 18:26:40,3.47,"7km SSE of Estacion Coahuila, B.C., MX",1,0,186,-114.9808333,32.1371667,15.73
us6000eflq,2021-05-28 17:13:37,3,"2 km N of Virginia, Minnesota",,0,138,-92.5382,47.5418,0
nc73566751,2021-05-28 16:04:54,3.11,"9km SE of Dollar Point, CA",64,0,173,-120.0338333,39.1245,5.41
nc73566711,2021-05-28 15:25:21,4.15,"10km SE of Dollar Point, CA",1659,0,675,-120.0286667,39.1221667,7.02
us6000efh7,2021-05-28 14:08:18,3.4,"37 km NW of Stanley, Idaho",3,0,179,-115.2292,44.4855,10
tx2021kjnv,2021-05-28 12:34:31,3.2,"3 km SE of Falls City, Texas",3,0,159,-97.994,28.957,7.4525
ci39906312,2021-05-27 14:19:00,3.11,"10km SSW of Rosedale, CA",90,0,183,-119.2053333,35.3096667,24.5
tx2021kgoi,2021-05-26 21:24:17,3.1,"56 km S of Whites City, New Mexico",1,0,148,-104.373047,31.66848093,7.365551758
ci39905824,2021-05-26 21:12:12,3.31,"10km SSE of Santa Barbara, CA",261,0,268,-119.6486667,34.3426667,11.45
uu60437827,2021-05-25 21:14:53,3.6,"15 km SW of Circleville, Utah",4,0,200,-112.4053333,38.0775,6.75
us7000e66g,2021-05-25 18:50:16,3.2,"26 km SSE of Wright, Wyoming",,0,158,-105.3219,43.5521,0
ok2021kemx,2021-05-25 18:24:57,4.05,"3 km WNW of Shattuck, Oklahoma",108,0,306,-99.91466667,36.28616667,7.67
tx2021kcks,2021-05-24 15:02:16,3.3,"37 km E of Balmorhea, Texas",2,0,168,-103.3556435,30.94885959,4.691918945
us7000e5la,2021-05-23 21:11:10,4.6,"84 km W of Campo Pesquero el Colorado, Mexico",1,0,326,-110.1543,25.6855,10
tx2021jxzp,2021-05-22 04:52:40,3.5,"11 km NE of Odessa, Texas",203,0,286,-102.2843226,31.92352295,7.60542806
tx2021jxtg,2021-05-22 01:40:27,3.5,"54 km S of Whites City, New Mexico",1,0,189,-104.2975678,31.68754777,6.671435547
us7000e560,2021-05-21 20:03:56,3.5,"20 km E of Wright, Wyoming",,0,188,-105.2337,43.7645,0
nn00807638,2021-05-20 03:43:52,4,"33 km SE of Mina, Nevada",4,0,248,-117.8509,38.1634,8.9
ci39659271,2021-05-20 01:37:22,3.59,"24km NNE of Trona, CA",14,0,203,-117.3245,35.9748333,3.04
us7000e65a,2021-05-19 17:27:36,3,"7 km N of Warba, Minnesota",,0,138,-93.2823,47.1966,0
us7000e4i1,2021-05-19 15:59:37,3,"13 km SE of Wright, Wyoming",,0,138,-105.3691,43.6641,0
ci39658359,2021-05-19 13:39:39,3.35,"14km WSW of Delta, B.C., MX",1,0,173,-115.3355,32.3236667,10.57
us7000e4bd,2021-05-19 03:02:04,3,"11 km SE of Lincoln, Montana",5,0,140,-112.5677,46.8863,10
us7000e47t,2021-05-18 19:12:40,3.4,"33 km WSW of Birney, Montana",,0,178,-106.8754,45.1627,0
nc73564200,2021-05-18 14:44:25,3.63,"11km WSW of Huron, CA",35,0,214,-120.2116667,36.1631667,8.98
tx2021jqux,2021-05-18 06:34:09,3.4,"55 km S of Whites City, New Mexico",1,0,178,-104.3878758,31.67137405,7.082763671999999
nc73563895,2021-05-17 19:45:32,3.06,"10km WSW of Toms Place, CA",10,0,147,-118.7741667,37.519,5.49
nc73563860,2021-05-17 19:24:39,3.35,"9km SE of Dollar Point, CA",281,0,279,-120.0316667,39.127,7.17
us7000e3rp,2021-05-17 11:03:22,3.3,"5 km SW of L'Épiphanie, Canada",302,0,297,-73.5278,45.8075,12.09
ci39655543,2021-05-17 05:16:25,3.16,"31km E of Maneadero, B.C., MX",1,0,154,-116.2401667,31.7218333,15.75
uu60436202,2021-05-17 01:22:18,3.22,"19 km E of Providence, Utah",22,0,168,-111.5881667,41.6933333,9.39
nn00807333,2021-05-16 08:39:55,3.6,"30 km SE of Mina, Nevada",2,0,200,-117.8646,38.1889,5.3
tx2021jlsm,2021-05-15 11:39:00,3.2,"22 km NNW of Toyah, Texas",,0,158,-103.921771,31.48026289,5.206079102000001
tx2021jlhs,2021-05-15 06:12:38,3.2,"53 km SSW of Whites City, New Mexico",1,0,158,-104.5704205,31.72614491,6.568603515999999
us7000e36s,2021-05-14 20:02:27,3.2,"6 km E of Wright, Wyoming",,0,158,-105.4094,43.742,0
us7000e2l2,2021-05-12 20:04:29,3.5,"12 km NE of Wright, Wyoming",,0,188,-105.3836,43.8317,0
us7000e4e9,2021-05-12 19:13:18,3.2,Wyoming,,0,158,-105.1788,43.6043,0
us7000e2jg,2021-05-12 17:10:24,3.2,"20 km SSE of Sleepy Hollow, Wyoming",,0,158,-105.3213,44.0697,0
tx2021jezg,2021-05-11 19:07:14,3.3,"54 km S of Whites City, New Mexico",,0,168,-104.2972858,31.6859408,6.954223633
tx2021jeiq,2021-05-11 10:44:06,3.2,"55 km S of Whites City, New Mexico",,0,158,-104.4162052,31.67877257,6.131567383
ci39647327,2021-05-10 23:21:36,3.12,"6km SSE of Guadalupe Victoria, B.C., MX",1,0,150,-115.0746667,32.2445,16.3
tx2021jcpf,2021-05-10 11:46:31,3.2,"13 km W of Channing, Texas",2,0,158,-102.4748347,35.67718506,3.105753581
nn00806865,2021-05-09 19:26:12,3.6,"27 km SSE of Mina, Nevada",5,0,200,-117.9699,38.1706,1.9
ci39645767,2021-05-09 09:09:33,3.03,"4km SE of Loma Linda, CA",187,0,216,-117.2335,34.0265,16.29
tx2021jaip,2021-05-09 06:10:35,3,"55 km S of Whites City, New Mexico",,0,138,-104.345913,31.67439389,7.288427734
ci39645599,2021-05-09 01:55:40,3.45,"5km WSW of Hermosa Beach, CA",2359,0,583,-118.449,33.8453333,11.84
tx2021izqo,2021-05-08 21:03:01,3.1,"54 km S of Whites City, New Mexico",216,0,221,-104.4162263,31.6810704,7.416967772999999
us7000e1dm,2021-05-08 17:04:55,3.2,"4 km ENE of Hope, Kansas",1,0,158,-97.027,38.7118,3.89
tx2021izhk,2021-05-08 16:26:01,3,"56 km S of Whites City, New Mexico",,0,138,-104.3340399,31.67078888,7.082763671999999
us7000e1b1,2021-05-08 11:04:43,3.2,"2 km E of Hope, Kansas",6,0,160,-97.0491,38.6894,5
nn00806762,2021-05-08 08:13:52,4.4,"30 km SE of Mina, Nevada",4,0,299,-117.8644,38.192,5.2
us7000e143,2021-05-07 16:54:47,3.1,"7 km N of Kinney, Minnesota",,0,148,-92.7106,47.5835,0
us7000e0xj,2021-05-07 06:30:18,3.1,"4 km NE of Hope, Kansas",10,0,152,-97.0342,38.7194,4.54
nc71126849,2021-05-07 04:37:38,3,"19km NW of Truckee, CA",100,0,179,-120.3195,39.467,10.8
nc73559265,2021-05-07 04:35:14,4.65,"19km NW of Truckee, CA",7964,0,843,-120.3145,39.461,10.12
nc73559260,2021-05-07 04:26:31,3.14,"19km NW of Truckee, CA",163,0,222,-120.3168333,39.4648333,9.41
ci39643455,2021-05-06 21:39:07,3.04,"13km S of San Clemente Is. (NW tip), CA",1,0,142,-118.6066667,32.9128333,5.86
us7000e0s5,2021-05-06 18:20:33,3.1,"2 km S of Formoso, Kansas",4,0,149,-97.9951,39.7567,5
us7000e0rl,2021-05-06 17:27:18,3,"1 km NNE of Mountain Iron, Minnesota",,0,138,-92.6156,47.5427,0
us7000e0mb,2021-05-06 13:04:24,3,"5 km SSW of Formoso, Kansas",2,0,139,-98.0172,39.7354,5
us7000e0ln,2021-05-06 11:35:32,3.6,"5 km S of Formoso, Kansas",28,0,211,-97.9981,39.7309,5
us7000e0a2,2021-05-05 08:58:29,3.3,"54 km ENE of San Vicente, Mexico",,0,168,-115.6963,31.4708,13.19
nc73557990,2021-05-04 12:36:14,3.18,"29km NE of Pinnacles, CA",8,0,157,-120.9441667,36.735,7.28
us7000dztu,2021-05-03 20:28:40,3.3,"10 km SE of Wright, Wyoming",,0,168,-105.3986,43.6908,0
tx2021ipss,2021-05-03 10:46:54,3.4,"52 km W of Mentone, Texas",1,0,178,-104.150933,31.70002186,7.314135742
us7000dz22,2021-04-30 17:21:18,3.2,"9 km N of Parkville, Minnesota",,0,158,-92.593,47.6157,0
tx2021ikfd,2021-04-30 10:15:30,3.2,"14 km NNW of Midland, Texas",30,0,169,-102.1385528,32.11761475,7.018513997
tx2021ijhl,2021-04-29 22:19:30,3,"58 km S of Whites City, New Mexico",,0,138,-104.3088861,31.65554085,7.211303711
ci39634983,2021-04-29 17:12:19,3.14,"13km SSW of Searles Valley, CA",9,0,154,-117.4393333,35.653,6.69
us7000dyak,2021-04-28 18:04:50,3.5,"33 km SW of Birney, Montana",,0,188,-106.8517,45.1336,0
nn00806025,2021-04-28 11:57:24,4.1,"45 km ENE of Tonopah, Nevada",1,0,259,-116.7295,38.1672,8.3
ci39632647,2021-04-28 10:50:21,3.45,"10km S of Borrego Springs, CA",283,0,279,-116.3816667,33.1628333,7.33
tx2021igfl,2021-04-28 05:51:09,3,"11 km NE of Hermleigh, Texas",,0,138,-100.6829983,32.71636963,6.333780924
tx2021ifye,2021-04-28 02:10:42,3.5,"53 km SSW of Whites City, New Mexico",,0,188,-104.5739138,31.72542813,6.74855957
nn00805995,2021-04-28 01:30:27,3.2,"34 km SE of Mina, Nevada",,0,158,-117.8373,38.1675,8.3
tx2021iflj,2021-04-27 19:42:11,4,"56 km S of Whites City, New Mexico",2,0,247,-104.3703037,31.66252346,7.365551758
us7000dxy5,2021-04-27 17:03:16,3.2,"8 km NNE of Kinney, Minnesota",,0,158,-92.703,47.5859,0
tx2021ieyu,2021-04-27 13:21:18,3.1,"54 km W of Mentone, Texas",,0,148,-104.1691503,31.68614939,7.674047852000001
tx2021idvz,2021-04-26 22:46:49,3.2,"57 km S of Whites City, New Mexico",,0,158,-104.3019408,31.66201527,7.262719727000001
tx2021idvt,2021-04-26 22:40:36,3,"57 km S of Whites City, New Mexico",,0,138,-104.2998062,31.66432549,7.622631836000001
nc73554845,2021-04-26 12:37:11,3.23,"9km SE of Dollar Point, CA",156,0,212,-120.031,39.1235,6.39
us6000e4v0,2021-04-26 05:12:03,3.7,"57 km ENE of San Vicente, Mexico",2,0,211,-115.6631,31.4669,10
nc73554700,2021-04-26 04:05:56,3.1,"2km SSW of Anderson Springs, CA",18,0,155,-122.7,38.7536667,0.33
nc73554385,2021-04-25 15:33:23,3.7,"8km SE of Dollar Point, CA",1603,0,671,-120.0433333,39.1283333,7.51
us6000e4ly,2021-04-25 10:23:21,3.5,"1 km WSW of Stanley, Idaho",9,0,192,-114.9526,44.2107,3.25
nc73554215,2021-04-25 04:59:28,3.61,"15km N of Morgan Hill, CA",2036,0,620,-121.6395,37.267,7.66
tx2021hzrp,2021-04-24 16:02:45,3,"58 km S of Whites City, New Mexico",,0,138,-104.3126386,31.65368066,6.388647461
us6000e44c,2021-04-23 20:01:17,3.3,"15 km E of Wright, Wyoming",,0,168,-105.3038,43.7481,0
nc73553370,2021-04-23 11:18:40,3.91,"15km NNW of Lake Pillsbury, CA",14,0,241,-123.0365,39.5256667,7.42
ci39625767,2021-04-23 06:51:07,3.01,"23km SSE of Fort Irwin, CA",,0,139,-116.6198333,35.0608333,1.97
nn00805580,2021-04-23 05:00:38,3.2,"32 km SE of Mina, Nevada",,0,158,-117.8909,38.1536,8.8
nc73552920,2021-04-22 07:00:10,3.09,"9km WSW of Toms Place, CA",9,0,149,-118.78,37.5453333,8.23
tx2021htpc,2021-04-21 07:58:12,3,"53 km SSW of Whites City, New Mexico",1,0,139,-104.5746591,31.71967735,5.951611328
us6000e3bb,2021-04-20 20:06:31,3.5,"13 km E of Wright, Wyoming",,0,188,-105.3269,43.7699,0
nc73552000,2021-04-20 09:48:34,4.03,"20km ENE of Redway, CA",26,0,261,-123.5988333,40.188,33.89
nc73551855,2021-04-20 02:39:04,3.82,"15km E of Willows, CA",167,0,288,-122.017,39.5165,23.07
ok2021hrag,2021-04-19 22:11:35,3.47,"8 km SW of Dibble, Oklahoma",58,0,210,-97.69483333,34.97366667,11.4
us6000e2z5,2021-04-19 20:42:37,3.6,"46 km NNW of Stanley, Idaho",3,0,200,-115.211,44.5917,10
nc73551560,2021-04-19 18:50:58,3.98,"3km SW of Anderson Springs, CA",780,0,602,-122.7228333,38.757,2.88
tx2021hpcf,2021-04-18 20:54:48,3.1,"18 km NNW of Snyder, Texas",2,0,149,-101.0045494,32.86468506,3.399210612
us6000e2px,2021-04-18 20:03:58,3.2,"6 km SSE of Sleepy Hollow, Wyoming",,0,158,-105.3928,44.1862,0
tx2021hnny,2021-04-18 00:33:36,3.1,"58 km S of Whites City, New Mexico",,0,148,-104.3058728,31.64889419,6.671435547
tx2021hngw,2021-04-17 20:59:23,3.1,"57 km S of Whites City, New Mexico",,0,148,-104.2973713,31.66273084,7.288427734
us6000e2g1,2021-04-17 20:07:00,3.2,"4 km NNE of Wright, Wyoming",,0,158,-105.4793,43.7903,0
nn00805234,2021-04-17 11:48:50,3.5,"52 km ESE of Beatty, Nevada",2,0,189,-116.2676,36.655,8.4
tx2021hltj,2021-04-17 01:01:37,3,"57 km S of Whites City, New Mexico",,0,138,-104.2951894,31.65906653,7.391259766
nc73550055,2021-04-16 04:09:45,3.54,"17km WNW of Petrolia, CA",17,0,200,-124.4525,40.4035,20.17
us6000e1z3,2021-04-16 00:43:50,3.2,"8 km WNW of Blanchard, Louisiana",69,0,185,-93.9806,32.5981,5.36
tx2021hjss,2021-04-15 22:25:49,3.1,"9 km S of Coyanosa, Texas",1,0,148,-103.0473729,31.1552793,4.023510742
ci39851144,2021-04-15 18:05:03,3.06,"14km ENE of Ridgecrest, CA",12,0,148,-117.5368333,35.6786667,6.81
ok2021hjcx,2021-04-15 14:26:39,3.26,"7 km SW of Dibble, Oklahoma",23,0,173,-97.68016667,34.98483333,11.14
ok2021hipb,2021-04-15 07:26:31,3.02,"5 km SW of Manchester, Oklahoma",0,0,140,-98.09133333,36.96183333,9.02
tx2021hiaf,2021-04-14 23:54:02,4.3,"34 km NNE of Skellytown, Texas",116,0,324,-101.0077374,35.85296631,7.703247069999999
tx2021hggw,2021-04-14 01:02:05,3,"52 km NW of Toyah, Texas",,0,138,-104.2441051,31.59224671,6.671435547
ci39849144,2021-04-13 21:35:03,3.54,"15km NE of Indio, CA",80,0,220,-116.0878333,33.8063333,3.03
us6000e1c0,2021-04-13 21:15:42,3,"18 km NNE of Maeser, Utah",,0,138,-109.5178,40.6346,0
us6000e19q,2021-04-13 15:32:26,3,"34 km NW of Stanley, Idaho",,0,138,-115.2229,44.4511,10
us6000e173,2021-04-13 12:22:34,3.9,"51 km S of Ten Sleep, Wyoming",25,0,242,-107.3683,43.5729,11.87
us6000e12h,2021-04-12 20:05:43,3.6,"22 km ESE of Wright, Wyoming",,0,199,-105.2267,43.6995,0
us6000e35d,2021-04-12 19:07:59,3.2,"24 km SE of Wright, Wyoming",,0,158,-105.2679,43.5984,0
tx2021hdaj,2021-04-12 06:20:22,3.1,"53 km SSW of Whites City, New Mexico",,0,148,-104.5931127,31.73239965,5.643115234
ci39846664,2021-04-11 09:45:36,3.13,"18km W of Searles Valley, CA",13,0,155,-117.603,35.7846667,6.61
us6000e0qk,2021-04-11 03:42:00,3.2,"50 km NE of Hércules, Mexico",,0,158,-103.3944,28.3401,10
nc73547645,2021-04-10 14:13:21,3.26,"6km S of Calistoga, CA",262,0,253,-122.5848333,38.5226667,9.14
ci39845832,2021-04-10 13:22:06,3.44,"7km SW of Holtville, CA",25,0,192,-115.4393333,32.7705,15.63
tx2021gzii,2021-04-10 05:49:04,3.4,"10 km SSE of Smiley, Texas",2,0,178,-97.606,29.181,5.177
ci39845512,2021-04-10 03:57:58,3,"4km NNW of Yucca Valley, CA",94,0,174,-116.4451667,34.1475,5.88
us6000e0dj,2021-04-09 14:49:16,3.3,"2 km NNE of Capulin, New Mexico",,0,168,-106.7948,36.2538,5.4
nn00804674,2021-04-09 05:19:50,3.4,"61 km NW of Osino, Nevada",3,0,179,-116.1724,41.3251,12
ci39844112,2021-04-09 00:33:47,3.11,"2km N of Cabazon, CA",68,0,178,-116.7873333,33.9323333,14.76
ci39843952,2021-04-08 20:51:15,3.62,"12km ENE of Ridgecrest, CA",121,0,240,-117.5496667,35.6538333,8.34
tx2021gwmn,2021-04-08 16:32:04,3.2,"54 km S of Whites City, New Mexico",1,0,158,-104.3764417,31.68730286,6.799975586
uu60432212,2021-04-08 05:45:29,3.02,"2 km SSW of Summit, Utah",26,0,151,-112.9438333,37.7803333,1.32
ci39842896,2021-04-08 03:52:08,3.73,"6km SW of Holtville, CA",41,0,230,-115.4328333,32.7753333,16.19
ci39842872,2021-04-08 03:28:51,3.2,"6km SW of Holtville, CA",3,0,158,-115.4376667,32.7776667,15.85
us6000dzug,2021-04-07 20:54:42,3.1,"32 km NE of Ranchester, Wyoming",,0,148,-106.8908,45.1243,0
nc73546475,2021-04-07 20:18:17,3.31,"23km S of South Dos Palos, CA",8,0,172,-120.701,36.7646667,3.53
us6000dztk,2021-04-07 19:15:02,3,"42 km ESE of Wright, Wyoming",,0,138,-105.0497,43.5467,0
us6000dzt0,2021-04-07 17:56:40,3,"23 km SSE of Antelope Valley-Crestview, Wyoming",,0,138,-105.3806,44.0279,0
us6000dzst,2021-04-07 17:24:00,3.2,"1 km SE of Kinney, Minnesota",,0,158,-92.7161,47.5032,0
ok2021gurr,2021-04-07 16:51:49,3.61,"7 km WSW of Horntown, Oklahoma",22,0,210,-96.31683333,35.059,28.64
ci39841832,2021-04-07 13:42:05,3.64,"17km S of Trona, CA",14,0,209,-117.4105,35.6096667,8.97
nn00804505,2021-04-07 13:17:30,3.2,"11 km NW of Valmy, Nevada",2,0,158,-117.2229,40.86,7
ok2021gudp,2021-04-07 09:44:38,3.16,"2 km SE of Union City, Oklahoma",21,0,165,-97.92416667,35.37766667,6.41
us6000dzln,2021-04-07 09:20:59,3.3,"4 km ESE of Flagstaff, Arizona",10,0,171,-111.6072,35.1779,5
usd000esqc,2021-04-07 04:42:11,3.2,"18 km WNW of Stanley, Idaho",7,0,159,-115.131,44.3034,10
uu60431992,2021-04-06 19:20:39,3.46,"47 km SW of Howell, Utah",15,0,191,-112.8681667,41.5113333,11.24
us6000dz8j,2021-04-05 20:00:26,3.5,"17 km ENE of Wright, Wyoming",,0,188,-105.2882,43.8111,0
ci39838928,2021-04-05 11:44:01,4,"2km E of Lennox, CA",7217,1,726,-118.3333333,33.9405,19.34
ci39838888,2021-04-05 11:15:37,3.03,"2km ENE of Lennox, CA",1055,0,501,-118.3348333,33.9421667,19.76
ci39838568,2021-04-04 21:14:44,3.29,"4km N of Beaumont, CA",145,0,222,-116.978,33.9661667,13.13
us6000dz07,2021-04-04 20:51:45,3.3,"23 km ENE of Wright, Wyoming",,0,168,-105.2255,43.836,0
us6000e0dt,2021-04-03 18:51:14,3,"10 km SE of Wright, Wyoming",,0,138,-105.3948,43.6836,0
tx2021gnmk,2021-04-03 18:14:54,3,"58 km S of Whites City, New Mexico",,0,138,-104.4579241,31.6504539,6.131567383
nn00804187,2021-04-02 19:08:02,4.3,"31 km SE of Mina, Nevada",1,0,285,-117.8718,38.1774,8.3
nn00804169,2021-04-02 17:10:09,3.9,"29 km SE of Mina, Nevada",,0,234,-117.8875,38.1942,7.2
nc73545020,2021-04-02 08:21:35,4.36,"27km W of Petrolia, CA",46,0,312,-124.601,40.3035,19.11
us6000dyef,2021-04-01 23:18:17,3.1,"18 km NNE of Arvada, Wyoming",,0,148,-106.0404,44.8047,0
tx2021gjyn,2021-04-01 19:49:55,3.9,"55 km S of Whites City, New Mexico",2,0,234,-104.3871316,31.67850253,6.542895508
us6000dy5c,2021-04-01 07:26:26,3,"7 km W of Blanchard, Louisiana",55,0,165,-93.9689,32.5857,5
nc73544675,2021-04-01 06:03:39,3,"13km W of Shingletown, CA",77,0,163,-122.0406667,40.4723333,19.32
us6000dy35,2021-04-01 00:26:12,4.8,"119 km W of La Libertad, Mexico",,0,354,-113.9179,29.7511,11.06
nn00803931,2021-03-31 20:24:26,3.7,"29 km SE of Mina, Nevada",1,0,211,-117.9004,38.1837,4.7
us6000dy1b,2021-03-31 20:17:29,3.3,"17 km SE of Wright, Wyoming",,0,168,-105.3511,43.634,0
ci39596607,2021-03-31 18:42:18,3.05,"5km WNW of Delta, B.C., MX",,0,143,-115.2403333,32.3716667,19.83
us6000dxzm,2021-03-31 15:41:15,3,"24 km NNE of Wright, Wyoming",,0,138,-105.3738,43.9525,0
tx2021ghrz,2021-03-31 14:15:25,3,"57 km S of Whites City, New Mexico",,0,138,-104.360034,31.65753198,6.080151367
nc73544470,2021-03-31 13:44:03,3.28,"6km SSE of San Juan Bautista, CA",152,0,214,-121.5231667,36.797,6.7
ci39596151,2021-03-31 09:38:55,3.01,"7km NW of Delta, B.C., MX",1,0,140,-115.2455,32.403,18.91
ci39596135,2021-03-31 08:56:25,4.75,"7km NW of Delta, B.C., MX",123,0,399,-115.2498333,32.3903333,19.22
nc73541836,2021-03-30 17:05:34,3.13,"5km W of Cobb, CA",12,0,155,-122.7781667,38.8276667,1.37
nn00803678,2021-03-30 16:04:05,4.4,"24 km S of Mina, Nevada",5,0,299,-118.07,38.1718,3.8
us6000dxgt,2021-03-29 18:38:18,3.8,"20 km E of Julimes, Mexico",1,0,222,-105.2195,28.4369,10
nn00803599,2021-03-29 10:38:28,3.7,"29 km SSE of Mina, Nevada",3,0,211,-117.9666,38.1483,12
uu60430657,2021-03-29 01:35:57,3.23,"10 km SW of Milford, Utah",3,0,161,-113.1005,38.3358333,4.99
us6000dx86,2021-03-28 20:00:57,3.4,"19 km NE of Wright, Wyoming",,0,178,-105.3156,43.865,0
us6000dx1x,2021-03-27 20:02:54,3.4,Wyoming,,0,178,-105.3265,43.7596,0
tx2021gafn,2021-03-27 12:00:28,3,"55 km S of Whites City, New Mexico",,0,138,-104.3911711,31.67870638,6.774267578
tx2021fzdw,2021-03-26 22:01:29,3.3,"55 km S of Whites City, New Mexico",2,0,168,-104.3774418,31.67856425,7.262719727000001
us6000dwxw,2021-03-26 17:09:50,4,"32 km ESE of Loreto, Mexico",2,0,247,-111.0372,25.9371,15.66
us6000dwqq,2021-03-26 14:52:24,3.4,"10 km E of Edgemont, South Dakota",55,0,198,-103.7039,43.3065,5
nn00803403,2021-03-26 13:34:20,3.5,"34 km SE of Mina, Nevada",1,0,189,-117.8439,38.1614,8
nn00803381,2021-03-26 03:42:53,3.1,"32 km NE of Gabbs, Nevada",,0,148,-117.6759,39.0946,7
us6000dwb9,2021-03-25 13:15:19,3.2,"9 km ESE of Bancroft, Idaho",7,0,160,-111.7749,42.702,10.31
nn00803336,2021-03-25 10:00:22,3.1,"33 km SE of Mina, Nevada",1,0,148,-117.8435,38.1669,7.9
us6000dw93,2021-03-25 06:16:19,3.1,"13 km NNW of Marysville, Montana",7,0,150,-112.3669,46.8625,4.78
nc73539551,2021-03-24 23:07:08,3.22,"10km E of Gilroy, CA",34,0,171,-121.4615,37.0035,8.29
nc73539406,2021-03-24 15:41:13,3.98,"21km SSW of Willits, CA",126,0,293,-123.4743333,39.2448333,8.2
tx2021fukz,2021-03-24 07:56:31,3.1,"54 km S of Whites City, New Mexico",,0,148,-104.3909245,31.68123573,6.080151367
ci39588623,2021-03-24 00:08:38,3.09,"14km SSW of Searles Valley, CA",3,0,148,-117.4485,35.6511667,2.8
us6000dvvt,2021-03-23 18:59:10,3.3,Wyoming,,0,168,-105.3282,43.7802,0
tx2021fsdk,2021-03-23 01:49:56,3,"56 km S of Whites City, New Mexico",,0,138,-104.3082024,31.6709412,6.260107422
tx2021fsdj,2021-03-23 01:49:28,3.1,"57 km S of Whites City, New Mexico",,0,148,-104.2930438,31.65999792,6.877099609
us6000dvim,2021-03-22 17:53:18,4.1,"67 km NE of Santa Rosalía, Mexico",,0,259,-111.72,27.7055,10
tx2021fqka,2021-03-22 02:54:02,3.9,"55 km S of Whites City, New Mexico",1,0,234,-104.4038154,31.67793496,7.10847168
ok2021fqjl,2021-03-22 02:37:43,3.25,"11 km W of Hennessey, Oklahoma",7,0,166,-98.029,36.11333333,5.95
nc73540280,2021-03-21 22:33:08,3.08,"39km NNE of Toms Place, CA",4,0,147,-118.5543333,37.8966667,6.15
ci39586079,2021-03-20 22:49:23,3.05,"2km ESE of Ontario, CA",524,0,327,-117.6045,34.0411667,4.52
nn00802966,2021-03-20 01:16:30,3.1,"27 km SSE of Mina, Nevada",,0,148,-117.9493,38.174,6
ci39585143,2021-03-19 18:24:36,3.07,"16km ESE of Julian, CA",45,0,163,-116.442,33.0316667,6.61
tx2021flbp,2021-03-19 04:58:35,3,"53 km SSW of Whites City, New Mexico",,0,138,-104.5553006,31.7225856,6.157275391
tx2021fkxd,2021-03-19 02:43:27,3.4,"35 km SE of Malaga, New Mexico",,0,178,-103.7682824,32.02843613,8.342456055
tx2021fkpc,2021-03-18 22:39:47,3.5,"55 km S of Whites City, New Mexico",,0,188,-104.3994675,31.67336737,6.080151367
nc73538955,2021-03-18 18:56:45,3.37,"10km NW of Pinnacles, CA",12,0,180,-121.2086667,36.6045,6.74
us7000dkpq,2021-03-18 17:20:42,3,"5 km NNE of Kinney, Minnesota",,0,138,-92.7043,47.5622,0
us7000dkcc,2021-03-17 19:33:18,3,"14 km SSE of Antelope Valley-Crestview, Wyoming",,0,138,-105.3785,44.1137,0
us7000dkc3,2021-03-17 19:08:00,3.3,"24 km SE of Wright, Wyoming",,0,168,-105.2397,43.6212,0
tx2021fhjh,2021-03-17 04:19:28,4.5,"57 km S of Whites City, New Mexico",26,0,323,-104.3573154,31.65433164,6.182983398
tx2021fgvy,2021-03-16 21:34:19,3.1,"57 km S of Whites City, New Mexico",1,0,148,-104.3638053,31.65796815,6.080151367
tx2021fgma,2021-03-16 16:34:13,3.2,"53 km SSW of Whites City, New Mexico",,0,158,-104.5568917,31.72027536,6.105859375
us7000djxr,2021-03-16 14:34:39,3.6,"33 km W of Challis, Idaho",0,0,199,-114.6529,44.5512,14
tx2021ffnc,2021-03-16 03:58:16,3.1,"6 km SE of Gardendale, Texas",32,0,164,-102.3379144,31.97662354,7.947794596
us7000djl2,2021-03-15 19:57:13,3.2,"33 km WSW of Birney, Montana",,0,158,-106.8898,45.1785,0
us7000djhz,2021-03-15 13:59:11,3.2,"4 km NE of Eastborough, Kansas",590,0,405,-97.2322,37.715,5
us7000djhu,2021-03-15 13:52:28,3.1,"3 km NE of Eastborough, Kansas",291,0,261,-97.2376,37.7096,5
us7000djgx,2021-03-15 11:20:05,3,"27 km NW of Stanley, Idaho",1,0,139,-115.2072,44.3711,10
us7000djda,2021-03-14 23:08:31,3.5,"3 km NE of Eastborough, Kansas",1765,0,658,-97.2346,37.7131,5
us7000dj9u,2021-03-14 12:02:12,3,"1 km N of Eastborough, Kansas",240,0,242,-97.2627,37.7056,5
us7000dj9m,2021-03-14 11:31:29,3.5,"5 km NE of Eastborough, Kansas",1294,0,648,-97.2289,37.7243,5
us7000dj9j,2021-03-14 11:29:36,3.4,"3 km NE of Eastborough, Kansas",426,0,382,-97.2378,37.7109,5
us7000dj9h,2021-03-14 11:17:04,3.1,Oregon-Idaho border region,11,0,152,-116.1711,44.3022,11.5
us7000djy4,2021-03-13 15:59:00,3,"16 km WNW of Stanley, Idaho",,0,138,-115.1386,44.2585,10
tx2021fadl,2021-03-13 05:24:48,3.2,"11 km NE of Odessa, Texas",68,0,183,-102.2757479,31.91802979,6.773966471
us7000dizz,2021-03-13 01:44:43,3.4,"18 km NW of Stanley, Idaho",5,0,179,-115.1268,44.3151,10
us7000diy2,2021-03-12 21:13:31,3.3,"10 km NE of Wright, Wyoming",,0,168,-105.3965,43.811,0
us7000dhzd,2021-03-10 22:47:38,3,"32 km NW of Stanley, Idaho",,0,138,-115.1891,44.4479,13.72
us7000dhi2,2021-03-09 20:08:26,3.2,"20 km SE of Wright, Wyoming",,0,158,-105.3439,43.6002,0
us7000dhh1,2021-03-09 18:24:13,3,"1 km SW of Virginia, Minnesota",,0,138,-92.5545,47.5133,0
uw61707577,2021-03-09 13:10:58,3.22,"29 km WSW of Forks, Washington",8,0,163,-124.720833333333,47.8141666666667,9.25
ci39575335,2021-03-09 00:14:59,3.21,"65km NNW of Stovepipe Wells, CA",3,0,159,-117.4903333,37.1223333,-1.36
nc73532721,2021-03-08 05:31:40,3.15,"12km NNE of Round Valley, CA",29,0,162,-118.5535,37.5161667,10.47
ci39572823,2021-03-05 18:33:11,3.26,"19km E of Little Lake, CA",8,0,165,-117.7023333,35.9123333,6.77
us7000dg41,2021-03-05 18:21:00,3,"5 km NNE of Parkville, Minnesota",,0,138,-92.542,47.5722,0
ok2021eltk,2021-03-05 08:26:35,3.54,"5 km N of Ames, Oklahoma",14,0,200,-98.179,36.29633333,7.83
nc73531186,2021-03-04 15:53:28,3.09,"6km WSW of St. Helena, CA",234,0,229,-122.533,38.4801667,10.6
us7000df9b,2021-03-03 21:05:31,3.3,"16 km ENE of Wright, Wyoming",,0,168,-105.2934,43.7997,0
us7000df8s,2021-03-03 20:12:53,3,Wyoming,,0,138,-105.1055,43.5922,0
tx2021eial,2021-03-03 07:26:35,3.2,"47 km W of Mentone, Texas",,0,158,-104.0967372,31.73288966,6.697143555000001
nn00801665,2021-03-03 02:34:12,3.1,"35 km SE of Mina, Nevada",,0,148,-117.817,38.1699,8.3
tx2021eevo,2021-03-01 13:38:07,3.1,"54 km S of Whites City, New Mexico",,0,148,-104.4226906,31.68148696,6.799975586
us7000dejr,2021-03-01 11:24:39,3.1,"32 km S of Stonewall Gap, Colorado",5,0,149,-104.9914,36.8569,4.76
us7000deis,2021-03-01 08:50:41,3.5,"23 km WNW of Stanley, Idaho",4,0,190,-115.1884,44.3209,10.2
tx2021edqt,2021-02-28 22:00:42,3.2,"54 km S of Whites City, New Mexico",1,0,158,-104.3008053,31.68844842,6.568603515999999
ok2021edqa,2021-02-28 21:38:38,3.68,"3 km SE of Meno, Oklahoma",30,0,223,-98.15533333,36.36316667,7.22
tx2021edoq,2021-02-28 20:56:22,3.2,"14 km ENE of Gardendale, Texas",21,0,165,-102.2414491,32.06817627,8.779256185
ci39804712,2021-02-28 13:46:45,3.49,"7km ESE of Lone Pine, CA",34,0,199,-117.9995,36.5573333,7.85
tx2021ecyi,2021-02-28 12:42:21,3,"16 km N of Stanton, Texas",2,0,139,-101.7762719,32.27874756,6.382690430000001
nn00801429,2021-02-28 10:51:27,3.4,"31 km SE of Rachel, Nevada",1,0,178,-115.5139,37.4291,0
nc73529256,2021-02-28 10:37:08,3.16,"22km SSE of Lopez Point, CA",3,0,155,-121.4558333,35.8385,8.2
nc73529196,2021-02-28 08:45:39,3.73,"22km SSE of Lopez Point, CA",10,0,217,-121.4531667,35.8421667,8.85
nc73529186,2021-02-28 08:24:37,3.24,"17km SE of Bodie, CA",9,0,164,-118.8941667,38.095,11.82
us7000de55,2021-02-27 11:13:02,3.7,"27 km NE of Stanley, Idaho",13,0,216,-114.7036,44.3933,10
ci39803680,2021-02-27 08:17:26,3.1,"11km SW of Searles Valley, CA",17,0,154,-117.4776667,35.6845,7.7
tx2021eaft,2021-02-27 01:01:50,3,"6 km WNW of El Indio, Texas",1,0,139,-100.373,28.531,9.4373
ci39803176,2021-02-26 20:51:50,3.02,"3km E of Simi Valley, CA",1486,0,510,-118.7046667,34.2698333,10.93
nn00801324,2021-02-26 19:27:15,3.7,"29 km SSE of Mina, Nevada",3,0,212,-117.9687,38.1484,10.5
us7000ddza,2021-02-26 17:56:21,3,"12 km NNE of Chisholm, Minnesota",,0,138,-92.8425,47.594,0
tx2021dzma,2021-02-26 15:04:19,3.1,"53 km SSW of Whites City, New Mexico",,0,148,-104.5909582,31.73241687,6.054443359000001
tx2021dzep,2021-02-26 11:19:59,3.2,"52 km SSW of Whites City, New Mexico",,0,158,-104.5812528,31.73157482,6.054443359000001
nn00801225,2021-02-25 22:21:21,3.3,"30 km SSE of Mina, Nevada",,0,168,-117.9344,38.1574,11.2
nc73527826,2021-02-25 19:30:19,3.81,"7km NW of The Geysers, CA",46,0,238,-122.8206667,38.8178333,2.63
ci39800680,2021-02-24 19:05:11,3.03,"13km ESE of Puebla, B.C., MX",,0,141,-115.2248333,32.5241667,19.65
us6000dksk,2021-02-24 18:03:20,3,"25 km S of Antelope Valley-Crestview, Wyoming",,0,138,-105.435,43.9979,0
ci39800544,2021-02-24 16:55:36,3.05,"8km W of Holtville, CA",2,0,144,-115.4616667,32.8135,13.54
us6000dkmw,2021-02-24 10:43:46,3.6,"17 km ESE of Kelly, Wyoming",6,0,201,-110.4123,43.5846,8.07
us6000dk8j,2021-02-22 22:00:45,3.3,"12 km W of Stanley, Idaho",1,0,168,-115.0993,44.2223,10.94
nn00800964,2021-02-22 18:02:13,3.1,"26 km SSE of Mina, Nevada",1,0,148,-117.9892,38.1669,2.1
nc73526151,2021-02-22 01:38:13,3.76,"9km ENE of Gilroy, CA",1014,0,648,-121.4781667,37.0456667,6.22
ci39797144,2021-02-22 00:28:10,3.19,"9km NNW of Cabazon, CA",95,0,193,-116.8083333,33.9976667,9.83
nn00800885,2021-02-21 21:22:21,3.1,"32 km SSE of Hawthorne, Nevada",1,0,148,-118.4984,38.2481,9.8
nn00800862,2021-02-21 15:02:10,3,"23 km ENE of Hawthorne, Nevada",,0,138,-118.3645,38.5714,5.5
ci39796240,2021-02-21 01:19:59,3.47,"15km SSW of Olancha, CA",,0,185,-118.071,36.1575,1.67
us6000djr6,2021-02-20 19:52:57,3.2,"20 km SE of Wright, Wyoming",,0,158,-105.2879,43.6439,0
nn00800790,2021-02-20 14:31:35,3.2,"33 km SE of Mina, Nevada",,0,158,-117.8525,38.1698,11.7
ok2021dmpg,2021-02-19 13:56:57,4.2,"6 km SW of Manchester, Oklahoma",1749,0,951,-98.09383333,36.96366667,7
ci39794648,2021-02-19 08:52:39,3.03,"24km NNE of Trona, CA",6,0,143,-117.3208333,35.9746667,2.61
nc73524821,2021-02-19 00:13:20,3.37,"14km NE of Big Pine, CA",9,0,177,-118.1611667,37.2335,8.75
tx2021dkhh,2021-02-18 07:37:18,3.3,"7 km SSE of El Indio, Texas",2,0,168,-100.279,28.453,6.7277
us6000di5w,2021-02-16 20:34:57,3.1,"15 km SSE of Antelope Valley-Crestview, Wyoming",,0,148,-105.3938,44.0948,0
us6000dk5m,2021-02-16 20:04:42,3.1,"6 km ESE of Wright, Wyoming",,0,148,-105.4221,43.7239,0
us6000dhur,2021-02-15 18:19:05,3,"13 km N of Parkville, Minnesota",,0,138,-92.5504,47.6504,0
tx2021deyk,2021-02-15 09:28:44,3.5,"15 km N of Stanton, Texas",2,0,189,-101.7869903,32.27142334,5.404500326
ci39552143,2021-02-14 23:42:34,3.6,"24km NNE of Trona, CA",8,0,202,-117.3201667,35.9725,3.07
nn00800380,2021-02-14 18:08:59,3.1,"16 km NE of Hawthorne, Nevada",1,0,148,-118.4684,38.6126,4.2
nc73523021,2021-02-14 11:57:50,3.69,"6km ESE of Wilkerson, CA",58,0,229,-118.3201667,37.2631667,12.19
ci39550567,2021-02-12 23:57:13,4.03,"10km SE of Olancha, CA",61,0,278,-117.9266667,36.2183333,3.11
us6000dj89,2021-02-11 22:52:13,3.1,"11 km S of Wright, Wyoming",,0,148,-105.4922,43.6476,0
us6000dgrm,2021-02-11 17:52:09,3.1,"32 km SE of Wright, Wyoming",,0,148,-105.1714,43.5688,0
nn00800068,2021-02-11 00:07:14,3.7,"18 km NNE of Golconda, Nevada",4,0,212,-117.3961,41.104,8.6
ci39547215,2021-02-10 04:42:12,3.07,"87km ESE of Maneadero, B.C., MX",,0,145,-115.6781667,31.522,5.62
ci39546975,2021-02-10 01:27:09,3.76,"11km WNW of Calipatria, CA",15,0,222,-115.6113333,33.1751667,3.68
ci39546855,2021-02-10 01:01:41,3.2,"10km WNW of Calipatria, CA",,0,158,-115.5998333,33.172,3.6
ci39546863,2021-02-10 01:01:15,3.82,"11km WNW of Calipatria, CA",13,0,229,-115.6136667,33.1753333,3.77
us6000dg0l,2021-02-09 18:23:03,3.2,"7 km NNE of Kinney, Minnesota",,0,158,-92.708,47.581,0
us6000dfwp,2021-02-09 09:21:13,3.7,"57 km S of Whites City, New Mexico",1,0,211,-104.2765,31.663,5
uw61712646,2021-02-09 05:34:17,3.47,"0 km SE of Parkdale, Oregon",519,0,398,-121.588333333333,45.5158333333333,5.75
us6000dfre,2021-02-08 23:49:42,3.3,"20 km WNW of Stanley, Idaho",,0,168,-115.1695,44.2909,10
nn00799820,2021-02-08 15:15:42,3.8,"30 km SSE of Mina, Nevada",1,0,222,-118.0398,38.125,10.1
us6000dfl2,2021-02-08 13:53:11,3.7,"57 km S of Whites City, New Mexico",,0,211,-104.3745,31.6548,5
us6000dfk5,2021-02-08 10:39:29,3.8,"49 km S of Whites City, New Mexico",,0,222,-104.3482,31.7259,8.67
us6000dfjz,2021-02-08 10:27:07,3.4,"55 km S of Whites City, New Mexico",,0,178,-104.3918,31.6734,7
ci39544719,2021-02-08 08:00:12,3.45,"15km E of Ocotillo, CA",9,0,186,-115.8288333,32.7456667,11.43
nc73519926,2021-02-08 00:45:33,3.22,"10km NE of Milpitas, CA",436,0,277,-121.8266667,37.4978333,5.13
nn00799754,2021-02-07 20:52:25,3.7,"34 km SE of Mina, Nevada",,0,211,-117.846,38.1578,10.1
tx2021creo,2021-02-07 20:40:50,3.2,"8 km ESE of Smiley, Texas",1,0,158,-97.556,29.237,6.3006
ci39543967,2021-02-07 18:57:51,3.41,"24km NNE of Trona, CA",5,0,181,-117.3241667,35.9771667,2.6
nn00799696,2021-02-07 01:57:20,3.3,"25 km S of Mina, Nevada",,0,168,-118.0628,38.1634,7.1
nn00799676,2021-02-06 23:10:17,3.7,"24 km S of Mina, Nevada",1,0,211,-118.0747,38.169,7.9
ok2021cony,2021-02-06 10:01:27,3.36,"6 km ESE of Covington, Oklahoma",8,0,176,-97.52033333,36.292,7.28
ok2021cnhw,2021-02-05 17:48:45,4.2,"5 km WNW of Lucien, Oklahoma",320,0,476,-97.51583333,36.289,6.67
us6000devd,2021-02-05 17:16:09,3.4,"5 km NNE of Kinney, Minnesota",,0,178,-92.6905,47.559,0
ok2021cnew,2021-02-05 16:17:37,3.65,"6 km WNW of Lucien, Oklahoma",13,0,210,-97.51966667,36.28816667,6.59
ok2021cnev,2021-02-05 16:16:56,3.52,"5 km WNW of Lucien, Oklahoma",5,0,194,-97.5115,36.28483333,6.66
us6000delq,2021-02-05 07:05:40,3.5,"24 km WNW of Stanley, Idaho",2,0,189,-115.2102,44.3166,13.13
us6000dec3,2021-02-04 02:36:35,3,"43 km NW of Stanley, Idaho",1,0,139,-115.2568,44.5405,16.44
ci39539439,2021-02-03 09:23:36,3.74,"16km E of Ocotillo, CA",62,0,236,-115.8261667,32.7516667,11.24
us6000ddsu,2021-02-02 03:03:23,3.1,"59 km SSW of Whites City, New Mexico",,0,148,-104.5426,31.6581,7.86
us6000ddnc,2021-02-01 15:27:29,3.4,"56 km S of Whites City, New Mexico",0,0,178,-104.4023,31.6679,5
ci39537399,2021-02-01 04:18:48,3.53,"16km E of Ocotillo, CA",12,0,196,-115.8283333,32.7506667,11.28
us6000ddj9,2021-02-01 00:58:55,3.1,"55 km S of Whites City, New Mexico",,0,148,-104.3788,31.6735,6.88
us6000ddg9,2021-01-31 18:55:06,3,"23 km ESE of Wright, Wyoming",,0,138,-105.2416,43.6348,0
us6000ddal,2021-01-30 20:01:38,3.2,"17 km E of Wright, Wyoming",,0,158,-105.2767,43.7675,0
us6000dd79,2021-01-30 09:10:29,3.4,"56 km S of Whites City, New Mexico",3,0,179,-104.4117,31.6682,5
ci39534943,2021-01-29 02:25:04,3.2,"13km ENE of Ridgecrest, CA",34,0,167,-117.5426667,35.6716667,8.25
us6000dcps,2021-01-28 18:18:48,3.1,"3 km N of Mountain Iron, Minnesota",,0,148,-92.6191,47.5653,0
us6000dch1,2021-01-27 20:08:54,3.2,"30 km WSW of Birney, Montana",,0,158,-106.8795,45.2234,0
nn00799016,2021-01-27 16:53:18,3,"29 km SSE of Mina, Nevada",,0,138,-117.9548,38.1519,10
ci39768296,2021-01-26 07:48:47,3.14,"26km WSW of Carlsbad, CA",29,0,163,-117.6228333,33.0896667,13.77
ci39768064,2021-01-25 20:52:28,3.01,"16km E of Ocotillo, CA",1,0,140,-115.8236667,32.7383333,10.72
nn00798666,2021-01-24 04:12:14,3.1,"34 km SE of Mina, Nevada",,0,148,-117.8344,38.1667,8.4
nn00798419,2021-01-22 13:15:29,3,"30 km SE of Mina, Nevada",,0,138,-117.8736,38.1817,8.7
nc73514715,2021-01-22 00:48:11,3.01,"1km W of Concord, CA",728,0,416,-122.027,37.9686667,15.44
us7000d27l,2021-01-21 17:29:25,3,"34 km NW of Stanley, Idaho",,0,138,-115.2516,44.4266,10
ci39763976,2021-01-21 13:36:07,3.16,"82km ESE of Maneadero, B.C., MX",1,0,154,-115.7333333,31.5335,5.2
us7000d20g,2021-01-21 12:29:45,3,"22 km SSW of Weston, Colorado",,0,138,-104.9136,36.9343,8.2
us7000d1zq,2021-01-21 09:36:40,3,"7 km WNW of Lincoln, Montana",3,0,139,-112.7793,46.97,10
nn00798243,2021-01-21 07:17:56,3,"30 km SSE of Mina, Nevada",,0,138,-117.939,38.154,11.6
ci39763488,2021-01-21 01:23:55,3.29,"3km N of Little Lake, CA",2,0,167,-117.9121667,35.9668333,3.23
ci39763472,2021-01-21 01:22:24,3.54,"3km N of Little Lake, CA",14,0,197,-117.9123333,35.9658333,3
us7000d1tk,2021-01-20 21:02:17,3.5,"14 km E of Wright, Wyoming",,0,188,-105.3138,43.7603,0
ci39762912,2021-01-20 16:31:58,3.52,"2km W of Willowbrook, CA",1573,0,531,-118.2716667,33.9186667,19.76
us7000d1nc,2021-01-20 14:59:43,4.7,"75 km NNE of Loreto, Mexico",1,0,340,-110.9635,26.5941,10
us7000d1l0,2021-01-20 08:22:01,3.3,"55 km S of Whites City, New Mexico",1,0,168,-104.4285,31.6781,6.39
us7000d178,2021-01-18 20:59:24,3,"22 km ENE of Wright, Wyoming",,0,138,-105.2544,43.8535,0
ci39760416,2021-01-18 07:29:46,3.27,"21km NNW of Searles Valley, CA",5,0,166,-117.4663333,35.9515,2.82
nn00797866,2021-01-18 05:00:53,3.5,"25 km S of Mina, Nevada",2,0,189,-118.0699,38.1655,7.7
nc73512355,2021-01-17 04:01:27,4.2,"4km SE of Aromas, CA",13081,1,731,-121.6105,36.8673333,8.32
ci39759456,2021-01-17 03:30:32,3.36,"13km SW of Olancha, CA",4,0,175,-118.0908333,36.1911667,0.96
ci39759432,2021-01-17 03:14:49,3.75,"13km SW of Olancha, CA",21,0,224,-118.0923333,36.1875,1.52
ci39759376,2021-01-17 02:49:08,4.02,"13km SW of Olancha, CA",50,0,268,-118.0938333,36.1876667,1.11
nc73511860,2021-01-16 07:16:02,3.3,"40km NNE of Toms Place, CA",5,0,169,-118.549,37.9091667,4.72
nc73511805,2021-01-16 06:52:00,3,"40km NNE of Toms Place, CA",3,0,139,-118.5475,37.9085,6.11
nc73511455,2021-01-15 22:11:07,3.9,"41km NNE of Toms Place, CA",9,0,237,-118.5385,37.9106667,7.68
us7000d0fp,2021-01-15 20:08:27,3.4,"42 km SE of Wright, Wyoming",,0,178,-105.164,43.4558,0
nn00797318,2021-01-15 15:45:45,3.9,"39 km SE of Mina, Nevada",1,0,234,-117.7391,38.1864,10.2
us7000d04d,2021-01-14 21:02:26,3.1,"17 km NNE of Maeser, Utah",,0,148,-109.4753,40.6144,0
nc73510910,2021-01-14 19:18:10,3.63,"2km W of Concord, CA",3784,0,633,-122.0406667,37.9708333,15.24
us7000d02y,2021-01-14 18:26:39,3.2,"10 km N of Mountain Iron, Minnesota",,0,158,-92.6147,47.6223,0
us6000d7ub,2021-01-12 20:01:58,3,"32 km WSW of Birney, Montana",,0,138,-106.8854,45.1945,0
nc73509880,2021-01-12 03:25:08,3.23,"12km WSW of Petrolia, CA",6,0,162,-124.4038333,40.272,20.64
nn00796750,2021-01-10 17:47:52,3.9,"33 km SSE of Mina, Nevada",1,0,234,-117.8995,38.1423,8.4
ci39752864,2021-01-10 08:21:03,3.34,"11km WNW of Calipatria, CA",10,0,175,-115.6095,33.1778333,3.18
tx2021apuo,2021-01-09 15:25:25,3.3,"3 km WSW of El Indio, Texas",2,0,168,-100.347,28.499,8.8071
us6000d6km,2021-01-07 21:45:36,3.3,"34 km S of Wright, Wyoming",,0,168,-105.4311,43.4426,0
us6000d6ie,2021-01-07 18:19:44,3.1,"12 km N of Parkville, Minnesota",,0,148,-92.5679,47.6461,0
us6000d6cf,2021-01-07 04:55:33,3.1,"57 km S of Whites City, New Mexico",,0,148,-104.3053,31.6621,5
ci39750256,2021-01-06 21:04:00,3.37,"55km ESE of Maneadero, B.C., MX",2,0,175,-115.9981667,31.611,8.65
us6000d67t,2021-01-06 18:30:09,3,"3 km NE of Nashwauk, Minnesota",,0,138,-93.1401,47.4073,0
uu60423592,2021-01-06 15:38:32,3.16,"26 km S of Mammoth, Wyoming",1,0,154,-110.6566667,44.7415,4.72
us6000d5wi,2021-01-05 21:36:07,3,"18 km NNE of Maeser, Utah",,0,138,-109.5062,40.6365,0
us6000d5uk,2021-01-05 18:22:49,3,"0 km NE of Leonidas, Minnesota",,0,138,-92.5646,47.4652,0
us6000d5ij,2021-01-04 18:21:02,3.1,"7 km NNW of Mountain Iron, Minnesota",,0,148,-92.671,47.5926,0
ci39510783,2021-01-04 18:16:26,3.41,"10km SW of Niland, CA",1,0,179,-115.6018333,33.1808333,2.23
ci37463485,2021-01-04 18:05:30,3.45,"9km SW of Niland, CA",,0,183,-115.5928333,33.1935,2.68
ci39510719,2021-01-04 18:04:59,3.95,"9km SW of Niland, CA",19,0,246,-115.595,33.1851667,2.24
ci37463493,2021-01-04 18:04:54,3.07,"9km SW of Niland, CA",,0,145,-115.5908333,33.185,2.2
us6000d5g7,2021-01-04 14:55:45,3.1,"5 km N of Tyndall, South Dakota",55,0,167,-97.8633,43.0433,5
tx2021aezu,2021-01-03 17:34:48,3.1,"13 km SW of Falls City, Texas",1,0,148,-98.107,28.886,6.5118
us6000d56w,2021-01-03 07:58:10,3.2,"19 km ENE of Stryker, Montana",,0,158,-114.5506,48.7652,13.54
us6000d55e,2021-01-03 05:35:27,4.2,"10 km NNW of Georgetown, Idaho",151,0,347,-111.4286,42.5663,5.33
nc73506410,2021-01-03 05:21:59,3.36,"10km NW of Pinnacles, CA",27,0,184,-121.2076667,36.6005,5.98
nc73506355,2021-01-03 03:51:09,3.02,"13km NW of Pinnacles, CA",3,0,141,-121.2308333,36.6215,6.3
nc73506045,2021-01-02 14:42:23,4.32,"10km NW of Pinnacles, CA",2139,1,847,-121.2125,36.6085,6.32
nc73506040,2021-01-02 14:36:36,3.09,"11km NW of Pinnacles, CA",33,0,162,-121.2156667,36.6083333,6.16
ci39509183,2021-01-02 12:10:04,3.29,"18km ESE of Lone Pine, CA",14,0,171,-117.8978333,36.5005,8.08
us6000d4t2,2021-01-01 13:42:29,3.4,"17 km N of Stanton, Texas",8,0,180,-101.7862,32.2906,5
us6000d4qx,2021-01-01 05:26:06,3.9,"15 km SSW of Stanley, Idaho",5,0,235,-114.9812,44.0808,3
us6000d4pc,2021-01-01 01:23:24,3.1,"19 km N of Stanton, Texas",1,0,148,-101.7982,32.3019,5
us6000d4mj,2020-12-31 20:44:20,4,"18 km N of Stanton, Texas",34,0,265,-101.7941,32.2951,5
us6000d4la,2020-12-31 19:12:33,3.6,"17 km N of Stanton, Texas",9,0,203,-101.7932,32.2909,7.98
us6000d4l0,2020-12-31 18:21:33,3.3,"18 km N of Stanton, Texas",10,0,171,-101.8003,32.2963,5.82
us6000d4k8,2020-12-31 16:22:47,3.4,"28 km S of Stanley, Idaho",1,0,178,-114.9971,43.962,16.66
us6000d4kd,2020-12-31 16:22:41,3.2,"14 km S of Stanley, Idaho",,0,158,-114.946,44.0895,13.83
nc73505175,2020-12-31 13:41:59,3.33,"7km S of Muir Beach, CA",3865,0,551,-122.5936667,37.7995,12.99
us6000d4j8,2020-12-31 11:32:14,3.1,"22 km WNW of Stanley, Idaho",2,0,148,-115.1794,44.3203,6.58
nc73504795,2020-12-31 04:22:03,3.63,"9km WNW of Cobb, CA",219,0,312,-122.8231667,38.8388333,2.27
uw61707531,2020-12-30 17:31:56,3.21,"2 km S of Ravensdale, Washington",309,0,264,-121.988333333333,47.3335,20.11
us6000d4be,2020-12-30 11:04:44,3.7,"3 km NE of Eastborough, Kansas",2604,0,711,-97.2403,37.708,5
nc73504420,2020-12-30 08:30:22,3.1,"10km NW of Pinnacles, CA",35,0,162,-121.2088333,36.605,5.98
us6000d41v,2020-12-29 18:17:03,3.1,"10 km N of Virginia, Minnesota",,0,148,-92.5167,47.6125,0
ci39505887,2020-12-28 14:34:53,3.37,"10km NNE of Delta, B.C., MX",2,0,175,-115.1648333,32.4385,27.81
nc73503535,2020-12-27 19:05:47,3.19,"3km W of San Juan Bautista, CA",88,0,189,-121.5748333,36.8441667,3.98
nc73503450,2020-12-27 14:44:40,3.86,"15km E of Willows, CA",624,0,479,-122.0176667,39.5058333,26.35
nc73503305,2020-12-27 05:50:31,3.45,"31km SE of Bodie, CA",3,0,184,-118.7363333,38.0408333,4.62
nn00794857,2020-12-27 04:17:10,3.4,"25 km SSW of Silver Peak, Nevada",1,0,178,-117.7351,37.5355,11.3
ci39505103,2020-12-27 04:05:37,3.5,"22km ESE of Bodfish, CA",44,0,207,-118.2883333,35.4886667,2.7
nc73502910,2020-12-26 05:54:55,3,"9km S of Truckee, CA",63,0,166,-120.1753333,39.2513333,-2.3
ci39504023,2020-12-25 20:25:59,3.64,"23km ENE of Thermal, CA",92,0,235,-115.9211667,33.7473333,3.68
us6000d63s,2020-12-25 19:00:09,3.1,"13 km NE of Wright, Wyoming",,0,148,-105.3573,43.8221,0
ci39502175,2020-12-23 22:22:19,3.34,"18km W of Delta, B.C., MX",1,0,172,-115.3795,32.3358333,15.2
ok2020zdwy,2020-12-23 21:28:14,3.11,"10 km NNE of Quinlan, Oklahoma",3,0,150,-98.98366667,36.53433333,6.97
us6000d21t,2020-12-23 00:04:57,3.1,"25 km SSW of Segundo, Colorado",3,0,149,-104.8279,36.8989,5
ci39500455,2020-12-22 00:30:00,4.05,"19km W of Delta, B.C., MX",46,0,270,-115.3908333,32.3371667,15.21
uu60422367,2020-12-20 02:11:06,4.32,"28 km E of La Sal, Utah",21,0,295,-108.9293333,38.2731667,0.02
uu60422357,2020-12-20 01:53:43,3.31,"28 km E of La Sal, Utah",5,0,170,-108.922,38.2766667,0.75
us7000cshp,2020-12-19 18:52:23,3.4,"5 km NE of Eastborough, Kansas",388,0,380,-97.2149,37.7205,5
us7000cshm,2020-12-19 18:47:54,3.4,"4 km NE of Eastborough, Kansas",805,0,500,-97.2279,37.7156,5
nn00793585,2020-12-19 17:43:19,3,"26 km S of Mina, Nevada",,0,138,-118.1007,38.1563,4.8
us7000csbi,2020-12-19 03:56:31,3,"35 km NNE of Lowman, Idaho",2,0,139,-115.4521,44.3767,10
ci39496959,2020-12-18 16:41:35,3.24,"81km ESE of Maneadero, B.C., MX",2,0,162,-115.7486667,31.5108333,13.83
nc73499875,2020-12-18 16:13:42,3.97,"13km NNE of Petrolia, CA",29,0,253,-124.2291667,40.4311667,25.76
us7000crs3,2020-12-17 10:23:54,3.3,"22 km WSW of Coyanosa, Texas",,0,168,-103.2644,31.1408,5
nn00793161,2020-12-17 09:31:01,3.1,"26 km S of Mina, Nevada",2,0,148,-118.0947,38.1517,6.7
us7000crpw,2020-12-17 00:51:43,3.3,"17 km NW of Midland, Texas",2,0,168,-102.2024,32.1082,3.11
us7000crn2,2020-12-16 18:18:08,3.4,"7 km N of Parkville, Minnesota",,0,178,-92.5715,47.595,0
us7000crm0,2020-12-16 17:06:25,3.4,"30 km NNE of Wright, Wyoming",,0,178,-105.2866,43.9771,0
uw61705566,2020-12-15 16:27:13,3.2,"0 km NNE of Enetai, Washington",543,0,326,-122.593333333333,47.5928333333333,25.85
nc73498140,2020-12-15 14:59:41,3.54,"10km ENE of Morgan Hill, CA",597,0,420,-121.5483333,37.1608333,3.85
nc73498145,2020-12-15 14:58:40,3.68,"10km ENE of Morgan Hill, CA",2305,0,638,-121.5493333,37.1605,4.34
nn00792496,2020-12-15 07:37:33,3.3,"25 km S of Mina, Nevada",,0,168,-118.1018,38.1627,4.7
nn00792442,2020-12-15 05:54:42,3.3,California-Nevada border region,,0,168,-118.0907,38.1673,4.7
nn00792430,2020-12-15 05:41:36,3.6,"27 km S of Mina, Nevada",1,0,200,-118.0754,38.1478,5.1
nn00792265,2020-12-15 00:35:22,4.3,"29 km SSE of Mina, Nevada",3,0,286,-117.942,38.1598,10.8
nn00792238,2020-12-14 23:23:50,3.1,"24 km S of Mina, Nevada",,0,148,-118.0682,38.1743,6.8
nn00792158,2020-12-14 21:20:10,4.7,"26 km S of Mina, Nevada",15,0,346,-118.1231,38.1554,5.2
us7000cr2d,2020-12-14 20:31:24,3.3,"27 km ESE of Wright, Wyoming",,0,168,-105.1808,43.6436,0
us7000cr1z,2020-12-14 20:00:03,3.3,"8 km ESE of Lima, Montana",2,0,168,-112.4934,44.6178,8.95
nc73497495,2020-12-14 05:32:39,3.06,"52km W of Petrolia, CA",1,0,144,-124.8995,40.3806667,14.74
us7000cqs1,2020-12-13 12:05:22,3.2,"14 km WSW of Stanley, Idaho",1,0,158,-115.0996,44.1641,10
nc73497020,2020-12-12 19:20:12,3.02,"20km NNE of Rockport, CA",6,0,143,-123.7551667,39.9101667,5.74
nn00791523,2020-12-12 09:56:10,3.1,"26 km S of Mina, Nevada",2,0,148,-118.0855,38.1526,7.8
nn00791517,2020-12-12 08:56:41,3.1,"26 km S of Mina, Nevada",,0,148,-118.0891,38.1545,6.6
nn00791462,2020-12-12 08:25:01,3.9,"27 km S of Mina, Nevada",1,0,234,-118.1032,38.145,6.8
nn00791440,2020-12-12 07:52:59,3.7,"25 km S of Mina, Nevada",1,0,211,-118.0928,38.1604,5
nn00791435,2020-12-12 07:50:52,4.9,"26 km S of Mina, Nevada",89,0,408,-118.1008,38.1497,6.4
us7000cqdb,2020-12-11 19:40:31,3.6,"46 km NNW of Stanley, Idaho",7,0,202,-115.2287,44.5826,11.02
us7000cqbm,2020-12-11 16:52:09,3,"6 km N of Mountain Iron, Minnesota",,0,138,-92.6212,47.5893,0
us7000cpvm,2020-12-10 19:18:18,3.1,"29 km NE of Ranchester, Wyoming",,0,148,-106.8578,45.0676,0
nn00791087,2020-12-10 16:28:01,3,"36 km SE of Mina, Nevada",1,0,139,-117.7888,38.1826,10.5
ok2020yeov,2020-12-10 00:53:25,3.02,"9 km NNE of Quinlan, Oklahoma",,0,140,-98.98816667,36.52983333,7.88
us7000cpip,2020-12-09 18:23:54,3.1,"5 km N of Virginia, Minnesota",,0,148,-92.5241,47.5704,0
us7000cpfi,2020-12-09 12:31:16,3,"4 km WNW of Robbinston, Maine",125,0,192,-67.1595,45.0951,7.72
us7000cpec,2020-12-09 07:03:59,4.4,"68 km SSW of El Progreso, Mexico",,0,298,-108.8901,24.8762,10
us7000cpdp,2020-12-09 05:59:27,3.2,"10 km NNW of Bowdle, South Dakota",12,0,162,-99.7214,45.5306,5
uu60421272,2020-12-08 22:53:42,3.65,"28 km E of La Sal, Utah",2,0,206,-108.923,38.272,0.43
us7000cp87,2020-12-08 18:30:53,3.1,"9 km NNW of Mountain Iron, Minnesota",,0,148,-92.6682,47.6128,0
nn00790706,2020-12-08 17:48:21,3.1,"25 km S of Mina, Nevada",,0,148,-118.0854,38.157,7.1
us7000cp6l,2020-12-08 16:54:03,3,"3 km NNE of Eastborough, Kansas",1958,0,598,-97.2422,37.718,5
us7000cnxx,2020-12-07 20:57:24,3.5,"14 km ESE of Wright, Wyoming",,0,188,-105.3216,43.7105,0
nn00790418,2020-12-07 08:31:17,3.5,"31 km SE of Mina, Nevada",2,0,189,-117.8765,38.178,8.7
ci39487231,2020-12-07 03:58:09,3.33,"4km ENE of Westmorland, CA",17,0,178,-115.5841667,33.0455,12.9
ci39487087,2020-12-07 00:24:47,3.07,"20km ESE of Little Lake, CA",1,0,145,-117.7008333,35.8835,2.62
us7000cnq3,2020-12-06 21:35:51,3.3,"26 km ESE of Wright, Wyoming",,0,168,-105.2027,43.6438,0
nn00790301,2020-12-06 20:40:21,3,"39 km SE of Mina, Nevada",,0,138,-117.7469,38.1848,10.7
ci39486671,2020-12-06 15:17:53,3.62,"6km SSW of Warner Springs, CA",1842,0,622,-116.6693333,33.237,9.2
nc73494405,2020-12-06 15:03:33,4.39,"13km W of Lakeport, CA",1174,1,776,-123.0671667,39.0376667,4.95
uu60420837,2020-12-05 18:37:49,3.2,"17 km S of Point of Rocks, Wyoming",,0,158,-108.7661667,41.5238333,-2
nn00789921,2020-12-05 16:06:49,3.2,"27 km S of Mina, Nevada",3,0,158,-118.1052,38.1449,5.6
ci39485839,2020-12-05 13:48:12,3.25,"14km SW of Coronado, CA",126,0,210,-117.29,32.5916667,15.71
us7000cncv,2020-12-05 07:19:03,3.2,"3 km S of Columbia Falls, Montana",36,0,166,-114.1895,48.3456,10
ci39485527,2020-12-05 05:41:29,3.55,"7km WSW of Aguanga, CA",743,0,521,-116.9311667,33.4211667,8.08
nn00789615,2020-12-04 22:41:15,3.1,"28 km SSE of Mina, Nevada",,0,148,-117.9923,38.1485,7.9
us7000cn4m,2020-12-04 19:21:04,3.2,"57 km S of Whites City, New Mexico",,0,158,-104.3183,31.6585,9.6
nn00789493,2020-12-04 18:10:27,3.2,"24 km S of Mina, Nevada",,0,158,-118.0616,38.1744,3.8
uw61694182,2020-12-04 14:07:31,3.53,"6 km NNW of Fort Hill Census Designated Place, Oregon",53,0,212,-123.575333333333,45.1128333333333,47.5
nn00789385,2020-12-04 13:50:48,3,"25 km S of Mina, Nevada",,0,138,-118.08,38.1593,7.2
nc73493050,2020-12-04 10:45:06,3.71,"7km NW of The Geysers, CA",41,0,229,-122.8088333,38.82,2.59
nc73492895,2020-12-04 03:18:25,3.17,"11km SW of Ridgemark, CA",52,0,174,-121.4511667,36.7416667,7.58
nn00788834,2020-12-03 13:45:49,3.2,"24 km S of Mina, Nevada",,0,158,-118.0825,38.1725,3.8
nn00788827,2020-12-03 13:41:30,3.2,"24 km S of Mina, Nevada",,0,158,-118.0797,38.17,4.5
nn00788703,2020-12-03 10:10:02,3,"24 km S of Mina, Nevada",1,0,139,-118.0568,38.1716,5.2
nn00788457,2020-12-03 05:23:49,3.2,"26 km S of Mina, Nevada",2,0,158,-118.0906,38.1523,7
nn00788443,2020-12-03 05:15:29,4.9,"24 km S of Mina, Nevada",52,0,390,-118.0654,38.175,5
nn00788382,2020-12-03 03:19:42,3,"33 km SE of Mina, Nevada",2,0,139,-117.8554,38.1641,6.5
nn00788378,2020-12-03 03:18:10,4,"33 km SE of Mina, Nevada",3,0,247,-117.858,38.1654,4.6
us7000cn3b,2020-12-02 21:29:12,3.4,"25 km E of Wright, Wyoming",,0,178,-105.1776,43.7383,0
us7000cm8c,2020-12-02 18:28:25,3.2,"7 km NNE of Virginia, Minnesota",,0,158,-92.5024,47.5839,0
nn00788046,2020-12-02 16:08:29,3.9,"25 km S of Mina, Nevada",2,0,234,-118.0826,38.1653,4.2
nn00787962,2020-12-02 14:07:12,3.3,"23 km S of Mina, Nevada",2,0,168,-118.0758,38.1761,4.4
nn00787789,2020-12-02 10:41:01,3.7,"24 km S of Mina, Nevada",1,0,211,-118.0796,38.1722,4.1
nn00787783,2020-12-02 10:36:53,3.2,"24 km S of Mina, Nevada",,0,158,-118.0838,38.1707,3.4
nn00787744,2020-12-02 09:55:00,3,"24 km S of Mina, Nevada",,0,138,-118.0838,38.1662,4.2
nn00787721,2020-12-02 09:35:01,3,"24 km S of Mina, Nevada",,0,138,-118.0787,38.1708,4.6
us7000cm22,2020-12-02 09:29:54,4.4,"25 km W of San Carlos, Mexico",3,0,299,-111.3037,27.9728,10
nn00787636,2020-12-02 07:44:32,3.2,"24 km S of Mina, Nevada",,0,158,-118.0789,38.1714,4.3
nn00787562,2020-12-02 06:08:22,3.6,"25 km S of Mina, Nevada",1,0,200,-118.0902,38.1653,4.5
nn00787479,2020-12-02 04:49:28,4.4,"24 km S of Mina, Nevada",5,0,300,-118.0711,38.1692,4.1
nn00787419,2020-12-02 03:49:15,3.6,"24 km S of Mina, Nevada",,0,199,-118.0901,38.167,4.2
nn00787350,2020-12-02 02:52:40,3.3,"25 km S of Mina, Nevada",2,0,168,-118.0987,38.1589,4.2
us7000clvy,2020-12-02 02:24:00,4.3,California-Nevada border region,,0,284,-118.0867,38.1674,4.76
nn00787309,2020-12-02 02:23:45,4.4,"24 km S of Mina, Nevada",2,0,298,-118.0725,38.1754,4.3
nn00787206,2020-12-02 00:46:15,3,"24 km S of Mina, Nevada",,0,138,-118.0611,38.1695,7
nn00787182,2020-12-02 00:29:33,3.2,"24 km SSE of Mina, Nevada",,0,158,-118.0519,38.1742,7.8
nn00787133,2020-12-01 23:47:05,4.3,"24 km S of Mina, Nevada",14,0,289,-118.0813,38.1675,5.6
nn00787124,2020-12-01 23:43:08,4.3,"24 km S of Mina, Nevada",,0,284,-118.0703,38.1727,4.8
nn00787116,2020-12-01 23:39:55,3.2,"24 km SSE of Mina, Nevada",1,0,158,-118.0504,38.1722,8
nn00787110,2020-12-01 23:35:42,3.1,"25 km S of Mina, Nevada",,0,148,-118.0844,38.1638,4.7
nn00787105,2020-12-01 23:32:56,5.1,"25 km S of Mina, Nevada",130,0,453,-118.0837,38.1637,5
nn00787091,2020-12-01 23:10:47,3.8,"10 km N of Stagecoach, Nevada",214,0,303,-119.3708,39.4724,13.1
us7000clrh,2020-12-01 18:47:58,3.1,"26 km NNE of Ashland, Montana",,0,148,-106.1084,45.8033,8.41
nc73491170,2020-12-01 04:15:12,3.06,"29km SE of Bodie, CA",,0,144,-118.7523333,38.0508333,8.11
ci39481463,2020-12-01 01:54:49,3.2,"14km SSW of Searles Valley, CA",8,0,160,-117.4676667,35.6508333,8.57
nn00786813,2020-11-30 11:51:23,3,"28 km SSE of Mina, Nevada",1,0,139,-117.9888,38.1497,10.6
nn00786787,2020-11-30 10:25:26,3,"33 km NE of Benton, California",3,0,139,-118.2607,38.0726,8
ci39480223,2020-11-29 22:29:48,3.09,"15km WSW of Searles Valley, CA",23,0,155,-117.5533333,35.7128333,7.23
nc73488761,2020-11-29 15:46:52,3.53,"12km WSW of Petrolia, CA",16,0,196,-124.4136667,40.279,20.23
us7000cktv,2020-11-29 09:20:38,3.6,"20 km WSW of Coyanosa, Texas",1,0,200,-103.257,31.1553,5
us7000cki1,2020-11-27 22:52:49,3,"14 km NNW of Stanley, Idaho",,0,138,-115.0366,44.3303,9.93
us7000ck8y,2020-11-27 06:15:48,3.5,"21 km NNW of Stanley, Idaho",5,0,190,-115.0584,44.3917,5.69
ci39477815,2020-11-26 22:59:57,3.56,"10km WNW of Calipatria, CA",7,0,197,-115.605,33.174,10.03
ci39477655,2020-11-26 16:52:39,3.1,"7km SSE of Littlerock, CA",124,0,194,-117.9625,34.4638333,7.16
nc73487351,2020-11-26 09:50:30,3.37,"30km SE of Bodie, CA",1,0,175,-118.741,38.0511667,-0.74
us7000cjp6,2020-11-25 21:02:22,3.3,"12 km E of Wright, Wyoming",,0,168,-105.3399,43.7713,0
us6000csgs,2020-11-25 13:43:46,4.1,"14 km NW of Stanley, Idaho",22,0,266,-115.0418,44.3285,10
uu60419712,2020-11-25 12:58:21,3.11,"9 km E of Hebgen Lake Estates, Montana",1,0,149,-111.0683333,44.785,7.54
us6000csdd,2020-11-25 08:44:01,3.3,"12 km NNW of Midland, Texas",153,0,221,-102.1292,32.0982,4.98
nn00786014,2020-11-24 09:23:59,3,"34 km SE of Mina, Nevada",1,0,139,-117.8219,38.1728,6.3
nn00786004,2020-11-24 07:56:22,3.1,"33 km SE of Mina, Nevada",,0,148,-117.8433,38.1724,6.6
us7000ck3n,2020-11-23 21:04:24,3.3,"27 km SSW of Antelope Valley-Crestview, Wyoming",,0,168,-105.6497,44.0171,0
us6000crfz,2020-11-22 11:04:15,3.5,"13 km NNW of Georgetown, Idaho",17,0,194,-111.4587,42.5808,7.05
nn00785639,2020-11-22 01:35:02,3.8,"30 km SE of Mina, Nevada",4,0,224,-117.8895,38.1759,10.5
us6000cr0v,2020-11-20 21:05:09,3.5,"12 km ENE of Wright, Wyoming",,0,188,-105.3482,43.7884,0
us6000cr08,2020-11-20 20:28:01,3.1,"15 km NNW of Stanley, Idaho",1,0,148,-115.0216,44.3474,7.01
us6000cs1p,2020-11-20 18:27:08,3.1,"4 km NNW of Mountain Iron, Minnesota",,0,148,-92.636,47.5693,0
uw61691992,2020-11-20 16:44:58,3,"6 km NE of Oak Bay, Canada",112,0,169,-123.2365,48.4835,21.53
nn00785349,2020-11-20 10:10:05,4,"36 km SE of Mina, Nevada",5,0,248,-117.8015,38.1746,7.4
us6000cqil,2020-11-19 20:22:16,3.3,"42 km ESE of Wright, Wyoming",,0,168,-105.0061,43.6085,0
ci39470639,2020-11-19 18:22:23,3.06,"14km S of Arvin, CA",5,0,145,-118.8268333,35.081,2.71
us6000cq5g,2020-11-19 00:40:07,3.1,"53 km S of Whites City, New Mexico",,0,148,-104.3173,31.6957,11.32
ci39468407,2020-11-17 17:32:32,3.51,"23km NW of Ludlow, CA",6,0,191,-116.3401667,34.8618333,5.26
ci39467983,2020-11-17 07:19:21,3.47,"13km WNW of Morongo Valley, CA",103,0,222,-116.7215,34.0711667,5.33
us7000cfyh,2020-11-17 02:20:02,3.4,"17 km NNW of Stanley, Idaho",2,0,178,-115.0551,44.3512,10
nn00784615,2020-11-16 13:52:23,3.2,"39 km SE of Mina, NV",,0,158,-117.7507,38.1873,10.8
ci39466903,2020-11-16 10:56:22,3.59,"17km ESE of Little Lake, CA",12,0,203,-117.7236667,35.8881667,7.67
ci39466855,2020-11-16 09:28:01,3.41,"3km ESE of Loma Linda, CA",894,0,519,-117.2331667,34.0433333,15.06
nn00784475,2020-11-16 04:43:08,3.6,"39 km SE of Mina, NV",1,0,200,-117.7482,38.1894,10.6
nn00784390,2020-11-16 00:46:39,3,"33 km SE of Mina, NV",1,0,139,-117.8617,38.1669,4.4
us7000cfg1,2020-11-15 23:17:24,3.6,"13 km NW of Stanley, Idaho",2,0,200,-115.0446,44.3069,10
us7000cfem,2020-11-15 22:37:13,3.3,"13 km NW of Stanley, Idaho",,0,168,-115.0409,44.315,10
us7000cfef,2020-11-15 22:22:43,3.5,"15 km NNW of Stanley, Idaho",3,0,189,-115.0305,44.3406,10
us7000cfe1,2020-11-15 21:36:42,3.1,"11 km NW of Stanley, Idaho",,0,148,-115.0191,44.3032,10
us7000cfdd,2020-11-15 20:48:22,4.1,"16 km NNW of Stanley, Idaho",76,0,292,-115.0379,44.3493,4.72
us7000cfb8,2020-11-15 15:44:53,3.3,"47 km W of Mentone, Texas",,0,168,-104.0986,31.7349,5
us7000cf5p,2020-11-15 04:27:02,3.5,"21 km N of Snyder, Texas",60,0,211,-100.8806,32.9113,5
nn00783856,2020-11-14 15:07:33,3,"38 km SE of Mina, Nevada",4,0,139,-117.7505,38.1849,10.7
nn00783788,2020-11-14 12:42:37,3.4,"32 km SE of Mina, Nevada",3,0,179,-117.8673,38.1626,5.2
nc73481926,2020-11-14 05:50:13,3.32,"35km WNW of Petrolia, CA",4,0,170,-124.6681667,40.4361667,23.46
us7000cetm,2020-11-14 04:29:17,3.7,"22 km WNW of Stanley, Idaho",11,0,214,-115.1995,44.2982,10
us7000cetk,2020-11-14 04:28:46,3.4,"22 km WNW of Stanley, Idaho",2,0,178,-115.1806,44.314,10
nn00783439,2020-11-13 22:08:02,3.2,"33 km SE of Mina, Nevada",3,0,158,-117.8558,38.1662,5.6
nn00783399,2020-11-13 21:01:44,3.5,"33 km SE of Mina, Nevada",1,0,189,-117.8615,38.1623,5.4
us7000cek0,2020-11-13 17:56:59,3.2,"22 km WNW of Stanley, Idaho",1,0,158,-115.1938,44.2996,14.39
nn00783320,2020-11-13 17:43:23,3.3,"33 km SE of Mina, Nevada",,0,168,-117.8419,38.1707,6.7
nn00783167,2020-11-13 13:39:38,3.3,"33 km SE of Mina, Nevada",7,0,170,-117.8655,38.1622,5
nn00783119,2020-11-13 12:30:45,3,"32 km SE of Mina, Nevada",,0,138,-117.864,38.1659,5.1
nn00783078,2020-11-13 11:32:48,3.1,"38 km SE of Mina, Nevada",,0,148,-117.7536,38.1894,10.5
us7000cecl,2020-11-13 10:54:31,4.1,"26 km NW of Stanley, Idaho",58,0,286,-115.1906,44.3662,10
us7000ceb9,2020-11-13 09:53:19,3.4,"5 km W of Guerrero, Mexico",2,0,179,-100.4357,28.3071,5
nn00783280,2020-11-13 09:32:54,3.4,"34 km SE of Mina, Nevada",,0,178,-117.8385,38.1666,5.3
nn00782956,2020-11-13 09:32:50,3.4,"33 km SE of Mina, Nevada",1,0,178,-117.867,38.1568,4.7
nn00782950,2020-11-13 09:29:24,4.3,"36 km SE of Mina, Nevada",14,0,290,-117.7965,38.1718,10.1
us7000cefr,2020-11-13 09:15:31,4,"32 km SE of Mina, Nevada",2,0,247,-117.8544,38.1787,9.03
nn00782942,2020-11-13 09:13:51,5.3,"33 km SE of Mina, Nevada",215,0,525,-117.8533,38.1693,4.8
us7000cdzr,2020-11-12 20:11:42,3.4,"52 km SSW of Whites City, New Mexico",,0,178,-104.5485,31.7217,7.73
us7000cdxq,2020-11-12 18:23:34,3,"5 km NW of Mountain Iron, Minnesota",,0,138,-92.6767,47.5688,0
us7000cdm4,2020-11-12 02:38:32,3.9,"60 km SW of San Carlos, Mexico",,0,234,-111.4731,27.5631,10
us7000cdir,2020-11-11 20:39:55,3.2,"10 km S of Colstrip, Montana",,0,158,-106.647,45.7949,0
nc73480551,2020-11-11 20:26:59,3.3,"4km S of San Juan Bautista, CA",293,0,279,-121.536,36.8055,6.9
us7000cfml,2020-11-11 19:50:09,3,"13 km S of Antelope Valley-Crestview, Wyoming",,0,138,-105.4481,44.1015,0
ci39462007,2020-11-11 03:03:40,3.23,"36km S of Estacion Coahuila, B.C., MX",,0,161,-114.9448333,31.8706667,23.95
us7000cd1s,2020-11-10 21:00:54,3.4,"6 km E of Wright, Wyoming",,0,178,-105.4075,43.7448,0
ci39461591,2020-11-10 16:15:12,3.25,"13km W of Isla Vista, CA",403,0,316,-120.0048333,34.4075,0.9
us7000cctu,2020-11-10 11:43:55,3.1,"42 km NNW of Stanley, Idaho",3,0,149,-115.1934,44.5547,10
ci39460703,2020-11-09 15:22:10,3.1,"21km ENE of Little Lake, CA",1,0,148,-117.682,35.9793333,1.81
us7000ccgn,2020-11-09 11:56:46,3,"10 km NNE of Odessa, Texas",61,0,160,-102.3165,31.9343,3.6
us7000cc4d,2020-11-08 14:10:06,3.6,"10 km S of Bliss Corner, Massachusetts",19622,1,759,-70.9546,41.5208,10
uu60417607,2020-11-08 11:19:56,3.81,"28 km E of La Sal, Utah",4,0,224,-108.9276667,38.274,-0.32
nn00782277,2020-11-08 10:04:47,3.1,"35 km SE of Mina, Nevada",4,0,149,-117.8036,38.18,10
nc73479226,2020-11-08 01:32:34,3.02,"52km W of Ferndale, CA",,0,140,-124.8746667,40.5281667,10.88
us7000cbr3,2020-11-07 09:35:46,3.1,"34 km NNW of Stanley, Idaho",,0,148,-115.1694,44.4808,10
us7000cbkb,2020-11-06 21:06:37,3.1,"26 km SW of Coyanosa, Texas",,0,148,-103.2808,31.0982,1.87
us7000cbi3,2020-11-06 19:37:20,3.2,"23 km SW of Coyanosa, Texas",,0,158,-103.2514,31.1021,2.64
us7000cbhq,2020-11-06 19:29:35,4,"27 km WNW of Stanley, Idaho",12,0,250,-115.2554,44.3048,10
us7000cb7d,2020-11-06 06:20:06,3,"25 km SSW of Rodeo, New Mexico",,0,138,-109.1419,31.6261,19.7
us7000cazj,2020-11-05 20:08:54,3.3,"33 km SW of Birney, Montana",,0,168,-106.8484,45.1313,0
us7000ccj1,2020-11-04 20:26:40,3.2,"14 km SSE of Wright, Wyoming",,0,158,-105.3951,43.6409,0
us7000ca2p,2020-11-04 01:17:36,3,"11 km SW of El Indio, Texas",2,0,139,-100.3871,28.4324,5
nc73477631,2020-11-04 00:20:24,3.4,"20km SE of Yosemite Valley, CA",25,0,187,-119.3898333,37.6391667,11.81
us7000ca26,2020-11-03 23:18:50,3.2,"23 km NW of Stanley, Idaho",,0,158,-115.1372,44.3675,10
us7000c9yi,2020-11-03 19:58:24,3.4,"14 km ENE of Wright, Wyoming",,0,178,-105.3271,43.8118,0
nc73477526,2020-11-03 17:41:19,3.34,"11km ESE of Willits, CA",19,0,178,-123.2448333,39.367,7
ci39455079,2020-11-03 11:00:39,3.74,"84km ESE of Maneadero, B.C., MX",1,0,215,-115.7046667,31.5295,8.4
us7000c9jj,2020-11-03 01:41:59,3,"13 km SSE of Lindsay, Texas",,0,138,-103.4862,31.2567,5
us7000c8t3,2020-11-01 00:47:37,3,"54 km NW of Toyah, Texas",,0,138,-104.2486,31.6067,5
ci39452551,2020-10-31 20:57:23,3.02,"24km NNW of Tehachapi, CA",7,0,143,-118.5076667,35.339,3.64
nn00781237,2020-10-31 14:41:09,3.1,"29 km SSE of Mina, Nevada",3,0,149,-117.937,38.1572,10.5
us7000c8dl,2020-10-30 20:46:13,3,"16 km SW of Stanley, Idaho",1,0,139,-115.1039,44.1276,11.1
us7000c84u,2020-10-30 18:28:42,3.6,"34 km WSW of Amos, Canada",,0,199,-78.5086,48.4066,2.38
us7000c84m,2020-10-30 18:14:10,3.3,"18 km E of Wright, Wyoming",,0,168,-105.2584,43.7398,0
us7000c806,2020-10-30 15:43:15,3.2,"57 km S of Whites City, New Mexico",,0,158,-104.3074,31.6614,5
us7000c7yu,2020-10-30 12:22:26,3.1,"15 km SE of Lincoln, Montana",1,0,148,-112.5564,46.8493,10
us7000c7y3,2020-10-30 12:15:30,3.3,"14 km NW of Stanley, Idaho",1,0,168,-115.0556,44.3141,10
nc73476346,2020-10-30 08:02:03,3.1,"20km SE of Yosemite Valley, CA",10,0,151,-119.396,37.6336667,8.39
us7000c7cs,2020-10-29 02:14:05,3.3,"12 km WSW of Stanley, Idaho",10,0,171,-115.0835,44.1866,10
us7000c7c5,2020-10-29 01:40:07,3.6,"56 km S of Whites City, New Mexico",1,0,200,-104.322,31.6721,5
us7000c6s7,2020-10-28 14:07:37,3.7,"49 km W of Mentone, Texas",,0,211,-104.1244,31.7011,5
us7000c6dq,2020-10-27 19:29:17,3.1,"18 km S of Wright, Wyoming",,0,148,-105.4638,43.5891,0
nc73475701,2020-10-27 19:22:43,3.29,"11km NE of Pinnacles, CA",25,0,176,-121.0576667,36.6015,12.69
nn00780537,2020-10-27 05:45:59,3.1,"31 km SE of Mina, Nevada",,0,148,-117.8677,38.1833,9.9
ci39445839,2020-10-27 01:26:16,3.3,"22km NW of Ludlow, CA",3,0,169,-116.339,34.8598333,5.11
us6000cdga,2020-10-26 20:01:09,3.6,"14 km ENE of Wright, Wyoming",,0,199,-105.3199,43.7821,0
nc73475311,2020-10-26 13:38:36,3.46,"13km E of Angwin, CA",73,0,216,-122.306,38.5575,9.35
us6000cd6r,2020-10-26 06:08:57,3,"0 km SSE of Hope, Kansas",9,0,142,-97.0718,38.6838,5
us6000ccq4,2020-10-24 19:37:44,3.6,"21 km WNW of Stanley, Idaho",4,0,201,-115.1719,44.307,16.37
us6000ccj8,2020-10-24 10:11:07,4.6,"78 km WSW of Las Grullas Margen Derecha, Mexico",2,0,326,-110.1051,25.7224,10
us6000cce9,2020-10-24 02:49:00,3,"3 km NNE of Hope, Kansas",17,0,144,-97.0628,38.7205,5
us6000cc8i,2020-10-23 18:07:25,3.5,"18 km ENE of Wright, Wyoming",,0,188,-105.2842,43.8221,0
ok2020uvdc,2020-10-23 04:08:12,3.32,"7 km N of Nardin, Oklahoma",8,0,172,-97.44683333,36.874,7.56
ok2020uuxm,2020-10-23 01:17:33,3.22,"7 km N of Nardin, Oklahoma",2,0,160,-97.4485,36.87433333,7.76
ci39442103,2020-10-22 20:59:26,3.91,"8km SW of Niland, CA",29,0,249,-115.5845,33.2,3.03
ci39441199,2020-10-22 09:19:35,3.3,"23km NW of Ludlow, CA",10,0,171,-116.3423333,34.863,5.24
ci39441087,2020-10-22 06:10:15,3.27,"13km SE of Bodfish, CA",39,0,178,-118.4028333,35.5008333,2.94
ok2020utio,2020-10-22 04:37:08,3.1,"9 km NNW of Perry, Oklahoma",8,0,151,-97.3445,36.3645,6.95
ok2020usgs,2020-10-21 14:33:28,3.17,"3 km W of Lucien, Oklahoma",5,0,157,-97.49833333,36.2765,7.31
nn00779626,2020-10-20 11:51:55,3.3,"38 km SE of Mina, Nevada",1,0,168,-117.7476,38.1929,9.7
ci39669176,2020-10-20 10:30:46,3.44,"21km SW of Ocotillo Wells, CA",17,0,189,-116.2895,33.0053333,7.14
nc73472891,2020-10-20 01:59:46,3.43,"10km ESE of Willits, CA",19,0,192,-123.2518333,39.3638333,7.02
nc73472896,2020-10-20 01:58:50,3.79,"11km ESE of Willits, CA",142,0,272,-123.2443333,39.3658333,7.5
ci39668384,2020-10-19 17:21:37,3.11,"23km NW of Ludlow, CA",4,0,150,-116.3368333,34.8663333,5.06
nn00779417,2020-10-19 11:44:49,3.1,"28 km SSE of Mina, Nevada",3,0,149,-117.9942,38.1495,7.8
ci39667688,2020-10-19 03:34:43,3.47,"23km NW of Ludlow, CA",9,0,188,-116.3395,34.8621667,4.84
ci39667304,2020-10-18 19:04:16,3.24,"7km NW of Delta, B.C., MX",,0,162,-115.2506667,32.3963333,7.43
ci39666952,2020-10-18 10:31:34,3.5,"12km N of Delta, B.C., MX",19,0,196,-115.178,32.4648333,19.86
nc73472226,2020-10-18 07:01:57,3.25,"7km ENE of Petrolia, CA",7,0,164,-124.2145,40.3536667,28.38
us6000c936,2020-10-18 03:37:31,3.1,"42 km NNW of Stanley, Idaho",1,0,148,-115.1648,44.5637,10
us6000cal7,2020-10-15 20:09:52,3.2,"20 km SE of Wright, Wyoming",,0,158,-105.2931,43.6296,0
us6000c8f9,2020-10-15 04:29:31,3,"48 km W of Mentone, Texas",,0,138,-104.1059,31.7484,5
uu60414477,2020-10-15 00:36:45,3.34,"8 km ENE of Kenilworth, Utah",3,0,173,-110.7126667,39.71,-3.15
nc73470856,2020-10-14 21:42:41,3.47,"2km ENE of Lopez Point, CA",10,0,189,-121.5443333,36.0263333,8.71
us6000c81w,2020-10-13 16:08:41,3.3,"13 km E of Flagstaff, Arizona",90,0,201,-111.5011,35.1828,5
us6000c8t0,2020-10-12 20:12:15,3.1,"16 km SE of Wright, Wyoming",,0,148,-105.3248,43.6674,0
us6000c7lr,2020-10-11 22:05:46,3.1,"16 km NW of Stanley, Idaho",1,0,148,-115.0756,44.3262,10
nn00778222,2020-10-11 14:59:36,3.1,"28 km SSE of Mina, Nevada",,0,148,-118.0337,38.1409,10.4
nc73468941,2020-10-10 01:24:11,3.73,"30km NNE of Redway, CA",20,0,222,-123.7326667,40.3761667,28.6
us6000c6y3,2020-10-09 03:40:00,3.2,"54 km SSW of Whites City, New Mexico",,0,158,-104.5629,31.7063,5
us6000c6xp,2020-10-09 03:35:31,3,"53 km SSW of Whites City, New Mexico",,0,138,-104.5637,31.717,5
us6000c6jc,2020-10-07 20:18:33,3.6,"8 km ENE of Wright, Wyoming",,0,199,-105.3883,43.7673,0
us6000c6f3,2020-10-07 13:43:47,3,"52 km SSW of Whites City, New Mexico",2,0,139,-104.5629,31.7279,5
us6000c6ez,2020-10-07 13:31:27,3.2,"52 km ENE of San Vicente, Mexico",,0,158,-115.7141,31.4622,10
ci39654952,2020-10-07 01:44:04,3.42,"10km N of Big Bear City, CA",90,0,219,-116.8266667,34.3541667,7.82
ci39653920,2020-10-06 08:50:55,3.02,"4km E of Westmorland, CA",9,0,144,-115.5778333,33.0406667,11.03
nc73467176,2020-10-06 05:24:14,3.07,"14km SE of Klamath, CA",7,0,147,-123.9113333,41.437,31.85
nc73466751,2020-10-05 04:06:36,3.46,"15km SW of Toms Place, CA",24,0,192,-118.8156667,37.4838333,3.96
nc73466321,2020-10-04 04:49:17,3.47,"11km ESE of Willits, CA",172,0,251,-123.2521667,39.3573333,6.62
ci39651784,2020-10-03 23:26:59,3.62,"4km ESE of Westmorland, CA",8,0,205,-115.5861667,33.0223333,12.8
ci39651712,2020-10-03 20:16:27,3.35,"12km S of Searles Valley, CA",13,0,177,-117.4285,35.66,7.01
uu60412957,2020-10-03 11:47:43,4.42,"15 km SW of Circleville, Utah",274,0,413,-112.4198333,38.092,8.34
us6000c52g,2020-10-03 00:38:30,3,southern Idaho,,0,138,-115.4173,44.2766,10
us6000c50f,2020-10-02 21:05:42,3.1,"8 km SSE of Colstrip, Montana",,0,148,-106.5969,45.8061,0
ci39649656,2020-10-02 12:32:47,3.4,"12km ENE of Ridgecrest, CA",51,0,195,-117.5481667,35.643,6.13
ci39649056,2020-10-02 06:08:50,3.66,"5km ENE of Westmorland, CA",4,0,207,-115.5716667,33.0601667,3.92
ci39649048,2020-10-02 06:08:28,3.71,"6km NE of Westmorland, CA",3,0,213,-115.5726667,33.0691667,5.63
ci39649040,2020-10-02 06:08:19,3.4,"6km NE of Westmorland, CA",,0,178,-115.5708333,33.0681667,11.17
ci39648480,2020-10-02 02:10:44,3.22,"5km NE of Westmorland, CA",,0,160,-115.5753333,33.0658333,10.79
ci39647856,2020-10-01 22:47:30,3.87,"4km ENE of Westmorland, CA",6,0,233,-115.5815,33.0595,10.86
ci39647568,2020-10-01 21:22:42,3.03,"5km NE of Westmorland, CA",2,0,142,-115.5791667,33.0653333,6.74
us6000c451,2020-10-01 19:02:29,3,"56 km S of Whites City, New Mexico",1,0,139,-104.3562,31.6668,5
us6000c41z,2020-10-01 17:21:46,3.1,"9 km NNE of Virginia, Minnesota",,0,148,-92.5061,47.6049,0
ci39646520,2020-10-01 15:21:41,3.17,"6km NE of Westmorland, CA",1,0,155,-115.5693333,33.0743333,4.77
ci37457525,2020-10-01 15:00:50,3.03,"5km NE of Westmorland, CA",,0,141,-115.5773333,33.0633333,4.02
ci39646376,2020-10-01 14:46:42,3.62,"5km NE of Westmorland, CA",5,0,204,-115.577,33.0626667,10.06
ci39646224,2020-10-01 13:35:39,3.42,"5km NE of Westmorland, CA",1,0,180,-115.5781667,33.067,9.22
ci39646168,2020-10-01 13:23:13,3.22,"5km ENE of Westmorland, CA",,0,160,-115.572,33.0628333,10.07
us6000c3wh,2020-10-01 12:58:45,3.1,"40 km NNW of Stanley, Idaho",5,0,150,-115.202,44.5257,8.62
ci39646032,2020-10-01 12:46:38,3.5,"5km NE of Westmorland, CA",5,0,191,-115.5765,33.0648333,10.72
ci39644672,2020-10-01 07:10:24,3.01,"4km NNE of Westmorland, CA",2,0,140,-115.6,33.0713333,10.4
ci39644616,2020-10-01 06:57:58,3.46,"4km NE of Westmorland, CA",3,0,185,-115.5931667,33.0613333,10.42
ci39643368,2020-10-01 03:40:49,3.17,"5km NE of Westmorland, CA",,0,155,-115.5881667,33.0766667,8.19
ci39643360,2020-10-01 03:40:16,3.57,"4km NNE of Westmorland, CA",1,0,196,-115.5976667,33.0725,4.9
ci39643344,2020-10-01 03:38:28,3.43,"4km NE of Westmorland, CA",,0,181,-115.5915,33.0646667,4.62
ci37456565,2020-10-01 03:38:03,3.18,"2km NE of Westmorland, CA",,0,156,-115.6073333,33.048,3.02
ci39643336,2020-10-01 03:37:54,3.45,"3km E of Westmorland, CA",,0,183,-115.5938333,33.0408333,3.54
ci37456405,2020-10-01 03:37:04,4.02,"5km ENE of Westmorland, CA",2,0,249,-115.575,33.0518333,8.65
ci39643328,2020-10-01 03:36:34,4.45,"4km NE of Westmorland, CA",65,0,333,-115.5971667,33.0661667,5.68
ci39643288,2020-10-01 03:32:57,3.43,"4km NNE of Westmorland, CA",1,0,181,-115.5986667,33.0711667,11.29
ci39643256,2020-10-01 03:31:00,3.5,"6km NNE of Westmorland, CA",2,0,189,-115.5898333,33.084,11.14
nn00776479,2020-10-01 02:48:47,3,"31 km SSE of Mina, Nevada",,0,138,-117.9175,38.1475,9
ci37456549,2020-10-01 01:47:11,3.2,"3km SSE of Westmorland, CA",,0,158,-115.6121667,33.015,16.46
ci39642320,2020-10-01 01:46:52,3.45,"5km NE of Westmorland, CA",2,0,184,-115.5868333,33.067,14.08
ci39641968,2020-10-01 01:17:36,3.46,"4km NE of Westmorland, CA",,0,184,-115.5885,33.0625,10.9
ci39641952,2020-10-01 01:15:53,3.15,"4km NNE of Westmorland, CA",1,0,153,-115.6028333,33.0688333,7.67
ci37470253,2020-10-01 01:11:30,3.09,"3km E of Westmorland, CA",,0,147,-115.5863333,33.042,4.87
ci39641896,2020-10-01 01:11:30,3.12,"4km ENE of Westmorland, CA",,0,150,-115.5841667,33.0488333,7.18
ci39641888,2020-10-01 01:11:05,3.51,"4km E of Westmorland, CA",3,0,191,-115.5835,33.0413333,8.74
ci37456509,2020-10-01 01:10:44,3.65,"3km ENE of Westmorland, CA",,0,205,-115.5931667,33.0473333,8.25
ci37347844,2020-10-01 01:10:33,3.75,"4km W of Westmorland, CA",,0,216,-115.6603333,33.0346667,10.68
ci39641880,2020-10-01 01:10:25,4.12,"3km ENE of Westmorland, CA",12,0,265,-115.5928333,33.0443333,11.39
ci39641848,2020-10-01 01:06:23,3.3,"3km NE of Westmorland, CA",,0,168,-115.5991667,33.056,9.63
ci37470205,2020-10-01 01:05:24,3.23,"3km E of Westmorland, CA",,0,161,-115.585,33.0426667,6.99
ci39641840,2020-10-01 01:05:05,3.41,"3km NE of Westmorland, CA",,0,179,-115.6003333,33.0555,3.46
ci39641784,2020-10-01 01:00:14,3.09,"3km ENE of Westmorland, CA",,0,147,-115.5915,33.0503333,7.23
ci39641768,2020-10-01 00:58:13,4.09,"4km NE of Westmorland, CA",15,0,264,-115.5931667,33.065,11.07
ci39641712,2020-10-01 00:50:55,3.4,"3km ENE of Westmorland, CA",,0,178,-115.5866667,33.0433333,8.22
ci39641696,2020-10-01 00:50:21,3.22,"4km NE of Westmorland, CA",,0,160,-115.5891667,33.0556667,4.9
ci39641672,2020-10-01 00:48:06,3.12,"4km ENE of Westmorland, CA",,0,150,-115.577,33.0461667,10.14
ci39641656,2020-10-01 00:47:18,3.35,"3km ENE of Westmorland, CA",2,0,173,-115.5895,33.0478333,5.06
ci39641632,2020-10-01 00:43:40,3.01,"4km NE of Westmorland, CA",,0,139,-115.5931667,33.059,6.03
ci37456517,2020-10-01 00:41:34,3.58,"4km ESE of Westmorland, CA",,0,197,-115.5776667,33.0236667,5.65
ci39641616,2020-10-01 00:41:18,4.18,"4km NNE of Westmorland, CA",26,0,282,-115.5983333,33.0713333,11.22
ci37457501,2020-10-01 00:39:15,3.07,"3km E of Westmorland, CA",,0,145,-115.5908333,33.041,7.46
ci39641592,2020-10-01 00:38:43,3.33,"2km E of Westmorland, CA",,0,171,-115.5941667,33.0378333,3.03
ci39641576,2020-10-01 00:36:51,3.01,"4km ENE of Westmorland, CA",,0,139,-115.5863333,33.0498333,5.53
ci39641568,2020-10-01 00:36:30,3.45,"3km E of Westmorland, CA",,0,183,-115.587,33.0331667,3.74
ci39641552,2020-10-01 00:35:43,3,"3km ENE of Westmorland, CA",,0,138,-115.5888333,33.0443333,5.73
ci37456501,2020-10-01 00:34:00,3.7,"2km ESE of Westmorland, CA",,0,211,-115.5998333,33.0283333,1.71
ci39641544,2020-10-01 00:33:48,3.89,"3km ENE of Westmorland, CA",,0,233,-115.591,33.048,5.95
ci37479509,2020-10-01 00:33:45,3.62,"6km E of Westmorland, CA",,0,202,-115.5525,33.041,9.1
ci39641528,2020-10-01 00:31:27,4.93,"4km NE of Westmorland, CA",368,0,576,-115.5906667,33.0546667,14.19
ci39641288,2020-09-30 23:58:02,3.69,"4km ENE of Westmorland, CA",5,0,212,-115.5848333,33.0493333,9.54
ci39641112,2020-09-30 23:38:06,3.22,"3km E of Westmorland, CA",3,0,160,-115.5855,33.042,5.27
ci39641088,2020-09-30 23:34:26,3.09,"3km NE of Westmorland, CA",1,0,147,-115.593,33.0538333,2.76
ci39641072,2020-09-30 23:33:34,3.24,"3km ENE of Westmorland, CA",2,0,162,-115.5905,33.0515,3.25
ci39641064,2020-09-30 23:31:51,4.35,"3km NE of Westmorland, CA",74,0,328,-115.5955,33.053,4.78
ci39640848,2020-09-30 23:19:48,3.02,"3km ENE of Westmorland, CA",,0,140,-115.5911667,33.0478333,5.37
ci39640688,2020-09-30 23:15:30,3.53,"3km ENE of Westmorland, CA",2,0,192,-115.5966667,33.0476667,2.84
ci39640536,2020-09-30 23:08:25,3.12,"3km ENE of Westmorland, CA",,0,150,-115.5895,33.0443333,3.12
ci39640528,2020-09-30 23:06:02,3.65,"3km ENE of Westmorland, CA",28,0,216,-115.5901667,33.045,3.38
ci39640480,2020-09-30 23:00:28,3,"3km ENE of Westmorland, CA",,0,138,-115.5885,33.044,5.12
nc73464301,2020-09-29 16:02:30,3.26,"10km NE of Milpitas, CA",1024,0,544,-121.8296667,37.4943333,4.63
nn00776206,2020-09-29 11:36:11,3.9,"36 km SE of Mina, Nevada",7,0,236,-117.7766,38.1847,10.1
nc73464086,2020-09-29 02:22:20,3.23,"10km S of Tres Pinos, CA",10,0,164,-121.3375,36.7005,4.93
nc73463746,2020-09-28 05:16:36,3.48,"10km NE of Milpitas, CA",1428,0,526,-121.8295,37.4921667,4.8
nc73463646,2020-09-27 22:54:06,3.42,"10km NE of Milpitas, CA",1065,0,560,-121.8246667,37.4916667,5.25
us6000c1um,2020-09-27 05:38:45,3,"5 km S of Sawmill, Arizona",3,0,139,-109.1684,35.8537,10
us6000c1qs,2020-09-26 21:21:01,3.3,"22 km ESE of Wright, Wyoming",,0,168,-105.2393,43.6609,0
nn00775722,2020-09-26 03:41:14,3.3,"29 km SSE of Mina, Nevada",1,0,168,-117.9485,38.156,10.5
us6000c1aw,2020-09-25 17:20:07,3.1,"7 km N of Virginia, Minnesota",,0,148,-92.5199,47.5927,0
ci38703802,2020-09-25 17:10:11,3.65,"10km E of Desert Hot Springs, CA",358,0,370,-116.3955,33.947,3.29
ci38703786,2020-09-25 17:07:48,3.02,"10km E of Desert Hot Springs, CA",15,0,145,-116.3938333,33.9491667,3.42
us6000c18w,2020-09-25 16:10:50,3.1,"56 km S of Whites City, New Mexico",1,0,148,-104.3683,31.6652,5
us6000c0x4,2020-09-24 23:14:13,3.4,"58 km S of Whites City, New Mexico",2,0,178,-104.3811,31.6523,5
us6000c0xh,2020-09-24 23:06:42,4.6,"73 km ENE of Mulegé, Mexico",,0,326,-111.2685,27.0779,10
us6000c0ww,2020-09-24 23:01:30,5.3,"64 km ENE of Mulegé, Mexico",3,0,433,-111.4068,27.1573,10
us6000c0ac,2020-09-23 21:37:47,3.2,"30 km NE of Ranchester, Wyoming",,0,158,-106.8437,45.0675,0
us6000c2k3,2020-09-23 17:21:06,3.1,"9 km NNW of Kinney, Minnesota",,0,148,-92.7636,47.5975,0
ci38701098,2020-09-23 14:17:44,3.2,"15km SSW of Searles Valley, CA",15,0,163,-117.487,35.6528333,7.27
ci38700978,2020-09-23 12:24:27,3.2,"11km NW of Rancho Cucamonga, CA",205,0,231,-117.6536667,34.2033333,2.35
nn00775128,2020-09-22 19:43:42,3.6,"31 km SE of Mina, Nevada",4,0,200,-117.8962,38.1638,9.8
us6000bzqj,2020-09-22 18:13:30,3.6,"15 km ENE of Wright, Wyoming",2,0,200,-105.2979,43.7808,0
ci38697738,2020-09-21 13:20:38,3.28,"11km WNW of Lake Elsinore, CA",550,0,375,-117.4355,33.701,9.12
nn00774930,2020-09-21 04:56:21,3.3,"26 km S of Mina, Nevada",4,0,169,-118.0629,38.1553,6.9
us7000bqiw,2020-09-20 17:31:02,3.6,"57 km ENE of San Vicente, Mexico",2,0,200,-115.6756,31.4921,10
ok2020snix,2020-09-20 10:54:54,3.4,"4 km SE of Marshall, Oklahoma",11,0,181,-97.59216667,36.12883333,7.17
us7000bqav,2020-09-19 21:42:56,3,"14 km WNW of Stanley, Idaho",4,0,139,-115.0948,44.2865,13.39
us7000bqa6,2020-09-19 20:55:23,3,"12 km WNW of Stanley, Idaho",,0,138,-115.0778,44.2739,13.89
us7000bq8h,2020-09-19 17:36:24,3,"32 km S of Wright, Wyoming",,0,138,-105.5364,43.4606,0
ci38695658,2020-09-19 06:38:46,4.54,"3km WSW of South El Monte, CA",21402,1,787,-118.08,34.038,16.87
nn00774584,2020-09-18 23:05:24,3.3,"33 km SE of Mina, Nevada",1,0,168,-117.8848,38.1442,8.1
us7000bq0y,2020-09-18 21:48:27,3.5,"50 km W of Mentone, Texas",3,0,190,-104.1334,31.7061,5
nn00774492,2020-09-18 14:00:00,3.3,"34 km SE of Mina, Nevada",3,0,168,-117.8317,38.1713,4.8
us7000bpq2,2020-09-18 07:02:14,3.1,"20 km WNW of Stanley, Idaho",6,0,149,-115.1769,44.2913,10
ci38693130,2020-09-17 15:20:07,3.07,"18km SSE of Lone Pine, CA",4,0,146,-117.9921667,36.4421667,3.73
us7000bp8y,2020-09-17 03:49:22,3,"11 km NNW of Midland, Texas",136,0,187,-102.1074,32.1003,5
uu60411412,2020-09-16 15:26:40,3.41,"29 km E of La Sal, Utah",2,0,179,-108.9113333,38.2766667,0.94
nn00773931,2020-09-15 16:33:36,4.2,"28 km SSE of Mina, Nevada",2,0,272,-117.9623,38.1597,11.6
us7000bncm,2020-09-15 02:52:15,3.1,"50 km S of Whites City, New Mexico",,0,148,-104.3219,31.7253,6.83
us7000bn3x,2020-09-14 17:15:37,3.2,"25 km NW of Stanley, Idaho",2,0,158,-115.186,44.3613,10
nc73457811,2020-09-14 15:36:59,3.06,"12km NW of Covelo, CA",3,0,145,-123.3663333,39.8583333,6.51
nc73457786,2020-09-14 14:15:16,3,"13km NW of Covelo, CA",9,0,141,-123.368,39.8616667,6.19
us7000bn0p,2020-09-14 14:14:42,3.2,"19 km ESE of Lindsay, Texas",1,0,158,-103.3649,31.2731,3.72
us7000bmng,2020-09-13 10:52:25,3.2,"27 km NW of Stanley, Idaho",5,0,159,-115.2146,44.3719,15.88
uw61682361,2020-09-12 03:42:21,3.06,"3 km NNE of Onalaska, Washington",31,0,156,-122.708,46.6066666666667,24.84
us7000bm4f,2020-09-11 20:49:03,3.2,"21 km WNW of Stanley, Idaho",1,0,158,-115.1673,44.3122,11.78
us7000bm1r,2020-09-11 19:15:33,3.2,"27 km SSE of Wright, Wyoming",,0,158,-105.3322,43.5288,0
ci38683938,2020-09-11 08:14:10,3.6,"17km N of Olancha, CA",5,0,200,-117.9933333,36.4376667,3.7
ci38683930,2020-09-11 08:11:05,3.32,"17km N of Olancha, CA",3,0,170,-117.9916667,36.4338333,2.34
ci38683914,2020-09-11 07:55:45,4.22,"18km SSE of Lone Pine, CA",35,0,288,-117.9945,36.4406667,3.93
us7000bkv3,2020-09-10 03:29:25,3.1,"57 km S of Whites City, New Mexico",1,0,148,-104.3178,31.6568,5
nn00772709,2020-09-09 10:07:28,3.6,"31 km SE of Mina, Nevada",4,0,201,-117.8719,38.1769,10.4
us7000bk7f,2020-09-09 06:00:13,3.1,"3 km WSW of Marlboro, New Jersey",4459,0,628,-74.2892,40.3023,5.61
us7000bjzy,2020-09-08 20:42:39,3,"31 km NNW of Stanley, Idaho",5,0,140,-115.1483,44.454,10
us7000bjzs,2020-09-08 20:38:02,3.2,"32 km NW of Stanley, Idaho",15,0,164,-115.1848,44.4503,13.11
us7000bjzi,2020-09-08 20:24:29,4.4,"39 km NNW of Stanley, Idaho",101,0,344,-115.1538,44.5345,10
us7000bjyq,2020-09-08 20:23:48,4,"39 km NNW of Stanley, Idaho",19,0,252,-115.1794,44.5247,10
nn00772541,2020-09-08 12:35:17,3.5,"27 km SSE of Mina, Nevada",1,0,189,-118.0383,38.1497,1.8
us7000bjpy,2020-09-08 12:24:13,3.1,"25 km NW of Stanley, Idaho",8,0,150,-115.1732,44.375,15.53
us7000bj4a,2020-09-07 01:16:00,3,"49 km NW of Toyah, Texas",,0,138,-104.2151,31.5807,5
nn00772311,2020-09-07 00:47:06,3.5,"29 km SSE of Mina, Nevada",2,0,189,-117.948,38.1544,10.1
nc73454476,2020-09-06 18:43:57,3.21,"3km ESE of San Leandro, CA",3304,0,469,-122.1271667,37.7155,8.92
ok2020rnuh,2020-09-06 11:08:14,3.43,"7 km SSE of Erin Springs, Oklahoma",10,0,185,-97.573,34.745,7
ci38678266,2020-09-06 01:48:36,3.9,"6km SSE of Santa Ynez, CA",524,0,433,-120.062,34.564,12.76
ci38676562,2020-09-05 03:14:58,3.04,"12km SSW of Searles Valley, CA",6,0,144,-117.4646667,35.6733333,8.82
ci38675450,2020-09-04 14:24:44,3.14,"18km SSE of Big Bear Lake, CA",45,0,167,-116.8536667,34.0878333,1.9
ci38675290,2020-09-04 11:39:18,3,"16km SE of Lone Pine, CA",,0,138,-117.9616667,36.4661667,7.02
us7000bh98,2020-09-03 16:25:43,3.2,"3 km N of Leonidas, Minnesota",,0,158,-92.5701,47.4929,0
us7000bh6x,2020-09-03 15:07:53,3.8,"1 km W of Pollard, Alabama",151,0,301,-87.1846,31.0271,4
us7000bh0h,2020-09-03 03:52:27,3,"48 km W of Mentone, Texas",,0,138,-104.1057,31.736,8.03
us7000bgzc,2020-09-03 02:11:46,3,"35 km NW of Stanley, Idaho",,0,138,-115.2238,44.4638,12.58
nn00771531,2020-09-03 01:55:38,3.3,"30 km SE of Mina, Nevada",3,0,168,-117.8736,38.1873,9.8
ci39368535,2020-09-02 16:18:31,3.45,"16km E of Coso Junction, CA",3,0,184,-117.7731667,36.0378333,1.88
nn00771348,2020-09-02 07:05:39,3.1,"35 km SE of Mina, Nevada",,0,148,-117.8018,38.1769,6.1
us7000bgb9,2020-09-02 04:52:49,3.1,"45 km W of Mentone, Texas",,0,148,-104.072,31.76,5
us7000bgb8,2020-09-02 04:51:46,3.3,"47 km W of Mentone, Texas",2,0,168,-104.099,31.7235,8.58
us7000bg2b,2020-09-01 20:02:10,3.2,"35 km NW of Stanley, Idaho",3,0,158,-115.2,44.4772,13.23
us7000bg0u,2020-09-01 18:59:44,3.3,"6 km NNW of Wright, Wyoming",,0,168,-105.5253,43.8017,0
us7000bfn0,2020-09-01 07:41:34,3.3,"58 km ENE of San Vicente, Mexico",2,0,168,-115.6461,31.4528,20.51
nn00771114,2020-09-01 05:51:36,3.3,"31 km SE of Mina, Nevada",1,0,168,-117.8634,38.1798,9.2
uw61677211,2020-09-01 02:25:49,3.52,"45 km NNE of Denio, Nevada",1,0,191,-118.444,42.37,8.45
nn00771068,2020-09-01 00:36:59,3.4,"29 km NE of Benton, California",,0,178,-118.2358,38.0039,6.6
nn00771061,2020-09-01 00:30:52,3.5,"35 km SE of Mina, Nevada",2,0,189,-117.8019,38.1765,6.7
nn00771051,2020-08-31 23:09:24,3.1,"36 km SE of Mina, Nevada",,0,148,-117.8032,38.172,6.6
ok2020rddo,2020-08-31 15:18:24,3.5,"3 km SE of Meno, Oklahoma",8,0,192,-98.1515,36.36166667,6.69
us7000bf2l,2020-08-30 19:10:55,3.1,"24 km SE of Wright, Wyoming",,0,148,-105.261,43.6131,0
nm60327326,2020-08-30 02:34:42,3.6,"3 km WNW of Marked Tree, Arkansas",310,0,345,-90.4556667,35.5386667,8.16
nn00770680,2020-08-29 18:17:34,3.3,"28 km SSE of Mina, Nevada",1,0,168,-118.0061,38.1504,7.7
ci39363095,2020-08-28 11:26:03,3.65,"10km W of Progreso, B.C., MX",22,0,211,-115.6891667,32.5673333,15.01
nn00770346,2020-08-28 00:30:30,3,"28 km S of Mina, Nevada",2,0,139,-118.0696,38.1382,4.4
us7000bdw5,2020-08-27 17:24:32,3,"5 km NNE of Parkville, Minnesota",,0,138,-92.5604,47.5792,0
ci39362087,2020-08-27 15:04:06,3.16,"22km WNW of Searles Valley, CA",1,0,154,-117.6415,35.8213333,0.83
uu60407197,2020-08-27 11:46:13,3.31,"12 km NNE of Granger, Wyoming",6,0,170,-109.918,41.703,-3.34
nc73450161,2020-08-27 08:48:31,3.52,"10km NNW of Redwood Valley, CA",81,0,224,-123.2433333,39.3533333,8.26
us7000bcxw,2020-08-25 20:57:50,3.4,"29 km ESE of Wright, Wyoming",,0,178,-105.1374,43.6782,0
us7000bcvr,2020-08-25 20:03:58,3.4,"13 km NE of Wright, Wyoming",,0,178,-105.3546,43.8205,0
us6000bjtv,2020-08-24 15:30:19,3.4,"8 km WNW of Stanley, Idaho",1,0,178,-115.0266,44.2577,10
nn00769590,2020-08-24 09:21:26,3,"33 km SE of Mina, Nevada",2,0,139,-117.8383,38.1798,9.1
us6000bjjd,2020-08-23 23:05:38,3.3,"56 km ENE of San Vicente, Mexico",,0,168,-115.6689,31.4423,10
us6000bjim,2020-08-23 21:24:46,3.3,"53 km ENE of San Vicente, Mexico",,0,168,-115.7085,31.4507,15
us6000bjfg,2020-08-23 16:07:15,3.2,"24 km SSE of Meadow Lark Lake, Wyoming",,0,158,-107.0841,43.9872,10
nn00769427,2020-08-23 11:01:10,3.2,"31 km SE of Mina, Nevada",4,0,159,-117.8619,38.1803,5.4
us6000bjbv,2020-08-23 06:52:29,3.3,"37 km NW of Stanley, Idaho",4,0,169,-115.2189,44.4854,16.04
us6000bj6a,2020-08-22 20:37:11,3.2,"55 km ENE of San Vicente, Mexico",,0,158,-115.6905,31.4758,14.3
us6000bis9,2020-08-21 22:55:09,3.2,"2 km SSE of Detroit Beach, Michigan",2157,0,618,-83.3179,41.9125,9.2
us6000bikl,2020-08-21 18:11:41,3,"2 km NW of Colstrip, Montana",,0,138,-106.6535,45.9011,0
ci39587168,2020-08-21 08:20:08,3.6,"15km SSW of Searles Valley, CA",57,0,219,-117.4598333,35.6441667,6.22
nc73447706,2020-08-21 06:35:11,3.05,"27km WSW of Sea Ranch, CA",11,0,147,-123.7471667,38.6291667,9.23
nc73447646,2020-08-21 04:33:05,3.12,"22km NE of San Ardo, CA",6,0,151,-120.7375,36.168,8.51
nn00768972,2020-08-21 01:29:31,3,"34 km SE of Mina, Nevada",1,0,139,-117.8362,38.172,7.5
us6000bhv0,2020-08-20 17:38:19,3.1,"3 km W of Mountain Iron, Minnesota",,0,148,-92.6729,47.5373,0
us6000bh95,2020-08-19 18:06:50,3.5,"19 km ESE of Wright, Wyoming",,0,188,-105.2718,43.6795,0
ci39584648,2020-08-19 17:32:11,4.72,"36km WSW of Stovepipe Wells, CA",98,0,390,-117.5141667,36.4786667,-0.57
us6000bh7r,2020-08-19 17:14:15,3.1,"3 km NNW of Parkville, Minnesota",,0,148,-92.5926,47.5603,0
nn00768539,2020-08-19 04:31:04,3.8,"35 km SE of Mina, Nevada",3,0,223,-117.8112,38.1758,8.8
nc73446411,2020-08-19 01:59:33,3.9,"11km ESE of Willits, CA",96,0,268,-123.2478333,39.3631667,7.63
nc73446381,2020-08-19 01:43:42,3.25,"11km NNW of Redwood Valley, CA",45,0,178,-123.2471667,39.3573333,8.43
nc73446356,2020-08-19 00:55:23,4.22,"11km ESE of Willits, CA",313,1,396,-123.2458333,39.3605,8.19
ci39348919,2020-08-18 07:41:24,3.04,"87km ESE of Maneadero, B.C., MX",,0,142,-115.6833333,31.5055,8.38
nc73447140,2020-08-17 20:27:49,3.45,"10km NE of Milpitas, CA",781,0,449,-121.829,37.491,4.88
us6000bg32,2020-08-17 17:34:30,3.4,"48 km ENE of San Vicente, Mexico",2,0,178,-115.7562,31.442,10
us6000bg2m,2020-08-17 16:35:18,3,"60 km ENE of San Vicente, Mexico",1,0,139,-115.6344,31.4812,10
ci39347839,2020-08-17 16:29:54,3.72,"86km ESE of Maneadero, B.C., MX",5,0,214,-115.6843333,31.523,9.19
us6000bfzq,2020-08-17 15:32:40,4.3,"59 km E of San Vicente, Mexico",6,0,287,-115.6231,31.3613,10
us6000bg04,2020-08-17 15:31:39,4.5,"47 km ENE of San Vicente, Mexico",3,0,312,-115.7552,31.4138,10
ci39347679,2020-08-17 15:30:33,5.12,"88km ESE of Maneadero, B.C., MX",744,1,723,-115.6613333,31.5366667,16.22
us6000bfyt,2020-08-17 15:09:03,4.4,"64 km ENE of San Vicente, Mexico",34,1,312,-115.5807,31.4445,10
ci39346591,2020-08-16 12:08:31,3.13,"39km NE of Trona, CA",1,0,151,-117.025,35.9585,2.14
us6000bfkn,2020-08-16 10:29:17,3.2,"63 km SSW of Whites City, New Mexico",1,0,158,-104.617,31.6401,3.83
us6000bfht,2020-08-16 06:30:15,3.2,"11 km NW of Stanley, Idaho",2,0,158,-115.0482,44.2884,14.1
ok2020qauh,2020-08-16 02:49:46,3.09,"3 km W of Marshall, Oklahoma",1,0,147,-97.66833333,36.15266667,5.16
us6000bf1h,2020-08-15 01:47:34,3,"11 km WNW of Stanley, Idaho",3,0,139,-115.0708,44.265,10
nn00767765,2020-08-15 01:38:17,3.7,"29 km SSE of Mina, Nevada",3,0,211,-117.9473,38.1595,10.1
us6000bez5,2020-08-14 21:11:39,3.4,"21 km E of Wright, Wyoming",,0,178,-105.2254,43.7577,0
us6000bevd,2020-08-14 17:32:10,3.1,"9 km N of Parkville, Minnesota",,0,148,-92.5688,47.612,0
nn00767645,2020-08-14 10:32:36,3.5,"29 km SSE of Mina, Nevada",5,0,190,-117.9464,38.1548,10.3
ci39344127,2020-08-14 09:05:09,3.2,"5km SW of Salton City, CA",23,0,168,-115.9936667,33.2693333,6.97
ok2020pxol,2020-08-14 08:27:17,3.2,"9 km NW of Perry, Oklahoma",5,0,159,-97.34966667,36.35883333,7.05
us6000bejv,2020-08-14 06:34:07,3.4,"26 km NW of Stanley, Idaho",2,0,178,-115.1893,44.3747,13.27
us6000bebn,2020-08-13 20:12:07,3.2,"30 km NE of Ranchester, Wyoming",,0,158,-106.9388,45.1338,0
us6000beaw,2020-08-13 19:54:21,3.7,"26 km NW of Stanley, Idaho",15,0,217,-115.186,44.3726,10
nn00767470,2020-08-13 13:36:09,3,"30 km SE of Mina, Nevada",1,0,139,-117.878,38.183,7.4
nc73443355,2020-08-12 11:45:43,3.9,"1km NNE of The Geysers, CA",452,0,419,-122.7491667,38.7866667,4.11
ci39341359,2020-08-11 21:52:38,3.03,"57km E of Maneadero, B.C., MX",,0,141,-115.9631667,31.7265,12.85
us6000bcs3,2020-08-11 17:24:20,3.2,"6 km NNE of Parkville, Minnesota",,0,158,-92.5504,47.5877,0
ci39340599,2020-08-11 11:19:57,3.55,"14km SSE of Bombay Beach, CA",9,0,198,-115.7018333,33.2271667,3.16
ci39339791,2020-08-10 22:44:52,3.33,"12km W of Calipatria, CA",7,0,173,-115.64,33.1451667,7.65
ci39339191,2020-08-10 19:29:29,4.03,"10km SSE of Bombay Beach, CA",11,0,254,-115.6841667,33.2653333,2.87
ci39339095,2020-08-10 18:58:53,3.24,"12km SSE of Bombay Beach, CA",,0,162,-115.6755,33.2513333,3.02
ci39339079,2020-08-10 18:53:21,3.21,"10km SSE of Bombay Beach, CA",,0,159,-115.6896667,33.2653333,4.42
ci37452101,2020-08-10 18:30:05,3.49,"14km SSE of Bombay Beach, CA",1,0,187,-115.6925,33.2298333,3.67
ci39339015,2020-08-10 18:29:59,3.06,"14km SSE of Bombay Beach, CA",1,0,144,-115.6955,33.228,2.85
ci39338839,2020-08-10 17:39:15,3.51,"14km SSE of Bombay Beach, CA",,0,190,-115.6991667,33.227,3.26
ci39338487,2020-08-10 16:13:56,3.73,"14km SSE of Bombay Beach, CA",,0,214,-115.6935,33.232,3.27
ci39338447,2020-08-10 16:03:39,3.95,"12km SSE of Bombay Beach, CA",2,0,240,-115.688,33.2503333,2.31
ci39338423,2020-08-10 16:00:13,3.12,"12km SSE of Bombay Beach, CA",,0,150,-115.6846667,33.255,1.91
ci39338415,2020-08-10 15:58:16,3.01,"13km SSE of Bombay Beach, CA",,0,139,-115.6858333,33.2436667,2.4
ci39338407,2020-08-10 15:56:14,4.59,"12km SSE of Bombay Beach, CA",87,0,362,-115.69,33.2468333,2.07
ci39338399,2020-08-10 15:55:48,3.54,"12km SSE of Bombay Beach, CA",,0,193,-115.6953333,33.2506667,2.52
ci39338199,2020-08-10 13:33:56,3.15,"12km W of Calipatria, CA",,0,153,-115.6373333,33.1458333,7.25
us6000bbic,2020-08-09 15:47:17,3,"31 km NW of Stanley, Idaho",5,0,140,-115.2105,44.4221,10
se60324281,2020-08-09 12:07:37,5.1,"4 km SE of Sparta, North Carolina",66718,0,1450,-81.0865,36.4743333,4.14
nc73440256,2020-08-09 03:23:55,3.69,"25km W of Petrolia, CA",7,0,211,-124.5788333,40.3073333,19.76
nc73440191,2020-08-09 00:00:36,3.8,"27km W of Petrolia, CA",10,0,225,-124.6033333,40.3061667,20.03
nn00766458,2020-08-08 19:38:47,3,"32 km SE of Mina, Nevada",3,0,139,-117.8581,38.1728,9.4
us6000bb0l,2020-08-08 07:52:57,3,"13 km SW of Stanley, Idaho",1,0,139,-115.0565,44.1337,14.93
us6000baxj,2020-08-08 02:11:30,4.2,"13 km WSW of Stanley, Idaho",228,0,399,-115.0977,44.1656,10
us6000baua,2020-08-07 20:36:50,3.3,"27 km SE of Wright, Wyoming",,0,168,-105.264,43.5663,0
nn00766185,2020-08-07 14:13:02,3,"28 km SSE of Mina, Nevada",2,0,139,-118.0041,38.1429,5.6
nc73439146,2020-08-06 16:00:27,3.01,"22km W of Bonny Doon, CA",59,0,159,-122.3891667,37.0745,8.75
nn00765949,2020-08-06 13:01:57,3.8,"29 km SSE of Mina, Nevada",4,0,223,-118.0389,38.1346,9.5
us6000b9sl,2020-08-05 17:14:47,3,"20 km SW of Coyanosa, Texas",,0,138,-103.2384,31.1373,4.99
ok2020phgk,2020-08-05 10:13:10,3.05,"5 km N of Ames, Oklahoma",3,0,144,-98.17433333,36.29083333,7.93
us6000b9g2,2020-08-04 23:32:48,3.2,"27 km NW of Stanley, Idaho",2,0,158,-115.2184,44.3673,12.03
ok2020pepd,2020-08-03 23:13:45,3.44,"9 km NW of Perry, Oklahoma",10,0,185,-97.3595,36.35766667,7.56
ci39328911,2020-08-03 22:18:51,3.5,"3km SW of Yorba Linda, CA",3942,0,598,-117.8336667,33.8656667,8.8
us6000b876,2020-08-01 22:03:31,3.3,"15 km ENE of Wright, Wyoming",,0,168,-105.3036,43.7848,0
nc73437016,2020-08-01 19:32:30,3.33,"30km SE of Bodie, CA",2,0,171,-118.74,38.048,5.7
us6000b7kf,2020-07-31 18:58:07,3.2,"26 km SSE of Wright, Wyoming",,0,158,-105.3216,43.5474,0
us6000b7ig,2020-07-31 17:16:13,3.3,"7 km NNW of Mountain Iron, Minnesota",,0,168,-92.677,47.5892,0
nn00764600,2020-07-31 09:12:33,3.4,"35 km SE of Mina, Nevada",,0,178,-117.8108,38.1751,11
us6000b716,2020-07-30 18:09:28,3.2,"19 km SE of Wright, Wyoming",,0,158,-105.3376,43.6128,0
us6000b6wi,2020-07-30 15:04:09,3.7,"4 km ENE of Capulin, New Mexico",232,0,317,-106.7668,36.2503,11.41
ci39322767,2020-07-30 13:48:19,3.73,"1km NNE of San Fernando, CA",1692,0,594,-118.4355,34.2936667,7.24
ci39322383,2020-07-30 11:38:39,3.07,"1km N of San Fernando, CA",836,0,488,-118.4366667,34.2996667,9.19
ci39322287,2020-07-30 11:29:29,4.17,"1km SE of Sylmar, CA",16007,1,758,-118.4383333,34.3016667,8.85
nc73435571,2020-07-30 03:23:01,3.87,"22km NE of San Ardo, CA",131,0,284,-120.7653333,36.1873333,8.7
us6000b69l,2020-07-29 17:31:47,3.2,"2 km ESE of Virginia, Minnesota",,0,158,-92.5058,47.515,0
us6000b68p,2020-07-29 17:04:49,3.2,"29 km SE of Wright, Wyoming",,0,158,-105.214,43.576,0
nn00764023,2020-07-28 18:18:13,3.3,"26 km S of Mina, Nevada",1,0,168,-118.0622,38.1582,6.1
ci38612074,2020-07-27 21:43:04,3.41,"93km ESE of Maneadero, B.C., MX",,0,179,-115.7353333,31.2736667,12.36
us6000b4kw,2020-07-27 05:22:14,3.4,southern Idaho,9,0,181,-115.0801,44.1471,10
us6000b4ea,2020-07-26 14:16:16,3.1,"1 km E of Colstrip, Montana",,0,148,-106.6025,45.8855,0
nn00763446,2020-07-26 10:31:07,3.2,"38 km SE of Mina, Nevada",,0,158,-117.7546,38.1871,12.5
nn00763220,2020-07-26 02:06:28,4.4,"38 km SE of Mina, Nevada",13,0,302,-117.7546,38.1836,12.6
nn00763107,2020-07-25 18:32:16,3.1,"26 km SSE of Mina, Nevada",,0,148,-117.9694,38.1759,2.2
ci38608210,2020-07-25 12:01:47,3.36,"93km ESE of Maneadero, B.C., MX",,0,174,-115.7475,31.2565,12.56
us6000b3v2,2020-07-25 04:00:02,3.4,"24 km S of Centennial Park, Arizona",11,0,182,-113.0256,36.7322,10
nn00762911,2020-07-25 02:46:17,3.1,"30 km SSE of Mina, Nevada",,0,148,-117.941,38.153,11.9
nc73432571,2020-07-25 02:36:46,3.03,"2km SE of Aromas, CA",88,0,171,-121.6225,36.877,7.4
us6000b3h9,2020-07-24 15:27:21,3,"4 km SSW of Mountain Iron, Minnesota",,0,138,-92.6559,47.4982,0
ci38605954,2020-07-24 07:05:13,3.74,"19km SSE of Lone Pine, CA",9,0,218,-117.9595,36.4451667,7.59
nn00762581,2020-07-24 05:36:27,3.3,"27 km SSE of Mina, Nevada",,0,168,-118.0352,38.1454,4
nn00762576,2020-07-24 05:35:24,3.3,"28 km SSE of Mina, Nevada",,0,168,-118.0407,38.1415,3.5
nn00762498,2020-07-23 21:28:52,3.2,"31 km SE of Mina, Nevada",4,0,159,-117.8139,38.222,7.7
nn00762457,2020-07-23 17:10:35,4.2,"35 km SSE of Mina, Nevada",14,0,276,-117.9224,38.1053,11.3
ci38603762,2020-07-23 00:29:26,3.67,"17km SSE of Lone Pine, CA",8,0,210,-117.9891667,36.4476667,4.09
us6000b295,2020-07-22 21:21:48,3.1,"7 km NW of Stanley, Idaho",13,0,152,-115.0141,44.2584,17.72
us6000b24x,2020-07-22 19:11:04,3.2,"16 km NW of Rolling Hills, Wyoming",,0,158,-106.004,42.9892,34.35
us6000b219,2020-07-22 17:01:32,3.1,"21 km WSW of Coyanosa, Texas",,0,148,-103.2655,31.1632,5
nc73429346,2020-07-22 04:57:09,3.3,"12km S of Tres Pinos, CA",71,0,192,-121.3118333,36.6791667,4.83
uw61661241,2020-07-21 23:39:16,3.17,"3 km ESE of Rose Lodge, Oregon",34,0,168,-123.842,44.9931666666667,43.98
us7000asjy,2020-07-21 19:09:21,4.2,"28 km SSW of Huachichil, Mexico",2,0,272,-100.9265,24.9708,10
us7000asg5,2020-07-21 17:22:35,3,"4 km NNE of Parkville, Minnesota",,0,138,-92.5634,47.5716,0
uu60402817,2020-07-21 09:44:15,3.79,"11 km N of Pine Valley, Utah",52,0,243,-113.4886667,37.4948333,8.74
ci38599882,2020-07-20 22:01:53,3.6,"10km W of Grapevine, CA",117,0,244,-119.0378333,34.9318333,13.57
us7000arvn,2020-07-20 20:04:32,3.4,"13 km SE of Wright, Wyoming",,0,178,-105.3639,43.678,0
us7000arnr,2020-07-20 16:38:00,3.2,"56 km S of Whites City, New Mexico",,0,158,-104.4149,31.6677,5
us7000are1,2020-07-20 01:04:20,3,"27 km NW of Stanley, Idaho",,0,138,-115.1749,44.3948,10
nc73428141,2020-07-19 10:07:44,3.54,"30km SE of Bodie, CA",5,0,194,-118.7341667,38.0463333,6.2
nn00761307,2020-07-19 08:03:31,3.2,"34 km SE of Mina, Nevada",1,0,158,-117.8404,38.1685,6.4
nn00761157,2020-07-18 16:05:54,3.3,"30 km SE of Mina, Nevada",1,0,168,-117.8791,38.178,7.4
us7000aqsp,2020-07-18 07:45:40,3,"10 km SSE of Gardendale, Texas",64,0,165,-102.323,31.9366,5
us7000aqre,2020-07-17 17:03:25,3,"0 km NW of Parkville, Minnesota",,0,138,-92.5884,47.5357,0
ci38592114,2020-07-15 22:46:18,3.04,"18km SE of Ocotillo Wells, CA",25,0,151,-116.008,33.0191667,10.49
us7000ap50,2020-07-15 18:21:48,3.2,"34 km NNE of Ranchester, Wyoming",,0,158,-106.9217,45.1664,0
ok2020nvgn,2020-07-15 15:07:21,3.45,"7 km N of Nardin, Oklahoma",10,0,186,-97.43366667,36.87016667,7
nn00760148,2020-07-15 02:36:50,3,"26 km SW of Goldfield, Nevada",,0,138,-117.438,37.5287,6.7
ci39292639,2020-07-14 12:15:18,3.58,"16km SSE of Lone Pine, CA",13,0,202,-117.987,36.4538333,3.7
nc73425991,2020-07-14 05:59:28,3.62,"30km SE of Bodie, CA",16,0,208,-118.7393333,38.045,8.2
nn00759846,2020-07-13 23:33:36,3.4,"26 km SSE of Mina, Nevada",1,0,178,-118.0325,38.1554,1.7
nn00759605,2020-07-13 01:33:16,3.5,"34 km SE of Mina, Nevada",3,0,189,-117.8248,38.1744,10.2
nn00759507,2020-07-12 18:10:14,3.4,"27 km SSE of Mina, Nevada",6,0,179,-118.0405,38.1526,1.5
us7000aman,2020-07-12 14:11:32,3,"11 km WSW of Stanley, Idaho",1,0,139,-115.0697,44.1838,10
nn00759427,2020-07-12 12:04:58,3,"30 km SSE of Mina, Nevada",1,0,139,-117.9316,38.1547,12.4
us7000am8b,2020-07-12 08:47:54,3.1,"51 km NW of Toyah, Texas",2,0,148,-104.2184,31.6019,5
us7000aly6,2020-07-11 13:48:27,3.3,"14 km SW of Stanley, Idaho",3,0,168,-115.0818,44.1314,10
nn00758843,2020-07-10 14:22:35,3,"34 km SE of Mina, Nevada",,0,138,-117.848,38.1633,7.9
us7000al8t,2020-07-10 08:23:15,3,"13 km SW of Stanley, Idaho",7,0,141,-115.0665,44.1339,10
us7000al8x,2020-07-10 08:15:23,4.1,"18 km SW of Stanley, Idaho",37,0,273,-115.0844,44.0919,10
us7000al8q,2020-07-10 08:15:04,3.9,"14 km SW of Stanley, Idaho",61,0,263,-115.0616,44.1234,14.11
us7000al5p,2020-07-10 02:04:43,3,"11 km NW of Stanley, Idaho",11,0,143,-115.0281,44.2942,10
us7000akzh,2020-07-09 19:58:31,3.4,"10 km NE of Wright, Wyoming",,0,178,-105.3909,43.8044,0
us7000aky2,2020-07-09 19:15:36,3.6,"15 km ESE of Wright, Wyoming",,0,199,-105.3083,43.713,0
us7000akxy,2020-07-09 19:12:55,3.2,"4 km WSW of Colstrip, Montana",,0,158,-106.6698,45.8647,0
nn00758288,2020-07-08 21:27:44,3.7,"26 km SW of Goldfield, Nevada",5,0,212,-117.4392,37.5281,9.1
nn00758285,2020-07-08 21:23:34,3,"26 km SW of Goldfield, Nevada",,0,138,-117.4357,37.5281,5.5
nn00757683,2020-07-07 03:39:50,3,"26 km SW of Goldfield, Nevada",,0,138,-117.4389,37.527,6.8
ci39282359,2020-07-07 02:34:01,3.15,"10km N of Borrego Springs, CA",26,0,161,-116.3713333,33.3456667,11.36
nn00757652,2020-07-07 01:05:58,3.2,"27 km SW of Goldfield, Nevada",,0,158,-117.4412,37.5243,7.3
us7000aj0f,2020-07-06 19:58:15,3,"29 km NNE of Sheridan, Wyoming",,0,138,-106.7637,45.0208,0
us7000aiwg,2020-07-06 17:09:25,3,"5 km N of Kinney, Minnesota",,0,138,-92.7216,47.5651,0
nn00757359,2020-07-06 08:22:17,3,"29 km SSE of Mina, Nevada",,0,138,-118.0267,38.1361,7.7
nn00757297,2020-07-06 06:12:54,4.5,"29 km SE of Mina, Nevada",18,0,318,-117.8907,38.1856,5.6
nn00757294,2020-07-06 06:10:37,3.4,"30 km SE of Mina, Nevada",,0,178,-117.884,38.1758,6.5
ci39281039,2020-07-06 03:05:16,3.03,"35km ENE of Lucerne Valley, CA",4,0,143,-116.6376667,34.6063333,7.35
us7000aid2,2020-07-05 18:39:13,3,"43 km NW of Stanley, Idaho",,0,138,-115.2489,44.5379,10
us7000aicn,2020-07-05 17:57:40,3.1,"57 km S of Whites City, New Mexico",2,0,148,-104.3676,31.6603,5
nc73421981,2020-07-05 16:14:07,3.97,"2km NW of The Geysers, CA",166,0,309,-122.7663333,38.788,0.92
ci39280319,2020-07-05 12:17:01,3.42,"26km WNW of Ocotillo, CA",41,0,196,-116.2268333,32.8655,10.16
nc73421471,2020-07-04 20:09:37,3.18,"30km SE of Bodie, CA",1,0,156,-118.7341667,38.054,6.99
ok2020nbiq,2020-07-04 17:27:16,3.12,"5 km W of Kipp, Kansas",,0,150,-97.51647186,38.79285431,5
nn00756756,2020-07-04 15:45:19,3,"32 km SE of Mina, Nevada",,0,138,-117.8628,38.1754,4.7
nc73421341,2020-07-04 13:12:53,3.09,"2km NE of Prattville, CA",86,0,180,-121.1438333,40.2211667,4.98
nn00756704,2020-07-04 12:58:11,3.3,"27 km SW of Goldfield, Nevada",2,0,168,-117.4439,37.5209,9.5
us7000ahqj,2020-07-04 02:57:23,3.3,"12 km W of Stanley, Idaho",2,0,168,-115.0973,44.2148,10
nn00756389,2020-07-03 18:43:58,3.4,"26 km SW of Goldfield, Nevada",3,0,178,-117.4354,37.5253,6
us7000ahg0,2020-07-03 15:24:01,3,"36 km NNW of Stanley, Idaho",,0,138,-115.181,44.499,10
us7000ahdm,2020-07-03 13:50:28,3.8,"27 km NW of Stanley, Idaho",3,0,223,-115.1804,44.3889,10
us7000ahdl,2020-07-03 13:49:37,3.9,"26 km NW of Stanley, Idaho",25,0,241,-115.1698,44.3887,10
nc73420366,2020-07-02 18:49:41,3.42,"12km SSW of Toms Place, CA",13,0,184,-118.7313333,37.4646667,5.11
us7000ak5l,2020-07-02 17:51:52,3,"11 km S of Colstrip, Montana",,0,138,-106.6388,45.7783,0
nn00755850,2020-07-02 10:53:09,3,"35 km SE of Mina, Nevada",,0,138,-117.806,38.171,9.8
us7000afyy,2020-07-01 16:40:11,3.1,"13 km SW of Stanley, Idaho",,0,148,-115.0703,44.136,10
us7000afix,2020-07-01 01:11:03,3.6,"15 km SW of Stanley, Idaho",15,0,204,-115.0918,44.1274,9.81
ci39274191,2020-06-30 17:19:21,3.21,"7km W of Alberto Oviedo Mota, B.C., MX",,0,159,-115.2405,32.2251667,16.58
nn00755304,2020-06-30 15:23:47,3.2,"8 km SW of Silver Peak, Nevada",1,0,158,-117.6966,37.7019,6.8
nn00755218,2020-06-30 09:24:23,5,"29 km SSE of Mina, Nevada",60,0,413,-117.9583,38.1539,8.3
us7000aeft,2020-06-29 16:42:29,3,"35 km NNW of Stanley, Idaho",,0,138,-115.1833,44.4847,10
ci39271783,2020-06-29 01:55:49,3.55,"14km SE of Lone Pine, CA",12,0,198,-117.9756667,36.4833333,7.16
ci39271647,2020-06-28 22:13:58,3.7,"13km SSE of Bombay Beach, CA",12,0,215,-115.6945,33.2341667,2.72
nn00754718,2020-06-28 01:40:36,3.2,"33 km SE of Mina, Nevada",,0,158,-117.8384,38.1734,7.6
uw61638072,2020-06-27 11:25:51,3.42,"21 km ENE of Amanda Park, Washington",17,0,186,-123.623833333333,47.4996666666667,33.49
nn00754216,2020-06-27 01:32:35,3.6,"39 km ESE of Mina, Nevada",,0,199,-117.7242,38.196,3.1
us7000ad1w,2020-06-27 00:35:56,3.8,"17 km SW of Stanley, Idaho",4,0,223,-115.1067,44.1178,10
us7000acsa,2020-06-27 00:34:47,3.4,"15 km SW of Stanley, Idaho",10,0,181,-115.0911,44.132,10
ci39268303,2020-06-26 18:55:08,3.21,"18km SSE of Lone Pine, CA",1,0,159,-117.9836667,36.442,4.03
ci39268023,2020-06-26 16:57:05,3.09,"18km SSE of Lone Pine, CA",,0,147,-117.9783333,36.4453333,4
ci39266839,2020-06-26 02:23:26,3.33,"17km SSE of Lone Pine, CA",,0,171,-117.992,36.4451667,3.94
ok2020mlhn,2020-06-25 22:43:23,3,"5 km NW of Lahoma, Oklahoma",1,0,139,-98.13366667,36.416,7.92
ci39266607,2020-06-25 22:21:44,3.12,"18km SSE of Lone Pine, CA",,0,150,-117.9748333,36.4438333,5.43
ci39266287,2020-06-25 19:48:06,3.03,"22km NNW of Borrego Springs, CA",22,0,150,-116.4313333,33.4465,10.7
ci39266159,2020-06-25 19:06:44,3.15,"17km SSE of Lone Pine, CA",4,0,154,-117.9895,36.4478333,3.75
ci39496504,2020-06-25 13:58:38,3.05,"18km NNE of Olancha, CA",,0,143,-117.9603333,36.4395,6.89
uu60398647,2020-06-25 11:58:43,3.13,"28 km ENE of Boulder Town, Utah",9,0,154,-111.1431667,38.046,19.72
ci39496160,2020-06-25 10:34:27,3.47,"14km SE of Lone Pine, CA",16,0,191,-117.9705,36.4841667,6.53
us7000aart,2020-06-25 07:17:51,3,"27 km NW of Stanley, Idaho",5,0,140,-115.1827,44.3936,10
us7000aanf,2020-06-25 05:20:59,4.6,"27 km NW of Stanley, Idaho",1752,0,826,-115.1814,44.3989,7.54
nc73415886,2020-06-25 04:09:07,3.23,"1km ESE of The Geysers, CA",26,0,170,-122.743,38.7751667,0.52
ci39495128,2020-06-25 00:09:30,3.43,"15km SE of Lone Pine, CA",11,0,186,-117.9736667,36.481,7.23
uu60398552,2020-06-24 23:33:15,3.11,"10 km N of Moccasin, Arizona",32,0,157,-112.744,37.0001667,20.81
nn00752967,2020-06-24 21:43:52,3,"37 km SE of Mina, Nevada",,0,138,-117.7625,38.1909,7.4
us7000aaey,2020-06-24 21:30:55,3.4,"24 km ESE of Wright, Wyoming",,0,178,-105.2386,43.6322,0
ci39494672,2020-06-24 21:12:48,3.73,"15km SE of Lone Pine, CA",30,0,227,-117.9716667,36.4795,6.86
ci39494264,2020-06-24 19:02:17,3.3,"18km NNE of Olancha, CA",14,0,173,-117.933,36.4375,8.32
ci39494128,2020-06-24 18:25:39,3.25,"14km SE of Lone Pine, CA",6,0,165,-117.9735,36.4845,9.45
ci39494120,2020-06-24 18:20:38,3.77,"15km SE of Lone Pine, CA",52,0,240,-117.9681667,36.4806667,10.23
ci39494088,2020-06-24 18:14:18,3.06,"18km NNE of Olancha, CA",13,0,149,-117.9518333,36.439,7.33
ci39494008,2020-06-24 17:59:19,4.59,"19km SE of Lone Pine, CA",334,0,491,-117.9311667,36.456,9.62
ci39493968,2020-06-24 17:45:00,3.49,"19km SE of Lone Pine, CA",84,0,224,-117.9385,36.4568333,10.88
ci39493944,2020-06-24 17:40:49,5.8,"18km SSE of Lone Pine, CA",8278,1,1098,-117.9751667,36.4468333,4.66
nn00752366,2020-06-23 15:47:55,3,"29 km SSE of Mina, Nevada",,0,138,-118.0185,38.1302,6.2
us6000ah7y,2020-06-23 14:02:38,3.7,"17 km E of Kelly, Wyoming",102,0,249,-110.4074,43.5952,5
ci39491464,2020-06-23 06:48:10,3.15,"16km SSE of Lone Pine, CA",4,0,154,-117.9808333,36.4585,5.03
us6000ah11,2020-06-23 06:18:23,3,"11 km W of Stanley, Idaho",2,0,139,-115.0782,44.1997,10
nc73414356,2020-06-23 04:46:33,3.31,"29km SE of Bodie, CA",2,0,169,-118.7413333,38.0665,6.88
ci37447621,2020-06-23 02:52:06,3.66,"18km SSE of Lone Pine, CA",6,0,208,-117.9833333,36.445,0.19
ci39491208,2020-06-23 02:51:58,3.79,"17km SSE of Lone Pine, CA",5,0,223,-117.983,36.4465,4.35
ci39490968,2020-06-23 00:30:52,3.82,"17km SSE of Lone Pine, CA",6,0,227,-117.9776667,36.4503333,3.77
ci37447541,2020-06-23 00:26:46,3.26,"16km SSE of Lone Pine, CA",,0,164,-117.99,36.4545,7.4
ci39490952,2020-06-23 00:25:46,4.65,"17km SSE of Lone Pine, CA",153,0,415,-117.984,36.4466667,2.26
ok2020mfte,2020-06-22 21:47:59,3.7,"6 km N of Nardin, Oklahoma",41,0,228,-97.4355,36.865,5
nn00751902,2020-06-22 19:30:37,3.3,"29 km SSE of Mina, Nevada",,0,168,-117.9513,38.1549,9.1
nn00751726,2020-06-22 09:18:58,3.6,"29 km SE of Mina, Nevada",4,0,200,-117.8852,38.1942,8.1
nn00751671,2020-06-22 06:56:02,3,"33 km SE of Mina, Nevada",,0,138,-117.8384,38.1755,7.5
nn00751597,2020-06-22 04:04:28,3,"29 km SSE of Mina, Nevada",,0,138,-118.0395,38.1293,6.2
us6000ag7k,2020-06-22 02:21:52,3.5,"11 km SW of Stanley, Idaho",16,0,195,-115.054,44.1515,10
ci39489112,2020-06-21 21:31:06,3.3,"92 km SE of Maneadero, B.C., MX",,0,168,-115.9585,31.0766667,-1.61
nn00751340,2020-06-21 14:37:38,3.1,"39 km SE of Mina, Nevada",,0,148,-117.7408,38.1868,10.1
us6000afy7,2020-06-21 14:05:59,3,"27 km NW of Stanley, Idaho",1,0,139,-115.1906,44.3822,10
ci39488496,2020-06-21 09:11:21,3,"16km N of Yucca Valley, CA",34,0,156,-116.4298333,34.2543333,2.17
ok2020mcmz,2020-06-21 03:15:41,4.2,"9 km NW of Perry, Oklahoma",1768,0,821,-97.35883333,36.35883333,7.78
nn00751099,2020-06-21 02:59:57,3.3,"31 km SE of Mina, Nevada",,0,168,-117.8824,38.174,5.9
nn00751071,2020-06-21 02:01:21,3.5,"30 km SE of Mina, Nevada",1,0,189,-117.8862,38.174,4.6
us6000afix,2020-06-20 18:55:22,3.2,"22 km ESE of Wright, Wyoming",,0,158,-105.2537,43.6438,0
nn00750879,2020-06-20 16:38:28,3.2,"29 km SSE of Mina, Nevada",,0,158,-117.9689,38.1467,11.2
nn00750760,2020-06-20 12:28:41,3.3,"36 km SE of Mina, Nevada",,0,168,-117.7979,38.1743,6.3
nn00750711,2020-06-20 11:24:27,4.1,"36 km SE of Mina, Nevada",4,0,260,-117.7965,38.1778,5.6
us7000akky,2020-06-20 08:04:10,3.3,"16 km NW of Stanley, Idaho",,0,168,-115.0692,44.3291,10
us6000afcu,2020-06-20 08:03:20,3.3,"12 km NW of Stanley, Idaho",4,0,169,-115.05,44.2961,12.28
nn00750521,2020-06-20 03:55:27,3.2,"35 km SE of Mina, Nevada",,0,158,-117.8151,38.176,10
nn00750512,2020-06-20 03:49:55,4.2,"34 km SE of Mina, Nevada",,0,271,-117.8174,38.1748,10.1
nn00750384,2020-06-19 23:25:07,4,"35 km SE of Mina, Nevada",2,0,247,-117.8125,38.1733,9.7
us6000af6e,2020-06-19 21:54:37,3.5,"27 km SSE of Wright, Wyoming",,0,188,-105.3557,43.5286,0
nn00750312,2020-06-19 20:42:21,4.9,"34 km SE of Mina, Nevada",39,0,384,-117.8345,38.1698,6.5
nn00750239,2020-06-19 16:07:08,3,"29 km SSE of Mina, Nevada",,0,138,-117.9925,38.1442,7.7
nn00750141,2020-06-19 10:43:38,3.3,"35 km SE of Mina, Nevada",,0,168,-117.8094,38.1696,11
nn00750130,2020-06-19 10:26:43,4.3,"35 km SE of Mina, Nevada",5,0,286,-117.8182,38.1716,11.3
ok2020lyex,2020-06-18 18:38:13,3.04,"9 km WNW of Prague, Oklahoma",6,0,144,-96.78516667,35.52033333,7
us6000aeck,2020-06-18 18:09:46,3.1,"25 km NW of Stanley, Idaho",2,0,148,-115.1616,44.376,10
nn00749736,2020-06-18 03:44:59,3.3,"33 km SE of Mina, Nevada",1,0,168,-117.8383,38.1751,9.7
ci39483592,2020-06-18 00:35:11,3.18,"20km NW of Ojai, CA",48,0,170,-119.3893333,34.5803333,0.59
nc73410846,2020-06-17 17:35:02,3.36,"8km NE of Alum Rock, CA",3326,0,654,-121.7625,37.414,8.23
us6000adcc,2020-06-17 07:59:39,3.9,southern Idaho,27,0,245,-115.1594,44.3897,13.34
ci39481424,2020-06-16 05:58:22,3.8,"13km E of Coso Junction, CA",7,0,224,-117.8073333,36.0433333,1.34
nn00749012,2020-06-15 19:37:53,3,"29 km SE of Mina, Nevada",1,0,139,-117.8955,38.1842,11.6
nn00748811,2020-06-15 09:12:36,3.5,"29 km S of Mina, Nevada",,0,188,-118.0544,38.1249,2.7
nn00748659,2020-06-15 01:32:35,3,"29 km SSE of Mina, Nevada",,0,138,-117.9788,38.1434,12
nn00748633,2020-06-15 00:27:56,3.2,"29 km SSE of Mina, Nevada",,0,158,-117.9597,38.1496,9
us6000abmx,2020-06-14 12:11:37,4.2,"10 km NW of Stanley, Idaho",141,0,325,-115.048,44.2753,7.64
nn00747938,2020-06-13 13:03:02,3.1,"33 km SE of Mina, Nevada",,0,148,-117.8866,38.1453,9.9
nn00747919,2020-06-13 11:59:13,3,"35 km NE of Benton, California",1,0,139,-118.2332,38.0799,6.6
nn00747912,2020-06-13 11:48:26,3,"35 km SSW of Mina, Nevada",,0,138,-118.2321,38.0849,6
nn00747897,2020-06-13 11:33:19,3.6,"35 km SSW of Mina, Nevada",,0,199,-118.2335,38.0843,7.1
ci39477608,2020-06-13 06:45:06,3.14,"19km ESE of Little Lake, CA",10,0,154,-117.705,35.9026667,2.66
nn00747748,2020-06-13 05:57:11,3.4,"39 km SE of Mina, Nevada",1,0,178,-117.7352,38.1922,9
us6000aat5,2020-06-12 17:16:43,3.1,"5 km WNW of Leonidas, Minnesota",,0,148,-92.6335,47.485,0
nn00747331,2020-06-12 04:21:26,3.1,"30 km SSE of Mina, Nevada",,0,148,-118.0267,38.1253,8.2
us6000aaei,2020-06-12 03:28:30,3.1,"15 km SW of Stanley, Idaho",5,0,149,-115.0868,44.1329,10
us6000ae61,2020-06-11 19:22:20,3.4,"30 km ESE of Wright, Wyoming",,0,178,-105.1272,43.6802,0
nn00747164,2020-06-11 17:08:39,3.3,"28 km SSE of Mina, Nevada",1,0,168,-117.9653,38.158,2.1
nn00746961,2020-06-11 08:22:57,3.3,"36 km SE of Mina, Nevada",,0,168,-117.796,38.1727,4.7
nn00747151,2020-06-11 08:22:53,3.3,"36 km SE of Mina, Nevada",,0,168,-117.7979,38.1771,5.1
nn00746898,2020-06-11 06:06:38,3.2,"31 km SE of Mina, Nevada",1,0,158,-117.8989,38.1613,7.9
ci39473968,2020-06-11 04:14:12,3.62,"23km ESE of Little Lake, CA",32,0,212,-117.6818333,35.8353333,7.81
nn00746745,2020-06-11 00:04:12,3.4,"29 km SSE of Mina, Nevada",,0,178,-117.9521,38.1527,8.8
nn00746728,2020-06-10 23:03:18,3.4,"31 km SE of Mina, Nevada",,0,178,-117.8878,38.172,7.6
nn00746699,2020-06-10 22:09:05,3.1,"31 km SE of Mina, Nevada",2,0,148,-117.8721,38.1803,10.4
nc73406336,2020-06-10 13:25:46,3.27,"8km SW of Tres Pinos, CA",73,0,191,-121.3758333,36.728,2.26
nn00746288,2020-06-10 04:34:49,3.2,"37 km SE of Mina, Nevada",3,0,158,-117.7553,38.201,8.3
nn00746090,2020-06-09 22:40:13,3.4,"30 km SE of Mina, Nevada",1,0,178,-117.8888,38.1821,5.3
us6000a8j3,2020-06-09 14:49:01,3,"9 km WNW of Stanley, Idaho",1,0,139,-115.0341,44.2632,10
us6000a8i5,2020-06-09 13:54:02,4.2,"11 km NW of Stanley, Idaho",87,0,303,-115.0309,44.2927,10
nn00745837,2020-06-09 13:38:54,4.2,"37 km SE of Mina, Nevada",4,0,272,-117.7726,38.1775,11.5
ci39470888,2020-06-09 06:13:18,3.26,"46km SW of Primo Tapia, B.C., MX",,0,164,-117.2281667,31.9031667,23.71
us6000a87a,2020-06-09 01:53:17,3.2,"7 km N of Stanley, Idaho",2,0,158,-114.9503,44.2889,10
nn00745076,2020-06-08 08:22:49,3.6,"29 km SSE of Mina, Nevada",4,0,200,-117.9781,38.1463,10.8
ci39469848,2020-06-08 04:15:05,4.29,"14km S of Searles Valley, CA",310,1,426,-117.4175,35.6376667,3.64
nn00744961,2020-06-08 03:24:05,4.8,"34 km SE of Mina, Nevada",51,0,378,-117.7912,38.2059,5.2
nn00744819,2020-06-07 20:18:56,3.2,"32 km SE of Mina, Nevada",2,0,158,-117.8885,38.1568,3.4
nc73404456,2020-06-07 13:13:24,3.4,"29km SE of Bodie, CA",2,0,178,-118.7708333,38.0381667,6.77
nn00744554,2020-06-07 09:23:25,3.5,"30 km SSE of Mina, Nevada",,0,188,-118.0214,38.1245,7.9
nn00744542,2020-06-07 08:56:17,3.8,"39 km NW of Osino, Nevada",4,0,223,-115.9676,41.2028,11.1
ci39468648,2020-06-07 03:42:04,3.49,"12km NNW of Coso Junction, CA",16,0,194,-117.9843333,36.1478333,2.73
ci39468576,2020-06-07 01:50:59,3.26,"12km E of Ocotillo Wells, CA",7,0,166,-116.0031667,33.1616667,7.09
nn00744304,2020-06-07 01:47:07,3.2,"29 km SSE of Mina, Nevada",2,0,158,-117.9773,38.1485,12.9
nn00743974,2020-06-06 10:13:04,3.8,"36 km SE of Mina, Nevada",1,0,222,-117.7984,38.1747,10.1
nn00743844,2020-06-06 05:41:19,3.5,"29 km SSE of Mina, Nevada",3,0,189,-117.9731,38.1505,10.2
nn00743758,2020-06-06 02:28:14,4.1,"36 km SE of Mina, Nevada",3,0,260,-117.8007,38.1678,8.9
nc73403421,2020-06-05 23:09:19,3.16,"6km E of Interlaken, CA",184,0,216,-121.671,36.9438333,6.53
us6000a6ri,2020-06-05 18:36:43,3.8,"34 km NNW of Stanley, Idaho",13,0,226,-115.1675,44.4838,13.3
nn00743563,2020-06-05 17:48:03,3.3,"29 km S of Mina, Nevada",,0,168,-118.0951,38.1255,2.3
nn00743528,2020-06-05 16:39:07,3.5,"38 km SE of Mina, Nevada",,0,188,-117.7625,38.1774,3.3
us6000a6b3,2020-06-05 02:41:39,3.2,western Texas,3,0,158,-103.6267,31.0118,5
nn00742924,2020-06-04 17:56:04,3.2,"26 km SSE of Mina, Nevada",3,0,158,-117.9666,38.1791,3.5
ci39464360,2020-06-04 10:27:28,3.64,"14km S of Searles Valley, CA",25,0,212,-117.4233333,35.6458333,6.01
ci39463528,2020-06-04 04:37:46,3.54,"18km S of Trona, CA",18,0,200,-117.4083333,35.6061667,6.34
ci39463336,2020-06-04 03:47:35,3.1,"15km S of Searles Valley, CA",9,0,150,-117.421,35.6313333,8.75
ci39463040,2020-06-04 02:43:57,3.26,"16km S of Trona, CA",10,0,167,-117.4118333,35.6216667,9.29
ci39462920,2020-06-04 02:27:54,4.16,"12km NNW of Coso Junction, CA",33,0,282,-117.9796667,36.1498333,2.01
ci39462768,2020-06-04 02:07:26,3.22,"18km S of Trona, CA",14,0,165,-117.4098333,35.6068333,8.21
ci39462744,2020-06-04 02:04:00,3.01,"16km S of Searles Valley, CA",,0,139,-117.4205,35.625,9.61
ci39462672,2020-06-04 01:52:45,3.28,"16km S of Searles Valley, CA",87,0,201,-117.4243333,35.6245,10.06
ci39462536,2020-06-04 01:32:11,5.51,"17km S of Searles Valley, CA",10014,1,1257,-117.4281667,35.6148333,8.44
nn00742312,2020-06-04 00:49:05,3.6,"29 km SSE of Mina, Nevada",7,0,202,-118.0282,38.1352,7.9
ci39462368,2020-06-03 23:13:45,3.44,"12km NNW of Coso Junction, CA",11,0,187,-117.9826667,36.1468333,1.81
ok2020kxda,2020-06-03 23:00:27,3.41,"9 km NW of Perry, Oklahoma",11,0,183,-97.357,36.35483333,7.71
us6000a5ie,2020-06-03 22:24:51,3.7,"11 km NNW of Stanley, Idaho",2,0,211,-115.0204,44.3065,3.39
nn00742121,2020-06-03 17:28:58,3.1,"30 km SE of Mina, Nevada",,0,148,-117.8933,38.1736,11.8
us6000aa5c,2020-06-03 16:03:56,3,"5 km SSW of Colstrip, Montana",,0,138,-106.6443,45.8333,0
ci39228631,2020-06-03 15:33:36,3.11,"12km NNW of Coso Junction, CA",2,0,150,-117.9841667,36.1446667,2.03
ci39227895,2020-06-03 04:36:23,3.9,"40km NNW of Barstow, CA",260,0,333,-117.1843333,35.2301667,1.47
us6000a4q9,2020-06-02 21:46:41,3.1,"21 km WNW of Auburn, Wyoming",3,0,149,-111.2613,42.8433,5
us6000a4l0,2020-06-02 18:36:27,3.3,"13 km NW of Stanley, Idaho",,0,168,-115.0726,44.2848,10
us6000a8p4,2020-06-02 14:56:24,3.2,"22 km NNE of Wright, Wyoming",,0,158,-105.3864,43.9431,0
nn00741338,2020-06-02 13:07:48,3,"28 km SSE of Mina, Nevada",,0,138,-118.0065,38.1485,7.7
nn00741206,2020-06-02 08:36:23,3,"28 km SSE of Mina, Nevada",,0,138,-118.0048,38.147,3.6
nn00740956,2020-06-02 02:01:27,3.4,"29 km S of Mina, Nevada",2,0,178,-118.0874,38.1219,2.2
nn00740880,2020-06-02 00:47:34,3,"33 km SE of Mina, Nevada",,0,138,-117.8324,38.1773,9
us6000a3kf,2020-06-01 10:45:36,3.2,"10 km ESE of Gardendale, Texas",78,0,200,-102.2884,31.9743,5
nn00740380,2020-06-01 09:38:49,3.5,"31 km SE of Mina, Nevada",,0,188,-117.8708,38.1739,8.2
us6000a3hp,2020-06-01 07:46:15,3.7,"44 km NNW of Stanley, Idaho",,0,211,-115.2143,44.5649,10.89
nn00740054,2020-06-01 00:57:46,3.1,"35 km SE of Mina, Nevada",,0,148,-117.8332,38.1606,8.2
nn00740047,2020-06-01 00:54:24,3.6,"33 km SE of Mina, Nevada",1,0,200,-117.8454,38.1666,7.3
nn00739873,2020-05-31 19:25:29,3.6,"36 km SE of Mina, Nevada",1,0,200,-117.78,38.1819,4.5
us6000a37q,2020-05-31 16:52:05,3.9,"16 km SW of Stanley, Idaho",31,0,245,-115.0969,44.1266,10
nn00739410,2020-05-31 07:45:52,3.2,"34 km SE of Mina, Nevada",,0,158,-117.8423,38.1628,7.7
nn00739304,2020-05-31 05:03:15,3.5,"27 km S of Mina, Nevada",5,0,190,-118.0655,38.1468,7.7
nc73399446,2020-05-31 01:07:15,4.34,"29km SE of Bodie, CA",42,0,304,-118.7618333,38.0448333,8.11
nn00738988,2020-05-30 16:02:11,3,"30 km SSE of Mina, Nevada",,0,138,-118.0115,38.1223,2.4
nn00738979,2020-05-30 15:55:02,3.7,"33 km SE of Mina, Nevada",,0,211,-117.8493,38.1677,4.6
nn00738821,2020-05-30 11:05:24,3,"29 km S of Mina, Nevada",,0,138,-118.0871,38.1286,4.5
nc73399001,2020-05-30 09:22:57,3.61,"29km SE of Bodie, CA",4,0,202,-118.7496667,38.0481667,8.83
nc73398981,2020-05-30 09:07:32,3.49,"30km SE of Bodie, CA",,0,187,-118.75,38.0446667,6.99
nn00738444,2020-05-29 23:43:43,4,"28 km SSE of Mina, Nevada",2,0,247,-117.9934,38.1508,8.9
nn00738359,2020-05-29 20:45:39,3.9,"39 km SE of Mina, Nevada",,0,234,-117.7428,38.1878,9.3
nn00738331,2020-05-29 19:36:28,3.1,"27 km SSE of Mina, Nevada",,0,148,-118.0114,38.153,2.6
nn00738320,2020-05-29 19:22:22,3.1,"27 km SSE of Mina, Nevada",,0,148,-118.0105,38.1516,2.6
nn00738210,2020-05-29 15:03:40,3.1,"31 km SE of Mina, Nevada",1,0,148,-117.8924,38.1587,5
nn00738275,2020-05-29 13:25:32,3.1,"39 km SE of Mina, Nevada",,0,148,-117.7435,38.1777,8.7
nn00738160,2020-05-29 13:25:19,3,"39 km SE of Mina, Nevada",,0,138,-117.7407,38.183,8.5
uu60391377,2020-05-29 10:39:04,3.08,"25 km ENE of West Yellowstone, Montana",,0,146,-110.7995,44.7276667,9.56
nn00737922,2020-05-29 06:26:36,3,"32 km SE of Mina, Nevada",,0,138,-117.8043,38.2278,8.2
nn00737555,2020-05-28 20:44:31,3,"28 km S of Mina, Nevada",,0,138,-118.0644,38.1345,3.5
us6000a1af,2020-05-28 20:02:25,3.5,"17 km E of Wright, Wyoming",,0,188,-105.2792,43.7559,0
nc73397916,2020-05-28 19:19:13,3.47,"16km NW of Pinnacles, CA",319,0,291,-121.2631667,36.6403333,9.19
nn00737490,2020-05-28 18:45:35,3.2,"32 km SE of Mina, Nevada",,0,158,-117.8445,38.1837,9
nn00737209,2020-05-28 12:03:21,3.4,"39 km ESE of Mina, Nevada",2,0,178,-117.7262,38.2057,8
nn00737089,2020-05-28 08:29:46,3.8,"27 km SSE of Mina, Nevada",3,0,223,-118.026,38.1517,2.7
nn00736986,2020-05-28 06:28:46,3,"31 km S of Mina, Nevada",2,0,139,-118.177,38.1146,6.7
nc73397436,2020-05-28 04:19:09,3.27,"29km SE of Bodie, CA",,0,165,-118.7628333,38.0446667,6.26
nc73397431,2020-05-28 04:18:09,3.01,"29km SE of Bodie, CA",,0,139,-118.7581667,38.0435,7.55
nn00736648,2020-05-27 21:45:03,3.3,"28 km S of Mina, Nevada",1,0,168,-118.0696,38.1351,2.9
us6000a0dl,2020-05-27 19:09:33,3.3,"36 km SE of Wright, Wyoming",,0,168,-105.1237,43.5556,0
nn00736500,2020-05-27 17:43:11,3.3,"33 km SE of Mina, Nevada",1,0,168,-117.8483,38.1669,7.4
nc73397161,2020-05-27 17:02:01,3.23,"2km E of Aromas, CA",125,0,203,-121.6213333,36.8876667,6.8
nn00736420,2020-05-27 16:03:23,4.2,"35 km SE of Mina, Nevada",4,0,273,-117.8019,38.1752,9.5
ci39218863,2020-05-27 04:52:31,3.66,"6km SE of Oildale, CA",1359,0,596,-118.9645,35.385,15.96
nn00735933,2020-05-27 03:16:09,3.4,"33 km SE of Mina, Nevada",,0,178,-117.8445,38.1696,9.1
nn00735859,2020-05-27 00:57:02,3.8,"28 km S of Mina, Nevada",5,0,224,-118.0492,38.1394,2.2
nn00735741,2020-05-26 22:14:30,3.6,"35 km SE of Mina, Nevada",,0,199,-117.8186,38.1707,7.9
us60009zjr,2020-05-26 21:21:53,3,"55 km S of Whites City, New Mexico",,0,138,-104.4222,31.6772,5
ci39218391,2020-05-26 19:53:46,3.59,"21km E of Ocotillo, CA",45,0,214,-115.7691667,32.7123333,10.2
nn00735530,2020-05-26 16:31:53,3.1,"32 km SE of Mina, Nevada",2,0,148,-117.8783,38.1608,6.6
nn00735203,2020-05-26 09:30:42,3.3,"32 km SSE of Mina, Nevada",,0,168,-117.9636,38.1212,9.6
nn00735067,2020-05-26 06:40:46,3.2,"27 km S of Mina, Nevada",1,0,158,-118.0831,38.1392,5.1
nn00734769,2020-05-26 00:47:52,3,"39 km ESE of Mina, Nevada",,0,138,-117.7274,38.1987,7.9
us70009qad,2020-05-26 00:47:47,3.1,"14 km WNW of Stanley, Idaho",3,0,149,-115.1003,44.2687,10
nn00734692,2020-05-25 22:52:29,3.2,"39 km SE of Mina, Nevada",,0,158,-117.7447,38.1852,9.5
nn00734638,2020-05-25 21:40:52,3.5,"33 km SE of Mina, Nevada",,0,188,-117.8548,38.1705,6.4
us70009q5v,2020-05-25 20:03:19,3,"13 km WNW of Stanley, Idaho",1,0,139,-115.0792,44.2811,10
nn00734320,2020-05-25 15:34:52,3.3,"29 km S of Mina, Nevada",1,0,168,-118.0711,38.1276,3
nc73395891,2020-05-25 15:27:23,3.06,"5km NE of Tres Pinos, CA",117,0,180,-121.2883333,36.8243333,8.91
nn00734239,2020-05-25 13:34:28,3.2,"33 km SE of Mina, Nevada",,0,158,-117.8607,38.1595,4.7
nn00733785,2020-05-25 04:44:25,3.4,"28 km SSE of Mina, Nevada",1,0,178,-118.0047,38.1481,3.3
nn00733773,2020-05-25 04:32:20,3.1,"29 km SSE of Mina, Nevada",,0,148,-117.964,38.1533,9.4
nn00733754,2020-05-25 04:03:16,3.4,"28 km SSE of Mina, Nevada",1,0,178,-117.9804,38.1515,11.7
nn00733701,2020-05-25 03:01:08,3.1,"29 km SSE of Mina, Nevada",,0,148,-117.9837,38.1468,12.2
nn00733694,2020-05-25 02:55:49,3.8,"29 km SSE of Mina, Nevada",2,0,223,-117.9892,38.1442,12.4
nn00733691,2020-05-25 02:54:52,3,"29 km SSE of Mina, Nevada",,0,138,-117.9845,38.1475,11.4
nn00733594,2020-05-25 00:41:26,3.5,"39 km SE of Mina, Nevada",,0,188,-117.7384,38.1935,8.2
nn00733527,2020-05-24 22:32:00,3.6,"30 km SE of Mina, Nevada",1,0,200,-117.8843,38.1846,7.2
us70009plc,2020-05-24 20:39:42,3.3,"12 km NW of Stanley, Idaho",2,0,168,-115.0672,44.2868,10
nn00733258,2020-05-24 15:02:54,3.3,"31 km SE of Mina, Nevada",,0,168,-117.8794,38.1744,5.9
ok2020kefy,2020-05-24 14:53:59,3.87,"2 km SE of Meno, Oklahoma",21,0,242,-98.1585,36.3645,7.89
us70009php,2020-05-24 14:43:21,3.2,"39 km ESE of Mina, Nevada",,0,158,-117.7131,38.2141,8.53
ci39214247,2020-05-24 12:55:09,3.78,"19km ESE of Little Lake, CA",108,0,266,-117.7163333,35.8708333,7.11
ci39214127,2020-05-24 11:30:37,3.53,"19km ESE of Little Lake, CA",11,0,195,-117.7166667,35.871,7.02
nn00733035,2020-05-24 09:57:52,3.9,"30 km SSE of Mina, Nevada",3,0,235,-117.9779,38.138,9.7
nn00732813,2020-05-24 05:58:29,3.1,"29 km SSE of Mina, Nevada",,0,148,-117.9608,38.1565,3.5
nn00732809,2020-05-24 05:53:30,3.1,"28 km SSE of Mina, Nevada",,0,148,-117.9604,38.1574,3
nn00732354,2020-05-23 18:53:49,3,"34 km SE of Mina, Nevada",,0,138,-117.8415,38.1652,7.2
us70009p64,2020-05-23 18:51:34,3.3,"26 km SSE of Wright, Wyoming",,0,168,-105.3362,43.537,0
nn00732194,2020-05-23 14:15:46,3.1,"19 km E of Mina, Nevada",1,0,148,-117.8805,38.3816,6.7
nn00732164,2020-05-23 13:07:08,3.5,"28 km SSE of Mina, Nevada",1,0,189,-117.9914,38.1473,9.3
nn00731990,2020-05-23 09:19:17,3.6,"29 km SSE of Mina, Nevada",2,0,200,-118.0087,38.1361,7.8
nn00731765,2020-05-23 03:46:58,3.3,"31 km SSE of Mina, Nevada",,0,168,-117.9524,38.1368,7.9
nc73393851,2020-05-23 03:29:30,3.14,"14km S of Mammoth Lakes, CA",5,0,153,-118.9915,37.5153333,2.93
us70009nmq,2020-05-22 18:01:02,3.5,"20 km ENE of Wright, Wyoming",,0,188,-105.2702,43.836,0
nn00731458,2020-05-22 17:50:45,3.1,"29 km SSE of Mina, Nevada",2,0,148,-117.9644,38.1473,8.2
us70009nk9,2020-05-22 16:42:00,3.1,"23 km NW of Stanley, Idaho",2,0,148,-115.175,44.349,10
nn00731403,2020-05-22 16:19:42,3.1,"33 km SE of Mina, Nevada",1,0,148,-117.8571,38.1603,4.6
nn00731384,2020-05-22 15:54:46,3.3,"33 km SE of Mina, Nevada",1,0,168,-117.8581,38.1641,5.8
nc73393256,2020-05-22 13:58:05,3.16,"5km ESE of Shaver Lake, CA",10,0,157,-119.2688333,37.0831667,44.62
nn00731265,2020-05-22 13:01:06,4.2,"29 km S of Mina, Nevada",6,0,273,-118.0615,38.1286,6.1
nn00731306,2020-05-22 13:00:43,3.3,"28 km S of Mina, Nevada",,0,168,-118.0631,38.1321,6.2
nn00731201,2020-05-22 11:58:53,3,"33 km SE of Mina, Nevada",,0,138,-117.8479,38.1655,4.9
nn00731147,2020-05-22 10:29:26,3.1,"30 km SSE of Mina, Nevada",,0,148,-117.9841,38.1364,9
us70009n7y,2020-05-22 09:34:04,3.8,"13 km WNW of Stanley, Idaho",8,0,226,-115.078,44.2837,10.93
nn00731001,2020-05-22 07:00:08,3,"29 km SSE of Mina, Nevada",,0,138,-118.0033,38.1362,6
nn00730902,2020-05-22 04:30:00,3.2,"29 km SSE of Mina, Nevada",1,0,158,-117.9637,38.1518,10.6
nn00730721,2020-05-22 00:22:00,5.1,"32 km ESE of Mina, Nevada",108,0,450,-117.7939,38.2309,7.2
nn00730707,2020-05-21 23:44:53,3,Nevada,,0,138,-117.7429,38.1903,8.8
us70009mwf,2020-05-21 23:35:46,3.5,"12 km WNW of Stanley, Idaho",9,0,191,-115.0819,44.2533,10
us70009mse,2020-05-21 20:47:45,3,"56 km S of Whites City, New Mexico",1,0,139,-104.3921,31.6647,5
us70009mqf,2020-05-21 19:45:45,3.1,"35 km NW of Stanley, Idaho",1,0,148,-115.2842,44.4235,10
nn00730461,2020-05-21 16:33:10,3.2,"28 km SSE of Mina, Nevada",1,0,158,-118.0016,38.1472,4.8
nn00730463,2020-05-21 16:33:00,3.2,"32 km SE of Mina, Nevada",1,0,158,-117.8837,38.1612,7.9
nn00730380,2020-05-21 14:32:15,3,"33 km SE of Mina, Nevada",,0,138,-117.8374,38.1726,7.1
nn00730278,2020-05-21 12:08:08,3.1,"33 km SE of Mina, Nevada",,0,148,-117.8448,38.173,6.7
us70009meb,2020-05-21 11:50:18,3,"22 km SW of Coyanosa, Texas",,0,138,-103.2207,31.0854,5
us70009me1,2020-05-21 11:33:49,4.4,"26 km NW of Stanley, Idaho",174,0,381,-115.1563,44.3926,5.67
us70009mdr,2020-05-21 11:05:26,3.4,"35 km NW of Stanley, Idaho",5,0,180,-115.2866,44.4122,11.33
nn00730059,2020-05-21 06:37:18,3.2,"39 km ESE of Mina, Nevada",,0,158,-117.7262,38.1972,6.4
nn00729996,2020-05-21 05:00:56,3.1,"29 km SE of Mina, Nevada",,0,148,-117.8896,38.1848,6.6
nn00729837,2020-05-21 00:53:52,3,"34 km SE of Mina, Nevada",,0,138,-117.7842,38.2145,7.2
nn00729812,2020-05-21 00:11:46,3,"34 km SE of Mina, Nevada",,0,138,-117.8601,38.1531,5.6
nn00729788,2020-05-20 23:29:00,3,"29 km S of Mina, Nevada",,0,138,-118.0637,38.1305,6.9
nn00729693,2020-05-20 21:07:00,3.4,"39 km SE of Mina, Nevada",,0,178,-117.7344,38.1925,7.5
nn00729653,2020-05-20 20:19:14,3.4,"39 km SE of Mina, Nevada",,0,178,-117.7417,38.1855,8
nn00729592,2020-05-20 18:38:06,3.5,"38 km ESE of Mina, Nevada",4,0,189,-117.7314,38.207,9.7
nn00729570,2020-05-20 17:57:30,3,"30 km SSE of Mina, Nevada",,0,138,-117.9552,38.1432,4.8
ci39208391,2020-05-20 16:40:56,3.58,"11km SW of Searles Valley, CA",69,0,221,-117.497,35.7031667,8.96
nn00729525,2020-05-20 16:35:25,3.1,"28 km SSE of Mina, Nevada",,0,148,-117.9786,38.1511,11.7
nn00729511,2020-05-20 16:19:37,3.4,"39 km SE of Mina, Nevada",1,0,178,-117.7349,38.1873,7.7
nn00729488,2020-05-20 15:49:49,3.6,"28 km SSE of Mina, Nevada",,0,199,-117.9569,38.1599,6.2
nn00729475,2020-05-20 15:39:36,3.4,"28 km SSE of Mina, Nevada",,0,178,-117.9558,38.1588,5.7
nn00729463,2020-05-20 15:19:16,3.3,"36 km SE of Mina, Nevada",,0,168,-117.7936,38.1729,12.1
nn00729441,2020-05-20 14:44:29,3.4,"37 km SE of Mina, Nevada",,0,178,-117.7515,38.1992,11
nn00729412,2020-05-20 13:57:21,3.3,"37 km SE of Mina, Nevada",3,0,168,-117.7536,38.1958,11
nn00729383,2020-05-20 13:34:55,3.3,"37 km SE of Mina, Nevada",,0,168,-117.7504,38.1978,9.3
nn00729347,2020-05-20 12:52:07,3.3,"38 km ESE of Mina, Nevada",1,0,168,-117.7394,38.209,8
nn00729339,2020-05-20 12:41:59,3.2,"37 km ESE of Mina, Nevada",,0,158,-117.7442,38.2047,7.7
us6000a0ze,2020-05-20 12:38:37,4.3,"36 km ESE of Mina, Nevada",,0,284,-117.7592,38.2073,5.71
nn00729332,2020-05-20 12:36:53,5,"38 km ESE of Mina, Nevada",47,0,402,-117.7453,38.2012,11.7
nn00729376,2020-05-20 10:41:31,3.4,"33 km SE of Mina, Nevada",,0,178,-117.8352,38.1791,5.4
nn00729220,2020-05-20 09:47:49,3.1,"28 km S of Mina, Nevada",,0,148,-118.0806,38.1336,5.7
nn00729215,2020-05-20 09:46:16,4.1,"28 km S of Mina, Nevada",2,0,259,-118.0676,38.1351,7.1
nn00729217,2020-05-20 09:45:46,3.6,"29 km S of Mina, Nevada",,0,199,-118.0724,38.1257,4.2
nn00729141,2020-05-20 07:45:21,3.1,"29 km SSE of Mina, Nevada",,0,148,-117.9922,38.1449,5.2
us70009lfb,2020-05-20 07:29:20,3.1,"23 km NW of Stanley, Idaho",5,0,149,-115.183,44.3417,3.44
nn00729077,2020-05-20 06:11:40,3.1,"34 km SE of Mina, Nevada",,0,148,-117.8793,38.1403,7.4
nn00729041,2020-05-20 05:25:39,3.3,"28 km SSE of Mina, Nevada",,0,168,-117.9627,38.159,8.1
nn00728983,2020-05-20 03:49:57,3.9,"29 km S of Mina, Nevada",2,0,234,-118.0627,38.1255,5.5
nn00728954,2020-05-20 03:13:49,4,"28 km S of Mina, Nevada",2,0,247,-118.0667,38.1373,7.1
nn00728945,2020-05-20 03:04:24,3.3,"33 km SE of Mina, Nevada",,0,168,-117.8561,38.1657,5.7
nn00728896,2020-05-20 01:44:34,3.4,"30 km SE of Mina, Nevada",,0,178,-117.8669,38.1906,7.8
us70009l7x,2020-05-19 22:54:00,3.1,"48 km ESE of Paradise Valley, Nevada",,0,148,-117.0394,41.2687,6.83
nn00728819,2020-05-19 22:12:45,4.6,"32 km SE of Mina, Nevada",10,0,329,-117.8535,38.1755,8.1
nn00735484,2020-05-19 21:48:54,3.4,"33 km SE of Mina, Nevada",,0,178,-117.8774,38.152,7.2
nn00728804,2020-05-19 18:01:59,3.1,"29 km SE of Mina, Nevada",,0,148,-117.9033,38.1755,5.5
nc73390316,2020-05-19 15:58:31,4.17,"28km WNW of Petrolia, CA",164,0,328,-124.562,40.4538333,23.64
nn00728682,2020-05-19 13:21:34,3.3,"28 km SSE of Mina, Nevada",,0,168,-117.9551,38.1681,4.8
nn00728633,2020-05-19 10:58:43,4,"36 km SE of Mina, Nevada",,0,246,-117.7921,38.1776,8.4
nn00728620,2020-05-19 10:42:17,3.1,"33 km SE of Mina, Nevada",,0,148,-117.7966,38.2098,10.1
nn00728614,2020-05-19 10:36:37,3.7,"33 km SE of Mina, Nevada",,0,211,-117.859,38.1591,6.8
nn00728581,2020-05-19 09:48:50,3.9,"28 km S of Mina, Nevada",,0,234,-118.0631,38.1368,6.3
nn00728557,2020-05-19 09:20:11,3,"29 km S of Mina, Nevada",,0,138,-118.0659,38.1299,7.6
nn00728546,2020-05-19 09:08:33,4.3,"35 km SE of Mina, Nevada",1,0,285,-117.8017,38.1782,10.5
ci39206855,2020-05-19 07:15:39,3.16,"6km NNW of Delta, B.C., MX",,0,154,-115.2175,32.4066667,9.9
nc73389911,2020-05-19 07:02:01,3.28,"30km SE of Bodie, CA",3,0,166,-118.7273333,38.0541667,6.99
nn00728359,2020-05-19 03:43:22,3.5,"33 km SE of Mina, Nevada",,0,188,-117.8902,38.1443,8.2
nn00728324,2020-05-19 02:13:33,3.4,"29 km SSE of Mina, Nevada",,0,178,-117.9561,38.1567,6.7
nn00728264,2020-05-18 23:40:51,3,"36 km SE of Mina, Nevada",,0,138,-117.7705,38.1938,9.3
nn00728253,2020-05-18 23:23:34,3.4,"33 km SE of Mina, Nevada",,0,178,-117.8646,38.1551,5.6
nn00728210,2020-05-18 21:51:01,3.3,"28 km SSE of Mina, Nevada",,0,168,-117.9921,38.1532,4.9
nn00728170,2020-05-18 19:47:18,3.4,"30 km SE of Mina, Nevada",,0,178,-117.8876,38.1795,7.7
nn00728161,2020-05-18 19:23:35,3.1,"30 km SSE of Mina, Nevada",,0,148,-117.9244,38.1613,7.1
nn00728153,2020-05-18 19:13:49,3.4,"33 km SE of Mina, Nevada",,0,178,-117.868,38.1534,6.8
nn00728129,2020-05-18 18:35:47,3,"33 km SE of Mina, Nevada",,0,138,-117.7908,38.2222,5.6
nn00728122,2020-05-18 18:30:19,3.4,"28 km S of Mina, Nevada",,0,178,-118.0471,38.1423,6.2
nn00728105,2020-05-18 17:41:57,3,"39 km SE of Mina, Nevada",,0,138,-117.7411,38.1846,10.5
nn00728025,2020-05-18 13:02:44,3,"38 km SE of Mina, Nevada",,0,138,-117.7465,38.1907,8.1
nn00728048,2020-05-18 11:29:24,3.3,"39 km SE of Mina, Nevada",,0,168,-117.7362,38.1881,10.6
nn00727938,2020-05-18 09:45:55,3.5,"30 km SSE of Mina, Nevada",4,0,189,-117.9789,38.1375,11.7
nn00727909,2020-05-18 08:44:57,3,"34 km SE of Mina, Nevada",,0,138,-117.8365,38.1644,6.2
nn00727892,2020-05-18 08:05:15,3,"38 km SE of Mina, Nevada",,0,138,-117.7712,38.1733,11.6
nn00727886,2020-05-18 07:53:57,3.1,"31 km SE of Mina, Nevada",,0,148,-117.8676,38.183,10.6
nn00727829,2020-05-18 06:21:03,3.1,"39 km SE of Mina, Nevada",,0,148,-117.7463,38.1836,8.6
nn00727712,2020-05-18 02:19:08,4.3,"25 km S of Mina, Nevada",1,0,285,-118.0999,38.1651,5.9
nn00727655,2020-05-18 00:46:34,3.4,"40 km SE of Mina, Nevada",,0,178,-117.7262,38.184,9.9
nn00727646,2020-05-18 00:29:53,3,Nevada,,0,138,-117.8351,38.1798,6.5
nn00727640,2020-05-18 00:26:22,3.5,"30 km SSE of Mina, Nevada",1,0,189,-117.9548,38.1477,8.3
nn00727618,2020-05-17 23:19:54,3.9,"29 km SSE of Mina, Nevada",,0,234,-117.9927,38.1437,4.7
nn00727575,2020-05-17 21:47:44,4.3,"27 km SSE of Mina, Nevada",1,0,285,-118.0462,38.1449,5
nn00727561,2020-05-17 21:17:02,4.7,"35 km SE of Mina, Nevada",20,0,351,-117.8028,38.1749,10.4
us70009j3p,2020-05-17 20:24:25,3,"10 km NW of Stanley, Idaho",,0,138,-115.0369,44.2806,11.93
nn00727500,2020-05-17 19:21:49,3.3,"28 km S of Mina, Nevada",,0,168,-118.0586,38.1405,5.5
nn00727505,2020-05-17 19:21:33,3.3,"29 km SSE of Mina, Nevada",,0,168,-117.9646,38.1533,5.7
nn00727479,2020-05-17 19:08:23,3.9,"30 km SSE of Mina, Nevada",,0,234,-117.9354,38.1573,12
nn00727460,2020-05-17 18:16:52,3.7,"28 km SSE of Mina, Nevada",,0,211,-117.9954,38.1478,5.5
nc73389810,2020-05-17 17:36:39,3.17,"16km NW of Parkfield, CA",3,0,156,-120.561,35.9941667,3.79
nn00727414,2020-05-17 16:57:13,3.5,"39 km SE of Mina, Nevada",1,0,189,-117.7403,38.1863,7.9
nn00727369,2020-05-17 15:13:02,3.1,"30 km N of Benton, California",,0,148,-118.5332,38.0915,7.1
ci39204695,2020-05-17 13:49:30,3.11,"21km ESE of Little Lake, CA",4,0,150,-117.6825,35.8783333,3.94
nn00727300,2020-05-17 13:17:55,3.9,"28 km SSE of Mina, Nevada",,0,234,-117.9583,38.1577,10.5
nn00727277,2020-05-17 12:34:46,3,"27 km SSE of Mina, Nevada",,0,138,-118.02,38.1545,6.5
nn00727244,2020-05-17 11:53:53,4.5,"29 km SSE of Mina, Nevada",10,0,315,-117.9553,38.15,9.6
nn00727224,2020-05-17 11:22:50,3.7,"35 km SE of Mina, Nevada",,0,211,-117.7843,38.2026,11.5
ok2020jrdy,2020-05-17 11:10:49,3.05,"9 km SW of Dibble, Oklahoma",22,0,152,-97.69883333,34.9745,11.2
nn00727164,2020-05-17 09:42:21,3.4,"29 km SSE of Mina, Nevada",,0,178,-117.9965,38.1363,8.8
nn00727120,2020-05-17 08:28:48,4.3,"34 km SE of Mina, Nevada",3,0,285,-117.8439,38.1618,7.3
nn00727104,2020-05-17 07:54:09,3.3,"29 km SSE of Mina, Nevada",,0,168,-117.9829,38.1439,11.4
nn00727083,2020-05-17 07:33:01,3,"28 km SSE of Mina, Nevada",,0,138,-118.0113,38.1495,7
nn00727385,2020-05-17 06:42:02,3.3,"36 km SE of Mina, Nevada",,0,168,-117.7858,38.1772,5.9
nn00727043,2020-05-17 06:24:24,3.4,"31 km SE of Mina, Nevada",,0,178,-117.8804,38.1705,0
nn00727030,2020-05-17 06:11:46,3.5,"39 km SE of Mina, Nevada",,0,188,-117.7455,38.1822,7.2
nn00727031,2020-05-17 06:11:32,3.3,"28 km SSE of Mina, Nevada",,0,168,-117.9343,38.1773,4.4
nn00727009,2020-05-17 05:53:08,3,"28 km S of Mina, Nevada",,0,138,-118.064,38.1321,6
nn00726986,2020-05-17 05:02:22,3.5,"33 km SE of Mina, Nevada",,0,188,-117.8524,38.1605,5.9
nn00726941,2020-05-17 03:48:41,3,"38 km ESE of Mina, Nevada",,0,138,-117.7388,38.1995,8
nn00726923,2020-05-17 03:25:32,3.2,"32 km SE of Mina, Nevada",,0,158,-117.855,38.1719,4.5
us70009ikh,2020-05-17 03:21:47,3.3,"18 km WNW of Stanley, Idaho",8,0,170,-115.1326,44.3071,10
nn00726910,2020-05-17 03:04:21,3.4,"36 km SE of Mina, Nevada",,0,178,-117.7921,38.1717,8.4
us70009ijq,2020-05-17 02:38:55,3.1,"8 km NNW of Stanley, Idaho",1,0,148,-114.9727,44.2874,10
nn00726881,2020-05-17 02:12:27,3,"38 km SE of Mina, Nevada",,0,138,-117.7588,38.1875,8.1
nn00726797,2020-05-16 23:49:28,3.2,"40 km ESE of Mina, Nevada",,0,158,-117.7222,38.1972,8.9
nn00726772,2020-05-16 23:27:14,4.4,"28 km SSE of Mina, Nevada",1,0,298,-118.0327,38.1425,4.7
nn00726756,2020-05-16 22:45:38,3.1,"29 km S of Mina, Nevada",,0,148,-118.0567,38.1277,7.8
nn00726744,2020-05-16 22:22:27,3.1,"28 km SE of Mina, Nevada",,0,148,-117.887,38.2007,7.2
nn00726724,2020-05-16 21:39:33,3,"33 km SE of Mina, Nevada",,0,138,-117.8751,38.1498,5.1
nn00726716,2020-05-16 21:15:58,3.1,"28 km SSE of Mina, Nevada",,0,148,-117.9975,38.1503,9.8
nn00726703,2020-05-16 20:58:18,3.7,"27 km SSE of Mina, Nevada",2,0,211,-117.937,38.1799,5.4
nn00726665,2020-05-16 20:17:44,3.8,"35 km ESE of Mina, Nevada",,0,222,-117.763,38.2196,5.7
nn00726657,2020-05-16 19:55:12,3.1,"27 km SSE of Mina, Nevada",,0,148,-117.9607,38.17,8.1
nn00726646,2020-05-16 19:31:54,3,"31 km SE of Mina, Nevada",1,0,139,-117.8522,38.197,14.8
us70009mpc,2020-05-16 18:50:12,3.1,"38 km ESE of Mina, Nevada",,0,148,-117.7397,38.2013,10.33
nn00726624,2020-05-16 18:49:43,3,"37 km SE of Mina, Nevada",1,0,139,-117.7524,38.1981,4.3
nn00726593,2020-05-16 18:06:42,3,"36 km SE of Mina, Nevada",,0,138,-117.7737,38.1934,7.4
us70009i9s,2020-05-16 18:00:38,3.2,"36 km NW of Stanley, Idaho",6,0,159,-115.2219,44.4741,15.47
nn00726587,2020-05-16 17:53:58,3,"35 km SE of Mina, Nevada",,0,138,-117.7839,38.2009,11.5
nn00726581,2020-05-16 17:49:59,3.6,"27 km SSE of Mina, Nevada",,0,199,-118.0185,38.1516,6.8
nn00726527,2020-05-16 16:38:41,3.3,"38 km SE of Mina, Nevada",1,0,168,-117.7659,38.1792,7.1
nc73388380,2020-05-16 16:38:34,3.17,"12km S of Tres Pinos, CA",15,0,159,-121.3125,36.6841667,4.47
nn00726524,2020-05-16 16:36:01,3,"37 km SE of Mina, Nevada",,0,138,-117.7627,38.1937,10.6
nn00726521,2020-05-16 16:32:31,3.2,"39 km SE of Mina, Nevada",,0,158,-117.7382,38.191,0
nn00726468,2020-05-16 15:05:16,3,"32 km SE of Mina, Nevada",,0,138,-117.8047,38.2157,8
nn00726443,2020-05-16 14:21:14,3,"26 km SSE of Mina, Nevada",,0,138,-117.9828,38.1756,0
nn00726361,2020-05-16 11:54:23,3.8,"39 km SE of Mina, Nevada",,0,222,-117.7349,38.1929,11.3
nn00726353,2020-05-16 11:50:54,4.6,"38 km ESE of Mina, Nevada",17,0,332,-117.7347,38.2118,16.8
nn00726350,2020-05-16 11:49:30,3,"36 km SE of Mina, Nevada",,0,138,-117.7708,38.1935,7.6
nn00726322,2020-05-16 10:54:17,3,"29 km SSE of Mina, Nevada",,0,138,-117.9435,38.1621,8.7
nn00726300,2020-05-16 10:30:29,3.4,"27 km SE of Mina, Nevada",,0,178,-117.904,38.2004,5.6
nn00726292,2020-05-16 10:28:40,3.9,"28 km SE of Mina, Nevada",1,0,234,-117.9008,38.192,6.8
nn00726267,2020-05-16 09:45:56,3,"24 km SSE of Mina, Nevada",,0,138,-118.0381,38.1736,11.1
nn00726236,2020-05-16 09:08:39,3.5,"39 km SE of Mina, Nevada",,0,188,-117.7447,38.1789,7.4
nn00726229,2020-05-16 09:05:10,3.3,"28 km SE of Mina, Nevada",,0,168,-117.8906,38.2025,8.4
nn00726225,2020-05-16 08:59:51,3,"25 km S of Mina, Nevada",,0,138,-118.0688,38.1616,16.1
nn00726177,2020-05-16 07:42:06,3,"35 km SE of Mina, Nevada",,0,138,-117.8342,38.154,6.5
nn00726147,2020-05-16 07:11:47,3.2,"37 km SE of Mina, Nevada",,0,158,-117.7674,38.1921,11.2
nn00726145,2020-05-16 07:09:22,3,"32 km SE of Mina, Nevada",,0,138,-117.8583,38.172,6.5
nn00726140,2020-05-16 06:59:33,3.5,"38 km SE of Mina, Nevada",,0,188,-117.7475,38.1864,7.2
nn00726129,2020-05-16 06:52:46,3.5,"38 km ESE of Mina, Nevada",2,0,189,-117.7347,38.2015,4.7
nn00726119,2020-05-16 06:40:44,3.6,"39 km ESE of Mina, Nevada",,0,199,-117.7149,38.2122,10.5
nn00726114,2020-05-16 06:35:10,3.2,"28 km SSE of Mina, Nevada",,0,158,-117.9849,38.1547,4.7
nn00726095,2020-05-16 06:06:17,3.7,"33 km NE of Benton, California",1,0,211,-118.2364,38.0581,5.9
nn00726059,2020-05-16 05:12:15,3.3,"32 km SE of Mina, Nevada",,0,168,-117.8424,38.1893,5.4
nn00726050,2020-05-16 05:01:09,3.8,Nevada,,0,222,-117.9345,38.1751,12.4
nn00726051,2020-05-16 05:00:55,3.7,"32 km SE of Mina, Nevada",,0,211,-117.8606,38.1764,1.2
us70009hra,2020-05-16 04:56:31,3,"26 km SSE of Mina, Nevada",,0,138,-117.9408,38.1894,5
nn00726027,2020-05-16 04:32:16,3.8,"32 km SE of Mina, Nevada",,0,222,-117.8555,38.1794,9
nn00726015,2020-05-16 04:21:00,3.1,"26 km SE of Mina, Nevada",,0,148,-117.9073,38.2083,6.2
nn00726009,2020-05-16 04:12:21,4.6,"31 km SSE of Mina, Nevada",9,0,329,-117.9756,38.1313,5
ci39202567,2020-05-16 03:31:06,3.06,"22km N of Trona, CA",1,0,144,-117.3355,35.9555,3.3
nn00725966,2020-05-16 03:22:38,3.1,"28 km SSE of Mina, Nevada",,0,148,-117.9372,38.1756,6.1
nn00725939,2020-05-16 02:50:45,3.5,"26 km SSE of Mina, Nevada",,0,188,-118.009,38.1619,6.8
nn00725933,2020-05-16 02:39:16,3,"30 km ESE of Mina, Nevada",,0,138,-117.8126,38.2412,20.8
nn00725918,2020-05-16 02:13:51,3.1,"28 km SSE of Mina, Nevada",2,0,149,-117.9435,38.1734,6.1
ci39202447,2020-05-16 01:46:57,3.4,"12km N of Coso Junction, CA",6,0,179,-117.9233333,36.1515,2.16
nn00725864,2020-05-16 01:10:03,3.4,"36 km SE of Mina, Nevada",,0,178,-117.7823,38.1796,15
nn00725846,2020-05-16 00:31:58,3.3,"29 km SSE of Mina, Nevada",,0,168,-117.9703,38.1462,3.1
us70009hfq,2020-05-15 22:59:52,3,"32 km NW of Stanley, Idaho",2,0,139,-115.1874,44.4439,10
nn00725782,2020-05-15 22:50:24,3.5,"28 km SE of Mina, Nevada",,0,188,-117.9186,38.1829,18.7
nn00725777,2020-05-15 22:46:30,4.3,"33 km SE of Mina, Nevada",11,0,289,-117.8419,38.1692,10.6
nn00725763,2020-05-15 22:25:08,3.8,"40 km SE of Mina, Nevada",,0,222,-117.7294,38.1798,2.1
ci39202199,2020-05-15 22:24:44,3,"45km S of San Clemente Is. (SE tip), CA",7,0,140,-118.2715,32.4228333,17.49
nn00725752,2020-05-15 22:15:49,4.3,"27 km SSE of Mina, Nevada",3,0,285,-118.0136,38.1518,5.4
nn00725743,2020-05-15 21:59:43,4.2,"36 km SE of Mina, Nevada",5,0,274,-117.7984,38.1656,6.1
nc73386685,2020-05-15 21:47:23,3.07,"5km NE of East Quincy, CA",38,0,159,-120.851,39.9621667,11.71
nn00725719,2020-05-15 21:29:43,3.5,"26 km SSE of Mina, Nevada",,0,188,-117.9445,38.1871,6.4
us70009hbw,2020-05-15 21:29:16,3.1,"32 km SE of Mina, Nevada",,0,148,-117.8353,38.1973,10
nn00725717,2020-05-15 21:19:50,3,"32 km SE of Mina, Nevada",,0,138,-117.8093,38.2229,17.1
nn00725694,2020-05-15 20:54:11,3.6,"28 km SSE of Mina, Nevada",,0,199,-117.9723,38.1569,7.3
nn00725650,2020-05-15 20:03:46,3.9,"34 km SE of Mina, Nevada",,0,234,-117.8377,38.1703,0
us70009h7p,2020-05-15 20:02:11,3.4,"13 km ESE of Wright, Wyoming",,0,178,-105.3383,43.7115,0
nn00725643,2020-05-15 19:59:36,3.4,"34 km SE of Mina, Nevada",,0,178,-117.8431,38.1562,8.1
nn00725627,2020-05-15 19:43:26,3,"35 km SE of Mina, Nevada",3,0,138,-117.8134,38.17,10.3
nn00725616,2020-05-15 19:14:54,3.2,"30 km SSE of Mina, Nevada",,0,158,-117.9748,38.1384,6.2
nn00725611,2020-05-15 19:13:23,3,"27 km SE of Mina, Nevada",1,0,138,-117.897,38.2067,13.1
nn00725605,2020-05-15 19:05:09,3.5,"38 km ESE of Mina, Nevada",1,0,189,-117.7234,38.2146,6
us70009h3w,2020-05-15 18:56:20,3.1,"29 km S of Mina, Nevada",,0,148,-118.1187,38.1251,10
us70009h42,2020-05-15 18:56:11,3.2,"33 km SE of Mina, Nevada",,0,158,-117.8401,38.1727,10
nn00725596,2020-05-15 18:52:41,3.8,"32 km SE of Mina, Nevada",,0,222,-117.8588,38.1717,4.3
nn00725588,2020-05-15 18:41:57,3,"23 km SSE of Mina, Nevada",,0,138,-117.9758,38.2059,12.6
nn00725582,2020-05-15 18:38:13,3.1,"38 km SE of Mina, Nevada",,0,148,-117.7406,38.1956,17.2
nn00725563,2020-05-15 18:10:32,4.2,"32 km SE of Mina, Nevada",,0,271,-117.8436,38.1858,6.4
nn00725555,2020-05-15 18:02:05,3.1,"31 km SSE of Mina, Nevada",1,0,148,-117.9284,38.1485,18.4
nn00725552,2020-05-15 17:52:38,3.1,"29 km SSE of Mina, Nevada",,0,148,-117.9572,38.1527,7
nn00725546,2020-05-15 17:50:16,4.7,"34 km SE of Mina, Nevada",15,0,349,-117.8295,38.173,5.8
us70009h17,2020-05-15 17:49:12,3.7,"27 km SSE of Mina, Nevada",,0,211,-117.957,38.1769,5
nn00725538,2020-05-15 17:42:25,3.2,"29 km S of Mina, Nevada",,0,158,-118.0432,38.1265,9.9
nn00725533,2020-05-15 17:38:16,3.3,"27 km SSE of Mina, Nevada",1,0,168,-118.0212,38.154,14.5
nn00725526,2020-05-15 17:25:20,3.5,"29 km SSE of Mina, Nevada",1,0,189,-118.0144,38.1382,10.8
nn00725521,2020-05-15 17:18:29,3.3,"39 km SE of Mina, Nevada",,0,168,-117.7321,38.1878,1.6
nn00725516,2020-05-15 17:08:07,3.7,"34 km SE of Mina, Nevada",1,0,211,-117.8329,38.1747,8.4
nn00725509,2020-05-15 16:52:53,3.5,"33 km SE of Mina, Nevada",,0,188,-117.8368,38.1736,4.8
nn00725492,2020-05-15 16:35:44,3.9,"35 km SE of Mina, Nevada",5,0,236,-117.8097,38.1762,7.2
nn00725489,2020-05-15 16:33:59,3.1,"32 km SSE of Mina, Nevada",,0,148,-117.9019,38.1428,2.2
nn00735763,2020-05-15 16:07:52,3,"29 km SE of Mina, Nevada",2,0,138,-117.8659,38.2012,14
us70009gwi,2020-05-15 15:49:14,3,"38 km ESE of Mina, Nevada",1,0,139,-117.7412,38.2079,6.56
nn00725464,2020-05-15 15:38:34,3,"28 km SE of Mina, Nevada",1,0,138,-117.9224,38.1813,5.1
nn00725454,2020-05-15 15:23:24,4.8,"36 km SE of Mina, Nevada",14,0,360,-117.8006,38.1667,7.6
us70009gv3,2020-05-15 15:21:26,3,"30 km S of Mina, Nevada",,0,138,-118.0801,38.1129,8.27
nn00725442,2020-05-15 15:16:05,3.1,"30 km SSE of Mina, Nevada",,0,148,-117.9492,38.1461,2.8
nn00725434,2020-05-15 15:07:25,3.9,"31 km SE of Mina, Nevada",,0,234,-117.898,38.1562,2.9
nn00725426,2020-05-15 14:58:50,3.3,"28 km SSE of Mina, Nevada",2,0,168,-117.954,38.1683,6.5
nn00725415,2020-05-15 14:30:53,3.1,"40 km ESE of Mina, Nevada",2,0,149,-117.7224,38.188,4.7
nn00746659,2020-05-15 14:22:16,3,"28 km SSE of Mina, Nevada",2,0,139,-117.9801,38.1547,6.3
nn00725402,2020-05-15 14:09:28,3,"25 km SSE of Mina, Nevada",1,0,139,-117.9758,38.1881,3.4
nn00725400,2020-05-15 14:04:08,3.2,"30 km ESE of Mina, Nevada",,0,158,-117.8111,38.2484,7.1
nn00725399,2020-05-15 14:00:28,3.4,"27 km SSE of Mina, Nevada",5,0,180,-118.0012,38.1587,10
nn00725387,2020-05-15 13:51:37,4.2,"28 km SSE of Mina, Nevada",5,0,273,-117.9421,38.1692,6.7
nn00725380,2020-05-15 13:45:45,3.4,"39 km SE of Mina, Nevada",1,0,178,-117.7378,38.1836,7.1
nn00725373,2020-05-15 13:39:04,3.9,"30 km SSE of Mina, Nevada",4,0,236,-117.9485,38.1437,6.1
nn00725367,2020-05-15 13:35:24,3.8,"34 km ESE of Mina, Nevada",6,0,225,-117.7759,38.2234,8.6
nn00725363,2020-05-15 13:32:03,3.2,"32 km SE of Mina, Nevada",0,0,158,-117.8617,38.1715,3.9
nn00725360,2020-05-15 13:28:17,3.3,"26 km SSE of Mina, Nevada",5,0,170,-117.9571,38.185,8.6
nn00725359,2020-05-15 13:24:42,3.3,"33 km SE of Mina, Nevada",,0,168,-117.8574,38.168,5
nn00725354,2020-05-15 13:18:57,3,"29 km SE of Mina, Nevada",,0,138,-117.9177,38.1737,8.5
nn00725345,2020-05-15 13:02:12,4.3,"37 km SE of Mina, Nevada",7,0,288,-117.7952,38.1663,7.6
nn00725343,2020-05-15 12:58:25,3,"39 km SE of Mina, Nevada",1,0,139,-117.7472,38.1721,0
nn00725341,2020-05-15 12:54:19,3.3,"27 km SSE of Mina, Nevada",2,0,168,-118.039,38.1525,4.9
nn00725340,2020-05-15 12:50:21,3.1,"36 km SE of Mina, Nevada",1,0,148,-117.8076,38.1604,9.4
nn00725337,2020-05-15 12:47:34,3.3,"35 km SE of Mina, Nevada",1,0,168,-117.7855,38.1977,6.3
nn00725335,2020-05-15 12:45:06,3,"31 km SE of Mina, Nevada",,0,138,-117.8634,38.177,17.7
us70009gls,2020-05-15 12:36:27,3,"29 km SE of Mina, Nevada",1,0,138,-117.9126,38.1752,10
nn00725328,2020-05-15 12:31:37,3.1,"32 km SE of Mina, Nevada",2,0,148,-117.8683,38.1714,18
nn00725325,2020-05-15 12:12:42,3.2,"28 km SE of Mina, Nevada",1,0,158,-117.898,38.1916,5.5
nn00725323,2020-05-15 12:10:24,3.5,"32 km SE of Mina, Nevada",4,0,190,-117.8707,38.1621,18.2
nn00725312,2020-05-15 12:00:41,4.5,"36 km SE of Mina, Nevada",41,0,330,-117.8104,38.1667,6.3
us70009gka,2020-05-15 11:58:29,3.5,"31 km SE of Mina, Nevada",,0,188,-117.8892,38.1681,10
nn00725310,2020-05-15 11:57:00,3.4,"30 km SE of Mina, Nevada",2,0,179,-117.9028,38.1656,3.1
nn00725306,2020-05-15 11:52:07,4.8,"29 km SSE of Mina, Nevada",18,0,364,-117.9831,38.1469,5.8
nn00725300,2020-05-15 11:45:28,3.4,"31 km SSE of Mina, Nevada",5,0,180,-117.9723,38.1324,7.3
nn00742909,2020-05-15 11:41:30,3,"39 km SE of Mina, Nevada",,0,138,-117.7445,38.1812,0
us70009gk3,2020-05-15 11:40:14,3.2,"29 km SSE of Mina, Nevada",4,0,159,-118.0211,38.137,10
nn00742902,2020-05-15 11:33:12,3,"30 km SSE of Mina, Nevada",,0,138,-118.0059,38.1291,0
nn00742898,2020-05-15 11:32:41,3,"29 km SSE of Mina, Nevada",,0,138,-117.9767,38.1464,6
nn00725296,2020-05-15 11:30:16,4,"30 km SSE of Mina, Nevada",13,0,251,-117.9888,38.1337,5.5
nn00725291,2020-05-15 11:26:01,5.1,"31 km SE of Mina, Nevada",170,0,516,-117.8711,38.1811,6.8
us70009gji,2020-05-15 11:25:42,3.6,"26 km SSE of Mina, Nevada",,0,199,-117.9736,38.1737,5
nn00742885,2020-05-15 11:19:38,3.4,"26 km SSE of Mina, Nevada",5,0,180,-118.0297,38.1607,16.2
nn00725284,2020-05-15 11:18:12,4.9,"28 km SSE of Mina, Nevada",234,0,493,-117.9598,38.1596,3.8
nn00725330,2020-05-15 11:17:22,3.8,"32 km SSE of Mina, Nevada",29,0,234,-117.9092,38.1485,5.1
nn00725279,2020-05-15 11:12:37,4,"28 km SE of Mina, Nevada",32,0,259,-117.8787,38.2029,6.7
nn00742884,2020-05-15 11:11:32,3.5,"37 km SE of Mina, Nevada",,0,188,-117.7692,38.188,18
nn00725277,2020-05-15 11:09:09,4.1,"29 km SSE of Mina, Nevada",97,0,300,-117.9952,38.1406,10.8
nn00725272,2020-05-15 11:03:27,6.5,"Monte Cristo Range, NV Earthquake",11961,0,1320,-117.8497,38.1689,2.7
ci39200671,2020-05-14 23:37:40,3.26,"19km S of Trona, CA",14,0,168,-117.4188333,35.596,6.08
us70009g5z,2020-05-14 17:45:31,3.1,"6 km NNE of Kinney, Minnesota",,0,148,-92.6984,47.5703,0
us70009fq3,2020-05-14 00:21:52,4.4,"31 km NW of Stanley, Idaho",345,0,439,-115.2139,44.4149,12.75
us70009fnf,2020-05-13 22:36:48,3.6,"26 km NW of Stanley, Idaho",13,0,204,-115.1802,44.3837,17.16
us70009fl8,2020-05-13 20:39:45,3,"43 km W of Mentone, Texas",,0,138,-104.0538,31.7034,5
us70009fip,2020-05-13 19:10:28,3.2,"24 km SE of Wright, Wyoming",,0,158,-105.2421,43.6203,0
us70009fhq,2020-05-13 18:36:26,3,"28 km NW of Stanley, Idaho",,0,138,-115.2102,44.3892,16.13
us70009lm4,2020-05-13 17:31:45,3.1,"18 km SSE of Antelope Valley-Crestview, Wyoming",,0,148,-105.4208,44.0619,0
us70009lm3,2020-05-13 17:09:54,3.2,"13 km NNW of Kinney, Minnesota",,0,158,-92.781,47.6347,0
us70009f9i,2020-05-13 11:52:03,3.5,"58 km S of Whites City, New Mexico",1,0,189,-104.3103,31.655,5
us70009f82,2020-05-13 09:04:20,3.3,"16 km NNE of Stanley, Idaho",,0,168,-114.8646,44.3567,10
us70009f7n,2020-05-13 08:17:42,3.2,"25 km NW of Stanley, Idaho",,0,158,-115.1608,44.3849,10
ci38491706,2020-05-13 01:31:08,3.15,"15km ESE of Anza, CA",43,0,169,-116.5211667,33.499,10.16
nc73384075,2020-05-12 18:15:13,3.45,"10km NNW of Deep Springs, CA",22,0,192,-118.025,37.4503333,13.02
ci38491186,2020-05-12 17:15:44,3.32,"15km N of Ocotillo, CA",10,0,173,-116.0171667,32.8671667,10.39
ci38490402,2020-05-12 02:46:47,3.3,"18km SE of Ocotillo Wells, CA",15,0,173,-116.0231667,33.0118333,9.89
us70009ehv,2020-05-12 02:00:56,3.1,"10 km N of Stanley, Idaho",4,0,149,-114.9545,44.3094,10
us70009ecm,2020-05-11 21:28:29,3.2,"57 km S of Whites City, New Mexico",,0,158,-104.325,31.6581,5
nc73383660,2020-05-11 20:43:36,3.1,"36km SE of Bodie, CA",,0,148,-118.6993333,38.0066667,-0.66
nc73383655,2020-05-11 20:26:07,3.49,"35km SE of Bodie, CA",2,0,188,-118.7035,38.0055,-1
us70009eac,2020-05-11 19:59:04,3.4,"25 km ENE of Wright, Wyoming",,0,178,-105.2141,43.8565,0
ci38489754,2020-05-11 16:40:54,3.1,"17km ESE of Anza, CA",101,0,179,-116.5041667,33.4975,12.49
ci38488354,2020-05-10 22:07:40,4.54,"17km SE of Ocotillo Wells, CA",4468,0,837,-116.0201667,33.0183333,10.16
us70009dnz,2020-05-10 11:16:21,3.1,"15 km NW of Marathon, Texas",4,0,149,-103.3692,30.289,4.91
se60316866,2020-05-10 08:33:14,3.13,"7 km SSE of Sewanee, Tennessee",138,0,203,-85.8918333,35.1405,8.43
us70009dm3,2020-05-10 05:02:02,3.1,"35 km NW of Stanley, Idaho",2,0,148,-115.2334,44.4524,10
us70009dlk,2020-05-10 05:01:16,3,"32 km NW of Stanley, Idaho",2,0,139,-115.2022,44.4437,10
us70009dkf,2020-05-10 01:54:18,3.1,"24 km NW of Stanley, Idaho",2,0,148,-115.1572,44.3735,10
us70009dgq,2020-05-09 20:03:12,3.2,"15 km ESE of Wright, Wyoming",,0,158,-105.3016,43.7116,0
us70009dfq,2020-05-09 19:04:19,3.6,"46 km NW of Ferme-Neuve, Canada",19,0,207,-75.8523,47.0127,15.64
us70009df1,2020-05-09 17:37:35,3.2,"26 km NW of Stanley, Idaho",2,0,158,-115.1754,44.3907,18.7
us70009d74,2020-05-09 09:42:46,3,"32 km NW of Stanley, Idaho",,0,138,-115.1654,44.4566,10
us70009d51,2020-05-09 07:41:54,3.1,"11 km NE of Stanley, Idaho",2,0,149,-114.8183,44.282,10
us70009cel,2020-05-08 14:55:08,3.7,"34 km NW of Benton, California",,0,211,-118.7414,38.0472,6.02
us70009ccn,2020-05-08 13:04:00,3.7,"12 km WSW of Stanley, Idaho",5,0,212,-115.0919,44.1932,10
ok2020jaah,2020-05-08 01:58:40,3,"6 km NNE of Loyal, Oklahoma",3,0,139,-98.0935,36.02666667,5.75
us70009g1y,2020-05-07 18:56:47,3.3,"19 km SE of Wright, Wyoming",,0,168,-105.322,43.6237,0
us70009btl,2020-05-07 17:02:09,3.2,"15 km ENE of Wright, Wyoming",,0,158,-105.3318,43.8275,0
us70009bmu,2020-05-07 10:59:38,3.1,"54 km S of Whites City, New Mexico",,0,148,-104.38,31.683,5
us70009b45,2020-05-06 15:03:41,3.1,"9 km SE of Bedford, Canada",307,0,265,-72.8946,45.0596,14.1
ci38482130,2020-05-06 08:27:05,3.87,"11km SW of Niland, CA",45,0,249,-115.6156667,33.1843333,10.62
us70009am0,2020-05-05 20:05:02,3.4,"19 km E of Wright, Wyoming",,0,178,-105.2519,43.7227,0
ok2020iubd,2020-05-04 19:34:22,3.24,"6 km NNE of Loyal, Oklahoma",0,0,162,-98.0955,36.0235,5.85
us70009em4,2020-05-04 18:20:35,3,"23 km SSE of Antelope Valley-Crestview, Wyoming",,0,138,-105.3612,44.0312,0
us700099ks,2020-05-04 03:12:24,3,"14 km W of Stanley, Idaho",,0,138,-115.1138,44.2064,10
uu60383497,2020-05-03 13:43:52,3.08,"17 km W of Portage, Utah",5,0,147,-112.4463333,41.9798333,6.62
nc73379725,2020-05-03 13:12:55,3.16,"22km W of Petrolia, CA",2,0,154,-124.5433333,40.3165,10.04
us700099ay,2020-05-03 11:48:21,3.1,"11 km W of Stanley, Idaho",,0,148,-115.0839,44.2023,10
ci38477842,2020-05-03 10:19:24,3.12,"1km NW of Chatsworth, CA",1425,0,530,-118.6093333,34.262,6.35
ci38477458,2020-05-02 23:44:37,3.58,"8km SW of Holtville, CA",77,0,232,-115.4306667,32.7553333,16.91
us700098z8,2020-05-02 20:28:00,3.4,"31 km NE of Ranchester, Wyoming",,0,178,-106.8713,45.1066,0
us700098lp,2020-05-02 09:17:43,3,"28 km NW of Stanley, Idaho",,0,138,-115.192,44.3951,10
us700098ll,2020-05-02 09:08:18,3.7,"8 km WNW of Stanley, Idaho",4,0,212,-115.0321,44.2551,10
ok2020ioza,2020-05-02 00:50:10,3.26,"10 km SE of Amber, Oklahoma",44,0,182,-97.78366667,35.1015,9.63
us7000982b,2020-05-01 04:47:59,3.1,"27 km NW of Stanley, Idaho",,0,148,-115.1907,44.3878,10
uw61618026,2020-04-30 19:38:32,3.08,"19 km SW of Ashland, Oregon",154,0,191,-122.853833333333,42.0591666666667,4.19
us700097bn,2020-04-30 05:24:04,3.3,"56 km S of Whites City, New Mexico",1,0,168,-104.4016,31.6637,5
us70009agi,2020-04-29 20:13:39,3,"14 km ESE of Wright, Wyoming",,0,138,-105.3235,43.6994,0
nc73378105,2020-04-29 12:10:38,3.73,"5km SSE of Bishop, CA",206,0,288,-118.3685,37.3256667,8.42
us60009eqz,2020-04-29 00:59:41,3,"12 km WNW of Stanley, Idaho",,0,138,-115.0883,44.2589,10
us60009ee1,2020-04-29 00:16:03,3.2,"12 km NW of Stanley, Idaho",,0,158,-115.0589,44.2823,12.05
us700099z7,2020-04-28 18:57:19,3.2,"12 km SE of Wright, Wyoming",,0,158,-105.3711,43.6786,0
us60009e0v,2020-04-28 16:10:07,3,southern Idaho,,0,138,-115.2493,44.5331,10
ci39407880,2020-04-27 21:42:43,3.43,"46km SW of Primo Tapia, B.C., MX",3,0,182,-117.3055,31.9613333,5.7
us60009d39,2020-04-27 05:11:44,3.7,southern Idaho,10,0,214,-115.2028,44.4644,10
ci39406880,2020-04-27 03:46:00,4,"13km SW of Searles Valley, CA",567,0,479,-117.4963333,35.6738333,8.76
us60009cvm,2020-04-26 19:59:48,3.5,"27 km NE of Wright, Wyoming",,0,188,-105.2956,43.953,0
us60009cpz,2020-04-26 12:16:14,3,"28 km NW of Stanley, Idaho",6,0,140,-115.2007,44.3887,10
us60009cfd,2020-04-25 22:01:07,3.3,"19 km ESE of Wright, Wyoming",,0,168,-105.272,43.6776,0
ok2020ickt,2020-04-25 03:59:36,3.33,"6 km N of Nardin, Oklahoma",6,0,173,-97.43733333,36.86266667,5
us60009bzp,2020-04-25 02:09:32,3.7,"35 km NW of Stanley, Idaho",4,0,212,-115.2034,44.4792,10
us60009bzi,2020-04-25 02:09:12,3.7,"35 km NW of Stanley, Idaho",10,0,213,-115.2251,44.4627,10
us60009bmn,2020-04-24 17:23:43,3.2,"4 km NE of Virginia, Minnesota",,0,158,-92.5005,47.5503,0
uw61603907,2020-04-24 16:54:12,3.17,"18 km SW of Ashland, Oregon",187,0,226,-122.848,42.0625,4.78
us60009bn6,2020-04-24 16:12:30,3.1,"22 km NW of Stanley, Idaho",,0,148,-115.1677,44.3404,10
us60009bj7,2020-04-24 15:16:28,3.2,"24 km NW of Stanley, Idaho",,0,158,-115.1828,44.3484,10
us60009bc0,2020-04-24 11:40:13,3.6,"45 km NNW of Stanley, Idaho",3,0,200,-115.2537,44.5636,10
us60009b93,2020-04-24 09:02:24,3.3,"26 km NW of Stanley, Idaho",,0,168,-115.1743,44.386,10
us60009b7b,2020-04-24 06:50:27,3.4,"9 km NW of Stanley, Idaho",1,0,178,-115.0366,44.2684,10
nn00723444,2020-04-22 20:49:03,3.2,"61 km N of Tonopah, Nevada",,0,158,-117.1728,38.6155,3.1
us700091n1,2020-04-22 11:22:38,3,"35 km NW of Stanley, Idaho",4,0,140,-115.2104,44.4707,10
us700091l9,2020-04-22 09:25:23,3.6,"14 km W of Stanley, Idaho",5,0,200,-115.1221,44.2387,10
ci39400304,2020-04-22 07:03:47,3.69,"1km S of View Park-Windsor Hills, CA",20412,0,739,-118.3495,33.989,11.6
us700091f5,2020-04-22 01:06:41,3.5,"28 km SSW of Rodeo, New Mexico",7,0,191,-109.1083,31.5852,21.23
us60009dc1,2020-04-21 17:12:46,3.2,"1 km E of Mountain Iron, Minnesota",,0,158,-92.6047,47.5347,0
us7000910x,2020-04-21 14:28:30,3.1,"20 km NW of Stanley, Idaho",2,0,148,-115.1241,44.3434,10
nc73374335,2020-04-21 07:51:37,3.27,"29km SE of Bodie, CA",1,0,165,-118.7565,38.0416667,3.11
us700090vx,2020-04-21 06:29:45,3.1,"10 km NE of Odessa, Texas",186,0,219,-102.3016,31.9256,5
us700090vm,2020-04-21 05:58:01,4.1,"29 km NW of Stanley, Idaho",91,0,304,-115.1849,44.4179,10
nc73374265,2020-04-21 05:13:31,4.01,"29km SE of Bodie, CA",24,0,256,-118.7553333,38.0443333,6.84
us700090ux,2020-04-21 04:31:25,3,"39 km NW of Stanley, Idaho",,0,138,-115.2396,44.5044,10
us700090nf,2020-04-20 20:04:34,3.5,"20 km ENE of Wright, Wyoming",,0,188,-105.2583,43.8168,0
us700090m5,2020-04-20 19:13:31,3,southern Idaho,,0,138,-115.2024,44.4864,10
us70009004,2020-04-19 16:43:20,3,"43 km NNW of Stanley, Idaho",1,0,139,-115.1924,44.5657,10
ci39396176,2020-04-19 08:34:49,3.43,"12km NE of Carpinteria, CA",371,0,329,-119.427,34.4815,0.08
uu60380127,2020-04-19 00:42:53,3.01,"25 km SSW of Rangely, Colorado",,0,139,-108.9285,39.8751667,4.9
us70008zk2,2020-04-18 22:08:07,3,"28 km NW of Stanley, Idaho",,0,138,-115.181,44.4066,12.96
us70008zdf,2020-04-18 13:33:35,3.1,"21 km ENE of Falls City, Texas",6,0,150,-97.8228,29.0748,5
ci39395096,2020-04-18 13:03:01,3.39,"26km N of Searles Valley, CA",1,0,177,-117.3618333,35.9998333,2.36
ci39395080,2020-04-18 12:50:14,3.44,"26km N of Searles Valley, CA",10,0,185,-117.3606667,36,2.19
us70008yza,2020-04-17 23:00:19,3.1,"16 km SE of Wright, Wyoming",,0,148,-105.3534,43.6448,0
us70008yrx,2020-04-17 18:01:21,3.4,"11 km E of Wright, Wyoming",,0,178,-105.3545,43.7701,0
us70008ymh,2020-04-17 16:17:54,3,"16 km SE of Hibbing, Minnesota",,0,138,-92.7843,47.3256,0
us70008yfn,2020-04-17 12:16:51,3,"16 km NW of Stanley, Idaho",2,0,139,-115.1087,44.3073,10
nc73372055,2020-04-17 10:13:39,3.26,"27km SE of Bodie, CA",2,0,164,-118.7983333,38.0381667,10.85
us70008y9l,2020-04-17 07:15:24,3,"20 km NW of Stanley, Idaho",4,0,139,-115.1483,44.3255,10
nc73371980,2020-04-17 06:52:49,3.2,"29km SE of Bodie, CA",2,0,158,-118.7575,38.0493333,6.34
nc73371960,2020-04-17 05:44:04,3.67,"30km SE of Bodie, CA",6,0,209,-118.7308333,38.0593333,8.4
us60009apn,2020-04-16 17:53:12,3,"18 km SSE of Sleepy Hollow, Wyoming",,0,138,-105.3473,44.0817,0
nc73371655,2020-04-16 13:49:06,3.98,"29km SE of Bodie, CA",6,0,245,-118.7508333,38.0518333,4.32
uu60378837,2020-04-16 13:41:29,4.19,"4 km NE of Magna, Utah",6730,0,730,-112.0621667,40.7358333,9.52
nc73371650,2020-04-16 13:28:35,3.34,"29km SE of Bodie, CA",2,0,172,-118.7495,38.0478333,4.73
us70008xix,2020-04-16 13:01:20,3.2,"56 km S of Whites City, New Mexico",,0,158,-104.3805,31.6687,5
nc73371600,2020-04-16 11:56:19,3.3,"30km SE of Bodie, CA",1,0,168,-118.7466667,38.0466667,4.42
us70008xdh,2020-04-16 06:43:39,3.6,"22 km NW of Stanley, Idaho",22,0,205,-115.1454,44.3515,10
us70008xb9,2020-04-16 03:58:40,3,"30 km SW of Coyanosa, Texas",1,0,139,-103.3289,31.0834,5
us70008x7d,2020-04-15 23:35:43,3.3,"9 km WNW of Stanley, Idaho",4,0,169,-115.0378,44.2594,10
us70008x2j,2020-04-15 20:54:07,3,"29 km NW of Stanley, Idaho",,0,138,-115.2068,44.4006,10
nc73371210,2020-04-15 20:13:05,3.88,"29km SE of Bodie, CA",6,0,234,-118.753,38.046,8.2
us70008wrf,2020-04-15 13:36:36,3.1,"28 km NW of Stanley, Idaho",1,0,148,-115.1577,44.4165,10
us70008wif,2020-04-15 04:38:58,3.2,"28 km NW of Stanley, Idaho",,0,158,-115.1779,44.408,10
uu60378292,2020-04-15 02:56:09,4.17,"4 km NE of Magna, Utah",7104,0,708,-112.0576667,40.7338333,9.03
us70008w4g,2020-04-14 17:28:57,3,"7 km NNE of Virginia, Minnesota",,0,138,-92.5176,47.5864,0
us70008w3w,2020-04-14 16:55:34,3.2,"27 km SSE of Antelope Valley-Crestview, Wyoming",,0,158,-105.3546,43.9975,0
us70008w2g,2020-04-14 16:01:01,3.2,"14 km SW of Stanley, Idaho",3,0,158,-115.0675,44.1305,10
us70008vzw,2020-04-14 13:26:27,3,"16 km NW of Stanley, Idaho",,0,138,-115.0787,44.3245,10
us70008vyg,2020-04-14 10:17:39,3.1,"40 km W of Mentone, Texas",,0,148,-104.026,31.6982,5
us70008vwi,2020-04-14 07:44:08,3.6,"10 km NW of Stanley, Idaho",3,0,200,-115.0138,44.2984,11.7
ci39387336,2020-04-14 06:14:28,3.26,"12km NE of Coso Junction, CA",2,0,164,-117.847,36.1106667,3.84
us70008vuc,2020-04-14 03:27:06,3.5,"10 km NW of Stanley, Idaho",7,0,191,-115.0289,44.2843,10
us70008vtu,2020-04-14 02:26:20,3.2,"10 km NNW of Stanley, Idaho",2,0,158,-114.9966,44.305,10
us70008vtn,2020-04-14 02:09:55,3.4,southern Idaho,5,0,179,-115.1869,44.3622,10
ci39386896,2020-04-13 23:36:22,3.19,"11km S of Searles Valley, CA",11,0,160,-117.4265,35.6741667,5.97
nc73369915,2020-04-13 19:04:07,3.25,"30km SE of Bodie, CA",,0,162,-118.7305,38.0555,8.96
nc73369790,2020-04-13 14:27:45,3.23,"30km SE of Bodie, CA",,0,161,-118.7325,38.0578333,4.1
nn00722232,2020-04-13 10:27:40,3.6,"45 km ESE of McDermitt, Nevada",1,0,200,-117.1873,41.9024,2.5
us70008vds,2020-04-13 08:45:48,3.5,"26 km NW of Stanley, Idaho",3,0,189,-115.1562,44.395,10.33
nc73369355,2020-04-13 02:10:34,3.04,"30km SE of Bodie, CA",2,0,143,-118.7288333,38.0588333,6.27
us70008v35,2020-04-12 21:17:39,3.4,"30 km NW of Stanley, Idaho",1,0,178,-115.233,44.3937,10
nc73368885,2020-04-12 15:20:01,3.1,"30km SE of Bodie, CA",4,0,149,-118.7285,38.0568333,8.27
us70008uin,2020-04-12 03:11:51,3.4,"56 km S of Whites City, New Mexico",1,0,178,-104.3782,31.6631,5
us70008uim,2020-04-12 03:09:52,3.9,"35 km NNW of Stanley, Idaho",10,0,236,-115.1508,44.4944,10
us70008uid,2020-04-12 02:45:11,3.2,"19 km NW of Stanley, Idaho",1,0,158,-115.1339,44.3226,10
nc73368095,2020-04-11 21:36:45,4.03,"29km SE of Bodie, CA",4,0,251,-118.7513333,38.0468333,6.34
us70008u61,2020-04-11 19:33:31,3.6,"43 km NNW of Stanley, Idaho",2,0,200,-115.221,44.5541,13.53
nc73367900,2020-04-11 19:20:08,3.36,"30km SE of Bodie, CA",2,0,174,-118.7293333,38.0565,8.89
us70008u37,2020-04-11 18:07:58,3.4,"19 km NW of Stanley, Idaho",4,0,179,-115.141,44.3229,10
nc73367750,2020-04-11 18:02:23,3.23,"30km SE of Bodie, CA",,0,161,-118.7376667,38.0543333,9.68
nc71112204,2020-04-11 18:02:20,3.2,"30km SE of Bodie, CA",1,0,158,-118.728,38.0568333,6.44
us70008u2r,2020-04-11 17:57:38,4.1,"20 km NW of Stanley, Idaho",27,0,268,-115.1417,44.3243,10
nc73367715,2020-04-11 17:53:45,3.03,"31km SE of Bodie, CA",,0,141,-118.7218333,38.0581667,8.21
us70008u1s,2020-04-11 17:18:02,3.3,"16 km SSE of Swan Lake, Montana",8,0,171,-113.7888,47.781,15.87
nc73367635,2020-04-11 16:57:46,3.71,"30km SE of Bodie, CA",19,0,219,-118.7478333,38.0446667,7.47
nc73367640,2020-04-11 16:57:11,3.95,"30km SE of Bodie, CA",3,0,241,-118.7483333,38.0455,7.96
nc73367590,2020-04-11 16:29:50,3.56,"30km SE of Bodie, CA",6,0,197,-118.7471667,38.0471667,1.97
nc73367575,2020-04-11 16:22:50,4.57,"29km SE of Bodie, CA",81,0,349,-118.758,38.0421667,8.94
nc73367495,2020-04-11 15:46:52,3.25,"31km ESE of Bodie, CA",2,0,163,-118.7148333,38.0581667,2.63
nc73367425,2020-04-11 15:24:33,3,"29km SE of Bodie, CA",5,0,141,-118.756,38.0476667,9.69
nc73367320,2020-04-11 14:51:14,3.49,"30km ESE of Bodie, CA",16,0,194,-118.7211667,38.0616667,6.35
nc73367280,2020-04-11 14:40:17,3.05,"29km SE of Bodie, CA",,0,143,-118.7555,38.0505,8.5
nc73367270,2020-04-11 14:36:37,5.24,"30km SE of Bodie, CA",1739,0,1022,-118.7333333,38.0525,8.45
us70008tqj,2020-04-11 07:38:44,3,"28 km WNW of Stanley, Idaho",,0,138,-115.2572,44.3346,10
nn00721556,2020-04-11 02:39:32,3.7,"62 km SSW of Lund, Nevada",,0,211,-115.2451,38.3277,6.3
us70008tmj,2020-04-11 01:53:01,3,"25 km NW of Stanley, Idaho",3,0,139,-115.1982,44.3553,10
us70008tgc,2020-04-10 20:05:37,3.4,"15 km E of Wright, Wyoming",,0,178,-105.3018,43.7555,0
us70008tc5,2020-04-10 16:33:49,3.3,"42 km NNW of Stanley, Idaho",7,0,169,-115.2307,44.5343,10
nc73366700,2020-04-10 08:59:14,3.43,"4km ESE of New Idria, CA",8,0,183,-120.6281667,36.4055,10.7
ci39380224,2020-04-10 05:49:11,3.4,"28km S of Campo, CA",111,0,232,-116.4251667,32.3551667,23.97
nn00721464,2020-04-10 05:25:26,3,"60 km SSW of Lund, Nevada",,0,138,-115.2355,38.3401,6.1
us70008sqh,2020-04-09 20:10:29,3,"16 km NW of Stanley, Idaho",1,0,139,-115.0959,44.3105,10
us70008s7i,2020-04-09 06:24:19,3.7,"35 km NNW of Stanley, Idaho",9,0,214,-115.1759,44.4834,10
ci39378336,2020-04-09 05:14:50,3.05,"14km ESE of Anza, CA",30,0,153,-116.5321667,33.5068333,11.03
us70008s1l,2020-04-08 22:17:06,3.2,"24 km NW of Stanley, Idaho",,0,158,-115.1732,44.359,10
us70008rt1,2020-04-08 17:23:45,3.7,"15 km SW of Stanley, Idaho",4,0,211,-115.0917,44.1286,10
us70008rt4,2020-04-08 17:21:59,3,"14 km WSW of Stanley, Idaho",1,0,139,-115.0938,44.1475,10
us70008rsr,2020-04-08 17:14:33,3.3,"4 km NNW of Mountain Iron, Minnesota",,0,168,-92.6444,47.5685,0
us70008rh4,2020-04-08 08:52:05,3.3,"25 km NW of Stanley, Idaho",3,0,168,-115.1548,44.3862,12.16
ci39141967,2020-04-08 01:00:14,3.22,"15km ESE of Anza, CA",55,0,178,-116.5228333,33.4981667,10.27
ci39141695,2020-04-08 00:35:56,3.27,"15km ESE of Anza, CA",9,0,169,-116.5236667,33.5006667,10.28
ci39141591,2020-04-08 00:30:49,3.54,"15km ESE of Anza, CA",122,0,234,-116.5253333,33.4985,9.98
us70008qwh,2020-04-07 18:57:49,3.2,"29 km SSE of Wright, Wyoming",,0,158,-105.3348,43.5102,0
us70008wml,2020-04-07 18:12:55,3.2,"30 km SW of Birney, Montana",,0,158,-106.7923,45.128,0
us70008qgu,2020-04-07 09:18:31,3.6,southern Idaho,1,0,200,-115.2253,44.3261,10
us70008qgs,2020-04-07 09:15:34,4.3,"78 km NNE of Santa Rosalía, Mexico",,0,284,-111.9706,28.0019,10
us70008qgl,2020-04-07 09:08:25,3,"25 km NW of Stanley, Idaho",,0,138,-115.1635,44.3779,10
us70008qgg,2020-04-07 08:57:54,3.5,"35 km NNW of Stanley, Idaho",4,0,190,-115.1158,44.5146,10
us70008qgc,2020-04-07 08:57:11,3,"45 km NNW of Stanley, Idaho",,0,138,-115.241,44.5627,11.34
us70008qeu,2020-04-07 07:08:29,3.1,"27 km NW of Stanley, Idaho",,0,148,-115.1974,44.3817,10
us70008q9s,2020-04-06 23:45:01,3.1,"16 km NW of Stanley, Idaho",4,0,149,-115.1029,44.3013,10
ci39138391,2020-04-06 18:10:02,3.03,"14km SW of Searles Valley, CA",8,0,144,-117.5188333,35.6768333,9.07
ci39138119,2020-04-06 15:58:14,3.51,"6km NNE of North Shore, CA",26,0,198,-115.9081667,33.577,8.24
us70008pvb,2020-04-06 11:42:43,3.1,"21 km WNW of Stanley, Idaho",,0,148,-115.1664,44.327,10
us70008pk8,2020-04-05 23:05:43,3.2,"29 km NW of Stanley, Idaho",6,0,160,-115.2077,44.3948,10
ci39135575,2020-04-05 22:37:18,3.5,"18km ESE of Anza, CA",1109,0,618,-116.4961667,33.4961667,13.25
ci39134871,2020-04-05 21:07:44,3.49,"15km ESE of Anza, CA",722,0,447,-116.5278333,33.5036667,10.53
us70008pge,2020-04-05 20:31:33,3.5,"14 km E of Wright, Wyoming",,0,188,-105.3112,43.7662,0
us70008pfr,2020-04-05 19:33:09,3,"26 km W of Stanley, Idaho",,0,138,-115.2697,44.2264,10
nc73364330,2020-04-05 19:20:46,4.05,"16km WSW of Toms Place, CA",449,0,445,-118.8526667,37.5271667,7.82
us70008pdw,2020-04-05 18:19:16,3,"25 km NW of Stanley, Idaho",2,0,139,-115.1685,44.3817,10
us70008pb3,2020-04-05 15:47:55,3.1,"13 km WNW of Stanley, Idaho",7,0,149,-115.1071,44.2519,10
us70008p9b,2020-04-05 14:10:16,3.5,"20 km WNW of Stanley, Idaho",18,0,195,-115.1508,44.3146,10
us70008p7a,2020-04-05 11:26:57,3.8,"25 km NW of Stanley, Idaho",225,0,303,-115.1966,44.3532,9.21
us70008p61,2020-04-05 09:27:48,3.1,"28 km NW of Stanley, Idaho",1,0,148,-115.1847,44.3972,10
us70008p4e,2020-04-05 08:11:15,3.2,"35 km NNW of Stanley, Idaho",21,0,166,-115.1772,44.4884,10
us70008p2i,2020-04-05 05:37:00,3,"27 km NW of Stanley, Idaho",3,0,139,-115.1852,44.3854,10
us70008nzs,2020-04-05 02:07:40,3,"14 km NNW of Stanley, Idaho",,0,138,-115.029,44.3346,10
us70008nrc,2020-04-04 18:01:17,3.3,"28 km ESE of Balmorhea, Texas",1,0,168,-103.4787,30.8658,5
us70008npt,2020-04-04 16:29:33,3.3,"28 km NW of Stanley, Idaho",,0,168,-115.1722,44.4118,10
us70008np8,2020-04-04 15:49:04,3.2,"40 km NW of Stanley, Idaho",,0,158,-115.235,44.5095,10
us70008np6,2020-04-04 15:41:11,3.7,"38 km NW of Stanley, Idaho",3,0,212,-115.2227,44.4995,10
us70008nfn,2020-04-04 07:19:33,3.1,"33 km NW of Stanley, Idaho",,0,148,-115.2466,44.4169,10
ci39128103,2020-04-04 05:12:35,3.46,"16km ESE of Anza, CA",306,0,322,-116.5118333,33.4921667,9.85
us70008ncs,2020-04-04 04:36:08,3.1,"24 km NW of Stanley, Idaho",3,0,149,-115.1518,44.377,10
ci39127679,2020-04-04 04:07:22,3.6,"16km ESE of Anza, CA",335,0,337,-116.5188333,33.4913333,9.62
ok2020gqai,2020-04-04 03:33:08,3.6,"2 km NNW of Fairmont, Oklahoma",116,0,269,-97.718,36.37616667,5
ci39127167,2020-04-04 03:17:46,3.49,"14km SSW of Tehachapi, CA",281,0,303,-118.4986667,35.0101667,2.35
ci39126951,2020-04-04 02:59:23,3.11,"16km ESE of Anza, CA",52,0,170,-116.519,33.5011667,10.37
ci39126263,2020-04-04 02:05:00,3.66,"16km ESE of Anza, CA",486,0,449,-116.5153333,33.4946667,10.28
ci39126103,2020-04-04 01:55:35,3.07,"19km ESE of Anza, CA",21,0,154,-116.4903333,33.4801667,9.21
ci39126087,2020-04-04 01:54:22,3.76,"17km ESE of Anza, CA",185,0,303,-116.505,33.4931667,10.31
ci39126079,2020-04-04 01:53:18,4.87,"17km ESE of Anza, CA",14100,1,805,-116.5063333,33.4895,10.45
us70008n98,2020-04-04 01:46:10,3,"38 km NNW of Stanley, Idaho",1,0,139,-115.1625,44.5262,10
ok2020gpqn,2020-04-03 22:35:29,3.65,"2 km NNW of Fairmont, Oklahoma",45,0,232,-97.7205,36.3745,5
us70008n3p,2020-04-03 21:57:21,3,"23 km WNW of Stanley, Idaho",,0,138,-115.212,44.2932,10
us70008mzy,2020-04-03 20:21:45,4,"20 km NW of Stanley, Idaho",313,0,331,-115.1512,44.3263,10
us70008mzf,2020-04-03 20:06:23,3.9,"26 km NW of Stanley, Idaho",28,0,242,-115.1973,44.3724,14.97
us70008mxe,2020-04-03 18:36:08,3,"32 km NNW of Stanley, Idaho",,0,138,-115.1509,44.4623,10
us70008mv1,2020-04-03 17:04:15,3.4,"16 km ESE of Wright, Wyoming",,0,178,-105.3028,43.6997,0
us70008mtn,2020-04-03 16:10:23,3.3,"15 km NW of Stanley, Idaho",2,0,168,-115.0684,44.3155,10
us70008ms7,2020-04-03 15:44:25,3,"26 km NW of Stanley, Idaho",,0,138,-115.1654,44.3909,10
us70008mlg,2020-04-03 12:48:15,3.2,"26 km NW of Stanley, Idaho",,0,158,-115.2116,44.3561,10
us70008mkz,2020-04-03 12:15:35,3.3,"28 km NW of Stanley, Idaho",,0,168,-115.2039,44.3889,10
us70008mky,2020-04-03 12:14:59,3.3,"27 km NW of Stanley, Idaho",,0,168,-115.1812,44.3994,10
us70008mg6,2020-04-03 08:32:31,3.6,"28 km NW of Stanley, Idaho",2,0,200,-115.1929,44.3962,10
us70008mf6,2020-04-03 07:54:48,3.5,"32 km NW of Stanley, Idaho",,0,188,-115.1997,44.4413,10
us70008mbx,2020-04-03 05:34:35,3.6,"30 km NW of Stanley, Idaho",8,0,202,-115.1622,44.4382,10
us70008mb8,2020-04-03 04:41:48,3.4,"11 km W of Stanley, Idaho",8,0,180,-115.0815,44.2202,10
us70008may,2020-04-03 04:22:43,3,"10 km WNW of Stanley, Idaho",3,0,139,-115.0604,44.2395,10
us70008maj,2020-04-03 04:00:52,3.2,"13 km W of Stanley, Idaho",3,0,158,-115.1075,44.205,10
us70008m8m,2020-04-03 02:26:07,3,"32 km NW of Stanley, Idaho",,0,138,-115.2211,44.4235,10
us70008q06,2020-04-03 01:48:40,3,"12 km W of Stanley, Idaho",,0,138,-115.0929,44.2292,10
us70008m7k,2020-04-03 01:45:39,3.2,"13 km W of Stanley, Idaho",,0,158,-115.1088,44.2208,10
us70008m58,2020-04-02 23:46:32,3,"22 km WNW of Stanley, Idaho",,0,138,-115.1941,44.309,10
us70008m4q,2020-04-02 23:16:19,3,"14 km NW of Stanley, Idaho",1,0,139,-115.0835,44.2926,10
us70008m3t,2020-04-02 22:39:53,3.2,"34 km NW of Stanley, Idaho",,0,158,-115.1861,44.4693,10
us70008m1p,2020-04-02 21:45:23,3.2,"42 km NNW of Stanley, Idaho",3,0,158,-115.182,44.5552,10
us70008lzl,2020-04-02 20:45:01,3.8,"24 km NW of Stanley, Idaho",7,0,225,-115.1459,44.3796,10
us70008lyg,2020-04-02 20:17:53,3.1,"24 km NW of Stanley, Idaho",2,0,148,-115.1494,44.3801,10
us70008luy,2020-04-02 18:56:00,3.1,southern Idaho,,0,148,-115.2582,44.4588,10
us70008lsr,2020-04-02 17:24:28,3.1,"3 km NNW of Mountain Iron, Minnesota",,0,148,-92.635,47.5627,0
us70008llh,2020-04-02 14:19:44,3.3,"27 km NW of Stanley, Idaho",2,0,168,-115.1921,44.3903,10
us70008lky,2020-04-02 13:54:25,3.1,"24 km WNW of Stanley, Idaho",,0,148,-115.2179,44.3164,10
us70008lk0,2020-04-02 13:09:36,3.2,"37 km NNW of Stanley, Idaho",,0,158,-115.1873,44.4988,10
us70008lj6,2020-04-02 12:22:42,3.1,"27 km NW of Stanley, Idaho",,0,148,-115.1839,44.3897,10
us70008lhi,2020-04-02 11:12:54,3.1,"27 km NW of Stanley, Idaho",,0,148,-115.197,44.379,10
us70008lh8,2020-04-02 11:01:17,3.3,"22 km NW of Stanley, Idaho",2,0,168,-115.1084,44.3746,12.42
us70008lgl,2020-04-02 10:35:06,3.1,"34 km NW of Stanley, Idaho",,0,148,-115.256,44.4279,10
us70008lbq,2020-04-02 07:25:23,3,"40 km NW of Stanley, Idaho",6,0,141,-115.273,44.4953,10
nc73362735,2020-04-02 06:14:35,3.02,"41km WSW of Ferndale, CA",3,0,141,-124.7245,40.4733333,21.03
us70008lab,2020-04-02 05:54:19,3.1,"8 km W of Stanley, Idaho",11,0,152,-115.045,44.2086,10
us70008l9x,2020-04-02 05:28:07,3.4,"26 km NW of Stanley, Idaho",9,0,181,-115.1603,44.3988,10
us70008l8e,2020-04-02 04:21:39,3.1,"24 km NW of Stanley, Idaho",,0,148,-115.1706,44.3589,10
us70008l20,2020-04-01 23:38:06,4.3,"132 km SSE of San Felipe, Mexico",,0,284,-114.1944,29.9683,10
us70008kx6,2020-04-01 21:03:19,3.7,"36 km NNW of Stanley, Idaho",11,0,215,-115.1771,44.5019,10
us70008kwj,2020-04-01 20:49:12,3.5,"25 km NW of Stanley, Idaho",2,0,189,-115.1716,44.3714,10
us70008kug,2020-04-01 19:55:47,3.1,"22 km NW of Stanley, Idaho",1,0,148,-115.1496,44.3466,10
us70008ktu,2020-04-01 19:40:18,3.5,"28 km NW of Stanley, Idaho",1,0,189,-115.1825,44.4008,10
ok2020glrt,2020-04-01 18:40:38,3.05,"2 km NE of Quinton, Oklahoma",3,0,144,-95.352,35.14483333,8.84
us70008kpc,2020-04-01 17:51:05,3.1,"37 km NW of Stanley, Idaho",,0,148,-115.2269,44.4871,10
us70008kjl,2020-04-01 16:01:40,3.4,"15 km WNW of Stanley, Idaho",1,0,178,-115.1203,44.276,10
us70008kix,2020-04-01 15:35:16,3,"25 km NW of Stanley, Idaho",,0,138,-115.1911,44.3522,12.72
us70008kf3,2020-04-01 13:30:08,3.9,"28 km NW of Stanley, Idaho",43,0,255,-115.2172,44.3727,10
us70008kez,2020-04-01 13:28:26,3.2,"26 km WNW of Stanley, Idaho",,0,158,-115.2571,44.2945,12.05
us70008kgr,2020-04-01 12:40:11,3,"36 km NW of Stanley, Idaho",17,0,146,-115.2389,44.4609,10
us70008kde,2020-04-01 12:35:47,3,"25 km WNW of Stanley, Idaho",,0,138,-115.2236,44.3264,10
us70008kcy,2020-04-01 12:17:50,3,"25 km WNW of Stanley, Idaho",1,0,138,-115.2234,44.3133,8.62
us70008kbi,2020-04-01 10:57:37,3.6,"20 km WNW of Stanley, Idaho",3,0,201,-115.1802,44.2738,10
us70008kb3,2020-04-01 10:39:30,3,"26 km NW of Stanley, Idaho",1,0,139,-115.1942,44.3677,10
us70008kaz,2020-04-01 10:33:40,3.2,"26 km NW of Stanley, Idaho",,0,158,-115.1866,44.3819,10
us70008kan,2020-04-01 10:11:48,3,"14 km NW of Stanley, Idaho",1,0,138,-115.066,44.3046,10
us70008k8y,2020-04-01 09:49:32,3.1,"16 km NW of Stanley, Idaho",,0,148,-115.1071,44.3014,10
us70008k78,2020-04-01 08:48:03,3.3,"18 km NW of Stanley, Idaho",1,0,168,-115.1269,44.317,10
us70008k6y,2020-04-01 08:35:06,3,"36 km NW of Stanley, Idaho",,0,138,-115.2809,44.4334,10
us70008k54,2020-04-01 07:42:25,3.2,"27 km NW of Stanley, Idaho",,0,158,-115.1898,44.3811,9.32
us70008k3t,2020-04-01 07:09:53,3.1,"31 km NW of Stanley, Idaho",1,0,148,-115.2267,44.4053,10
us70008k1x,2020-04-01 06:31:56,3.3,"29 km NW of Stanley, Idaho",1,0,168,-115.2108,44.3981,10
us70008k12,2020-04-01 06:06:13,3,southern Idaho,1,0,139,-115.1791,44.3255,10
us70008k0k,2020-04-01 05:50:54,3.6,"27 km WNW of Stanley, Idaho",5,0,201,-115.2299,44.3551,10
us70008jzq,2020-04-01 05:17:29,3.5,"30 km SSE of Yellow Pine, Idaho",,0,188,-115.3426,44.7131,10
us70008jzn,2020-04-01 05:15:31,3.2,"29 km NW of Stanley, Idaho",,0,158,-115.2158,44.3892,10
us70008jzf,2020-04-01 05:07:21,3.8,"26 km NW of Stanley, Idaho",8,0,226,-115.1291,44.4085,10
us70008jxb,2020-04-01 04:08:55,3.4,"22 km WNW of Stanley, Idaho",4,0,179,-115.1943,44.2986,10
us70008jx8,2020-04-01 04:07:52,3.3,"32 km NW of Stanley, Idaho",,0,168,-115.2496,44.4126,6.65
us70008jwm,2020-04-01 03:49:26,3.1,"14 km NW of Stanley, Idaho",3,0,149,-115.0525,44.3181,10
us70008jwi,2020-04-01 03:37:48,3.4,"27 km NW of Stanley, Idaho",6,0,180,-115.1814,44.3933,10
us70008jwd,2020-04-01 03:31:02,3.1,"24 km NW of Stanley, Idaho",,0,148,-115.1847,44.3561,10
us70008jw2,2020-04-01 03:21:09,3.6,"22 km NW of Stanley, Idaho",6,0,202,-115.1393,44.3613,10
us70008jvh,2020-04-01 02:56:41,3.3,"23 km NW of Stanley, Idaho",4,0,169,-115.1646,44.357,10
us70008jva,2020-04-01 02:50:09,3.3,"23 km NW of Stanley, Idaho",1,0,168,-115.1773,44.3462,10
us70008jv4,2020-04-01 02:44:49,3.3,"23 km WNW of Stanley, Idaho",7,0,171,-115.1926,44.3239,10
us70008juh,2020-04-01 02:23:26,4,"18 km NW of Stanley, Idaho",20,0,257,-115.1185,44.3232,13.89
us70008juc,2020-04-01 02:21:58,3.6,"21 km NW of Stanley, Idaho",,0,199,-115.1566,44.3302,10
us70008jtv,2020-04-01 02:09:04,4.4,"23 km NW of Stanley, Idaho",33,0,314,-115.167,44.3437,6.51
us70008juy,2020-04-01 02:08:20,3.1,"37 km NW of Stanley, Idaho",0,0,148,-115.1985,44.4958,7.32
us70008jtt,2020-04-01 02:05:15,3.3,"24 km NW of Stanley, Idaho",8,0,171,-115.1814,44.3545,10
us70008jte,2020-04-01 01:51:10,3.1,"27 km NW of Stanley, Idaho",1,0,148,-115.1799,44.3907,10
us70008jta,2020-04-01 01:47:17,3.4,"15 km NW of Stanley, Idaho",11,0,182,-115.0869,44.3113,10
us70008jt5,2020-04-01 01:44:17,3.3,"28 km NW of Stanley, Idaho",41,0,186,-115.2188,44.3738,10
us70008jsx,2020-04-01 01:27:40,3.1,"28 km WNW of Stanley, Idaho",3,0,148,-115.2394,44.3548,10
us70008jsv,2020-04-01 01:23:28,3.2,"35 km NW of Stanley, Idaho",7,0,161,-115.1991,44.4782,10
us70008jsp,2020-04-01 01:13:33,3.3,"22 km NW of Stanley, Idaho",18,0,179,-115.1436,44.3528,10
us70008jsn,2020-04-01 01:10:12,3.2,"20 km WNW of Stanley, Idaho",2,0,158,-115.1602,44.3086,10
us70008jsi,2020-04-01 01:03:02,3.5,"21 km WNW of Stanley, Idaho",38,0,206,-115.1808,44.3106,10
us70008jt1,2020-04-01 01:01:11,3.1,"28 km NW of Stanley, Idaho",,0,148,-115.1717,44.4081,10
us70008jsb,2020-04-01 00:49:50,3.4,"31 km NW of Stanley, Idaho",47,0,201,-115.2208,44.4186,10
us70008js1,2020-04-01 00:27:41,4.8,"21 km WNW of Stanley, Idaho",409,0,624,-115.1673,44.3232,10
us70008jrg,2020-04-01 00:01:45,3.6,"23 km WNW of Stanley, Idaho",77,0,233,-115.2115,44.3055,10
us70008jr5,2020-03-31 23:52:30,6.5,"Stanley, Idaho",23161,0,1360,-115.1175,44.4646,12.06
uu60371717,2020-03-31 15:36:45,3.06,"5 km ESE of Hebgen Lake Estates, Montana",205,0,275,-111.136,44.7446667,9.33
ok2020gged,2020-03-29 18:07:28,3.12,"9 km ESE of Jefferson, Oklahoma",7,0,153,-97.6865,36.69016667,5
us70008i6u,2020-03-29 07:21:04,3,"3 km W of L'Épiphanie, Canada",1493,0,598,-73.528,45.8485,10.51
us70008i15,2020-03-29 01:27:06,3.5,"40 km W of Mentone, Texas",2,0,189,-104.0288,31.7029,5
us70008hy9,2020-03-28 19:58:33,3.3,"14 km E of Wright, Wyoming",,0,168,-105.3124,43.7361,0
us70008hmq,2020-03-28 01:22:07,3.1,"42 km W of Mentone, Texas",1,0,148,-104.0476,31.7043,5
us70008hjq,2020-03-27 21:36:20,3.5,"44 km W of Mentone, Texas",,0,188,-104.0642,31.6969,5.83
us70008hir,2020-03-27 21:00:46,3.1,"19 km E of Wright, Wyoming",,0,148,-105.2477,43.7685,0
us70008hgx,2020-03-27 20:12:30,3.4,"13 km E of Wright, Wyoming",,0,178,-105.3222,43.7443,0
us70008gnh,2020-03-26 18:52:26,3.1,"40 km W of Mentone, Texas",21,0,156,-104.0307,31.7012,6.68
us70008gmr,2020-03-26 18:29:00,3,"42 km W of Mentone, Texas",6,0,141,-104.0516,31.7054,5
ok2020gapk,2020-03-26 17:00:04,3.36,"9 km NW of Perry, Oklahoma",8,0,178,-97.3545,36.35366667,6
us70008giv,2020-03-26 16:16:16,3.2,"41 km W of Mentone, Texas",35,0,172,-104.0339,31.718,5
uu60370427,2020-03-26 16:12:42,3.25,"6 km W of Salt Lake City, Utah",883,0,525,-111.9726667,40.7686667,5.61
us70008ggn,2020-03-26 15:16:27,5,"41 km W of Mentone, Texas",1468,0,915,-104.0419,31.7168,9.51
us70008gas,2020-03-26 08:52:41,3.8,"40 km W of Mentone, Texas",23,0,230,-104.0237,31.7065,5
ci39116263,2020-03-26 08:13:42,3.04,"19km S of Trona, CA",3,0,143,-117.3935,35.5955,6.66
nc73358970,2020-03-25 11:57:38,4.06,"2km NNW of The Geysers, CA",243,0,358,-122.765,38.7903333,2.15
nn00720284,2020-03-25 06:31:19,3.3,"16 km ESE of Fernley, Nevada",46,0,183,-119.0699,39.5721,11.1
us70008fcs,2020-03-24 21:31:40,3.3,"8 km NNE of Hope, Kansas",12,0,174,-97.0475,38.7616,5
uu60369642,2020-03-24 11:42:09,3.08,"9 km NNE of Magna, Utah",578,0,406,-112.0451667,40.7795,9.13
us70008ev2,2020-03-23 23:10:05,3,"32 km WSW of Coyanosa, Texas",,0,138,-103.3611,31.0975,5
nc73357735,2020-03-23 10:07:55,3.49,"33km W of Petrolia, CA",4,0,188,-124.672,40.3091667,16.11
ci39111991,2020-03-23 05:53:57,4.32,"21km N of Searles Valley, CA",188,0,364,-117.363,35.9555,0.94
uu60369062,2020-03-23 01:17:15,3.94,"8 km NNE of Magna, Utah",4434,0,629,-112.053,40.779,9.98
us70008e4w,2020-03-22 17:50:50,3.1,"2 km WNW of Hope, Kansas",25,0,157,-97.1001,38.699,5
nc73357410,2020-03-22 16:27:38,4.78,"47km WNW of Petrolia, CA",455,1,524,-124.827,40.4251667,12.4
uw61585377,2020-03-22 09:36:01,3.2,"3 km NNW of Lake Marcel-Stillwater, Washington",191,0,230,-121.938833333333,47.7211666666667,25.71
us70008dy6,2020-03-22 06:19:26,3,"8 km ESE of Gardendale, Texas",102,0,177,-102.3043,31.983,5
nn00719846,2020-03-22 02:53:13,3.2,"4 km NE of Indian Hills, Nevada",343,0,274,-119.7431,39.1163,8.1
uu60368447,2020-03-21 16:59:31,3.37,"4 km NE of Magna, Utah",872,0,506,-112.0635,40.7433333,10.27
us70008dib,2020-03-21 11:12:55,3,"58 km S of Whites City, New Mexico",,0,138,-104.3079,31.6532,5
nn00719663,2020-03-21 01:33:35,4.5,"5 km NE of Indian Hills, Nevada",4857,0,822,-119.7361,39.1112,8.4
us70008d4n,2020-03-20 20:03:38,3.5,"25 km NE of Wright, Wyoming",,0,188,-105.2443,43.898,0
ci39108583,2020-03-20 11:52:54,3.59,"15km ENE of Ridgecrest, CA",91,0,233,-117.523,35.6631667,9.85
us70008cay,2020-03-19 17:23:04,3,"15 km N of Mountain Iron, Minnesota",,0,138,-92.6022,47.6698,0
uu60020349,2020-03-19 12:45:03,3.09,"5 km NNW of West Valley City, Utah",2,0,148,-112.0346667,40.7385,9.13
uu60366502,2020-03-19 12:44:47,3.2,"6 km NE of Magna, Utah",838,0,518,-112.0398333,40.7415,9.18
ok2020fnel,2020-03-19 08:42:03,3.02,"10 km WSW of Blanchard, Oklahoma",22,0,151,-97.77083333,35.105,8.43
nc73355700,2020-03-18 22:08:20,5.21,"15km W of Petrolia, CA",1489,1,1058,-124.4561667,40.3475,28.61
uu60364832,2020-03-18 19:12:23,4.57,"5 km NE of Magna, Utah",3147,0,841,-112.059,40.751,10.65
uu60364822,2020-03-18 19:07:30,3.41,"6 km NNE of Magna, Utah",68,0,213,-112.066,40.7606667,8.99
uu60364732,2020-03-18 18:30:44,3.03,"6 km NE of Magna, Utah",58,0,167,-112.048,40.7465,10.23
uu60020384,2020-03-18 17:17:10,3.12,"7 km NE of Magna, Utah",0,0,150,-112.0391667,40.7515,8.72
uu60364512,2020-03-18 17:16:49,3.06,"6 km NE of Magna, Utah",10,0,148,-112.0421667,40.751,8.31
uu60364032,2020-03-18 14:57:41,3.56,"6 km NE of Magna, Utah",114,0,260,-112.0468333,40.7551667,8.32
uu60363832,2020-03-18 14:06:12,3.41,"2 km NE of Magna, Utah",76,0,221,-112.0845,40.7266667,10.7
uu60363827,2020-03-18 14:05:04,3.35,"5 km NNE of Magna, Utah",4,0,175,-112.067,40.7548333,9.12
uu60363822,2020-03-18 14:02:12,4.59,"6 km NNE of Magna, Utah",1406,0,924,-112.0693333,40.7605,9.07
uu60363757,2020-03-18 13:48:01,3.09,"1 km NE of Magna, Utah",81,0,196,-112.0893333,40.722,11.02
uu60363697,2020-03-18 13:36:38,3.5,"5 km NNE of Magna, Utah",114,0,253,-112.0663333,40.7496667,9.57
uu60363682,2020-03-18 13:32:29,3.86,"6 km NE of Magna, Utah",517,0,529,-112.0511667,40.7556667,9.53
uu60363667,2020-03-18 13:31:18,3.13,"7 km NE of Magna, Utah",8,0,155,-112.0436667,40.7555,8.48
uu60363672,2020-03-18 13:29:55,3.09,"5 km NE of Magna, Utah",,0,147,-112.0563333,40.7491667,9.66
uu60363652,2020-03-18 13:23:19,3.66,"4 km N of Magna, Utah",620,0,535,-112.094,40.7523333,11.11
us60008hsi,2020-03-18 13:23:19,3.6,"4 km N of Magna, Utah",3,0,201,-112.0992,40.7498,8.76
uu60363647,2020-03-18 13:22:02,3.67,"6 km NE of Magna, Utah",50,0,234,-112.0458333,40.7546667,8.55
uu60363632,2020-03-18 13:18:28,3.19,"5 km NE of Magna, Utah",17,0,166,-112.0563333,40.749,8.06
uu60363622,2020-03-18 13:16:38,3.35,"6 km NNE of Magna, Utah",1,0,173,-112.0761667,40.7656667,9.59
uu60020269,2020-03-18 13:16:03,3.11,"6 km NNE of Magna, Utah",,0,149,-112.0715,40.761,5.95
uu60363627,2020-03-18 13:15:55,3.37,"6 km NE of Magna, Utah",399,0,410,-112.0433333,40.7496667,8.26
uu60363617,2020-03-18 13:15:11,3.67,"6 km NE of Magna, Utah",46,0,232,-112.0581667,40.7555,8.94
uu60363612,2020-03-18 13:14:21,3.69,"6 km NE of Magna, Utah",6,0,212,-112.0591667,40.7546667,8.06
uu60020684,2020-03-18 13:11:57,3.1,"3 km NNW of Magna, Utah",,0,148,-112.1186667,40.737,8.14
uu60020674,2020-03-18 13:11:30,3.2,"5 km NNE of Magna, Utah",,0,158,-112.0836667,40.7588333,5.64
uu60020669,2020-03-18 13:11:12,3.74,"5 km NNE of Magna, Utah",15,0,223,-112.0758333,40.7503333,9.72
uu60020664,2020-03-18 13:10:59,4.17,"1 km NNW of Magna, Utah",1,0,268,-112.1076667,40.7221667,9.24
uu60020264,2020-03-18 13:10:16,4.01,"4 km NNE of Magna, Utah",13,0,254,-112.0801667,40.7475,6.94
uu60020254,2020-03-18 13:10:08,3.94,"4 km NNE of Magna, Utah",33,0,256,-112.0813333,40.747,8.53
uu60363602,2020-03-18 13:09:31,5.7,"5 km NNE of Magna, Utah",26370,0,1320,-112.0783333,40.751,11.9
ci38395986,2020-03-17 01:57:03,3.45,"21km N of Searles Valley, CA",15,0,189,-117.3643333,35.9553333,2.26
ci38395042,2020-03-16 02:40:46,3.35,"14km N of Ocotillo, CA",3,0,173,-115.992,32.8633333,11.45
nc73354100,2020-03-14 22:28:58,3.06,"6km SE of Laytonville, CA",39,0,160,-123.441,39.6403333,7.69
us60008fga,2020-03-14 01:09:41,3,"17 km N of Snyder, Texas",10,0,142,-100.9283,32.877,5
nn00718984,2020-03-13 22:37:29,4,"25 km SSW of Silver Peak, Nevada",9,0,249,-117.7428,37.5417,5.8
nn00718981,2020-03-13 22:03:49,3,"25 km SSW of Silver Peak, Nevada",,0,138,-117.7467,37.5421,5.9
us60008e4s,2020-03-12 05:33:48,3.5,"6 km NNE of Hope, Kansas",47,0,208,-97.0401,38.7397,5
us60008dyz,2020-03-11 21:04:26,3.5,"14 km ENE of Wright, Wyoming",,0,188,-105.3192,43.7987,0
us60008dlh,2020-03-11 10:43:39,3.1,"0 km SSW of South Glens Falls, New York",2687,0,558,-73.6371,43.2925,12.55
nc73352615,2020-03-11 01:17:16,3.71,"17km NNW of Truckee, CA",532,0,441,-120.2455,39.4751667,7.87
us60008d8r,2020-03-10 17:26:56,3,"8 km NW of Mountain Iron, Minnesota",,0,138,-92.6907,47.5886,0
us60008cp4,2020-03-09 19:31:11,3.3,"34 km SE of Wright, Wyoming",,0,168,-105.1425,43.5707,0
ci38387018,2020-03-08 00:33:32,3.81,"11km NE of Coso Junction, CA",15,0,230,-117.8623333,36.1108333,2.25
ci38386410,2020-03-07 12:51:16,3.66,"11km NE of Coso Junction, CA",3,0,207,-117.8621667,36.1145,2.14
ci38386162,2020-03-07 08:49:13,3.44,"11km NE of Coso Junction, CA",,0,182,-117.8641667,36.1115,2.65
ci38385946,2020-03-07 03:52:03,5.49,"71km SE of Estacion Coahuila, B.C., MX",4973,0,944,-114.5405,31.6893333,9.98
us60008baf,2020-03-06 19:03:13,3.5,"18 km ESE of Wright, Wyoming",,0,188,-105.3043,43.661,0
us60008b94,2020-03-06 18:30:28,3.1,"13 km N of Keewatin, Minnesota",,0,148,-93.0656,47.522,0
uu60020149,2020-03-06 04:29:42,3.04,"18 km WSW of Corinne, Utah",0,0,142,-112.3001667,41.4736667,0.27
ok2020eoxb,2020-03-06 01:42:14,3.38,"8 km NE of Alex, Oklahoma",54,0,203,-97.708,34.96683333,10.2
us600089lz,2020-03-04 18:27:22,3,"2 km NW of Parkville, Minnesota",,0,138,-92.5982,47.5463,0
nc73349450,2020-03-03 18:21:32,3.61,"1km SW of Redwood Valley, CA",115,0,244,-123.2161667,39.258,6.34
nc73349375,2020-03-03 15:01:01,3.99,"10km NNE of New Idria, CA",16,0,251,-120.6166667,36.4996667,10.93
ci39089087,2020-03-03 02:54:18,3.25,"10km SSE of Alberto Oviedo Mota, B.C., MX",0,0,162,-115.1141667,32.1455,15.64
ci39089007,2020-03-03 00:32:50,3.25,"19km ESE of Little Lake, CA",,0,162,-117.6998333,35.8963333,4.49
ci39088935,2020-03-02 22:38:06,3.1,"7km W of Holtville, CA",8,0,150,-115.4518333,32.8,14.29
nn00718129,2020-03-02 12:56:26,3.5,"21 km SW of Carlin, Nevada",,0,188,-116.2838,40.5756,8.9
us600087r0,2020-03-02 05:58:18,3,"11 km NNE of Odessa, Texas",204,0,214,-102.3086,31.9357,5
us6000874x,2020-02-29 22:02:24,3.4,"22 km ENE of Wright, Wyoming",,0,178,-105.2268,43.8057,0
us600086x0,2020-02-29 13:06:32,3.9,"28 km W of Hebgen Lake Estates, Montana",26,0,245,-111.5449,44.8003,11.89
ci39087367,2020-02-29 12:35:37,3.1,"23km ESE of Little Lake, CA",,0,148,-117.677,35.8473333,4.59
us600086it,2020-02-28 22:08:52,3.4,"13 km E of Wright, Wyoming",,0,178,-105.3225,43.7742,0
us6000869n,2020-02-28 18:25:12,3.2,"4 km NW of Mountain Iron, Minnesota",,0,158,-92.6648,47.5595,0
nc73347185,2020-02-27 23:27:29,3.68,"7km W of Cobb, CA",27,0,219,-122.8066667,38.8338333,2.73
us600085ij,2020-02-27 20:32:19,3.1,"27 km SE of Wright, Wyoming",,0,148,-105.2796,43.5601,0
uw61578142,2020-02-27 07:59:09,3.03,"1 km WSW of Bell Hill, Washington",24,0,149,-123.107833333333,48.052,44.3
nc73346395,2020-02-26 18:34:13,3.68,"6km WNW of Cobb, CA",17,0,216,-122.7873333,38.8345,2.29
us600084r6,2020-02-26 18:11:53,3.4,"59 km S of Whites City, New Mexico",1,0,178,-104.483,31.6486,7.62
ci39083439,2020-02-25 22:35:19,3.32,"16km W of Johannesburg, CA",5,0,171,-117.8158333,35.3546667,4.29
us6000847z,2020-02-25 21:09:25,3.2,"37 km SE of Wright, Wyoming",,0,158,-105.1958,43.4959,0
us6000844p,2020-02-25 18:34:01,3.1,"6 km NNE of Keewatin, Minnesota",,0,148,-93.0442,47.454,0
ci39083127,2020-02-25 17:19:38,3.08,"23km SE of Santa Cruz Is. (E end), CA",4,0,147,-119.3596667,33.8725,5.95
ci39083119,2020-02-25 17:16:03,3.24,"11km SSW of Searles Valley, CA",14,0,166,-117.4625,35.6788333,5.24
nc73344735,2020-02-22 19:14:27,4.33,"33km W of Petrolia, CA",51,0,309,-124.6736667,40.2895,7.07
ci39079791,2020-02-21 18:39:39,3.11,"14km ENE of Ridgecrest, CA",25,0,157,-117.53,35.6703333,8.85
ci39079535,2020-02-21 13:42:53,3.52,"2km NNW of Castaic, CA",884,0,527,-118.6345,34.5075,18.06
ci39077911,2020-02-20 08:53:20,3.18,"17km SSW of Searles Valley, CA",13,0,160,-117.4731667,35.6265,8.79
us70007t7l,2020-02-19 20:54:44,3.3,"8 km ESE of Gardendale, Texas",131,0,223,-102.3078,31.9804,6.9
us70007t65,2020-02-19 19:49:00,3,"25 km ESE of Wright, Wyoming",,0,138,-105.1977,43.6637,0
ci39076207,2020-02-19 00:29:50,3.33,"6km E of Independence, CA",7,0,173,-118.1373333,36.8083333,3.78
us70007sq1,2020-02-18 22:30:19,3.3,"25 km E of Wright, Wyoming",,0,168,-105.1798,43.7199,0
ci39075799,2020-02-18 19:04:19,3.15,"14km SW of Olancha, CA",5,0,154,-118.1278333,36.2083333,1.98
us70007scn,2020-02-18 13:28:06,3.9,"40 km W of Mentone, Texas",4,0,235,-104.0257,31.7299,5
us70007scg,2020-02-18 13:22:35,3.2,"56 km S of Whites City, New Mexico",,0,158,-104.3732,31.6689,5
ci39074143,2020-02-17 06:32:06,3,"32km NE of Ensenada, B.C., MX",20,0,146,-116.359,32.0603333,16.36
us70007r1l,2020-02-15 22:37:57,3.1,"56 km S of Whites City, New Mexico",,0,148,-104.3535,31.671,5
us70007r0d,2020-02-15 21:23:41,4.6,"85 km SSW of Campo Pesquero el Colorado, Mexico",1,0,326,-109.6626,25.0563,10
us70007r08,2020-02-15 21:14:29,3.2,"37 km ESE of Nelson, Canada",11,0,162,-116.8012,49.3814,10
ci39070271,2020-02-13 12:55:47,3.16,"34km W of Tecopa, CA",2,0,154,-116.6018333,35.827,1.05
us70007p8d,2020-02-13 08:16:46,4.3,"94 km NE of San Luis, Mexico",,0,284,-113.1275,29.0856,10
nc73340375,2020-02-13 03:33:42,3.6,"12km SSE of Tres Pinos, CA",101,0,241,-121.2826667,36.6888333,8.55
us70007nx2,2020-02-12 18:36:07,3.1,"0 km NW of Mountain Iron, Minnesota",,0,148,-92.6329,47.5381,0
us70007nc9,2020-02-11 20:33:40,3,Wyoming,,0,138,-105.3747,43.6061,0
us70007n8e,2020-02-11 18:10:08,3.2,"4 km N of Parkville, Minnesota",,0,158,-92.5763,47.5679,0
us70007q8c,2020-02-09 20:26:22,3,"6 km NNE of Sleepy Hollow, Wyoming",,0,138,-105.383,44.2938,0
us70007lsc,2020-02-08 23:19:15,3.5,"9 km W of Bluff City, Kansas",29,0,201,-97.9778,37.0626,5
us70007lqh,2020-02-08 21:08:52,3.4,"16 km E of Wright, Wyoming",,0,178,-105.2864,43.766,0
ci39296624,2020-02-08 19:34:20,3.93,"22km NNE of Barstow, CA",360,0,392,-116.9671667,35.095,2.27
us70007lee,2020-02-08 05:37:37,3,"3 km W of Burr Oak, Kansas",15,0,147,-98.3442,39.8651,5
us70007l20,2020-02-07 18:30:28,3.3,"3 km S of Kinney, Minnesota",,0,168,-92.7255,47.4784,0
ok2020cpuz,2020-02-07 02:42:26,3.21,"3 km SSW of Quinton, Oklahoma",6,0,161,-95.3885,35.09883333,6.33
ok2020cptf,2020-02-07 01:49:01,3.24,"2 km SSW of Quinton, Oklahoma",14,0,167,-95.3845,35.10133333,5.82
us70007k6v,2020-02-06 20:31:21,3,Wyoming,,0,138,-105.4449,43.9847,0
nc73336291,2020-02-06 11:05:29,3.06,"8km WSW of Petrolia, CA",,0,144,-124.3615,40.2875,7.48
nc73336226,2020-02-06 08:20:24,3.76,"9km WSW of Petrolia, CA",11,0,221,-124.3835,40.3025,8.8
us70007isk,2020-02-05 00:36:39,3,"28 km WSW of Saratoga, Wyoming",2,0,139,-107.1282,41.3833,5
us60007nwk,2020-02-03 21:55:33,3,"12 km ESE of Wright, Wyoming",,0,138,-105.3632,43.6949,0
nc73335171,2020-02-03 10:39:57,3.16,"33km WNW of Petrolia, CA",,0,154,-124.6501667,40.4341667,23.8
us60007mxq,2020-02-02 21:00:14,3.3,"9 km ENE of Wright, Wyoming",,0,168,-105.3944,43.7956,0
us60007mwb,2020-02-02 20:00:34,3,"18 km SE of Wright, Wyoming",,0,138,-105.3524,43.6136,0
nn00716423,2020-02-02 19:50:54,3.1,"7 km E of Panaca, Nevada",,0,148,-114.3039,37.7952,7.4
nn00716417,2020-02-02 17:39:09,3.6,"7 km E of Panaca, Nevada",9,0,202,-114.3058,37.8016,6.3
nn00716412,2020-02-02 17:34:29,3.7,"7 km E of Panaca, Nevada",14,0,218,-114.3031,37.795,3.2
ci39289384,2020-02-02 00:59:50,3.64,"14km W of Anza, CA",566,0,419,-116.8171667,33.5768333,5.16
nc73334451,2020-02-01 18:36:54,4.41,"13km WNW of Toms Place, CA",591,0,553,-118.8216667,37.5891667,9.78
nc73334336,2020-02-01 02:13:24,3.35,"5km NNW of Round Valley, CA",16,0,178,-118.6135,37.4565,12.73
us60007lnq,2020-01-31 20:17:28,3.5,"17 km SE of Wright, Wyoming",,0,188,-105.3142,43.6652,0
us60007lml,2020-01-31 19:13:43,3.4,"30 km SW of Birney, Montana",,0,178,-106.8205,45.151,0
us60007lku,2020-01-31 18:28:27,3.2,"7 km NNW of Mountain Iron, Minnesota",,0,158,-92.6549,47.5921,0
ci39287680,2020-01-31 07:45:37,3,"6km NW of Delta, B.C., MX",2,0,139,-115.2363333,32.3908333,18.88
us60007l0j,2020-01-31 03:47:05,3.3,"4 km NNE of Marysville, Montana",15,0,172,-112.2885,46.7898,5
us60007l03,2020-01-31 03:27:37,3.6,"40 km W of Mentone, Texas",2,0,200,-104.0271,31.7132,5
us60007kzz,2020-01-31 03:25:51,3.6,"39 km W of Mentone, Texas",2,0,200,-104.0187,31.7083,5
us60007k4d,2020-01-30 15:58:50,3.4,western Texas,0,0,178,-103.2815,31.1216,5
us60007jly,2020-01-29 23:19:35,3.1,"9 km ENE of Marion, Kansas",11,0,154,-96.9189,38.3889,5
us60007jh7,2020-01-29 21:03:30,3.2,"15 km ENE of Wright, Wyoming",,0,158,-105.3171,43.7996,0
us60007jg5,2020-01-29 20:41:14,3.3,"31 km SE of Wright, Wyoming",,0,168,-105.2129,43.5531,0
ci39286080,2020-01-29 18:54:40,3.4,"34km ENE of Maneadero, B.C., MX",,0,178,-116.2226667,31.8003333,18.04
us60007jbk,2020-01-29 18:31:53,3,"1 km NNE of Parkville, Minnesota",,0,138,-92.5648,47.5462,0
ci39285816,2020-01-29 12:56:21,3.19,"2km NNE of Oildale, CA",292,0,265,-119.0083333,35.4358333,17.99
nc73333256,2020-01-29 12:30:50,3.47,"2km W of Redwood Valley, CA",147,0,241,-123.222,39.2676667,6.4
us70007k27,2020-01-27 19:27:19,3.1,"20 km S of Antelope Valley-Crestview, Wyoming",,0,148,-105.4648,44.0428,0
ci39283296,2020-01-27 05:25:22,3.09,"13km NE of Barstow, CA",8,0,149,-116.9406667,34.9955,4.5
us60007gpp,2020-01-26 21:00:08,3.1,"9 km E of Wright, Wyoming",,0,148,-105.3728,43.7371,0
us60007fnn,2020-01-25 11:37:07,3.1,"59 km S of Whites City, New Mexico",3,0,149,-104.3174,31.6404,5
ci39281456,2020-01-25 03:09:43,3.03,"22km NNE of Barstow, CA",66,0,166,-116.9678333,35.0946667,3.29
ci39281440,2020-01-25 03:03:34,4.62,"23km NNE of Barstow, CA",2446,1,758,-116.9696667,35.0975,3.07
us60007f2h,2020-01-24 21:00:48,3.3,"18 km ESE of Wright, Wyoming",,0,168,-105.2712,43.7166,0
us60007eyf,2020-01-24 19:00:44,3.3,"9 km ENE of Wright, Wyoming",,0,168,-105.3787,43.77,0
us60007exd,2020-01-24 18:22:55,3.1,"2 km SW of Mountain Iron, Minnesota",,0,148,-92.6489,47.5171,0
uu60357702,2020-01-24 14:41:28,3.07,"7 km E of Howell, UT",29,0,155,-112.3606667,41.7945,7.15
us60007edu,2020-01-24 03:14:31,3,"58 km S of Whites City, New Mexico",,0,138,-104.3131,31.653,5
us60007e2f,2020-01-23 19:50:55,3.4,Wyoming,,0,178,-105.1759,43.6466,0
us60007dbu,2020-01-22 23:33:14,3.3,"13 km ENE of Wright, Wyoming",,0,168,-105.3357,43.7957,0
ci39278656,2020-01-22 22:04:05,3.03,"84km SSW of Alberto Oviedo Mota, B.C., MX",,0,141,-115.5045,31.5276667,5.52
ci39277800,2020-01-22 08:52:56,3,"8km NW of Delta, B.C., MX",2,0,139,-115.2503333,32.413,23.2
ci39277736,2020-01-22 07:41:10,3.6,"4km NNE of Granada Hills, CA",9560,0,649,-118.4855,34.3005,7.72
us60007ccn,2020-01-21 21:01:29,3.3,"15 km ENE of Wright, Wyoming",,0,168,-105.3285,43.8172,0
ci39276560,2020-01-21 02:08:19,3.07,"17km S of Searles Valley, CA",6,0,147,-117.432,35.6173333,10.17
us60007bld,2020-01-20 21:12:56,3.7,"7 km E of Bancroft, Idaho",39,0,227,-111.7983,42.7241,5
se60300191,2020-01-20 19:12:11,3.8,"2 km NE of Fincastle, Tennessee",7902,0,702,-84.0268333,36.4305,34.84
us60007beh,2020-01-20 16:59:01,3.2,"58 km S of Whites City, New Mexico",,0,158,-104.3179,31.6477,5
us60007att,2020-01-19 19:08:42,4.5,"2 km W of South Hutchinson, Kansas",3308,0,892,-97.973,38.0246,5
us60007a7c,2020-01-18 20:02:25,3.3,"20 km ESE of Wright, Wyoming",,0,168,-105.2639,43.668,0
us600079h4,2020-01-17 21:07:56,3.7,"22 km E of Wright, Wyoming",,0,211,-105.2069,43.7563,0
nc73328466,2020-01-17 13:47:46,3.1,"3km NW of Redway, CA",3,0,149,-123.8435,40.1411667,22.98
ci39273704,2020-01-17 13:06:21,3.01,"15km SSW of Searles Valley, CA",4,0,140,-117.4826667,35.6453333,9.12
uu60356907,2020-01-17 02:31:11,3.93,"10 km NNE of Minersville, Utah",191,0,322,-112.8641667,38.2993333,11.77
us70006zg1,2020-01-13 23:44:30,3.3,"20 km E of Wright, Wyoming",,0,168,-105.2355,43.724,0
us60007evt,2020-01-13 23:04:30,3,"13 km W of Gillette, Wyoming",,0,138,-105.6757,44.2949,0
nc73326936,2020-01-13 10:58:20,3.21,"3km ESE of Aromas, CA",131,0,212,-121.61,36.8761667,6.72
us70006z44,2020-01-13 10:37:59,3.4,"5 km SW of Franklin, Canada",,0,178,-73.9659,44.993,6.41
us70006ytm,2020-01-12 16:58:15,4.2,"58 km SW of Campo Pesquero el Colorado, Mexico",,0,271,-109.7957,25.4678,10
ci39033039,2020-01-12 05:21:02,3.98,"2km WNW of Delta, B.C., MX",53,0,261,-115.2131667,32.3661667,27.69
ok2020assg,2020-01-11 05:40:17,3.44,"5 km NNE of Ames, Oklahoma",16,0,189,-98.17233333,36.29183333,4.01
us60007d1x,2020-01-09 20:20:49,3.4,"27 km SE of Wright, Wyoming",,0,178,-105.2201,43.5987,0
us60007d23,2020-01-09 18:16:48,3.3,"4 km WNW of Mountain Iron, Minnesota",,0,168,-92.6796,47.5481,0
ci39028647,2020-01-08 16:11:18,3.48,"13km ENE of Ridgecrest, CA",544,0,371,-117.5478333,35.6765,6.6
nc73324681,2020-01-07 10:28:23,3.04,"4km W of San Juan Bautista, CA",58,0,164,-121.5775,36.842,6.3
mb80377629,2020-01-06 20:39:10,3.14,"17 km W of Colstrip, Montana",,0,152,-106.8505,45.8758333,-2
nc73324311,2020-01-06 09:37:46,3.02,"5km SSW of Gilroy, CA",250,0,230,-121.5908333,36.9616667,3.13
nc73323271,2020-01-03 16:40:15,3.31,"22km NE of San Lucas, CA",10,0,172,-120.8206667,36.2486667,7.22
us70006u36,2020-01-03 06:02:28,3.2,"8 km S of Lincoln, Montana",4,0,159,-112.6681,46.8795,15.34
ci39021735,2020-01-03 05:48:05,3.14,"19km W of Searles Valley, CA",4,0,153,-117.6163333,35.7928333,5.37
ci39020663,2020-01-02 10:13:00,4.03,"26km S of Port Hueneme, CA",1967,1,630,-119.2283333,33.9173333,5.94
nc73322626,2020-01-02 07:16:31,3.86,"10km ENE of Morgan Hill, CA",2804,1,759,-121.5638333,37.176,5.29
ci39019703,2020-01-01 10:38:35,3.16,"11km ENE of North Tustin, CA",741,0,450,-117.6896667,33.8113333,9.79
ok2020aanz,2020-01-01 07:04:14,3.08,"4 km NE of Meno, Oklahoma",3,0,147,-98.14466667,36.4115,7.8
us70006spn,2019-12-30 22:00:10,3.1,"11 km NNE of Tetonia, Idaho",31,0,159,-111.0947,43.9087,7.51
us70006skh,2019-12-30 18:22:28,3.2,"27 km SE of Wright, Wyoming",,0,158,-105.2115,43.6114,0
ok2019znrk,2019-12-30 05:57:55,3.73,"1 km SE of Wakita, Oklahoma",70,0,246,-97.91333333,36.87433333,7.35
ci39015759,2019-12-28 17:23:32,3.2,"2km ENE of Brea, CA",733,0,458,-117.8765,33.9266667,8.66
us70006rvb,2019-12-28 10:54:42,3,"20 km WSW of Coyanosa, Texas",,0,138,-103.2453,31.1461,5
ci39015367,2019-12-28 08:43:29,3.15,"17km SSW of Trona, CA",6,0,155,-117.4196667,35.615,9.24
ci39014215,2019-12-27 02:21:47,3.95,"17km W of Searles Valley, CA",147,0,302,-117.5935,35.7686667,7.97
nc73319936,2019-12-26 19:48:23,3.62,"13km W of Toms Place, CA",165,0,273,-118.8218333,37.5821667,9.9
ci39013663,2019-12-26 04:12:00,3.32,"20km N of Searles Valley, CA",6,0,172,-117.368,35.9498333,2.48
ci39013463,2019-12-25 23:15:05,3.74,"48km SE of San Nicolas Is., CA",13,0,219,-119.1581667,32.9236667,5.83
ok2019zeyr,2019-12-25 11:24:33,3.38,"12 km NW of Watonga, Oklahoma",14,0,183,-98.52316667,35.90733333,7.53
us70006qqs,2019-12-24 21:13:51,3.4,"12 km E of Wright, Wyoming",,0,178,-105.3392,43.7524,0
nc73318771,2019-12-24 06:33:59,3.16,"4km W of Cobb, CA",61,0,180,-122.7628333,38.817,2.47
us70006qd9,2019-12-24 00:25:41,3.2,"9 km SSW of Franklin, Arizona",2,0,158,-109.133,32.6014,5
uu60355392,2019-12-23 22:34:08,3.18,"9 km SSW of Granger, Wyoming",1,0,156,-110.0263333,41.5218333,60.47
ci39008311,2019-12-21 08:24:32,3.91,"14km SSW of Searles Valley, CA",111,0,285,-117.458,35.6466667,4.34
ci39007775,2019-12-21 00:22:47,3.84,"14km SSW of Searles Valley, CA",14,0,231,-117.4491667,35.6511667,3.45
ci39007423,2019-12-20 19:30:47,3.17,"11km ENE of Ridgecrest, CA",23,0,161,-117.5653333,35.6635,6.55
us70006p4u,2019-12-20 16:46:06,3,"53 km S of Silver Peak, Nevada",1,0,139,-117.6189,37.2771,5
ci39006607,2019-12-20 08:00:34,3.11,"18km E of Little Lake, CA",,0,149,-117.7051667,35.909,4.77
ci39005887,2019-12-19 20:05:26,3.05,"18km E of Little Lake, CA",1,0,143,-117.709,35.9133333,4.4
nc73316566,2019-12-19 15:30:12,4.06,"9km SW of Petrolia, CA",31,0,264,-124.3633333,40.2758333,21.4
uw61564491,2019-12-19 03:10:59,3.38,"9 km NNE of Snoqualmie, Washington",1044,0,606,-121.766833333333,47.5996666666667,16.96
us70006n6b,2019-12-18 21:35:15,3.2,"34 km SW of Birney, Montana",,0,158,-106.868,45.1427,0
us60006ss1,2019-12-17 19:04:09,3.3,"13 km ESE of Wright, Wyoming",,0,168,-105.3337,43.7021,0
nc73315876,2019-12-17 18:29:21,4.29,"11km NNW of Cholame, CA",706,0,573,-120.356,35.8058333,6.25
us60006sme,2019-12-17 11:16:58,3.8,"50 km NW of Toyah, Texas",2,0,223,-104.1943,31.6189,5
ci39232936,2019-12-17 06:57:45,3.6,"14km NE of Ridgecrest, CA",81,0,231,-117.5718333,35.7153333,7.12
ci39232664,2019-12-16 22:15:58,3.56,"14km ENE of Ridgecrest, CA",74,0,223,-117.5271667,35.6705,9.31
us60006scm,2019-12-16 21:18:35,3,Eastern Montana,,0,138,-106.656,45.6959,0
us60006sax,2019-12-16 20:00:35,3.3,"28 km SE of Wright, Wyoming",,0,168,-105.2849,43.5443,0
ci39232240,2019-12-16 14:06:50,3.47,"18km SSW of Searles Valley, CA",25,0,193,-117.4713333,35.6161667,6.77
ok2019ynba,2019-12-15 16:09:05,3.59,"5 km N of Stroud, Oklahoma",29,0,210,-96.65466667,35.799,7.09
uu60353847,2019-12-15 12:32:52,3.46,"18 km E of Island Park, Idaho",5,0,186,-111.1401667,44.3985,16.98
uu60353767,2019-12-15 02:09:29,3.44,"40 km ESE of West Yellowstone, Montana",1,0,182,-110.6015,44.5881667,3.95
us60006rjx,2019-12-14 21:01:51,3.3,"10 km ENE of Wright, Wyoming",,0,168,-105.3745,43.8011,0
us70006pje,2019-12-14 17:01:58,3,"15 km SSE of Wright, Wyoming",,0,138,-105.4208,43.6195,0
us60006rdh,2019-12-14 02:34:48,3.2,"33 km NW of Challis, Idaho",1,0,158,-114.4762,44.7543,10
nc73314451,2019-12-13 23:14:55,3.04,"13km S of Mariposa, CA",85,0,170,-119.9773333,37.3696667,18.36
us70006ns2,2019-12-13 19:55:05,3.2,"19 km SE of Wright, Wyoming",,0,158,-105.3229,43.6238,0
us60006qpb,2019-12-12 19:06:05,3.4,"17 km E of Wright, Wyoming",,0,178,-105.2747,43.7668,0
us60006qim,2019-12-12 12:25:34,4.6,"58 km SE of San Felipe, Mexico",10,0,329,-114.3417,30.7213,10
ci39228040,2019-12-12 11:13:40,3.51,"15km SW of Searles Valley, CA",85,0,224,-117.5225,35.675,9.62
ci39225768,2019-12-11 02:48:19,3.87,"39km E of Maneadero, B.C., MX",61,0,252,-116.156,31.7035,19.59
ci39225400,2019-12-10 22:06:47,3.35,"47km ESE of San Clemente Is. (SE tip), CA",5,0,174,-117.9223333,32.5875,28.95
us60006pwh,2019-12-10 21:05:55,3.4,"10 km ESE of Wright, Wyoming",,0,178,-105.3704,43.7206,0
us60006pr3,2019-12-10 10:41:03,4.2,"54 km ESE of San Felipe, Mexico",5,0,272,-114.3113,30.8357,10
us60006pnh,2019-12-10 05:15:01,3,"11 km E of Balmorhea, Texas",5,0,140,-103.6215,30.984,5
us60006nz7,2019-12-08 21:04:36,3.2,"35 km SE of Wright, Wyoming",,0,158,-105.1516,43.5513,0
nc73312361,2019-12-07 04:27:59,3.07,"5km SSW of Petrolia, CA",13,0,150,-124.3091667,40.2808333,19.73
ci39220296,2019-12-07 00:20:58,3.22,"21km S of San Pedro, CA",132,0,210,-118.3141667,33.5485,10.68
us60006nby,2019-12-06 23:04:17,3,"12 km ENE of Sheridan, Wyoming",,0,138,-106.8182,44.8585,0
us60006n9f,2019-12-06 21:15:52,3.4,"19 km SSE of Wright, Wyoming",,0,178,-105.4143,43.5818,0
ci39219160,2019-12-06 05:33:20,3.31,"11km NE of Coso Junction, CA",4,0,170,-117.8556667,36.1056667,2.63
ci39217824,2019-12-05 10:49:02,3.13,"23km ESE of Ridgecrest, CA",6,0,153,-117.4343333,35.5583333,4.78
ci39217768,2019-12-05 08:55:31,3.79,"10km NE of Ridgecrest, CA",95,0,262,-117.6098333,35.6946667,7.97
ci39217512,2019-12-05 03:26:38,3.04,"3km ENE of Brea, CA",1270,0,522,-117.8741667,33.93,9.29
nc73311641,2019-12-04 19:40:14,3.17,"3km NNW of Redway, CA",18,0,161,-123.844,40.144,22.38
ok2019xrnu,2019-12-03 21:36:15,3.07,"4 km ENE of Quinton, Oklahoma",4,0,147,-95.32733333,35.14016667,6.77
us70006ff0,2019-12-03 01:33:38,3.3,"4 km NNW of Zurich, Kansas",13,0,174,-99.4645,39.2707,5
nn00712189,2019-12-02 22:17:40,3.3,"22 km NNE of Crescent Valley, Nevada",1,0,168,-116.4342,40.5818,10.8
ok2019xozr,2019-12-02 12:12:11,3.75,"8 km NW of Prague, Oklahoma",82,0,257,-96.76133333,35.53816667,9.66
uw61562371,2019-12-01 20:31:10,3.39,"20 km ESE of Packwood, Washington",33,0,189,-121.419,46.5333333333333,1.97
us70006eqa,2019-11-30 07:02:08,3.1,"16 km S of Stonewall Gap, Colorado",2,0,148,-105.0045,37.0044,8.17
uw61562171,2019-11-30 04:58:27,3.54,"4 km NNE of Port Orford, Oregon",59,0,215,-124.4725,42.7775,16.13
uw61562126,2019-11-30 01:45:12,4.53,"3 km NNE of Port Orford, Oregon",517,1,554,-124.476666666667,42.776,16.65
us70006elt,2019-11-29 21:14:45,3.5,"15 km N of Wright, Wyoming",,0,188,-105.4724,43.8878,0
ci39210096,2019-11-29 00:49:42,3.72,"14km NE of Ridgecrest, CA",120,0,258,-117.5678333,35.7125,8.62
ci39210040,2019-11-28 23:10:59,3.5,"27km ESE of Boron, CA",49,0,209,-117.3905,34.8751667,2.4
ci39209360,2019-11-28 06:00:17,3.05,"10km NE of Coso Junction, CA",3,0,144,-117.8606667,36.0976667,2.78
ok2019xgdd,2019-11-27 15:43:06,3.05,"12 km W of Kingfisher, Oklahoma",2,0,144,-98.07233333,35.84766667,6.58
nc73309356,2019-11-27 09:59:00,3.02,"1km NNW of Chico, CA",30,0,152,-121.8436667,39.75,22.25
nn00711725,2019-11-26 22:20:18,3.1,"23 km WNW of Rachel, Nevada",,0,148,-115.9999,37.7058,10.2
ci39207608,2019-11-26 21:21:32,3.5,"100km S of Alberto Oviedo Mota, B.C., MX",1,0,189,-115.3616667,31.3401667,5.2
us70006dd4,2019-11-26 19:49:12,3.2,"21 km SE of Wright, Wyoming",,0,158,-105.3092,43.6068,0
ci39206448,2019-11-26 00:06:03,3.59,"22km S of Trona, CA",13,0,203,-117.3531667,35.5665,2.57
ci39206144,2019-11-25 18:54:44,3.06,"8km E of Ridgecrest, CA",11,0,146,-117.5851667,35.6106667,6.25
us70006csf,2019-11-25 17:22:46,3.1,"54 km S of Whites City, New Mexico",,0,148,-104.3124,31.686,5
ci39205664,2019-11-25 07:13:13,3.74,"106km SSW of Alberto Oviedo Mota, B.C., MX",1,0,215,-115.3936667,31.2965,19.19
ok2019xaic,2019-11-24 11:24:55,3.48,"15 km NW of Okarche, Oklahoma",11,0,190,-98.0975,35.82366667,6.3
us70006eid,2019-11-23 19:56:31,3,"24 km SE of Wright, Wyoming",,0,138,-105.288,43.59,0
ok2019wxlw,2019-11-22 21:54:49,3.57,"4 km N of Ames, Oklahoma",4,0,198,-98.18766667,36.29066667,6.01
ok2019wxlv,2019-11-22 21:54:05,3.58,"5 km N of Ames, Oklahoma",7,0,200,-98.19133333,36.29416667,6.15
nc73307431,2019-11-22 14:42:55,3.2,"12km NNW of Bridgeport, CA",8,0,160,-119.2915,38.355,2.44
nc73307426,2019-11-22 14:39:33,3.48,"12km NNW of Bridgeport, CA",,0,186,-119.2933333,38.354,3.87
ok2019wwfw,2019-11-22 05:44:36,3.6,"1 km N of Fairmont, Oklahoma",183,0,304,-97.70783333,36.36933333,8.84
us70006bbg,2019-11-21 22:07:19,3.7,"17 km E of Wright, Wyoming",,0,211,-105.2715,43.7564,0
nc73306866,2019-11-21 07:11:55,3.17,"6km SSE of Kettleman City, CA",7,0,157,-119.9395,35.9546667,7.22
ci38254882,2019-11-21 03:36:57,3.19,"26km WSW of Encinitas, CA",49,0,170,-117.549,32.9435,15.11
ci38254674,2019-11-20 22:51:10,3.34,"14km SW of Searles Valley, CA",29,0,181,-117.5138333,35.681,8.9
ci38253786,2019-11-20 06:42:23,3.41,"21km ESE of Anza, CA",232,0,262,-116.4581667,33.4996667,5.73
ci38251970,2019-11-19 02:40:43,3.13,"15km SSW of Searles Valley, CA",15,0,155,-117.4763333,35.6445,8.54
uw61560321,2019-11-18 16:48:57,3.48,"19 km NW of Hartline, Washington",15,0,191,-119.273333333333,47.8245,5.92
ci38249218,2019-11-17 19:04:18,3.34,"14km WNW of Calipatria, CA",12,0,175,-115.653,33.1606667,2.42
ci38248602,2019-11-17 08:02:35,3.62,"16km SE of Olancha, CA",5,0,203,-117.8668333,36.1835,2.07
ci38247754,2019-11-16 22:29:26,3.41,"16km SE of Olancha, CA",1,0,179,-117.8663333,36.186,2.11
ci38247706,2019-11-16 22:11:21,3.53,"17km SE of Olancha, CA",2,0,192,-117.8616667,36.187,2.48
nc73304236,2019-11-15 22:29:48,3.32,"5km NW of The Geysers, CA",24,0,179,-122.7913333,38.8128333,3.56
us700068iy,2019-11-15 19:04:06,3.4,"7 km NE of Wright, Wyoming",,0,178,-105.4162,43.79,0
us60006bv5,2019-11-15 04:14:48,3,"16 km SSE of Saguenay, Canada",16,0,143,-71.014,48.2761,19.11
us70006ak1,2019-11-13 20:25:12,3.3,"28 km SE of Wright, Wyoming",,0,168,-105.2304,43.5724,0
ci38242914,2019-11-13 19:26:53,3.92,"18km S of Trona, CA",66,0,262,-117.4065,35.6043333,8.77
us60006auj,2019-11-12 21:01:31,3.2,"14 km ENE of Wright, Wyoming",,0,158,-105.3218,43.7864,0
nc73302606,2019-11-12 10:44:01,3.11,"15km ESE of Navarro Head, CA",46,0,165,-123.5963333,39.1566667,6.04
ci38239746,2019-11-12 09:59:47,3.2,"1km ESE of El Centro, CA",29,0,169,-115.5456667,32.7831667,15.18
nc73302511,2019-11-12 02:40:02,3.12,"4km NE of New Idria, CA",2,0,150,-120.642,36.4456667,18.65
ci38238754,2019-11-12 02:14:18,3.61,"2km SE of El Centro, CA",17,0,208,-115.5386667,32.7758333,11.79
ci38238746,2019-11-12 02:13:52,3.97,"1km ENE of El Centro, CA",237,0,349,-115.5473333,32.7913333,18.46
us60006ae2,2019-11-11 23:21:12,3,"4 km ESE of Lincolnville, Kansas",7,0,141,-96.9101,38.4752,5
ci38237026,2019-11-10 23:18:12,3.11,"17km N of Indio, CA",23,0,155,-116.1965,33.8688333,8.09
ci38236850,2019-11-10 22:07:59,3.47,"16km N of Indio, CA",190,0,250,-116.1958333,33.8683333,8.2
ci38235954,2019-11-10 09:44:43,3.36,"6km E of Cabazon, CA",388,0,321,-116.7265,33.9155,16.13
us600069ux,2019-11-10 01:28:33,3,"17 km WNW of Hebgen Lake Estates, Montana",2,0,139,-111.4088,44.8104,10
us600069t0,2019-11-09 21:03:55,3.1,"11 km ENE of Wright, Wyoming",,0,148,-105.3724,43.8021,0
uw61559486,2019-11-09 15:38:56,3.24,"7 km ENE of Fall City, Washington",565,0,337,-121.806333333333,47.6006666666667,17.02
ci38233930,2019-11-09 10:59:10,3.18,"6km SW of Salton City, CA",5,0,157,-115.9995,33.2538333,8.71
ci38231834,2019-11-08 13:37:20,3.24,"6km W of Ventura, CA",151,0,229,-119.2901667,34.274,11.31
ci38231786,2019-11-08 13:29:38,3.61,"6km W of Ventura, CA",746,0,454,-119.2875,34.2788333,11.51
ci38231562,2019-11-08 12:10:12,3.37,"6km W of Ventura, CA",338,0,290,-119.2896667,34.2655,11.42
ci38229250,2019-11-07 13:05:39,3.42,"6km W of Ventura, CA",997,0,539,-119.2936667,34.2761667,14.56
ci38229234,2019-11-07 12:58:41,3.2,"6km W of Ventura, CA",105,0,201,-119.2901667,34.274,11.41
ci38229138,2019-11-07 12:38:59,3.47,"16km NNE of Ridgecrest, CA",118,0,227,-117.5918333,35.7473333,9.22
us600068iu,2019-11-07 04:04:40,3.6,"58 km S of Whites City, New Mexico",5,0,201,-104.3221,31.6461,5
us700063mu,2019-11-05 21:08:25,3.2,"15 km ENE of Wright, Wyoming",,0,158,-105.304,43.7836,0
ok2019vrov,2019-11-05 11:03:56,3.06,"9 km W of Lamont, Oklahoma",1,0,144,-97.66166667,36.7025,7.38
ci38933079,2019-11-05 08:26:31,3.12,"17km SSW of Searles Valley, CA",7,0,151,-117.4453333,35.615,7.12
nc73300510,2019-11-04 01:02:48,3.15,"24km WNW of San Simeon, CA",10,0,155,-121.4211667,35.7571667,6.83
nc73300395,2019-11-03 20:34:57,4.15,"1km WSW of The Geysers, CA",146,0,326,-122.767,38.775,3.12
ci38930143,2019-11-03 15:45:55,3.53,"15km S of Searles Valley, CA",18,0,197,-117.4356667,35.6326667,5.33
us700062gb,2019-11-03 02:08:58,3,"3 km W of South Hutchinson, Kansas",200,0,238,-97.9828,38.0276,2.21
nc73299890,2019-11-02 14:05:50,3.73,"6km NNW of The Geysers, CA",48,0,233,-122.7916667,38.8201667,4.09
us600069ai,2019-11-01 18:01:59,3.1,"7 km SSW of Antelope Valley-Crestview, Wyoming",,0,148,-105.4965,44.1618,0
ci38926095,2019-11-01 09:33:17,3.55,"8km ESE of Lone Pine, CA",18,0,199,-117.9785,36.5698333,11.35
nn00709183,2019-11-01 07:00:02,3.2,"11 km SSW of Dayton, Nevada",194,0,231,-119.6248,39.137,8.2
us700061pl,2019-10-31 17:24:47,3,"7 km N of Parkville, Minnesota",,0,138,-92.5782,47.5993,0
nc73299195,2019-10-31 12:46:54,3.21,"3km ESE of Petrolia, CA",5,0,160,-124.2505,40.3143333,32.13
ci38923807,2019-10-30 22:57:26,3.58,"16km ESE of Ridgecrest, CA",62,0,218,-117.5303333,35.5466667,4.17
us600064id,2019-10-29 19:59:54,3.2,"22 km ENE of Wright, Wyoming",,0,158,-105.2341,43.8253,0
ci38922103,2019-10-29 16:21:32,3.6,"2km SE of Lake Henshaw, CA",1895,0,579,-116.7433333,33.2281667,10.21
nc73298555,2019-10-29 15:21:16,3.75,"14km S of Tres Pinos, CA",382,1,407,-121.2925,36.6665,6.63
nc73298495,2019-10-29 09:42:51,3.14,"15km S of Tres Pinos, CA",11,0,155,-121.2876667,36.6576667,5.93
nc73298490,2019-10-29 09:34:12,3.35,"14km S of Tres Pinos, CA",30,0,182,-121.2893333,36.6631667,7.41
nc73298350,2019-10-29 01:00:38,3.18,"13km ESE of Blue Lake, CA",18,0,161,-123.8388333,40.8485,27.26
nc71111274,2019-10-28 08:10:43,3.12,"4km NNW of The Geysers, CA",3,0,150,-122.7788333,38.807,0.97
nc73298060,2019-10-28 07:55:49,3.33,"23km SSW of Los Banos, CA",26,0,180,-120.9695,36.8761667,3.05
nc73297565,2019-10-26 19:39:06,3.31,"4km WNW of Dixon Lane-Meadow Creek, CA",38,0,183,-118.4545,37.4026667,8.22
ci38917943,2019-10-26 10:55:45,3.06,"21km W of Johannesburg, CA",5,0,145,-117.8635,35.3485,3.89
nc73296890,2019-10-25 13:54:29,3.07,"4km WNW of Tahoe Vista, CA",182,0,214,-120.102,39.248,3.04
us600062wa,2019-10-25 13:35:39,3,"17 km SSW of Lindsay, Texas",1,0,139,-103.5909,31.222,5
us60006209,2019-10-23 21:39:04,3.1,"3 km WSW of South Hutchinson, Kansas",125,0,200,-97.9773,38.0193,4.03
ci38912351,2019-10-23 05:58:36,3.02,"19km ESE of Little Lake, CA",5,0,142,-117.6995,35.8973333,5.18
ok2019ustp,2019-10-22 21:03:58,3.67,"7 km S of Manchester, Oklahoma",18,0,214,-98.02466667,36.9295,6.5
ok2019uqoj,2019-10-21 16:09:15,3.13,"2 km ENE of Quinton, Oklahoma",5,0,152,-95.3495,35.132,5
ci38909287,2019-10-21 10:13:53,3.58,"23km ESE of Ridgecrest, CA",13,0,201,-117.434,35.5608333,4.35
nc73294310,2019-10-20 07:30:35,3.01,"27km WNW of Hayfork, CA",,0,139,-123.4878333,40.6311667,29.41
ci38906511,2019-10-19 00:56:36,3.04,"8km W of Garnet, CA",176,0,206,-116.6305,33.8926667,14.93
ci38905415,2019-10-18 07:19:51,3.54,"0km SSE of Compton, CA",4310,0,603,-118.2185,33.8913333,23.63
ci38905359,2019-10-18 05:34:54,3.76,"17km W of Searles Valley, CA",212,0,309,-117.5878333,35.7775,10.19
us70005v51,2019-10-17 20:01:49,3.6,"18 km ESE of Wright, Wyoming",,0,199,-105.2935,43.6709,0
nc73293465,2019-10-17 14:54:55,3.56,"16km NW of Pinnacles, CA",139,0,242,-121.2578333,36.639,9.58
us70005uy6,2019-10-17 11:27:36,3.4,"1 km N of Zurich, Kansas",21,0,185,-99.4352,39.2492,5
ci39136912,2019-10-17 04:34:21,3.02,"24km N of Trona, CA",8,0,143,-117.328,35.9775,3.23
nc73293130,2019-10-16 22:10:49,3.23,"6km WSW of Klamath, CA",5,0,162,-124.0773333,41.506,30.75
us6000627u,2019-10-16 19:52:30,3.2,"33 km SSE of Wright, Wyoming",,0,158,-105.2966,43.4821,0
nc73292945,2019-10-16 13:09:13,3.31,"16km NW of Pinnacles, CA",65,0,191,-121.2665,36.6426667,10.5
nc73292585,2019-10-16 02:11:58,3.24,"0km WNW of Pleasant Hill, CA",1802,0,592,-122.0618333,37.9481667,14.3
nc73292360,2019-10-15 19:42:30,4.71,"17km SSE of Tres Pinos, CA",6261,0,891,-121.274,36.6455,10.1
nc73291880,2019-10-15 05:33:42,4.46,"1km SSE of Pleasant Hill, CA",45899,1,866,-122.057,37.938,13.97
us70005x6x,2019-10-14 19:03:29,3.3,"25 km SE of Wright, Wyoming",,0,168,-105.242,43.6115,0
us70005u3m,2019-10-14 16:13:08,3.1,"27 km NE of Wright, Wyoming",,0,148,-105.2516,43.9249,0
us70005ww2,2019-10-13 22:34:36,3.1,"14 km SSE of Wright, Wyoming",,0,148,-105.4149,43.6347,0
ci39129768,2019-10-13 15:48:38,3.07,"18km S of Trona, CA",6,0,147,-117.4105,35.6055,4.25
nm60290066,2019-10-12 13:55:25,3.04,"4 km WSW of Howardville, Missouri",44,0,160,-89.6478333,36.5545,8.28
us70005vk6,2019-10-11 18:56:35,3.3,"19 km SE of Wright, Wyoming",,0,168,-105.3423,43.6083,0
us70005ta3,2019-10-11 01:36:32,3.5,"48 km ESE of Douglas, Arizona",2,0,189,-109.0491,31.2532,10
us70005t9y,2019-10-11 01:10:54,3.7,"49 km E of Douglas, Arizona",2,0,211,-109.0312,31.2971,10
us70005t6r,2019-10-10 20:01:06,3.6,"18 km E of Wright, Wyoming",,0,199,-105.2594,43.7747,0
nc73289220,2019-10-09 09:15:16,3.25,"8km ENE of Alum Rock, CA",830,0,519,-121.7328333,37.3818333,9.27
ok2019ttca,2019-10-08 19:47:35,3.01,"7 km NNE of Loyal, Oklahoma",1,0,140,-98.08733333,36.03116667,6.2
ok2019ttav,2019-10-08 19:10:45,3.03,"7 km NNE of Loyal, Oklahoma",3,0,142,-98.08866667,36.02933333,5.84
ci39119384,2019-10-08 14:31:57,3.59,"109km ESE of Maneadero, B.C., MX",1,0,198,-115.5378333,31.2788333,13.46
us70005rmc,2019-10-07 18:04:30,3.3,"15 km ENE of Wright, Wyoming",,0,168,-105.3049,43.7938,0
nc73287645,2019-10-06 23:17:33,3.09,"25km W of Petrolia, CA",,0,147,-124.58,40.3036667,18.6
us70005u4g,2019-10-05 18:58:06,3,"8 km SSE of Wright, Wyoming",,0,138,-105.4693,43.6741,0
nc73286930,2019-10-05 15:41:06,3.54,"5km WSW of Colma, CA",8788,0,623,-122.5145,37.6598333,7.45
us70005tfw,2019-10-03 20:27:26,3,"29 km SE of Wright, Wyoming",,0,138,-105.2335,43.5598,0
nc73285085,2019-10-02 06:26:49,3.02,"21km ESE of Kettleman City, CA",,0,140,-119.7438333,35.949,20.28
nn00705995,2019-10-01 23:35:54,3.1,"43 km SE of Lamoille, Nevada",1,0,148,-115.1547,40.4251,7.6
ci39103680,2019-10-01 13:11:08,3.59,"16km NNE of Ridgecrest, CA",143,0,260,-117.5928333,35.7436667,5.86
us70005p9k,2019-10-01 08:21:50,3.2,"8 km SSW of Mansfield, Texas",149,0,228,-97.1714,32.4911,5
us70005p8j,2019-10-01 07:14:44,3.8,"19 km N of Snyder, Texas",27,0,234,-100.8895,32.8939,5
nc73284360,2019-10-01 00:09:05,3.49,"20km WNW of Fort Bragg, CA",141,0,234,-123.998,39.539,10.39
us70005p48,2019-09-30 21:47:13,4,"23 km NNE of Snyder, Texas",146,0,322,-100.8619,32.9236,5
ci39100080,2019-09-29 13:54:32,3.06,"14km W of Searles Valley, CA",7,0,146,-117.5548333,35.7463333,8.15
ci39099712,2019-09-29 06:40:29,3.44,"19km SE of Little Lake, CA",9,0,185,-117.7366667,35.8411667,4.8
nc73282580,2019-09-28 14:08:08,3.14,"10km NW of Avenal, CA",13,0,156,-120.1955,36.08,9.43
us70005mx9,2019-09-27 22:07:32,3.5,"9 km SW of Manville, Wyoming",,0,188,-104.707,42.7217,0
us70005mu2,2019-09-27 20:06:49,3.4,"9 km ESE of Wright, Wyoming",,0,178,-105.3866,43.7225,0
ci39096944,2019-09-27 15:34:32,3.23,"23km N of Ridgecrest, CA",9,0,163,-117.6576667,35.83,5.66
ok2019syps,2019-09-27 14:50:59,3.45,"17 km SE of Waynoka, Oklahoma",3,0,184,-98.744,36.475,8.22
nm60287956,2019-09-27 08:47:45,3.27,"4 km WSW of Howardville, Missouri",66,0,190,-89.6481667,36.5558333,8.23
nm60287946,2019-09-27 04:42:20,3.03,"6 km NE of Pinhook, Missouri",35,0,152,-89.2541667,36.7713333,16.82
ci39095240,2019-09-26 16:12:00,3.27,"20km NNE of Trona, CA",12,0,169,-117.3181667,35.9361667,3.19
ci39094760,2019-09-26 08:55:24,3.04,"12km SSW of Searles Valley, CA",5,0,144,-117.4463333,35.6656667,9.44
nn00705411,2019-09-26 08:30:03,3.6,"35 km S of Goldfield, Nevada",,0,199,-117.2562,37.3929,8.4
nc73279500,2019-09-25 05:49:34,3.23,"8km NNW of Pinnacles, CA",3,0,162,-121.1926667,36.5921667,7.05
us60005n1l,2019-09-24 19:40:13,3.3,"33 km SSE of Wright, Wyoming",,0,168,-105.2782,43.497,0
uu60342962,2019-09-24 16:15:41,3.89,"5 km ENE of Howell, Utah",183,0,295,-112.3896667,41.8156667,6.62
ci38855983,2019-09-24 16:08:13,3.55,"9km ENE of Coso Junction, CA",16,0,201,-117.8608333,36.0898333,4.7
us60005m5h,2019-09-23 09:28:43,4.2,"71 km NNE of Santa Rosalía, Mexico",,0,271,-112.0853,27.9692,10
us60005m48,2019-09-23 07:12:59,3.1,"22 km NNW of Saint Johns, Arizona",9,0,151,-109.4241,34.7061,5
ci38852871,2019-09-23 05:02:35,3.32,"9km NE of Coso Junction, CA",2,0,170,-117.8621667,36.0923333,4.72
ok2019soid,2019-09-21 23:38:10,3.09,"12 km WNW of Watonga, Oklahoma",,0,147,-98.53183333,35.897,5.29
ok2019soic,2019-09-21 23:38:08,3.09,Oklahoma,12,0,152,-98.5265,35.8965,6.71
ci38850247,2019-09-21 15:19:22,3.44,"22km ESE of Ridgecrest, CA",8,0,184,-117.4503333,35.5416667,5.2
us60005lq5,2019-09-21 08:31:33,3,"8 km N of Caldwell, Kansas",10,0,142,-97.5957,37.1058,5
us60005lfy,2019-09-20 15:58:33,3.1,"35 km SE of Wright, Wyoming",,0,148,-105.1781,43.5217,0
ci38847735,2019-09-20 09:47:43,3.13,"8km NNW of Borrego Springs, CA",38,0,169,-116.4203333,33.3193333,8.36
ci38845903,2019-09-19 09:59:46,3.63,"5km WNW of Bombay Beach, CA",26,0,212,-115.788,33.3596667,3.21
nc73276115,2019-09-18 21:45:05,3.07,"5km NW of Parkfield, CA",15,0,150,-120.4738333,35.9286667,9.13
us70005l4i,2019-09-17 19:31:04,3.2,"21 km SSE of Wright, Wyoming",,0,158,-105.3957,43.5718,0
ok2019sfsq,2019-09-17 06:44:43,3.25,"11 km SW of Hunnewell, Kansas",4,0,164,-97.4815,36.92233333,6.06
ci38840159,2019-09-16 18:11:51,3.77,"5km WNW of Bombay Beach, CA",23,0,229,-115.789,33.3618333,3.1
us70005h2d,2019-09-16 14:59:34,3.2,"11 km E of Marion, Kansas",8,0,161,-96.8849,38.359,5
us70005gxf,2019-09-16 07:37:27,3.8,"15 km NW of Elmdale, Kansas",51,0,246,-96.7491,38.487,5
us70005gc6,2019-09-14 12:13:49,3.1,"12 km NNW of Georgetown, Idaho",4,0,150,-111.4333,42.584,5
ci38835287,2019-09-14 09:48:39,3.53,"23km SSW of Seal Beach, CA",305,0,317,-118.1716667,33.5463333,11.71
us70005fzb,2019-09-13 17:34:55,3.3,"18 km ENE of Georgetown, Idaho",2,0,168,-111.1548,42.5174,4.05
nc73271485,2019-09-13 06:50:21,3.82,"10km NNW of Pinnacles, CA",89,0,257,-121.202,36.6031667,6.03
nc73270665,2019-09-13 03:59:52,3.28,"9km NNW of Pinnacles, CA",28,0,175,-121.1986667,36.5998333,6.04
us70005fkr,2019-09-12 21:08:39,3.6,"20 km N of Wright, Wyoming",,0,199,-105.5131,43.9333,0
nm60286226,2019-09-12 06:42:22,3.7,"13 km N of Big Flat, Arkansas",4229,0,711,-92.4061667,36.1278333,17.59
ci38824959,2019-09-10 20:21:49,3.96,"1km ESE of Wildomar, CA",4220,1,721,-117.27,33.594,13.69
nn00703221,2019-09-10 12:24:42,3.8,"46 km W of Eureka, Nevada",,0,222,-116.4999,39.5272,9.4
nn00703188,2019-09-10 04:25:55,4.6,"44 km E of Austin, Nevada",24,0,337,-116.5599,39.5419,9.1
us70005huf,2019-09-09 20:38:33,3,"33 km NE of Ranchester, Wyoming",,0,138,-106.8217,45.0919,0
ok2019rryu,2019-09-09 17:57:06,3.25,"13 km NW of Pawnee, Oklahoma",7,0,165,-96.9045,36.427,6.62
us70005dpz,2019-09-09 16:29:28,3.4,"28 km NE of Wright, Wyoming",,0,178,-105.2118,43.9142,0
ci38819223,2019-09-08 14:07:23,3.59,"21km S of Trona, CA",7,0,200,-117.4148333,35.5806667,5.18
us70005dd7,2019-09-08 07:33:07,3.1,"27 km S of Weston, Colorado",,0,148,-104.8676,36.8895,5
ci38818071,2019-09-08 02:05:02,3.48,"12km NE of Coso Junction, CA",4,0,187,-117.8516667,36.1121667,3.53
us70005d8z,2019-09-07 19:01:27,3.3,"25 km SE of Wright, Wyoming",,0,168,-105.2327,43.6197,0
us70005cul,2019-09-06 15:55:09,3.2,"11 km N of Coyanosa, Texas",,0,158,-103.0878,31.3451,5
ci39040408,2019-09-04 00:18:46,3.41,"10km NNE of Cabazon, CA",117,0,227,-116.7643333,34.0056667,13.3
nc73264475,2019-09-03 15:05:01,3.24,"18km ESE of Navarro Head, CA",60,0,190,-123.58,39.1328333,5.46
ci39037688,2019-09-03 03:41:29,3.47,"12km NE of Ridgecrest, CA",113,0,228,-117.5878333,35.7023333,7.76
ci39037488,2019-09-03 02:32:14,3.22,"15km ENE of Ridgecrest, CA",10,0,164,-117.5221667,35.6708333,10.29
ci39037448,2019-09-03 02:23:09,3.18,"26km NE of Johannesburg, CA",2,0,156,-117.4141667,35.5161667,8.13
ok2019rfmp,2019-09-02 22:08:39,3.24,"10 km SW of Hunnewell, Kansas",14,0,166,-97.4745,36.92833333,7.65
us70005b83,2019-09-02 19:26:30,3.2,"28 km SE of Wright, Wyoming",,0,158,-105.211,43.6021,0
ci39034704,2019-09-02 04:05:04,3.19,"2km NE of Lakeland Village, CA",530,0,358,-117.3335,33.649,5.73
ci39033896,2019-09-01 22:07:54,3.11,"62km E of Maneadero, B.C., MX",,0,149,-115.9128333,31.6795,10.98
us70005aw8,2019-09-01 13:21:06,3.1,"3 km W of South Hutchinson, Kansas",102,0,179,-97.9805,38.034,3.13
us70005avg,2019-09-01 11:29:43,3.5,"16 km NNW of Weston, Colorado",16,0,195,-104.9184,37.2661,4.76
us70005amw,2019-08-31 17:56:48,3.1,"20 km SSE of Wright, Wyoming",,0,148,-105.3691,43.5872,0
us700059m4,2019-08-29 12:12:47,3.3,"15 km NW of St-Jean-Port-Joli, Canada",4,0,169,-70.434,47.303,3.69
ok2019qxdw,2019-08-29 08:39:35,3.03,"6 km SSE of Yeager, Oklahoma",8,0,145,-96.3185,35.10316667,3.02
us700059da,2019-08-28 22:21:00,3.3,"21 km E of Wright, Wyoming",,0,168,-105.2261,43.7471,0
ci39016592,2019-08-28 02:23:14,3.29,"10km NNW of Coso Junction, CA",5,0,168,-117.9751667,36.1366667,5.42
ci39007152,2019-08-25 08:15:12,3.13,"12km NE of Coso Junction, CA",4,0,152,-117.847,36.1188333,1.72
ci39005120,2019-08-24 15:18:30,3.06,"20km NW of Searles Valley, CA",7,0,146,-117.581,35.872,8.99
ci39004464,2019-08-24 11:02:20,3.45,"19km SSW of Trona, CA",5,0,184,-117.4246667,35.5971667,5.45
us700057qd,2019-08-23 22:37:36,3.4,"3 km WNW of Manhattan, Montana",13,0,183,-111.3713,45.8638,6.09
ci39002432,2019-08-23 20:23:32,3.01,"20km NNE of Trona, CA",5,0,140,-117.257,35.9141667,4.63
ci39002264,2019-08-23 19:19:42,3.31,"23km WNW of Searles Valley, CA",5,0,170,-117.6508333,35.83,4.18
nc73256930,2019-08-23 14:16:52,3.6,"10km ESE of Hidden Valley Lake, CA",77,0,225,-122.4518333,38.7718333,10.16
ci39000512,2019-08-23 10:22:22,3.02,"13km ENE of Ridgecrest, CA",10,0,143,-117.535,35.66,9.2
ci38999328,2019-08-23 05:37:25,3.2,"20km E of Little Lake, CA",3,0,158,-117.685,35.9155,8.3
ci38999312,2019-08-23 05:34:57,3.11,"18km E of Little Lake, CA",,0,149,-117.7056667,35.9113333,7.49
ci38999296,2019-08-23 05:34:09,4.33,"18km E of Little Lake, CA",109,0,335,-117.7046667,35.9078333,7.14
ci38996976,2019-08-22 21:21:40,3.45,"19km ESE of Little Lake, CA",7,0,185,-117.7036667,35.9001667,6.66
ci38996840,2019-08-22 21:11:07,3.57,"19km ESE of Little Lake, CA",12,0,202,-117.7005,35.8881667,8.11
ci38996816,2019-08-22 21:09:17,3.07,"18km E of Little Lake, CA",,0,145,-117.7063333,35.9053333,5.4
ci38996632,2019-08-22 20:49:50,4.89,"18km E of Little Lake, CA",1278,0,848,-117.709,35.9076667,4.93
ci38995952,2019-08-22 16:04:28,3,"12km SW of Searles Valley, CA",5,0,140,-117.4886667,35.6833333,6.83
nn00700503,2019-08-22 08:59:41,3.3,"32 km SE of Mina, Nevada",,0,168,-117.8849,38.1528,9.6
ci38992192,2019-08-21 14:20:22,3.23,"26km S of Trona, CA",2,0,161,-117.3698333,35.5316667,8.44
ci38991056,2019-08-21 06:50:41,3.23,"11km NNE of Cabazon, CA",51,0,179,-116.7518333,34.0126667,17.33
ci38990176,2019-08-21 00:30:10,3.41,"14km NE of Ridgecrest, CA",63,0,197,-117.575,35.7151667,4.88
ci38990112,2019-08-20 23:46:56,3.18,"26km NE of Johannesburg, CA",3,0,156,-117.4126667,35.5173333,8.39
us600057ad,2019-08-20 00:25:25,3.3,"40 km NE of Seeley Lake, Montana",5,0,169,-113.0815,47.4166,23.48
us6000579d,2019-08-19 22:50:34,3.3,"23 km ENE of Wright, Wyoming",,0,168,-105.2077,43.8011,0
ci38984576,2019-08-19 11:45:20,3.02,"7km ESE of Ridgecrest, CA",37,0,151,-117.6006667,35.603,4.06
ci38983016,2019-08-19 00:09:12,3.54,"12km SSW of Searles Valley, CA",34,0,204,-117.4676667,35.6703333,9.5
ci38982368,2019-08-18 18:56:43,3.47,"12km SSW of Searles Valley, CA",9,0,188,-117.4736667,35.67,4.32
ci38982296,2019-08-18 18:27:42,3.13,"8km ENE of Coso Junction, CA",,0,151,-117.8655,36.0778333,2.65
ok2019qdcg,2019-08-18 09:07:13,3.71,"1 km ENE of Quinton, Oklahoma",113,0,263,-95.353,35.12733333,5.9
us600056mz,2019-08-18 08:45:29,4.1,"5 km WSW of South Hutchinson, Kansas",656,0,626,-98.005,38.0146,5
ci38981040,2019-08-18 07:42:25,3.25,"9km ENE of Coso Junction, CA",,0,162,-117.8635,36.09,2.11
ci38978512,2019-08-17 11:55:31,3.04,"18km E of Little Lake, CA",8,0,145,-117.7085,35.92,4.47
us600056at,2019-08-17 01:03:39,3.1,"5 km W of South Hutchinson, Kansas",83,0,197,-98.0021,38.0204,5
us700058eu,2019-08-16 19:06:26,3,"14 km SSW of Wright, Wyoming",,0,138,-105.537,43.622,0
us600055xu,2019-08-16 13:10:49,3.1,"3 km N of Partridge, Kansas",91,0,197,-98.0943,37.9952,5
us600055xa,2019-08-16 12:59:10,4.2,"3 km W of South Hutchinson, Kansas",1075,0,881,-97.9827,38.0254,5
ci38974200,2019-08-16 04:01:27,3.12,"9km ENE of Coso Junction, CA",,0,150,-117.8633333,36.0838333,2.28
ci38973744,2019-08-16 00:56:14,3.29,"15km S of Searles Valley, CA",2,0,167,-117.4295,35.6351667,8.07
us600055qk,2019-08-16 00:02:36,4.2,"4 km NW of Manhattan, Montana",445,0,454,-111.3655,45.8897,2.36
us600055qf,2019-08-16 00:01:25,3.4,"3 km W of Manhattan, Montana",85,0,217,-111.3792,45.8574,5
uu60335597,2019-08-15 19:46:39,3.51,"59 km NNE of Kelly, Wyoming",,0,190,-110.3788333,44.1276667,7.39
ci38971232,2019-08-15 11:50:24,3.92,"9km ENE of Coso Junction, CA",13,0,243,-117.8606667,36.077,2.44
ci38969456,2019-08-14 23:32:45,3.21,"21km N of Searles Valley, CA",3,0,159,-117.3991667,35.9591667,1.59
ci38969336,2019-08-14 22:52:26,3.51,"9km ENE of Coso Junction, CA",,0,190,-117.8628333,36.0805,2.27
ci38969080,2019-08-14 21:04:11,3.75,"21km ESE of Little Lake, CA",6,0,219,-117.6755,35.8933333,3.92
us700058d1,2019-08-14 19:09:13,3,"32 km SW of Birney, Montana",,0,138,-106.8279,45.1247,0
ci38966824,2019-08-14 09:34:19,3.57,"21km ESE of Little Lake, CA",6,0,199,-117.6755,35.8941667,4.53
ok2019putq,2019-08-13 19:40:19,3.44,"9 km W of Lamont, Oklahoma",15,0,189,-97.66233333,36.70166667,7.2
ok2019prob,2019-08-12 01:26:45,3.19,"1 km NE of Quinton, Oklahoma",5,0,159,-95.35583333,35.13383333,5
ci38956352,2019-08-11 18:01:38,3.22,"14km SSW of Searles Valley, CA",5,0,161,-117.4521667,35.6451667,4.03
us600053n5,2019-08-11 07:26:20,3,"4 km E of Catharine, Kansas",3,0,140,-99.1635,38.9266,5
ci38953824,2019-08-11 01:21:08,3.15,"17km SSW of Searles Valley, CA",,0,153,-117.4733333,35.6215,2.44
us600053hv,2019-08-10 19:59:39,3.4,"12 km E of Wright, Wyoming",,0,178,-105.3432,43.7594,0
us600053ha,2019-08-10 19:05:08,3.3,"18 km ENE of Wright, Wyoming",,0,168,-105.2998,43.8382,0
ci38949408,2019-08-09 21:07:18,3.09,"14km ENE of Ridgecrest, CA",9,0,150,-117.5391667,35.6758333,8.09
us600052vx,2019-08-09 16:02:27,3.2,"19 km NNE of Challis, Idaho",5,0,159,-114.1482,44.6713,10
ok2019pmls,2019-08-09 06:34:58,3.43,"15 km NW of Okarche, Oklahoma",5,0,182,-98.11266667,35.80816667,7
ci38946464,2019-08-09 04:39:07,3.16,"17km WSW of Olancha, CA",2,0,154,-118.1623333,36.1995,2.11
us600052mi,2019-08-09 03:46:52,3,"3 km ESE of Logan, Montana",19,0,144,-111.3872,45.867,5
ok2019pkcl,2019-08-07 23:38:24,3.46,"14 km WSW of Kingfisher, Oklahoma",8,0,187,-98.09333333,35.83116667,7
ci38702143,2019-08-07 04:51:39,3.27,"16km SW of Searles Valley, CA",19,0,170,-117.4993333,35.6513333,10.43
us6000515j,2019-08-06 04:27:04,4.1,"3 km NW of Manhattan, Montana",744,0,579,-111.3572,45.8803,5
us600050p9,2019-08-05 01:40:58,3.3,"3 km W of Manhattan, Montana",28,0,178,-111.381,45.8579,5
us600050nm,2019-08-04 23:50:19,3.6,"4 km WSW of Manhattan, Montana",109,0,244,-111.386,45.8416,5
ci38692783,2019-08-04 20:09:14,3.3,"23km ESE of Little Lake, CA",3,0,168,-117.6745,35.8466667,5.03
ci38690607,2019-08-04 05:29:40,3.15,"32km N of Searles Valley, CA",,0,153,-117.364,36.0493333,2.4
us600050e4,2019-08-04 00:41:59,3,"2 km WSW of Manhattan, Montana",28,0,147,-111.3669,45.8515,2.71
us60005067,2019-08-03 13:37:56,3.3,"1 km NW of Manhattan, Montana",59,0,189,-111.3522,45.8659,5
us60005038,2019-08-03 08:08:05,3.4,"3 km NNW of Manhattan, Montana",89,0,209,-111.3581,45.8858,2.63
us6000501m,2019-08-03 03:05:08,3.1,"19 km WSW of Coyanosa, Texas",,0,148,-103.243,31.1531,5
us60004zrj,2019-08-02 18:02:26,3.5,"14 km ENE of Wright, Wyoming",,0,188,-105.3213,43.7813,0
ci38684415,2019-08-02 15:19:16,3.34,"17km SSW of Searles Valley, CA",7,0,174,-117.4496667,35.6191667,3.28
ci38683903,2019-08-02 12:18:42,3.47,"19km NNE of Ridgecrest, CA",38,0,201,-117.616,35.7821667,7.68
ok2019ozzu,2019-08-02 10:56:18,3.37,"3 km SE of Meno, Oklahoma",8,0,179,-98.15283333,36.36166667,7.18
ci38681687,2019-08-01 21:11:37,3.14,"14km SE of Olancha, CA",3,0,153,-117.8916667,36.1943333,0.77
ci38679775,2019-08-01 10:31:24,3.17,"18km E of Little Lake, CA",2,0,155,-117.7118333,35.955,2.72
us60004ysg,2019-08-01 04:11:03,3,"12 km SSE of Soda Springs, Idaho",1,0,139,-111.5534,42.5518,10
ci38678639,2019-08-01 02:49:51,3.14,"26km NE of Barstow, CA",9,0,155,-116.7968333,35.0348333,5.21
ci38677967,2019-07-31 22:59:46,3.1,"31km W of Olancha, CA",4,0,149,-118.3455,36.3178333,-1.46
nc73239366,2019-07-31 12:26:16,3.35,"12km W of Petrolia, CA",6,0,175,-124.4256667,40.3406667,27.39
us60004xq1,2019-07-31 01:14:17,3.3,"9 km N of Coyanosa, Texas",3,0,169,-103.0739,31.3251,5
ci38672303,2019-07-30 16:30:56,3.5,"14km SW of Searles Valley, CA",76,0,214,-117.5063333,35.6666667,10.24
us60004xc2,2019-07-30 09:30:20,3.2,"5 km NNE of Kipp, Kansas",18,0,164,-97.4225,38.8308,5
us60004xc0,2019-07-30 09:29:53,3.1,"2 km ENE of New Cambria, Kansas",101,0,195,-97.481,38.8846,5.21
ci38669279,2019-07-30 03:10:46,3.15,"19km E of Little Lake, CA",2,0,153,-117.6925,35.9265,4.19
ci38668511,2019-07-29 23:19:14,3.53,"22km WNW of Searles Valley, CA",17,0,196,-117.6346667,35.8228333,5.84
ci38668479,2019-07-29 23:09:33,3.32,"19km SE of Little Lake, CA",2,0,170,-117.735,35.8425,4.84
nc73237181,2019-07-28 23:51:06,3.06,"6km W of Avenal, CA",17,0,151,-120.1968333,35.997,20.07
ci38661399,2019-07-28 15:02:20,3.47,"25km N of Searles Valley, CA",5,0,187,-117.408,35.9956667,-0.21
ci38656719,2019-07-27 21:41:40,3.27,"10km SW of Olancha, CA",2,0,165,-118.0788333,36.2131667,2.67
nn00697692,2019-07-27 15:50:43,3.1,"74 km N of Rachel, Nevada",,0,148,-115.8259,38.3153,11.8
ok2019opeq,2019-07-27 12:52:50,3.12,"14 km WSW of Kingfisher, Oklahoma",4,0,151,-98.089,35.83433333,6.81
ci38653975,2019-07-27 10:30:54,3.91,"16km SSW of Searles Valley, CA",54,0,256,-117.474,35.637,1.9
nc73235831,2019-07-27 09:37:41,3.7,"11km S of Tres Pinos, CA",45,0,228,-121.3231667,36.6938333,4.13
ok2019oonv,2019-07-27 04:23:28,3.52,"14 km WSW of Kingfisher, Oklahoma",5,0,192,-98.09066667,35.831,7.37
ci38652167,2019-07-27 01:35:37,3.56,"26km S of Trona, CA",5,0,196,-117.3666667,35.5338333,9.07
us60004w2t,2019-07-26 18:12:50,3.4,"18 km ENE of Wright, Wyoming",,0,178,-105.2749,43.7914,0
ci38647543,2019-07-26 08:28:55,3.21,"19km E of Little Lake, CA",6,0,160,-117.6995,35.9348333,2.45
ci38646639,2019-07-26 05:03:59,3.18,"18km E of Little Lake, CA",4,0,156,-117.7056667,35.9208333,2
ci38645471,2019-07-26 01:42:09,3.06,"14km SSW of Searles Valley, CA",1,0,144,-117.4526667,35.6455,9.98
ci38645087,2019-07-26 00:57:40,3.23,"18km E of Little Lake, CA",,0,161,-117.7085,35.9198333,2.07
ci38644983,2019-07-26 00:45:34,3.52,"19km E of Little Lake, CA",1,0,191,-117.6955,35.9351667,2.81
ci38644943,2019-07-26 00:42:47,4.74,"18km E of Little Lake, CA",123,0,399,-117.7066667,35.9258333,3.79
us60004vh6,2019-07-25 18:14:40,3.7,"22 km ENE of Wright, Wyoming",,0,211,-105.2522,43.8609,0
ok2019olyc,2019-07-25 18:10:23,3.35,"13 km W of Kingfisher, Oklahoma",3,0,174,-98.0785,35.84166667,7.47
ok2019olhg,2019-07-25 09:39:49,3.33,"13 km W of Kingfisher, Oklahoma",4,0,171,-98.07566667,35.84266667,7.46
ci38640343,2019-07-25 06:03:59,3.23,"20km E of Little Lake, CA",,0,161,-117.6888333,35.9635,4.52
ok2019okzq,2019-07-25 05:48:18,3.91,"13 km W of Kingfisher, Oklahoma",71,0,264,-98.076,35.843,6.45
ok2019okth,2019-07-25 02:36:33,3.03,"8 km NNE of Loyal, Oklahoma",2,0,142,-98.07716667,36.03616667,6.82
ok2019okti,2019-07-25 02:36:32,3.33,"6 km NNE of Loyal, Oklahoma",5,0,172,-98.09116667,36.02783333,5.77
ok2019okna,2019-07-24 23:25:52,3.16,"14 km NW of Okarche, Oklahoma",3,0,155,-98.09283333,35.81516667,7
ci38638455,2019-07-24 22:24:18,3.47,"14km SE of Olancha, CA",2,0,186,-117.8876667,36.1948333,1.19
ci38636511,2019-07-24 14:35:18,3.75,"7km ESE of Ridgecrest, CA",149,0,280,-117.6045,35.607,3.1
ci38634911,2019-07-24 08:16:35,3.03,"36km SE of Fort Irwin, CA",5,0,142,-116.461,34.991,1.77
nc73233256,2019-07-24 05:48:47,3.14,"9km NNW of Cholame, CA",19,0,158,-120.3446667,35.7933333,9.48
ci38632759,2019-07-23 23:45:48,3.65,"18km ESE of Little Lake, CA",18,0,211,-117.7126667,35.8893333,9.09
ci38628799,2019-07-23 07:45:02,4.15,"16km S of Searles Valley, CA",82,0,299,-117.4266667,35.625,5.51
ci38627095,2019-07-23 01:36:18,3.88,"14km W of Searles Valley, CA",46,0,246,-117.5565,35.7455,6.07
ci37480781,2019-07-23 01:36:17,3.28,"14km W of Searles Valley, CA",,0,166,-117.5568333,35.7441667,5.6
ci38625223,2019-07-22 18:31:20,3,"24km ESE of Little Lake, CA",1,0,139,-117.6606667,35.8515,5.72
ci38624623,2019-07-22 16:26:56,4.2,"16km S of Twentynine Palms, CA",1386,0,701,-116.045,33.9966667,8.23
ci38622679,2019-07-22 09:45:10,3.14,"18km E of Little Lake, CA",,0,152,-117.713,35.9575,3.88
ci38618447,2019-07-21 17:09:22,3.03,"15km WSW of Searles Valley, CA",5,0,143,-117.542,35.6973333,10.32
ci38616919,2019-07-21 11:56:11,3.14,"15km ENE of Ridgecrest, CA",14,0,156,-117.5128333,35.6555,10.19
ci38616607,2019-07-21 10:41:37,3.19,"18km E of Ridgecrest, CA",6,0,159,-117.4753333,35.6071667,8.43
ci38615255,2019-07-21 05:30:38,3.35,"16km E of Ridgecrest, CA",17,0,177,-117.5031667,35.6445,4.99
ci38614479,2019-07-21 02:41:17,3.1,"12km SSW of Searles Valley, CA",2,0,148,-117.4651667,35.6723333,8.76
ci38614407,2019-07-21 02:23:33,3.36,"16km E of Little Lake, CA",2,0,174,-117.7345,35.9141667,4.15
ci38614159,2019-07-21 01:18:33,3.59,"14km WSW of Delta, B.C., MX",7,0,200,-115.3243332,32.2998352,16.73
ci38613175,2019-07-20 21:44:40,3.31,"17km W of Searles Valley, CA",8,0,171,-117.5876667,35.766,5.66
ci38613055,2019-07-20 21:12:16,3.08,"18km S of Trona, CA",,0,146,-117.4066667,35.6026667,7.37
ci38612295,2019-07-20 18:49:58,3.54,"19km ESE of Little Lake, CA",9,0,196,-117.7071667,35.874,9.17
ci38612127,2019-07-20 18:14:55,3.14,"13km ENE of Borrego Springs, CA",6,0,153,-116.2551667,33.3113333,11.65
ci38612055,2019-07-20 17:54:18,3.38,"18km E of Little Lake, CA",2,0,176,-117.7023333,35.9501667,4.15
nc73229896,2019-07-20 15:57:53,3.19,"2km NW of The Geysers, CA",45,0,178,-122.7705,38.7908333,3.21
ci38607695,2019-07-20 02:38:43,3.67,"21km ESE of Little Lake, CA",10,0,211,-117.6843333,35.8828333,5.15
ci38606951,2019-07-19 23:33:45,3.47,"15km SSW of Searles Valley, CA",6,0,187,-117.491,35.6511667,8.82
us60004vy6,2019-07-19 20:19:29,3,"25 km S of Wright, Wyoming",,0,138,-105.4864,43.5202,0
us70004p8r,2019-07-19 18:55:47,3,"24 km N of Golfo de Santa Clara, Mexico",,0,138,-114.5254,31.9026,10
ci38605615,2019-07-19 18:40:14,3.6,"14km SE of Anza, CA",193,0,282,-116.5753333,33.4535,10.99
us70004p71,2019-07-19 18:22:25,3.4,"8 km SSE of Golfo de Santa Clara, Mexico",,0,178,-114.4693,31.6139,10
us70004p5z,2019-07-19 17:48:26,3.1,"5 km ESE of Golfo de Santa Clara, Mexico",,0,148,-114.4434,31.6686,10
us70004p6m,2019-07-19 17:42:24,3.4,"5 km NW of Golfo de Santa Clara, Mexico",,0,178,-114.5476,31.7154,10
ci38605023,2019-07-19 16:16:58,3.51,"10km SW of Searles Valley, CA",18,0,195,-117.4948333,35.7151667,4.62
ci38604199,2019-07-19 13:52:22,3.43,"12km NE of Coso Junction, CA",4,0,182,-117.8418333,36.1091667,2.61
ci38603967,2019-07-19 13:14:26,3.47,"20km ESE of Little Lake, CA",6,0,187,-117.6863333,35.8936667,2.58
ci38603871,2019-07-19 12:58:58,3.23,"9km E of Ridgecrest, CA",16,0,166,-117.5748333,35.6236667,7.94
ci38603223,2019-07-19 10:47:05,3.65,"20km S of Trona, CA",3,0,206,-117.3576667,35.585,4.56
ci38602799,2019-07-19 09:26:43,3.06,"10km ENE of Coso Junction, CA",3,0,145,-117.8485,36.0741667,2.18
ci38600815,2019-07-19 02:52:13,3.34,"14km NE of Coso Junction, CA",,0,172,-117.826,36.1223333,2.49
ci38600223,2019-07-19 00:57:28,3.15,"12km ENE of Borrego Springs, CA",15,0,158,-116.2568333,33.3098333,11.54
ci38600023,2019-07-19 00:19:25,3.12,"16km N of Searles Valley, CA",9,0,153,-117.4373333,35.9123333,1.03
ci38599935,2019-07-19 00:01:10,3.16,"14km SSW of Searles Valley, CA",,0,154,-117.466,35.6496667,2.25
ci38599327,2019-07-18 21:46:37,3.65,"19km NNE of Ridgecrest, CA",22,0,213,-117.6243333,35.7841667,5.76
ci38595071,2019-07-18 08:22:02,3.05,"8km NE of Coso Junction, CA",4,0,144,-117.8925,36.1063333,4.1
ci38594383,2019-07-18 06:14:29,3.31,"9km NE of Coso Junction, CA",1,0,169,-117.8893333,36.1148333,3.93
ci38594055,2019-07-18 05:18:11,3.36,"10km NE of Coso Junction, CA",2,0,174,-117.8818333,36.114,5.44
ci38593567,2019-07-18 04:02:08,3.26,"9km NE of Coso Junction, CA",,0,164,-117.883,36.1091667,5.14
ci38593559,2019-07-18 04:01:32,3.42,"10km NE of Coso Junction, CA",,0,180,-117.8848333,36.1136667,2.69
ci38593535,2019-07-18 03:59:14,4.64,"9km NE of Coso Junction, CA",140,0,394,-117.8875,36.113,1.56
ci38593247,2019-07-18 03:02:37,3.24,"18km SSW of Searles Valley, CA",5,0,163,-117.4563333,35.6161667,10.3
ci38593087,2019-07-18 02:33:43,3.34,"16km W of Searles Valley, CA",8,0,174,-117.5775,35.7526667,6.85
ci38591911,2019-07-17 22:41:15,3.24,"19km W of Johannesburg, CA",8,0,164,-117.8415,35.3718333,2.89
ci38591663,2019-07-17 22:01:35,3.35,"14km SSW of Searles Valley, CA",1,0,173,-117.4476667,35.6458333,4.97
ci38591583,2019-07-17 21:49:19,3.87,"13km NE of Coso Junction, CA",14,0,235,-117.8385,36.1156667,2.39
ci38590983,2019-07-17 19:54:03,3.36,"20km E of Little Lake, CA",3,0,175,-117.694,35.9025,2.55
ci38590903,2019-07-17 19:42:15,3.61,"14km SSW of Searles Valley, CA",3,0,201,-117.461,35.6498333,2.69
us70004m9p,2019-07-17 15:53:45,3.3,"49 km SE of Wright, Wyoming",,0,168,-105.1236,43.3986,0
ci37421821,2019-07-17 15:12:00,3.07,"18km ESE of Little Lake, CA",,0,145,-117.7186667,35.8975,7.75
ci38589319,2019-07-17 15:11:50,3.31,"18km ESE of Little Lake, CA",,0,169,-117.72,35.894,7.81
ci38589287,2019-07-17 15:07:20,3,"18km ESE of Little Lake, CA",,0,138,-117.7166667,35.8948333,8.21
ci38589175,2019-07-17 14:48:46,3.08,"11km SSW of Searles Valley, CA",2,0,146,-117.4725,35.6825,5.87
ci38588455,2019-07-17 12:57:33,3.03,"20km E of Little Lake, CA",1,0,141,-117.6816667,35.9235,2.47
ci38586063,2019-07-17 05:49:52,3.11,"22km ESE of Little Lake, CA",4,0,150,-117.684,35.8558333,4.07
ci38585311,2019-07-17 03:23:27,3.48,"10km NNE of Coso Junction, CA",,0,186,-117.89,36.1186667,4.18
ci38585303,2019-07-17 03:22:49,3.1,"10km NE of Coso Junction, CA",1,0,148,-117.8848333,36.118,4.91
ci38585063,2019-07-17 02:36:29,3.22,"10km NE of Coso Junction, CA",,0,160,-117.8846667,36.1145,4.82
ci38585055,2019-07-17 02:35:27,3.07,"10km NNE of Coso Junction, CA",,0,145,-117.887,36.1193333,4.68
ci37267164,2019-07-17 02:29:32,3.3,"10km NNE of Coso Junction, CA",,0,168,-117.8918333,36.1171667,6.96
ci38585023,2019-07-17 02:29:07,4.37,"10km NE of Coso Junction, CA",32,0,309,-117.884,36.116,5.3
ci38584855,2019-07-17 01:47:24,3.11,"17km SSW of Searles Valley, CA",3,0,150,-117.4753333,35.6238333,8.25
ci38584607,2019-07-17 00:53:16,3.32,"16km S of Searles Valley, CA",2,0,170,-117.435,35.621,7.6
ci38583551,2019-07-16 21:06:21,3.05,"20km ESE of Little Lake, CA",2,0,144,-117.6906667,35.8778333,7.45
nc73225436,2019-07-16 20:24:16,3.2,"12km WSW of Byron, CA",610,0,432,-121.7603333,37.8186667,11.71
ci37421757,2019-07-16 20:15:59,3.54,"14km SW of Searles Valley, CA",2,0,193,-117.5155,35.6776667,7.59
ci38583335,2019-07-16 20:15:36,4.47,"19km NNE of Ridgecrest, CA",240,0,401,-117.6143333,35.7836667,3.56
nc73225421,2019-07-16 20:11:01,4.31,"12km WSW of Byron, CA",10938,0,696,-121.7568333,37.8186667,12.38
ci38581455,2019-07-16 14:38:46,3.46,"24km N of Searles Valley, CA",1,0,184,-117.412,35.9858333,1.26
ci38580911,2019-07-16 13:16:50,3.2,"14km SSW of Searles Valley, CA",3,0,158,-117.4731667,35.6586667,4.57
ci38580111,2019-07-16 10:52:32,3.48,"18km S of Trona, CA",2,0,187,-117.3718333,35.599,5.49
ci38578567,2019-07-16 05:26:52,3.55,"20km NNE of Ridgecrest, CA",15,0,199,-117.6235,35.7923333,2.96
us70004l6w,2019-07-16 04:52:28,3,"18 km ENE of Pearsonville, California",,0,138,-117.6795,35.876,4.54
ci38578055,2019-07-16 03:32:11,3.21,"23km ESE of Little Lake, CA",2,0,159,-117.6755,35.8515,8.09
ci38577831,2019-07-16 02:47:05,3.8,"15km S of Searles Valley, CA",14,0,229,-117.432,35.6323333,4.99
ci38577799,2019-07-16 02:35:52,3.05,"20km ESE of Little Lake, CA",2,0,144,-117.7006667,35.8683333,7.74
ci38577303,2019-07-16 00:50:22,3.12,"19km E of Little Lake, CA",1,0,150,-117.7006667,35.9446667,2.96
ci38576311,2019-07-15 21:29:53,3.69,"14km SW of Searles Valley, CA",22,0,216,-117.506,35.6785,9.21
ci38576223,2019-07-15 21:13:55,3.22,"15km ENE of Ridgecrest, CA",5,0,161,-117.5233333,35.6723333,8.2
nc73224146,2019-07-15 20:46:50,3.3,"16km N of Morgan Hill, CA",784,0,489,-121.6455,37.2723333,6.83
ci38575455,2019-07-15 18:34:49,3.05,"20km E of Little Lake, CA",3,0,144,-117.692,35.9056667,2.83
ci38574407,2019-07-15 15:43:36,3.61,"11km S of Searles Valley, CA",11,0,205,-117.4141667,35.6701667,8.43
ci38572055,2019-07-15 08:38:45,4.21,"9km E of Coso Junction, CA",37,0,287,-117.8506667,36.056,2.26
ci38571423,2019-07-15 06:39:55,3.33,"19km W of Johannesburg, CA",12,0,174,-117.8421667,35.371,4.01
ci38570919,2019-07-15 04:55:56,3.07,"7km E of Ridgecrest, CA",22,0,151,-117.6001667,35.6176667,8.81
ci38570271,2019-07-15 02:54:39,3.64,"15km SW of Searles Valley, CA",35,0,215,-117.5035,35.6643333,9.22
ci38569055,2019-07-14 22:38:05,3.4,"19km S of Trona, CA",,0,178,-117.3811667,35.5941667,6.13
ci38568511,2019-07-14 20:40:15,3.36,"9km NE of Coso Junction, CA",5,0,175,-117.881,36.1046667,0.97
ci38568471,2019-07-14 20:37:06,3.14,"16km W of Searles Valley, CA",,0,152,-117.579,35.7641667,6.27
ci38566311,2019-07-14 14:00:17,3.05,"19km S of Trona, CA",,0,143,-117.3865,35.5935,6.59
ci38565815,2019-07-14 12:29:33,3.1,"24km NNE of California City, CA",12,0,152,-117.9133333,35.3363333,6.88
ci38565791,2019-07-14 12:27:03,3.1,"14km SSW of Searles Valley, CA",,0,148,-117.4903333,35.6603333,2.68
ci38565431,2019-07-14 11:00:08,3.26,"14km SE of Olancha, CA",7,0,166,-117.8936667,36.1951667,1.39
ci38564031,2019-07-14 06:06:39,3.36,"18km ESE of Little Lake, CA",,0,174,-117.7203333,35.8865,4.58
ci38564023,2019-07-14 06:03:17,3.4,"22km ENE of Little Lake, CA",4,0,179,-117.668,35.9781667,3.02
ci38563839,2019-07-14 05:26:24,3.09,"22km ENE of Little Lake, CA",2,0,147,-117.669,35.9751667,3.03
us70004jv8,2019-07-14 01:52:45,4,"11 km NNE of Manhattan, Montana",650,0,513,-111.2715,45.9495,6.31
ci38561855,2019-07-13 23:03:35,3.24,"19km E of Little Lake, CA",1,0,162,-117.6963333,35.9363333,3.53
ci38561839,2019-07-13 22:58:40,3.49,"14km ENE of Ridgecrest, CA",24,0,196,-117.5435,35.6865,5.39
ci38561631,2019-07-13 22:05:12,3.08,"27km S of Trona, CA",4,0,147,-117.38,35.5243333,8.43
ci38560831,2019-07-13 19:06:15,3.34,"14km SW of Searles Valley, CA",2,0,172,-117.535,35.6941667,9.21
us70004jmv,2019-07-13 17:56:47,3.7,"78 km NNW of Saint-Boniface, Canada",,0,211,-76.326,47.1679,15.24
ci38559367,2019-07-13 14:54:30,3.2,"18km S of Trona, CA",1,0,158,-117.4166667,35.6083333,8.67
ci38559263,2019-07-13 14:34:41,3.17,"21km E of Little Lake, CA",,0,155,-117.6705,35.917,3.55
ci38558607,2019-07-13 12:44:25,3.08,"19km E of Little Lake, CA",,0,146,-117.694,35.9275,4.54
ci38558295,2019-07-13 11:45:20,3.16,"15km S of Searles Valley, CA",7,0,156,-117.429,35.6348333,4.72
ci38557895,2019-07-13 10:25:19,3.83,"20km N of Searles Valley, CA",6,0,228,-117.3736667,35.9421667,3.07
ci38553919,2019-07-13 01:16:52,3.28,"15km W of Searles Valley, CA",5,0,167,-117.5673333,35.7518333,8.8
ci38553255,2019-07-12 23:23:38,3.18,"14km SW of Searles Valley, CA",,0,156,-117.5218333,35.6855,8.04
ci37266372,2019-07-12 13:12:22,3.22,"9km ENE of Ridgecrest, CA",,0,160,-117.5825,35.6391667,9.8
ci37266364,2019-07-12 13:12:11,3.49,"7km E of Ridgecrest, CA",,0,187,-117.597,35.629,9.43
ci38548295,2019-07-12 13:11:37,4.9,"8km ENE of Ridgecrest, CA",2150,0,899,-117.5861667,35.6368333,9.48
uw61535367,2019-07-12 09:53:58,3.45,"3 km SSW of Roosevelt, Washington",2925,0,713,-122.029,47.8645,31.01
uw61535372,2019-07-12 09:51:38,4.58,"2 km S of Roosevelt, Washington",11681,1,823,-122.016333333333,47.8728333333333,28.82
ci38544311,2019-07-12 07:56:02,3.03,"24km S of Trona, CA",1,0,142,-117.3745,35.5485,4.81
ci38541743,2019-07-12 04:11:59,3.24,"15km SE of Olancha, CA",,0,162,-117.8855,36.183,1.92
ci38541391,2019-07-12 03:32:17,3.21,"17km ESE of Little Lake, CA",3,0,159,-117.724,35.8881667,4.92
ci38541359,2019-07-12 03:27:53,3.94,"19km N of Searles Valley, CA",15,0,244,-117.3788333,35.9395,1.9
ci38541351,2019-07-12 03:26:23,3.05,"20km ESE of Little Lake, CA",1,0,143,-117.7043333,35.8681667,5.62
ci38540647,2019-07-12 02:18:30,3.65,"16km SE of Olancha, CA",,0,205,-117.8843333,36.1815,1.54
ci38539215,2019-07-12 00:08:06,3.21,"20km N of Searles Valley, CA",4,0,160,-117.3726667,35.9448333,2.7
ci38539039,2019-07-11 23:52:32,3.64,"19km E of Little Lake, CA",0,0,204,-117.6985,35.9463333,4.8
ci38539031,2019-07-11 23:51:08,3.46,"25km S of Trona, CA",0,0,184,-117.3863333,35.5396667,5.02
ci38538991,2019-07-11 23:45:18,4.14,"18km E of Little Lake, CA",10,0,267,-117.703,35.95,4.32
ci38535183,2019-07-11 17:31:04,3.1,"22km NNW of Searles Valley, CA",1,0,148,-117.4801667,35.9588333,1.86
ci38534735,2019-07-11 16:41:08,3.53,"12km SW of Searles Valley, CA",3,0,192,-117.5061667,35.7033333,2.48
ci38534591,2019-07-11 16:19:08,3.72,"16km SE of Olancha, CA",2,0,213,-117.8841667,36.1823333,0.96
ci38534415,2019-07-11 15:51:06,3.31,"16km SE of Olancha, CA",,0,169,-117.8813333,36.1828333,1.63
ci38534255,2019-07-11 15:32:52,3.87,"14km NNE of Coso Junction, CA",3,0,231,-117.8768333,36.1565,2.29
ci38532975,2019-07-11 13:13:13,3.11,"22km N of Ridgecrest, CA",3,0,150,-117.6436667,35.8163333,6.3
ci38532487,2019-07-11 12:20:42,3.52,"19km N of Searles Valley, CA",,0,191,-117.3803333,35.9403333,2.16
ci38532479,2019-07-11 12:20:04,3,"8km NE of Coso Junction, CA",1,0,139,-117.8783333,36.0833333,1.49
ci38532079,2019-07-11 11:36:16,3.53,"17km SSW of Trona, CA",,0,192,-117.4206667,35.618,4.76
ci38531903,2019-07-11 11:17:27,3.17,"14km NNE of Coso Junction, CA",,0,155,-117.8805,36.1553333,1.38
ci38531775,2019-07-11 10:59:45,3.67,"20km N of Searles Valley, CA",4,0,208,-117.3773333,35.9423333,1.71
ci38531663,2019-07-11 10:43:35,3.55,"20km E of Coso Junction, CA",0,0,194,-117.7231667,36.0441667,1.48
ci38531503,2019-07-11 10:27:24,3.13,"21km E of Coso Junction, CA",,0,151,-117.7171667,36.0471667,1.38
ci38531487,2019-07-11 10:26:29,3.48,"21km E of Coso Junction, CA",1,0,187,-117.7188333,36.0465,1.13
ci38530495,2019-07-11 08:48:02,3.44,"19km ESE of Little Lake, CA",8,0,185,-117.7051667,35.895,8.49
ci38530047,2019-07-11 07:55:56,3.37,"13km SSW of Searles Valley, CA",2,0,175,-117.4666667,35.6603333,5.62
ci38529711,2019-07-11 07:19:49,3.53,"16km SE of Olancha, CA",4,0,193,-117.8843333,36.1795,1.97
ci38529591,2019-07-11 07:04:05,4.02,"16km SE of Olancha, CA",29,0,258,-117.883,36.1793333,1.46
ci38528383,2019-07-11 05:03:46,3.55,"23km NNE of Trona, CA",3,0,195,-117.2803333,35.9538333,4.86
ci38528167,2019-07-11 04:45:31,3.57,"23km NNE of Trona, CA",2,0,197,-117.2788333,35.9558333,4.66
ci38527943,2019-07-11 04:18:49,3.45,"9km E of Coso Junction, CA",4,0,184,-117.8483333,36.0595,2
ci38527863,2019-07-11 04:10:01,4.3,"9km E of Coso Junction, CA",14,0,288,-117.8488333,36.0563333,2.07
ci38526799,2019-07-11 02:35:22,3.51,"17km E of Little Lake, CA",2,0,190,-117.721,35.9411667,2.44
ci38525895,2019-07-11 01:21:50,3.16,"8km E of Coso Junction, CA",,0,154,-117.8548333,36.0331667,2.2
ci38525495,2019-07-11 00:46:09,3.21,"20km E of Coso Junction, CA",,0,159,-117.7243333,36.0456667,1.37
ci38525479,2019-07-11 00:42:53,3.07,"16km NNE of Coso Junction, CA",,0,145,-117.8776667,36.1781667,2.29
ci38525407,2019-07-11 00:35:44,3.01,"18km ESE of Little Lake, CA",1,0,140,-117.7173333,35.8851667,3.58
ci38525247,2019-07-11 00:20:19,3.45,"16km SE of Olancha, CA",0,0,183,-117.8851667,36.179,0.77
ci38525215,2019-07-11 00:15:39,4.37,"14km NNE of Coso Junction, CA",3,0,294,-117.8763333,36.1536667,2.11
ci38525207,2019-07-11 00:14:37,4.52,"16km NNE of Coso Junction, CA",43,0,331,-117.884,36.1766667,0.93
ci38525143,2019-07-11 00:08:54,3.05,"16km NNE of Coso Junction, CA",,0,143,-117.8811667,36.175,1.66
ci38525047,2019-07-10 23:58:59,3.62,"13km SW of Searles Valley, CA",10,0,205,-117.4891667,35.6723333,4.36
ci38524935,2019-07-10 23:48:43,3.29,"17km S of Searles Valley, CA",1,0,167,-117.4398333,35.6181667,6.8
ci38524831,2019-07-10 23:35:43,3.01,"23km NNE of Trona, CA",,0,139,-117.281,35.9561667,4.82
ci37265580,2019-07-10 22:15:53,3.66,"15km NNE of Coso Junction, CA",,0,206,-117.8856667,36.1713333,2.05
ci38523943,2019-07-10 22:15:48,3.87,"15km NNE of Coso Junction, CA",7,0,233,-117.8835,36.1731667,0.98
ci38523567,2019-07-10 21:40:58,3.09,"15km ESE of Ridgecrest, CA",3,0,148,-117.5211667,35.5731667,10.09
ci38522647,2019-07-10 20:09:51,4.17,"14km ENE of Ridgecrest, CA",170,0,327,-117.5248333,35.6646667,9.19
us70004h74,2019-07-10 20:06:43,3.5,"17 km ENE of Wright, Wyoming",,0,188,-105.2953,43.8278,0
ci37248948,2019-07-10 19:15:14,3.18,"25km NNE of California City, CA",,0,156,-117.9205,35.3466667,4.62
ci38522055,2019-07-10 19:15:02,3.25,"14km NE of Coso Junction, CA",1,0,163,-117.8286667,36.1213333,2.65
ci37265572,2019-07-10 18:51:43,3.51,"8km E of Coso Junction, CA",,0,190,-117.8541667,36.0553333,7.76
ci38521815,2019-07-10 18:51:35,3.7,"15km NNE of Coso Junction, CA",0,0,211,-117.875,36.1695,2.27
ci38521799,2019-07-10 18:49:01,4.09,"15km NNE of Coso Junction, CA",5,0,259,-117.8825,36.1661667,1.12
ci38521047,2019-07-10 17:43:21,3.24,"12km ENE of Little Lake, CA",2,0,162,-117.7806667,35.9846667,7.46
ci38519951,2019-07-10 16:01:38,3.49,"23km N of Ridgecrest, CA",1,0,188,-117.6516667,35.8265,3.37
ci38519287,2019-07-10 15:09:24,3.21,"15km SW of Searles Valley, CA",,0,159,-117.513,35.6698333,8.75
ci38519231,2019-07-10 15:02:04,3.56,"21km ESE of Little Lake, CA",1,0,195,-117.6816667,35.877,4.86
ci38519223,2019-07-10 15:01:56,3.33,"21km ESE of Little Lake, CA",,0,171,-117.6806667,35.8796667,4.99
ci38519135,2019-07-10 14:53:06,3.52,"8km E of Coso Junction, CA",2,0,191,-117.8598333,36.046,1.8
ci38518287,2019-07-10 13:38:57,3.26,"14km W of Searles Valley, CA",4,0,164,-117.5573333,35.7668333,9.9
ci38518087,2019-07-10 13:23:09,3.43,"16km SSW of Searles Valley, CA",1,0,181,-117.4868333,35.643,3.86
ci38517847,2019-07-10 13:02:18,3.2,"13km WSW of Searles Valley, CA",2,0,158,-117.5323333,35.7235,9.29
ci38517703,2019-07-10 12:49:26,3.05,"9km E of Coso Junction, CA",,0,143,-117.8496667,36.0536667,2.03
ci38517471,2019-07-10 12:28:56,4.18,"8km E of Coso Junction, CA",13,0,273,-117.8566667,36.0495,1.91
ci38517119,2019-07-10 12:00:05,3.81,"19km ESE of Little Lake, CA",9,0,227,-117.7076667,35.8758333,5.02
ci38516463,2019-07-10 10:58:04,3.45,"21km ESE of Little Lake, CA",2,0,184,-117.6865,35.865,2.95
ci38515863,2019-07-10 10:04:20,3.16,"17km NE of Little Lake, CA",1,0,154,-117.7613333,36.0306667,3.62
ci38515519,2019-07-10 09:32:08,3.25,"14km SW of Searles Valley, CA",3,0,164,-117.4973333,35.6626667,4.42
ci38514151,2019-07-10 07:22:42,3.08,"17km E of Little Lake, CA",0,0,146,-117.7208333,35.9405,2.78
ci38513943,2019-07-10 07:05:26,3.69,"9km E of Coso Junction, CA",3,0,210,-117.849,36.0561667,1.87
ci38512103,2019-07-10 04:14:11,3.06,"20km E of Little Lake, CA",2,0,145,-117.6818333,35.9433333,3.65
ci38511719,2019-07-10 03:42:54,3.61,"14km SSW of Searles Valley, CA",28,0,210,-117.4493333,35.6426667,10.61
ci38510319,2019-07-10 01:43:02,3.96,"20km ESE of Little Lake, CA",8,0,245,-117.6901667,35.9015,2.4
ci38509663,2019-07-10 00:48:17,4.07,"9km E of Coso Junction, CA",8,0,258,-117.8471667,36.0571667,1.69
ci38507623,2019-07-09 21:52:49,3.28,"19km ESE of Little Lake, CA",4,0,167,-117.7018333,35.8885,5.22
ci38506343,2019-07-09 19:49:50,3.11,"17km ESE of Little Lake, CA",,0,149,-117.7191667,35.9018333,2.66
ci38505679,2019-07-09 18:37:37,3.43,"13km WSW of Searles Valley, CA",14,0,185,-117.5421667,35.7278333,10.39
ci38504647,2019-07-09 17:11:28,3.55,"11km SW of Searles Valley, CA",5,0,195,-117.4941667,35.7021667,10.55
ci38504415,2019-07-09 16:47:03,3.33,"19km ESE of Little Lake, CA",2,0,171,-117.7076667,35.8916667,7.4
ci38503631,2019-07-09 15:40:45,3.49,"21km S of Trona, CA",2,0,188,-117.3633333,35.5748333,3.67
ok2019nilg,2019-07-09 14:44:09,3.11,"13 km W of Kingfisher, Oklahoma",5,0,150,-98.07916667,35.83766667,6.29
ci38502215,2019-07-09 13:28:48,3.42,"24km S of Trona, CA",1,0,180,-117.3818333,35.5476667,3.13
ci37265404,2019-07-09 12:58:31,3.03,"12km SW of Searles Valley, CA",,0,141,-117.487,35.6796667,2.63
ci38501895,2019-07-09 12:58:21,3.47,"13km SW of Searles Valley, CA",2,0,186,-117.4841667,35.675,2.34
ci38500391,2019-07-09 10:41:31,3.11,"14km ENE of Ridgecrest, CA",3,0,150,-117.5428333,35.6838333,5.01
ci38500135,2019-07-09 10:21:52,3.54,"21km E of Little Lake, CA",2,0,193,-117.6768333,35.9543333,2.04
ci38499303,2019-07-09 09:22:32,3.14,"21km ESE of Little Lake, CA",,0,152,-117.6865,35.88,3.81
ci38499159,2019-07-09 09:11:15,3.21,"13km ENE of Ridgecrest, CA",4,0,160,-117.5418333,35.6626667,8.72
ci38498647,2019-07-09 08:23:46,3.21,"8km ESE of Coso Junction, CA",2,0,159,-117.8681667,36.0245,1.72
ci38498615,2019-07-09 08:17:31,3.58,"19km NNE of Ridgecrest, CA",22,0,205,-117.6143333,35.782,9.21
ci38497719,2019-07-09 07:04:16,3.1,"22km E of Little Lake, CA",3,0,149,-117.6723333,35.8988333,8.39
ci38497239,2019-07-09 06:24:10,3.06,"20km ESE of Little Lake, CA",1,0,144,-117.6845,35.8951667,3
ci38495767,2019-07-09 04:02:54,3.56,"18km NNW of Searles Valley, CA",20,0,202,-117.4551667,35.9235,7.05
ci38493743,2019-07-09 00:57:30,3.06,"21km ESE of Little Lake, CA",3,0,144,-117.693,35.8635,8.49
ci37265084,2019-07-09 00:00:07,3.01,"14km NE of Coso Junction, CA",,0,139,-117.8446667,36.1328333,5.14
ci38493191,2019-07-09 00:00:01,3.22,"14km SW of Searles Valley, CA",3,0,160,-117.5111667,35.6793333,5
ci38492831,2019-07-08 23:23:41,3.31,"16km S of Searles Valley, CA",,0,169,-117.4293333,35.6276667,4.34
ci38492599,2019-07-08 22:57:40,3.37,"9km E of Coso Junction, CA",4,0,176,-117.8461667,36.0488333,1.95
ci38492271,2019-07-08 22:18:49,3.15,"19km NNE of Trona, CA",3,0,153,-117.312,35.9266667,6.85
ci38489903,2019-07-08 18:10:19,3.23,"13km SW of Searles Valley, CA",4,0,162,-117.494,35.6715,2.62
ci38489847,2019-07-08 18:03:54,3.02,"15km WSW of Searles Valley, CA",0,0,140,-117.5641667,35.7398333,3.82
ci38489751,2019-07-08 17:53:47,3.81,"24km SSE of Trona, CA",22,0,232,-117.3123333,35.555,7.7
ci38489727,2019-07-08 17:50:01,3.52,"14km SW of Searles Valley, CA",1,0,191,-117.5003333,35.6671667,2.43
ci38488975,2019-07-08 16:31:08,3.03,"15km W of Searles Valley, CA",4,0,143,-117.5641667,35.7418333,9.35
ci38488767,2019-07-08 16:09:57,3.48,"16km S of Searles Valley, CA",,0,186,-117.4311667,35.6231667,2.84
ci38488719,2019-07-08 16:04:28,3.83,"14km SW of Searles Valley, CA",7,0,229,-117.5103333,35.678,4.3
ci38487839,2019-07-08 14:31:01,3.26,"14km SSW of Searles Valley, CA",3,0,165,-117.4868333,35.6588333,5.09
ci38487519,2019-07-08 13:58:19,3.15,"23km S of Trona, CA",2,0,153,-117.3916667,35.5593333,2.41
ci38486831,2019-07-08 12:42:38,3.1,"14km NE of Ridgecrest, CA",4,0,149,-117.57,35.7151667,6.51
ci38486639,2019-07-08 12:21:28,3.18,"15km ENE of Ridgecrest, CA",2,0,156,-117.525,35.6691667,8.59
ci38486591,2019-07-08 12:14:57,3.47,"16km S of Searles Valley, CA",5,0,186,-117.4373333,35.626,9.99
ci38486063,2019-07-08 11:23:22,3.16,"18km E of Little Lake, CA",1,0,154,-117.7075,35.9073333,4.96
ci38485391,2019-07-08 09:57:10,3.5,"14km SSW of Searles Valley, CA",15,0,195,-117.4618333,35.6541667,9.65
ci38484631,2019-07-08 08:20:02,3.9,"12km NE of Coso Junction, CA",6,0,236,-117.8575,36.1208333,3.71
ci38484311,2019-07-08 07:31:58,3.55,"14km NNE of Coso Junction, CA",2,0,194,-117.8738333,36.1566667,2.63
ci38484231,2019-07-08 07:18:34,3.56,"24km S of Trona, CA",3,0,196,-117.377,35.5498333,2.6
ci38483983,2019-07-08 06:45:16,3.1,"15km WSW of Searles Valley, CA",5,0,149,-117.5671667,35.73,7.37
ci38483743,2019-07-08 06:18:08,3.15,"24km NNE of Trona, CA",1,0,153,-117.278,35.9596667,3.35
ci38483591,2019-07-08 05:54:05,3.49,"19km ESE of Little Lake, CA",3,0,188,-117.7095,35.8751667,8.52
ci38483383,2019-07-08 05:24:16,3.3,"17km E of Little Lake, CA",2,0,168,-117.722,35.9476667,2.75
ci38483327,2019-07-08 05:15:02,3.22,"13km ENE of Ridgecrest, CA",1,0,160,-117.5441667,35.677,4.95
ci38483215,2019-07-08 05:02:10,3.02,"18km ESE of Little Lake, CA",,0,140,-117.72,35.8738333,8.05
ci38482775,2019-07-08 04:03:07,3.15,"17km S of Trona, CA",2,0,153,-117.3876667,35.611,3.34
ci38482375,2019-07-08 03:12:26,3.07,"14km SW of Searles Valley, CA",2,0,145,-117.5043333,35.6655,8.31
nn00692858,2019-07-08 02:41:10,3.6,"57 km NE of Valmy, Nevada",,0,199,-116.5991,41.1244,8.5
ci37264764,2019-07-08 01:37:07,3.5,"19km E of Little Lake, CA",,0,188,-117.6978333,35.9045,9.08
ci38481735,2019-07-08 01:36:58,3.76,"10km NE of Coso Junction, CA",,0,218,-117.8813333,36.1135,4.97
ci38481167,2019-07-08 00:13:25,3.12,"23km N of Ridgecrest, CA",,0,150,-117.6643333,35.83,5.8
ci38480975,2019-07-07 23:45:25,3.4,"13km SW of Searles Valley, CA",1,0,178,-117.4888333,35.6761667,3.01
ci38480967,2019-07-07 23:44:57,3.45,"23km S of Trona, CA",2,0,184,-117.3853333,35.559,9.93
ci38480919,2019-07-07 23:36:56,3.93,"23km N of Ridgecrest, CA",23,0,246,-117.6685,35.8303333,4.97
us70004ecq,2019-07-07 23:12:39,3.1,"12 km ENE of Paradise, Montana",5,0,149,-114.6488,47.4218,5
ci38480631,2019-07-07 23:02:24,3.13,"24km S of Trona, CA",1,0,151,-117.414,35.5456667,4.93
ci38480559,2019-07-07 22:52:52,3.38,"11km E of Ridgecrest, CA",9,0,179,-117.5536667,35.6405,7.09
ci38480447,2019-07-07 22:33:21,3.52,"15km SW of Searles Valley, CA",4,0,192,-117.529,35.683,1.46
ci38479967,2019-07-07 21:15:29,3.79,"20km E of Little Lake, CA",8,0,223,-117.6898333,35.9458333,2.42
ci38479903,2019-07-07 21:02:51,3.47,"18km W of Searles Valley, CA",7,0,188,-117.6046667,35.777,9.13
ci38479783,2019-07-07 20:46:41,3.13,"18km WNW of Searles Valley, CA",,0,151,-117.5946667,35.8136667,9.7
ci38479239,2019-07-07 19:48:36,3.03,"19km E of Little Lake, CA",,0,141,-117.6995,35.9386667,2.38
ci38479143,2019-07-07 19:37:10,3.14,"14km ENE of Ridgecrest, CA",,0,152,-117.5243333,35.656,10.94
ci38478823,2019-07-07 19:00:51,3.35,"14km SSW of Searles Valley, CA",1,0,173,-117.4721667,35.6546667,3.2
ci38478703,2019-07-07 18:50:02,3.59,"19km S of Searles Valley, CA",4,0,200,-117.4283333,35.5976667,6.07
ci38478423,2019-07-07 18:19:19,3.1,"17km ESE of Little Lake, CA",1,0,148,-117.7325,35.8883333,5.2
nc73213416,2019-07-07 18:08:17,3.3,"11km SW of Toms Place, CA",6,0,169,-118.75,37.484,10.59
ci38478335,2019-07-07 18:05:57,3.07,"17km E of Little Lake, CA",,0,145,-117.7158333,35.9291667,2.07
ci37485653,2019-07-07 16:40:41,3.06,"19 km ESE of Little Lake, CA",,0,144,-117.6971667,35.8945,6.79
ci38477415,2019-07-07 16:08:00,3.05,"15km ENE of Ridgecrest, CA",4,0,144,-117.5256667,35.6698333,4.79
ci38477319,2019-07-07 15:49:15,3.15,"20km ESE of Little Lake, CA",1,0,153,-117.7021667,35.87,4.21
ci38477303,2019-07-07 15:48:11,3.56,"22km N of Ridgecrest, CA",3,0,196,-117.6583333,35.8225,6.67
ci38476855,2019-07-07 14:46:40,3.6,"18km E of Little Lake, CA",37,0,211,-117.7108333,35.9136667,2.37
ci38476711,2019-07-07 14:28:18,3.04,"9km ENE of Ridgecrest, CA",1,0,142,-117.5846667,35.6583333,9.78
ci38476671,2019-07-07 14:21:34,3.33,"14km S of Searles Valley, CA",3,0,171,-117.4211667,35.6456667,4.7
ci38476279,2019-07-07 13:23:52,3.19,"20km ESE of Little Lake, CA",1,0,157,-117.6926667,35.895,7
ci38475967,2019-07-07 12:39:48,3.44,"15km SSW of Searles Valley, CA",,0,182,-117.4835,35.6448333,3.62
ci38475551,2019-07-07 11:41:04,3.2,"18km E of Little Lake, CA",3,0,159,-117.7108333,35.9166667,1.96
ci38475511,2019-07-07 11:33:50,3.49,"22km S of Trona, CA",,0,187,-117.3513333,35.5668333,3.15
ci38475431,2019-07-07 11:22:16,4.16,"18km WNW of Searles Valley, CA",24,0,276,-117.594,35.8056667,10.06
ci38475007,2019-07-07 10:37:45,3.24,"17km NNE of Ridgecrest, CA",1,0,162,-117.5943333,35.7578333,3.6
ci38474959,2019-07-07 10:32:54,3.39,"20km W of Searles Valley, CA",9,0,180,-117.622,35.7951667,6.59
ci38474855,2019-07-07 10:21:27,3.48,"14km SSW of Searles Valley, CA",2,0,187,-117.4678333,35.658,7.64
ci38474687,2019-07-07 10:06:12,3.47,"16km E of Little Lake, CA",5,0,187,-117.7366667,35.9141667,2.23
ci38474639,2019-07-07 10:02:27,3.32,"10km WSW of Searles Valley, CA",,0,170,-117.4961667,35.7193333,3.74
ci38474415,2019-07-07 09:41:23,3.45,"13km W of Searles Valley, CA",10,0,186,-117.55,35.7493333,11.08
ci38474127,2019-07-07 09:10:01,3.5,"18km E of Little Lake, CA",,0,188,-117.7033333,35.9311667,2.57
ci38474119,2019-07-07 09:09:25,3.11,"15km ENE of Ridgecrest, CA",4,0,150,-117.5221667,35.6718333,9.4
ci38473983,2019-07-07 08:56:40,3.38,"13km SW of Searles Valley, CA",11,0,179,-117.4931667,35.6805,1.31
ci38473967,2019-07-07 08:54:18,3.1,"17km E of Little Lake, CA",0,0,148,-117.722,35.9188333,3.03
ci38473831,2019-07-07 08:38:27,3.33,"23km S of Trona, CA",3,0,171,-117.3843333,35.555,1.03
ci38473511,2019-07-07 08:03:25,3.68,"10km ENE of Coso Junction, CA",,0,208,-117.8508333,36.086,1.24
ci38473223,2019-07-07 07:31:06,3.11,"22km WNW of Searles Valley, CA",61,0,170,-117.6436667,35.8241667,9.15
ci38473135,2019-07-07 07:20:26,3.45,"15km ENE of Ridgecrest, CA",42,0,197,-117.5393333,35.6915,9.6
ci38473119,2019-07-07 07:19:14,3.37,"18km N of Ridgecrest, CA",1,0,175,-117.6438333,35.7806667,9.54
ci38473063,2019-07-07 07:13:02,3.17,"18km E of Little Lake, CA",0,0,155,-117.706,35.9121667,2.53
ci38473039,2019-07-07 07:09:38,3.6,"17km S of Searles Valley, CA",10,0,203,-117.4385,35.6165,3.27
ci38472895,2019-07-07 06:57:27,3.43,"14km SSW of Searles Valley, CA",3,0,182,-117.4546667,35.645,2.98
ci38472463,2019-07-07 06:07:06,3.5,"15km ENE of Ridgecrest, CA",3,0,189,-117.524,35.6661667,9.04
ci38472279,2019-07-07 05:38:15,4.53,"16km W of Searles Valley, CA",180,0,402,-117.5781667,35.7683333,10.45
ci38471927,2019-07-07 04:56:31,3.05,"14km SW of Searles Valley, CA",3,0,144,-117.5271667,35.6941667,7.49
ci38471687,2019-07-07 04:26:57,3.32,"7km SE of Ridgecrest, CA",8,0,171,-117.6151667,35.5816667,10.83
ci37264612,2019-07-07 03:50:55,3.12,"21km ESE of Little Lake, CA",,0,150,-117.6975,35.8488333,7.34
ci38471103,2019-07-07 03:23:26,3.3,"19km ESE of Little Lake, CA",1,0,168,-117.7165,35.8723333,7.66
ci38470999,2019-07-07 03:13:12,3.62,"16km NNE of Ridgecrest, CA",3,0,202,-117.5956667,35.749,10.05
ci38470887,2019-07-07 02:59:17,3.37,"21km N of Ridgecrest, CA",3,0,175,-117.6345,35.8056667,6.09
ci38470471,2019-07-07 02:17:01,3.64,"19km E of Ridgecrest, CA",5,0,205,-117.4668333,35.6035,2.83
ci38470439,2019-07-07 02:10:48,3.48,"18km S of Trona, CA",1,0,187,-117.4043333,35.5993333,7.31
ci38470415,2019-07-07 02:06:04,3.6,"14km W of Searles Valley, CA",4,0,201,-117.5621667,35.7601667,10.75
ci38470159,2019-07-07 01:30:52,3.29,"15km ENE of Ridgecrest, CA",2,0,167,-117.536,35.689,6.88
ci38470119,2019-07-07 01:23:55,3.27,"16km E of Little Lake, CA",1,0,165,-117.7343333,35.9128333,2.92
ci38469967,2019-07-07 01:05:07,3.55,"15km SW of Searles Valley, CA",5,0,196,-117.516,35.6695,5.05
ci38469903,2019-07-07 00:53:51,3.08,"14km SSW of Searles Valley, CA",,0,146,-117.4513333,35.6505,10.76
ci38469775,2019-07-07 00:41:52,3.47,"23km N of Ridgecrest, CA",4,0,186,-117.6686667,35.8283333,5.01
ci38469415,2019-07-06 23:56:34,3.48,"22km N of Ridgecrest, CA",1,0,187,-117.661,35.8223333,6.32
ci38469375,2019-07-06 23:50:41,4.5,"23km N of Ridgecrest, CA",138,0,390,-117.663,35.8235,6.51
ci38469271,2019-07-06 23:38:32,3.31,"9km ESE of Coso Junction, CA",0,0,169,-117.8473333,36.0283333,2.71
ci38469215,2019-07-06 23:34:09,3.45,"23km ESE of Little Lake, CA",1,0,183,-117.6656667,35.8738333,6.42
ci38469119,2019-07-06 23:26:22,3.29,"17km W of Searles Valley, CA",1,0,167,-117.5915,35.7775,3.86
ci38469079,2019-07-06 23:21:34,3.71,"12km SW of Searles Valley, CA",7,0,214,-117.5083333,35.7003333,9.09
ci38468767,2019-07-06 22:51:35,3.16,"16km SSW of Searles Valley, CA",1,0,154,-117.4561667,35.6346667,6.33
ci38468407,2019-07-06 22:04:09,3.03,"16km SSW of Searles Valley, CA",1,0,142,-117.4601667,35.6295,2.47
ci38468247,2019-07-06 21:41:25,3.24,"11km SW of Searles Valley, CA",1,0,162,-117.4863333,35.696,10.59
ci38468151,2019-07-06 21:28:41,3.02,"21km ESE of Little Lake, CA",,0,140,-117.6803333,35.8951667,2.4
ci38468063,2019-07-06 21:14:59,3.17,"22km ESE of Little Lake, CA",2,0,155,-117.6731667,35.8981667,2.68
ci38468023,2019-07-06 21:07:44,3.19,"24km NNE of Trona, CA",1,0,157,-117.2755,35.961,2.8
ci38468007,2019-07-06 21:05:24,3.51,"13km NNE of Ridgecrest, CA",7,0,192,-117.6026667,35.7206667,10.82
ci38467815,2019-07-06 20:41:30,3.51,"13km SW of Searles Valley, CA",12,0,193,-117.5133333,35.692,2.71
ci38467671,2019-07-06 20:22:34,3.07,"21km WNW of Searles Valley, CA",11,0,149,-117.6338333,35.8121667,8.52
ci38467423,2019-07-06 19:54:29,3.23,"17km ESE of Little Lake, CA",3,0,161,-117.7258333,35.8978333,6.1
ci38467391,2019-07-06 19:49:04,3.45,"22km ESE of Little Lake, CA",1,0,183,-117.6858333,35.8618333,7.91
ci38467359,2019-07-06 19:46:23,3.3,"17km ESE of Little Lake, CA",,0,168,-117.7261667,35.8921667,3.51
ci38467303,2019-07-06 19:37:33,3.07,"21km E of Little Lake, CA",,0,145,-117.6785,35.9021667,3.04
ci38466991,2019-07-06 18:59:41,3.08,"22km S of Trona, CA",1,0,146,-117.4043333,35.5673333,7.88
ci38466983,2019-07-06 18:58:59,3.1,"22km ESE of Little Lake, CA",0,0,148,-117.6726667,35.8983333,4.28
ci38466959,2019-07-06 18:56:39,3.33,"9km E of Ridgecrest, CA",1,0,171,-117.5751667,35.6325,10.76
ci38466855,2019-07-06 18:47:47,3.37,"15km NE of Ridgecrest, CA",2,0,175,-117.5656667,35.7176667,7.12
ci38466847,2019-07-06 18:46:26,3.87,"14km SSW of Searles Valley, CA",5,0,232,-117.4648333,35.6541667,1.9
ci38466775,2019-07-06 18:36:49,3.72,"16km ESE of Little Lake, CA",0,0,213,-117.7383333,35.907,2.87
ci38466711,2019-07-06 18:30:39,3.32,"15km NE of Ridgecrest, CA",,0,170,-117.5611667,35.7196667,8.82
ci38466655,2019-07-06 18:23:08,3.11,"18km S of Trona, CA",0,0,149,-117.3966667,35.5983333,3.68
ci38466623,2019-07-06 18:19:39,3.55,"29km ENE of Johannesburg, CA",7,0,197,-117.3256667,35.448,4.54
ci38466583,2019-07-06 18:13:16,3.33,"18km E of Little Lake, CA",1,0,171,-117.7118333,35.9175,2.57
ci38466495,2019-07-06 17:59:14,3.96,"16km ESE of Little Lake, CA",5,0,243,-117.7295,35.9021667,4.27
ci38466343,2019-07-06 17:41:33,3.98,"19km ESE of Little Lake, CA",9,0,247,-117.7168333,35.8716667,7.74
ci38466247,2019-07-06 17:31:22,3,"19km NNE of Ridgecrest, CA",4,0,140,-117.6173333,35.7808333,8.58
ci38466103,2019-07-06 17:18:21,3.14,"22km S of Trona, CA",,0,152,-117.3585,35.569,3.57
ci38466063,2019-07-06 17:14:17,3.07,"15km S of Searles Valley, CA",1,0,145,-117.434,35.6365,2.72
ci38466023,2019-07-06 17:09:01,3.32,"24km NNE of Trona, CA",2,0,170,-117.2748333,35.9623333,3.84
ci38465759,2019-07-06 16:42:05,3.51,"19km ESE of Little Lake, CA",1,0,190,-117.7121667,35.879,4.55
ci38465735,2019-07-06 16:40:46,3.07,"10km NE of Coso Junction, CA",0,0,145,-117.877,36.1183333,5.14
ci38465711,2019-07-06 16:38:01,3.37,"19km S of Trona, CA",,0,175,-117.3768333,35.5951667,5.26
ci38465703,2019-07-06 16:36:05,4.14,"15km ESE of Ridgecrest, CA",10,0,268,-117.523,35.5705,10.05
ci38465647,2019-07-06 16:31:50,3.05,"14km ENE of Ridgecrest, CA",0,0,143,-117.5325,35.6771667,8.41
ci38465447,2019-07-06 16:12:25,3.18,"17km S of Trona, CA",,0,156,-117.4135,35.6103333,3.3
ci38465439,2019-07-06 16:10:10,3.2,"10km ENE of Coso Junction, CA",0,0,158,-117.843,36.078,1.67
ci38465415,2019-07-06 16:07:25,3.49,"14km ENE of Ridgecrest, CA",0,0,187,-117.545,35.6861667,2.12
ci38465367,2019-07-06 16:01:08,3.41,"19km S of Trona, CA",,0,179,-117.3941667,35.5945,4.98
ci38465351,2019-07-06 15:59:29,3.55,"20km ESE of Little Lake, CA",0,0,194,-117.6976667,35.877,2.33
ci38465239,2019-07-06 15:45:46,3.58,"12km ENE of Coso Junction, CA",0,0,197,-117.827,36.0993333,2.51
ci38465087,2019-07-06 15:32:43,3.18,"19km ESE of Little Lake, CA",,0,156,-117.7043333,35.8791667,2.96
ci38465063,2019-07-06 15:30:49,3.31,"14km NE of Ridgecrest, CA",,0,169,-117.5551667,35.6941667,10.08
ci38464943,2019-07-06 15:23:28,3.26,"24km ESE of Little Lake, CA",,0,164,-117.667,35.8475,9
ci38464927,2019-07-06 15:22:26,3.38,"16km ESE of Little Lake, CA",1,0,176,-117.737,35.9043333,2.77
ci38464839,2019-07-06 15:12:01,3.08,"11km ENE of Ridgecrest, CA",0,0,146,-117.5626667,35.652,4.38
ci37483669,2019-07-06 15:10:49,3.19,"23km S of Trona, CA",,0,157,-117.396,35.5545,4.59
ci38464799,2019-07-06 15:09:15,3.28,"18km ESE of Little Lake, CA",,0,166,-117.7236667,35.8831667,4.31
ci38464775,2019-07-06 15:07:05,3.28,"15km SW of Searles Valley, CA",,0,166,-117.5175,35.6691667,7.69
ci38464447,2019-07-06 14:33:30,3.14,"15km S of Searles Valley, CA",0,0,152,-117.427,35.6333333,2.85
ci38464383,2019-07-06 14:30:07,3.16,"22km WNW of Searles Valley, CA",0,0,154,-117.6338333,35.8175,9.3
ci38464047,2019-07-06 13:55:51,3.54,"20km ESE of Little Lake, CA",1,0,193,-117.705,35.868,7.89
ci37264444,2019-07-06 13:43:49,3.37,"17km E of Little Lake, CA",,0,175,-117.7171667,35.919,0.52
ci38463911,2019-07-06 13:43:18,3.64,"18km SSW of Searles Valley, CA",1,0,204,-117.4755,35.6163333,8.8
ci38463903,2019-07-06 13:41:42,3.17,"20km SSW of Trona, CA",0,0,155,-117.4235,35.5895,6.78
ci38463831,2019-07-06 13:36:26,3.36,"21km ESE of Little Lake, CA",,0,174,-117.6863333,35.8641667,7.86
ci38463807,2019-07-06 13:34:46,3.17,"20km E of Little Lake, CA",,0,155,-117.6925,35.903,2.53
ci38463791,2019-07-06 13:32:59,3.65,"13km SW of Searles Valley, CA",2,0,206,-117.4873333,35.6761667,1.6
ci38463631,2019-07-06 13:16:57,3.07,"15km ENE of Ridgecrest, CA",0,0,145,-117.519,35.6518333,10.16
ci37264364,2019-07-06 13:07:13,3.3,"18km E of Little Lake, CA",,0,168,-117.7083333,35.921,4.91
ci38463551,2019-07-06 13:06:55,4.5,"18km E of Little Lake, CA",8,0,314,-117.705,35.9283333,2.37
ci38463439,2019-07-06 12:55:24,3.07,"16km ESE of Little Lake, CA",0,0,145,-117.7303333,35.9005,4.38
ci38463375,2019-07-06 12:49:39,3.12,"18km S of Trona, CA",0,0,150,-117.4011667,35.6048333,7.12
ci38463359,2019-07-06 12:48:42,3.09,"23km ESE of Little Lake, CA",,0,147,-117.6718333,35.857,8.53
ci37264348,2019-07-06 12:40:48,3.24,"21km NNE of Trona, CA",,0,162,-117.3088333,35.9401667,11.01
ci38463223,2019-07-06 12:40:45,3.24,"23km E of Little Lake, CA",0,0,162,-117.6565,35.903,9.64
ci38463159,2019-07-06 12:36:30,3.04,"17km S of Searles Valley, CA",,0,142,-117.4366667,35.6201667,8.56
ci38463087,2019-07-06 12:29:19,3.4,"18km WNW of Searles Valley, CA",0,0,178,-117.5918333,35.8155,9.3
ci38463007,2019-07-06 12:20:59,3.49,"16km W of Searles Valley, CA",0,0,187,-117.5798333,35.7578333,8.32
ci38462927,2019-07-06 12:12:35,3.03,"17km W of Searles Valley, CA",0,0,141,-117.5968333,35.7776667,8
ci38462847,2019-07-06 12:05:21,3.34,"19km NNE of Ridgecrest, CA",0,0,172,-117.6286667,35.789,8.33
ci38462839,2019-07-06 12:05:00,3.57,"23km N of Ridgecrest, CA",,0,196,-117.6605,35.824,6.32
ci38462687,2019-07-06 11:54:54,3.21,"16km ESE of Little Lake, CA",1,0,159,-117.7368333,35.8968333,2.14
ci38462679,2019-07-06 11:53:08,4.12,"16km ESE of Little Lake, CA",1,0,261,-117.7336667,35.8953333,2.1
ci37264324,2019-07-06 11:51:08,3.07,"22km S of Trona, CA",,0,145,-117.3425,35.57,2.55
ci38462559,2019-07-06 11:45:11,3.41,"24km N of Ridgecrest, CA",,0,179,-117.6676667,35.8353333,4.77
ci38462351,2019-07-06 11:31:09,3.17,"18km E of Little Lake, CA",,0,155,-117.7018333,35.9271667,2.4
ci38462175,2019-07-06 11:15:20,3.68,"15km SSW of Searles Valley, CA",0,0,208,-117.4656667,35.646,-0.13
ci38462111,2019-07-06 11:11:42,3,"16km ESE of Little Lake, CA",,0,138,-117.7326667,35.907,4.39
ci38462063,2019-07-06 11:06:43,3.84,"20km W of Searles Valley, CA",2,0,228,-117.621,35.7948333,4.82
ci38461991,2019-07-06 10:59:24,3.19,"21km WNW of Searles Valley, CA",,0,157,-117.629,35.8196667,9.81
ci38461903,2019-07-06 10:50:46,3.47,"20km ESE of Little Lake, CA",,0,185,-117.7091667,35.8651667,8.61
ci38461887,2019-07-06 10:49:48,3.28,"18km E of Little Lake, CA",0,0,166,-117.7071667,35.9235,2.85
ci37264316,2019-07-06 10:48:35,3.24,"17km ESE of Little Lake, CA",,0,162,-117.7326667,35.8883333,6.08
ci38461879,2019-07-06 10:48:24,4.04,"21km S of Trona, CA",1,0,251,-117.372,35.5785,5.6
ci37489469,2019-07-06 10:41:32,3.09,"18km ENE of Little Lake, CA",,0,147,-117.7115,35.9888333,6.11
ci38461783,2019-07-06 10:41:26,3.07,"20km ESE of Little Lake, CA",0,0,145,-117.6971667,35.8855,7.96
ci38461775,2019-07-06 10:40:24,3.45,"13km ENE of Ridgecrest, CA",,0,183,-117.5503333,35.6713333,1.68
ci38461735,2019-07-06 10:37:27,3.82,"21km S of Trona, CA",1,0,225,-117.3528333,35.5745,2.85
ci38461727,2019-07-06 10:37:09,3.09,"20km ESE of Little Lake, CA",,0,147,-117.6966667,35.8826667,4.43
ci38461703,2019-07-06 10:35:18,3.36,"23km S of Trona, CA",0,0,174,-117.3548333,35.5603333,9.04
ci38461655,2019-07-06 10:31:43,3.51,"14km SSW of Searles Valley, CA",,0,190,-117.4546667,35.6486667,3.97
ci38461639,2019-07-06 10:28:43,3.08,"16km ESE of Little Lake, CA",,0,146,-117.7276667,35.9043333,5.66
ci38461631,2019-07-06 10:27:59,3.16,"14km ENE of Ridgecrest, CA",,0,154,-117.5496667,35.6878333,10.3
ci38461607,2019-07-06 10:25:23,3.12,"17km ESE of Little Lake, CA",,0,150,-117.7268333,35.8978333,5.14
ci38461599,2019-07-06 10:25:07,3.3,"20km ESE of Little Lake, CA",,0,168,-117.6933333,35.8905,3.48
ci38461447,2019-07-06 10:09:18,3.52,"15km ESE of Ridgecrest, CA",0,0,191,-117.5176667,35.5755,10.36
ci38461431,2019-07-06 10:08:26,3.04,"19km W of Searles Valley, CA",,0,142,-117.6133333,35.7856667,10.33
ci38461423,2019-07-06 10:08:02,3.26,"21km ESE of Little Lake, CA",,0,164,-117.6866667,35.8638333,9.8
ci38461391,2019-07-06 10:05:32,3.41,"17km ESE of Little Lake, CA",0,0,179,-117.7263333,35.9036667,3.94
ci38461383,2019-07-06 10:05:20,3,"14km ENE of Ridgecrest, CA",0,0,138,-117.5388333,35.6763333,4.83
ci38461335,2019-07-06 10:02:37,3.18,"14km NNE of Ridgecrest, CA",,0,156,-117.5918333,35.727,10.79
ci38461327,2019-07-06 10:02:24,3.04,"14km SW of Searles Valley, CA",,0,142,-117.5305,35.6905,8.41
ci37264308,2019-07-06 10:00:00,3.48,"19km N of Ridgecrest, CA",,0,186,-117.6373333,35.7871667,8.88
ci37400772,2019-07-06 09:59:56,3.21,"19km E of Little Lake, CA",,0,159,-117.7006667,35.9526667,5.12
ci38461311,2019-07-06 09:59:26,3.75,"19km ESE of Little Lake, CA",0,0,216,-117.7105,35.883,7.28
ci37400764,2019-07-06 09:57:51,3.07,"21km ESE of Little Lake, CA",,0,145,-117.6843333,35.8713333,4.82
ci38461295,2019-07-06 09:57:34,3.08,"18km E of Little Lake, CA",0,0,146,-117.7016667,35.9531667,5.38
ci38461183,2019-07-06 09:50:43,3.06,"13km NE of Ridgecrest, CA",0,0,144,-117.578,35.7106667,8.88
ci38461159,2019-07-06 09:49:33,3.22,"17km ESE of Little Lake, CA",0,0,160,-117.7208333,35.894,7.52
ci38461151,2019-07-06 09:48:29,3.39,"18km ESE of Little Lake, CA",0,0,177,-117.713,35.8805,4.24
ci38461127,2019-07-06 09:46:39,3.39,"20km NNE of Ridgecrest, CA",,0,177,-117.6278333,35.8015,2.81
ci38461023,2019-07-06 09:36:39,3.15,"20km ESE of Little Lake, CA",0,0,153,-117.7036667,35.8736667,7.87
ci38461007,2019-07-06 09:34:27,3.51,"18km ESE of Little Lake, CA",0,0,190,-117.7133333,35.8871667,7.69
ci38460999,2019-07-06 09:33:59,3.6,"17km ESE of Little Lake, CA",,0,199,-117.7235,35.8953333,4.91
ci38460991,2019-07-06 09:33:25,3.2,"18km ESE of Little Lake, CA",,0,158,-117.7206667,35.875,8.05
ci37264300,2019-07-06 09:31:32,3.08,"17km ESE of Little Lake, CA",,0,146,-117.7225,35.897,5.59
ci37264292,2019-07-06 09:31:19,3.32,"20km E of Little Lake, CA",,0,170,-117.6798333,35.9563333,2.25
ci37264284,2019-07-06 09:30:57,3.45,"17km ESE of Little Lake, CA",,0,183,-117.7255,35.9,4.17
ci38460983,2019-07-06 09:30:41,4.49,"16km E of Little Lake, CA",1,0,311,-117.7323333,35.9098333,4.15
ci37264204,2019-07-06 09:29:59,3.47,"16km NNE of Ridgecrest, CA",,0,185,-117.5895,35.7443333,10.83
ci37264196,2019-07-06 09:29:44,3.39,"18km ESE of Little Lake, CA",,0,177,-117.7153333,35.8881667,4.09
ci38460975,2019-07-06 09:29:20,4.41,"18km ESE of Little Lake, CA",1,0,299,-117.7175,35.8811667,5.5
ci37264188,2019-07-06 09:29:09,3.38,"16km E of Little Lake, CA",,0,176,-117.7288333,35.9226667,2.38
ci37264180,2019-07-06 09:28:59,3.48,"16km ESE of Little Lake, CA",,0,186,-117.7291667,35.9011667,4.46
ci37258076,2019-07-06 09:28:41,4.24,"18km ESE of Little Lake, CA",,0,277,-117.7168333,35.887,4.78
ci38460967,2019-07-06 09:28:28,4.89,"17km ESE of Little Lake, CA",12,0,373,-117.7271667,35.898,3.95
ci38460951,2019-07-06 09:27:08,3.51,"8km E of Ridgecrest, CA",0,0,190,-117.5836667,35.6183333,10.78
ci38460927,2019-07-06 09:24:23,3.59,"20km N of Ridgecrest, CA",0,0,198,-117.641,35.8015,1.2
ci38460911,2019-07-06 09:23:41,3.25,"9km ENE of Coso Junction, CA",,0,162,-117.8526667,36.063,1.86
ci38460895,2019-07-06 09:21:22,3.17,"15km W of Searles Valley, CA",,0,155,-117.569,35.7483333,4.35
ci38460887,2019-07-06 09:20:59,3.06,"18km ESE of Little Lake, CA",,0,144,-117.7216667,35.8748333,7.75
ci38460743,2019-07-06 09:08:03,3.44,"18km ESE of Little Lake, CA",0,0,182,-117.7231667,35.8815,3.49
ci38460727,2019-07-06 09:06:21,3.37,"12km SSW of Searles Valley, CA",,0,175,-117.4728333,35.6735,3.08
ci38460719,2019-07-06 09:05:25,3.21,"22km WNW of Searles Valley, CA",,0,159,-117.6345,35.8211667,3.24
ci38460655,2019-07-06 09:02:22,3.05,"22km S of Trona, CA",0,0,143,-117.3676667,35.5678333,5.26
ci38460639,2019-07-06 08:59:57,3.96,"24km S of Trona, CA",1,0,241,-117.3855,35.5498333,3.71
ci38460631,2019-07-06 08:59:55,3.6,"18km S of Trona, CA",1,0,200,-117.3878333,35.6021667,6.72
ci38460623,2019-07-06 08:59:09,3.29,"23km ESE of Little Lake, CA",0,0,167,-117.6716667,35.8635,3.87
ci38460471,2019-07-06 08:46:32,3.27,"10km NE of Ridgecrest, CA",0,0,165,-117.5856667,35.677,9.19
ci37264148,2019-07-06 08:41:59,3.13,"16km ESE of Little Lake, CA",,0,151,-117.7355,35.905,3.38
ci38460415,2019-07-06 08:41:33,3.35,"12km SW of Searles Valley, CA",1,0,173,-117.5096667,35.7016667,2.55
ci37489525,2019-07-06 08:39:55,3.32,"22km N of Ridgecrest, CA",,0,170,-117.6406667,35.8143333,4.07
ci38460375,2019-07-06 08:39:42,3.09,"18km E of Little Lake, CA",0,0,147,-117.7103333,35.922,2.78
ci38460335,2019-07-06 08:36:48,3.07,"13km SW of Searles Valley, CA",0,0,145,-117.493,35.6788333,1.38
ci38460311,2019-07-06 08:32:57,4.56,"16km SSW of Searles Valley, CA",13,0,325,-117.4913333,35.639,3.14
ci38460279,2019-07-06 08:31:09,3.23,"17km ESE of Little Lake, CA",0,0,161,-117.7228333,35.8936667,4.24
ci38460255,2019-07-06 08:28:33,3.59,"15km S of Trona, CA",0,0,198,-117.4105,35.6318333,3.15
ci37264140,2019-07-06 08:26:52,3.53,"16km ESE of Little Lake, CA",,0,192,-117.7306667,35.8965,4.98
ci38460223,2019-07-06 08:26:51,3.27,"22km S of Trona, CA",,0,165,-117.388,35.5693333,7.04
ci38460039,2019-07-06 08:10:50,3.62,"17km E of Little Lake, CA",0,0,202,-117.7191667,35.9135,2.67
ci38459943,2019-07-06 08:01:00,3.24,"14km SW of Searles Valley, CA",,0,162,-117.501,35.6705,1.31
ci38459895,2019-07-06 07:56:03,3.55,"12km SSW of Searles Valley, CA",0,0,194,-117.475,35.6746667,2
ci38459887,2019-07-06 07:54:46,3.87,"14km NE of Ridgecrest, CA",0,0,230,-117.5576667,35.7051667,8.49
ci38459863,2019-07-06 07:52:24,3.73,"17km ESE of Little Lake, CA",0,0,214,-117.729,35.8848333,5.54
ci38459855,2019-07-06 07:52:11,3.24,"21km NNE of Ridgecrest, CA",,0,162,-117.6301667,35.8033333,2.92
ci37235916,2019-07-06 07:50:15,3.43,"24km S of Trona, CA",,0,181,-117.383,35.55,2.85
ci38459839,2019-07-06 07:50:01,3.21,"14km NE of Ridgecrest, CA",0,0,159,-117.5571667,35.7036667,2.98
ci38459831,2019-07-06 07:49:00,3.05,"18km S of Trona, CA",,0,143,-117.3996667,35.603,7.88
ci37235820,2019-07-06 07:46:30,3.33,"14km SSW of Searles Valley, CA",,0,171,-117.479,35.66,2.17
ci38459671,2019-07-06 07:36:23,3.44,"15km NNE of Ridgecrest, CA",0,0,182,-117.5848333,35.732,8.49
ci37235404,2019-07-06 07:36:15,3.1,"15km SSW of Trona, CA",,0,148,-117.4158333,35.6301667,6.95
ci37235380,2019-07-06 07:34:59,3.21,"19km W of Searles Valley, CA",,0,159,-117.6123333,35.7833333,6.98
ci38459647,2019-07-06 07:34:55,3.09,"18km E of Little Lake, CA",,0,147,-117.7121667,35.9351667,4.3
ci38459599,2019-07-06 07:31:14,3.62,"12km SW of Searles Valley, CA",0,0,202,-117.505,35.7043333,2.01
ci38459567,2019-07-06 07:28:48,3.02,"20km E of Little Lake, CA",,0,140,-117.6853333,35.907,2.11
ci37233956,2019-07-06 07:24:31,3,"19km W of Searles Valley, CA",,0,138,-117.6113333,35.7836667,5.48
ci37233156,2019-07-06 07:16:03,3.75,"14km E of Little Lake, CA",,0,216,-117.748,35.9243333,2.33
ci38459439,2019-07-06 07:15:26,3.34,"12km SW of Searles Valley, CA",,0,172,-117.5066667,35.705,9.02
ci38459415,2019-07-06 07:13:36,3.09,"17km E of Little Lake, CA",,0,147,-117.7196667,35.9456667,2.44
ci38459383,2019-07-06 07:09:56,3.22,"15km ESE of Little Lake, CA",,0,160,-117.7488333,35.905,6.22
ci38459335,2019-07-06 07:05:21,3.56,"17km ESE of Little Lake, CA",0,0,195,-117.7306667,35.8891667,5.96
ci38459327,2019-07-06 07:04:42,3.88,"17km ESE of Little Lake, CA",1,0,232,-117.7315,35.89,4.8
ci38459319,2019-07-06 07:04:22,3.01,"14km W of Searles Valley, CA",0,0,139,-117.5585,35.7436667,3.47
ci38459311,2019-07-06 07:03:14,3.46,"13km ENE of Ridgecrest, CA",0,0,184,-117.5353333,35.6568333,9.18
ci38459279,2019-07-06 06:59:59,3.46,"13km ENE of Ridgecrest, CA",,0,184,-117.5486667,35.6763333,1.6
ci38459247,2019-07-06 06:57:47,3.24,"20km ESE of Little Lake, CA",1,0,162,-117.7105,35.8626667,8.86
ci38459239,2019-07-06 06:56:21,3.25,"11km SW of Searles Valley, CA",0,0,162,-117.4808333,35.6866667,8.33
ci37231492,2019-07-06 06:53:23,3.11,"16km ESE of Little Lake, CA",,0,149,-117.7326667,35.8908333,4.29
ci38459215,2019-07-06 06:53:09,3.4,"13km SW of Searles Valley, CA",0,0,178,-117.4946667,35.6718333,1.76
ci38459207,2019-07-06 06:52:25,3.77,"23km S of Trona, CA",0,0,219,-117.3983333,35.5601667,3.76
ci38459183,2019-07-06 06:50:36,3.39,"12km SW of Searles Valley, CA",0,0,177,-117.4843333,35.6871667,6.93
ci38459167,2019-07-06 06:49:28,3.32,"19km E of Little Lake, CA",,0,170,-117.6945,35.9258333,3.45
ci38459135,2019-07-06 06:47:10,3.57,"24km WNW of Searles Valley, CA",0,0,196,-117.6466667,35.8661667,6.77
ci38459127,2019-07-06 06:47:08,3.24,"20km NNE of Ridgecrest, CA",,0,162,-117.6193333,35.7903333,4.86
ci38459047,2019-07-06 06:41:15,3.9,"21km N of Ridgecrest, CA",1,0,234,-117.6378333,35.8041667,7.51
ci38459039,2019-07-06 06:40:02,3.03,"17km ESE of Little Lake, CA",,0,141,-117.7276667,35.8958333,4.47
ci37229324,2019-07-06 06:35:33,3.09,"20km ESE of Little Lake, CA",,0,147,-117.6965,35.8731667,7.98
ci38458999,2019-07-06 06:34:47,4.05,"17km ESE of Little Lake, CA",1,0,253,-117.7248333,35.8926667,8.17
ci37229188,2019-07-06 06:32:07,3.09,"20km ESE of Little Lake, CA",,0,147,-117.7211667,35.843,-1.14
ci38458967,2019-07-06 06:31:55,3.55,"17km ESE of Little Lake, CA",,0,194,-117.7226667,35.8893333,4.65
ci37264124,2019-07-06 06:31:09,3.31,"23km E of Little Lake, CA",,0,169,-117.6541667,35.896,2.71
ci38458951,2019-07-06 06:31:00,3.72,"21km ESE of Little Lake, CA",,0,213,-117.6868333,35.8785,4.3
ci37229172,2019-07-06 06:30:50,3.13,"15km SSW of Searles Valley, CA",,0,151,-117.439,35.639,5.03
ci38458943,2019-07-06 06:30:45,3.31,"23km ESE of Little Lake, CA",,0,169,-117.6666667,35.87,6.94
ci37229124,2019-07-06 06:28:57,3.3,"13km WSW of Searles Valley, CA",,0,168,-117.5305,35.707,10.08
ci38458903,2019-07-06 06:26:53,3.42,"20km ESE of Little Lake, CA",,0,180,-117.7026667,35.874,5.68
ci38458895,2019-07-06 06:26:18,3.06,"12km SW of Searles Valley, CA",0,0,144,-117.5095,35.7095,4.8
ci38458831,2019-07-06 06:19:42,3.14,"18km ESE of Little Lake, CA",0,0,152,-117.7191667,35.8841667,4.42
ci37228820,2019-07-06 06:18:45,3.45,"22km N of Ridgecrest, CA",,0,183,-117.6556667,35.8198333,2.19
ci38458815,2019-07-06 06:18:11,3.55,"20km E of Little Lake, CA",,0,194,-117.684,35.9191667,8.98
ci38458799,2019-07-06 06:17:20,3.45,"21km ESE of Little Lake, CA",,0,183,-117.6891667,35.8795,2.78
ci38458783,2019-07-06 06:16:01,3.21,"22km ESE of Little Lake, CA",0,0,159,-117.6815,35.8553333,4.56
ci38458767,2019-07-06 06:14:15,3.33,"12km SSW of Searles Valley, CA",0,0,171,-117.4703333,35.6731667,7.25
ci37264012,2019-07-06 06:13:23,3.02,"18km SSW of Searles Valley, CA",,0,140,-117.4611667,35.6165,9.36
ci38458759,2019-07-06 06:12:52,4.27,"20km S of Trona, CA",0,0,281,-117.3751667,35.5813333,5.45
ci38458735,2019-07-06 06:09:08,3.02,"19km ESE of Little Lake, CA",0,0,140,-117.7055,35.8971667,7.42
ci37420965,2019-07-06 06:07:40,3.37,"16km S of Searles Valley, CA",,0,175,-117.4208333,35.6233333,6.36
ci38458719,2019-07-06 06:07:08,3.53,"21km S of Trona, CA",0,0,192,-117.3635,35.5771667,3.81
ci37228468,2019-07-06 06:06:58,3.02,"22km WNW of Searles Valley, CA",,0,140,-117.6325,35.8336667,8.89
ci38458687,2019-07-06 06:04:34,3.46,"19km ESE of Little Lake, CA",,0,184,-117.7073333,35.8878333,4.8
ci37228292,2019-07-06 06:03:48,3.19,"21km ESE of Little Lake, CA",,0,157,-117.6798333,35.8963333,2.01
ci37420885,2019-07-06 06:02:30,3.2,"21km N of Ridgecrest, CA",,0,158,-117.6366667,35.8111667,6.83
ci38458679,2019-07-06 06:01:51,4.63,"15km E of Little Lake, CA",2,0,330,-117.7385,35.911,4.99
ci37263996,2019-07-06 06:01:46,3.09,"12km SSW of Searles Valley, CA",,0,147,-117.4801667,35.6736667,3.58
ci38458671,2019-07-06 06:00:57,3.5,"24km S of Trona, CA",0,0,188,-117.3465,35.5535,4.31
ci38458663,2019-07-06 05:59:44,3.57,"16km WSW of Searles Valley, CA",0,0,196,-117.574,35.7376667,3.12
ci38458647,2019-07-06 05:58:45,3.45,"22km ESE of Little Lake, CA",,0,183,-117.6751667,35.8686667,7.56
ci38458655,2019-07-06 05:58:17,4.15,"19km E of Little Lake, CA",,0,265,-117.6916667,35.9323333,1.86
ci38458575,2019-07-06 05:52:05,3.62,"18km S of Trona, CA",,0,202,-117.403,35.6058333,5.35
ci38458567,2019-07-06 05:51:49,3.39,"18km E of Little Lake, CA",,0,177,-117.713,35.9143333,3.75
ci37228004,2019-07-06 05:50:15,3.02,"16km SSW of Searles Valley, CA",,0,140,-117.4553333,35.6308333,8.83
ci37227996,2019-07-06 05:49:57,3.03,"15km SSW of Searles Valley, CA",,0,141,-117.4645,35.6391667,2.87
ci38458543,2019-07-06 05:46:06,3.05,"15km NE of Ridgecrest, CA",0,0,143,-117.553,35.7085,2.11
ci38458535,2019-07-06 05:45:26,3.08,"18km E of Little Lake, CA",,0,146,-117.7041667,35.9261667,2.75
ci37227500,2019-07-06 05:44:17,3.35,"22km E of Little Lake, CA",,0,173,-117.6693333,35.9003333,9.09
ci38458527,2019-07-06 05:44:08,3.44,"18km E of Little Lake, CA",,0,182,-117.7113333,35.9228333,3.43
ci38458511,2019-07-06 05:43:22,3.34,"18km ESE of Little Lake, CA",,0,172,-117.714,35.8946667,3.1
ci37227380,2019-07-06 05:41:48,3.78,"14km W of Searles Valley, CA",,0,220,-117.5573333,35.7771667,10.9
ci37227372,2019-07-06 05:41:36,3.66,"23km S of Trona, CA",,0,206,-117.419,35.5586667,8.89
ci38458503,2019-07-06 05:41:32,3.56,"18km W of Searles Valley, CA",0,0,195,-117.6041667,35.7838333,2.95
ci37227356,2019-07-06 05:40:16,3.26,"24km WNW of Searles Valley, CA",,0,164,-117.6526667,35.8545,11.52
ci37227348,2019-07-06 05:40:09,3.13,"15km NE of Ridgecrest, CA",,0,151,-117.5683333,35.7281667,6.83
ci38458495,2019-07-06 05:40:08,3.27,"21km ESE of Little Lake, CA",,0,165,-117.6785,35.888,9.34
ci38458487,2019-07-06 05:39:14,3.44,"20km NNE of Ridgecrest, CA",0,0,182,-117.6271667,35.799,9.77
ci38458479,2019-07-06 05:37:30,3.32,"18km ESE of Little Lake, CA",,0,170,-117.7153333,35.8793333,4.43
ci38458447,2019-07-06 05:34:08,3.03,"15km SW of Searles Valley, CA",0,0,141,-117.5156667,35.6696667,1.62
ci37227228,2019-07-06 05:33:13,3.38,"22km ESE of Little Lake, CA",,0,176,-117.6685,35.8861667,2.45
ci38458439,2019-07-06 05:32:59,3.61,"23km ESE of Little Lake, CA",0,0,200,-117.6796667,35.8441667,7.73
ci37227220,2019-07-06 05:32:43,3.14,"21km ESE of Little Lake, CA",,0,152,-117.6906667,35.8595,9.04
ci37227204,2019-07-06 05:32:29,3.27,"20km ESE of Little Lake, CA",,0,165,-117.6933333,35.881,2.66
ci37227196,2019-07-06 05:32:17,3.1,"17km ESE of Little Lake, CA",,0,148,-117.7201667,35.8945,8.6
ci38458431,2019-07-06 05:31:56,3.39,"22km ESE of Little Lake, CA",,0,177,-117.682,35.855,8.65
ci37227172,2019-07-06 05:30:43,3.09,"24km S of Trona, CA",,0,147,-117.3846667,35.5493333,4.47
ci38458415,2019-07-06 05:29:40,3.04,"17km ESE of Little Lake, CA",0,0,142,-117.7301667,35.8915,3.98
ci37227156,2019-07-06 05:29:28,3,"14km SSW of Searles Valley, CA",,0,138,-117.4525,35.6463333,5.05
ci37227084,2019-07-06 05:29:07,3.17,"21km E of Little Lake, CA",,0,155,-117.6756667,35.9088333,4.06
ci37227076,2019-07-06 05:28:43,3.48,"24km ESE of Little Lake, CA",,0,186,-117.6586667,35.8501667,10.97
ci38458407,2019-07-06 05:28:39,3.16,"17km ESE of Little Lake, CA",0,0,154,-117.7258333,35.9026667,5.41
ci37227068,2019-07-06 05:28:05,3.04,"15km ESE of Ridgecrest, CA",,0,142,-117.5248333,35.5621667,7.13
ci37227044,2019-07-06 05:27:28,3.07,"16km ESE of Little Lake, CA",,0,145,-117.7376667,35.8928333,8.61
ci37227036,2019-07-06 05:27:05,3.44,"23km ESE of Little Lake, CA",,0,182,-117.6735,35.8563333,2.69
ci38458391,2019-07-06 05:26:53,3.45,"14km SSW of Searles Valley, CA",0,0,183,-117.4601667,35.6468333,3.11
ci38458383,2019-07-06 05:26:05,3.3,"17km ESE of Little Lake, CA",0,0,168,-117.7201667,35.9033333,6.16
ci37263980,2019-07-06 05:25:41,3.32,"19km E of Little Lake, CA",,0,170,-117.7,35.9091667,6.22
ci37227020,2019-07-06 05:25:36,3.5,"15km WSW of Searles Valley, CA",,0,188,-117.561,35.7331667,6.77
ci38458375,2019-07-06 05:25:04,4.29,"24km N of Ridgecrest, CA",4,0,284,-117.6775,35.833,3.43
ci38458359,2019-07-06 05:23:49,3.05,"19km ESE of Little Lake, CA",,0,143,-117.7063333,35.8953333,6.49
ci37226964,2019-07-06 05:22:52,3.16,"17km ESE of Little Lake, CA",,0,154,-117.7225,35.9063333,6.27
ci37226956,2019-07-06 05:22:34,3.06,"20km ESE of Little Lake, CA",,0,144,-117.691,35.8796667,2.89
ci38458327,2019-07-06 05:21:11,3.26,"19km S of Searles Valley, CA",0,0,164,-117.4273333,35.6001667,1.84
ci37226940,2019-07-06 05:21:02,3.06,"13km W of Searles Valley, CA",,0,144,-117.5485,35.7465,5.25
ci38458303,2019-07-06 05:19:37,3.06,"14km NE of Ridgecrest, CA",0,0,144,-117.551,35.7006667,10.72
ci37226900,2019-07-06 05:18:30,3.07,"16km ESE of Little Lake, CA",,0,145,-117.7338333,35.8905,5.18
ci37226852,2019-07-06 05:16:20,3.17,"16km E of Little Lake, CA",,0,155,-117.7313333,35.913,4.63
ci37226844,2019-07-06 05:16:05,3.32,"16km E of Little Lake, CA",,0,170,-117.7355,35.9116667,7.27
ci38458295,2019-07-06 05:15:37,3.52,"15km E of Little Lake, CA",0,0,191,-117.7448333,35.9128333,8.56
ci38458287,2019-07-06 05:14:56,3.38,"14km W of Searles Valley, CA",0,0,176,-117.5593333,35.7508333,10.91
ci37427557,2019-07-06 05:13:51,3.21,"17km ESE of Little Lake, CA",,0,159,-117.7238333,35.9065,5.97
ci38458263,2019-07-06 05:13:14,3.97,"23km ESE of Little Lake, CA",1,0,242,-117.6608333,35.8755,7.14
ci37427437,2019-07-06 05:10:09,3.51,"17km ESE of Little Lake, CA",,0,190,-117.7218333,35.8918333,4.02
ci37427421,2019-07-06 05:09:59,3.11,"18km E of Little Lake, CA",,0,149,-117.7113333,35.9166667,2.51
ci38458223,2019-07-06 05:09:31,3.44,"16km W of Searles Valley, CA",0,0,182,-117.5785,35.7526667,3.16
ci37427405,2019-07-06 05:08:42,3,"11km SSW of Searles Valley, CA",,0,138,-117.4636667,35.6803333,1.61
ci38458215,2019-07-06 05:08:11,3.67,"15km NE of Ridgecrest, CA",1,0,207,-117.5636667,35.717,7.99
ci38458199,2019-07-06 05:06:56,3.27,"16km E of Little Lake, CA",0,0,165,-117.7333333,35.9165,6.17
ci38458183,2019-07-06 05:04:53,3.11,"19km ESE of Little Lake, CA",,0,149,-117.706,35.8846667,2.59
ci37427253,2019-07-06 05:04:23,3.61,"20km ESE of Little Lake, CA",,0,200,-117.6978333,35.8806667,5.67
ci38458175,2019-07-06 05:04:19,3.63,"20km ESE of Little Lake, CA",,0,203,-117.6948333,35.8793333,7.37
ci38458167,2019-07-06 05:03:36,3.45,"20km ESE of Little Lake, CA",,0,183,-117.6973333,35.8855,3.71
ci37427213,2019-07-06 05:03:07,3.51,"18km ESE of Little Lake, CA",,0,190,-117.7126667,35.8925,2.43
ci37427197,2019-07-06 05:01:53,3,"14km WSW of Searles Valley, CA",,0,138,-117.5468333,35.7096667,6.56
ci37427093,2019-07-06 05:00:43,3.09,"16km ESE of Little Lake, CA",,0,147,-117.731,35.9031667,6.16
ci38458159,2019-07-06 05:00:29,3.24,"19km ESE of Little Lake, CA",0,0,162,-117.7041667,35.8813333,2.94
ci38458143,2019-07-06 04:58:36,4.03,"14km NE of Ridgecrest, CA",0,0,250,-117.5706667,35.7073333,2.9
ci38458135,2019-07-06 04:58:12,3.45,"15km S of Searles Valley, CA",,0,183,-117.433,35.6321667,3.19
ci38458127,2019-07-06 04:57:26,3.26,"18km E of Little Lake, CA",0,0,164,-117.7065,35.926,3.93
ci38458119,2019-07-06 04:56:02,3.22,"24km ESE of Little Lake, CA",,0,160,-117.6553333,35.8755,7.35
ci38458111,2019-07-06 04:55:47,3.04,"20km ESE of Little Lake, CA",,0,142,-117.7021667,35.8775,11.01
ci38458103,2019-07-06 04:55:22,3.14,"15km W of Searles Valley, CA",,0,152,-117.5661667,35.7413333,11.17
ci37225548,2019-07-06 04:55:21,3,"15km WSW of Searles Valley, CA",,0,138,-117.5515,35.7133333,4.83
ci37225436,2019-07-06 04:53:45,3.66,"14km ESE of Ridgecrest, CA",,0,206,-117.5275,35.5921667,9.9
ci38458087,2019-07-06 04:53:41,3.98,"23km ESE of Little Lake, CA",0,0,244,-117.6595,35.875,6.86
ci37225428,2019-07-06 04:53:03,3.54,"16km ESE of Little Lake, CA",,0,193,-117.7353333,35.8966667,6.77
ci37225420,2019-07-06 04:52:45,3.4,"21km ESE of Little Lake, CA",,0,178,-117.6935,35.8698333,2.45
ci38458079,2019-07-06 04:52:17,4.47,"20km ESE of Little Lake, CA",1,0,308,-117.6945,35.8773333,3.32
ci38458071,2019-07-06 04:52:04,3.54,"17km ESE of Little Lake, CA",,0,193,-117.7323333,35.8895,5.37
ci37225412,2019-07-06 04:51:49,3.04,"18km E of Little Lake, CA",,0,142,-117.7113333,35.923,3.86
ci37225388,2019-07-06 04:50:42,3.45,"11km SW of Searles Valley, CA",,0,183,-117.5008333,35.7078333,1.53
ci37263772,2019-07-06 04:50:23,3.41,"18km ESE of Little Lake, CA",,0,179,-117.7081667,35.897,5.62
ci37225228,2019-07-06 04:50:16,3.72,"16km ESE of Little Lake, CA",,0,213,-117.732,35.896,7.18
ci37263764,2019-07-06 04:50:11,3.51,"17km ESE of Little Lake, CA",,0,190,-117.7288333,35.892,5.64
ci37225220,2019-07-06 04:50:04,3.68,"19km W of Searles Valley, CA",,0,208,-117.6133333,35.7906667,7.19
ci38458063,2019-07-06 04:49:42,3.71,"17km ESE of Little Lake, CA",0,0,212,-117.7301667,35.8815,8.06
ci37225204,2019-07-06 04:49:02,3.05,"14km SSW of Searles Valley, CA",,0,143,-117.4406667,35.6426667,2.63
ci37225196,2019-07-06 04:48:48,3.12,"23km N of Ridgecrest, CA",,0,150,-117.6585,35.8293333,7.38
ci37225172,2019-07-06 04:47:37,3.16,"15km S of Trona, CA",,0,154,-117.3601667,35.6303333,4.83
ci38458047,2019-07-06 04:47:30,3.05,"13km W of Searles Valley, CA",0,0,143,-117.5516667,35.754,11.09
ci37225100,2019-07-06 04:45:40,3.33,"21km E of Little Lake, CA",,0,171,-117.6748333,35.903,9
ci38458031,2019-07-06 04:45:36,3.56,"17km ESE of Little Lake, CA",,0,195,-117.7241667,35.9051667,4.51
ci37225084,2019-07-06 04:44:37,3.14,"15km ESE of Little Lake, CA",,0,152,-117.7411667,35.9085,6.48
ci38458023,2019-07-06 04:44:32,3.33,"9km E of Ridgecrest, CA",0,0,171,-117.5791667,35.6228333,7
ci38458015,2019-07-06 04:44:09,3.03,"17km ESE of Little Lake, CA",,0,141,-117.7276667,35.887,6.17
ci37225044,2019-07-06 04:43:22,3.14,"14km NE of Ridgecrest, CA",,0,152,-117.5495,35.6975,10.37
ci38458007,2019-07-06 04:42:54,3.36,"10km NE of Ridgecrest, CA",0,0,174,-117.6045,35.6915,6.63
ci38457999,2019-07-06 04:41:49,3.45,"20km ESE of Little Lake, CA",0,0,183,-117.691,35.8868333,6.77
ci38457991,2019-07-06 04:41:03,3.61,"17km ESE of Little Lake, CA",0,0,200,-117.7248333,35.8993333,5.62
ci37225004,2019-07-06 04:40:39,3.39,"18km ESE of Little Lake, CA",,0,177,-117.7151667,35.8805,3.41
ci38457983,2019-07-06 04:40:15,4.24,"14km SSW of Searles Valley, CA",0,0,277,-117.4456667,35.6428333,2.88
ci37224996,2019-07-06 04:40:09,3.42,"24km N of Ridgecrest, CA",,0,180,-117.6663333,35.837,9.8
ci37224988,2019-07-06 04:39:46,3.4,"18km ESE of Little Lake, CA",,0,178,-117.711,35.89,7.54
ci37224980,2019-07-06 04:39:43,3.42,"18km ESE of Little Lake, CA",,0,180,-117.7095,35.8901667,8.36
ci38457975,2019-07-06 04:39:10,3.15,"16km ESE of Little Lake, CA",,0,153,-117.7431667,35.8893333,6.63
ci37263732,2019-07-06 04:38:24,3.02,"15km ENE of Ridgecrest, CA",,0,140,-117.5345,35.686,8.09
ci37263724,2019-07-06 04:38:08,3.59,"15km S of Searles Valley, CA",,0,198,-117.434,35.6326667,6.26
ci37224972,2019-07-06 04:37:43,3.27,"23km N of Ridgecrest, CA",,0,165,-117.6645,35.8266667,8.41
ci37263716,2019-07-06 04:37:31,3.22,"13km WSW of Searles Valley, CA",,0,160,-117.5266667,35.7051667,8.94
ci37224964,2019-07-06 04:37:13,4.33,"15km ESE of Little Lake, CA",,0,288,-117.7453333,35.91,8.01
ci38457967,2019-07-06 04:36:55,4.85,"16km ESE of Little Lake, CA",1,0,362,-117.7376667,35.9,1.9
ci37224932,2019-07-06 04:36:50,3.8,"20km ESE of Little Lake, CA",,0,222,-117.7066667,35.8688333,2.76
ci38457951,2019-07-06 04:36:30,3.17,"12km SW of Searles Valley, CA",1,0,155,-117.512,35.7061667,2.29
ci37224820,2019-07-06 04:35:15,3.21,"19km S of Trona, CA",,0,159,-117.4043333,35.5975,4.86
ci37224812,2019-07-06 04:34:38,3.18,"14km ENE of Ridgecrest, CA",,0,156,-117.5348333,35.6751667,7.76
ci37224804,2019-07-06 04:34:24,3.13,"18km ESE of Little Lake, CA",,0,151,-117.7163333,35.8736667,4.45
ci37224780,2019-07-06 04:34:11,3.53,"16km ESE of Little Lake, CA",,0,192,-117.7398333,35.8965,7.81
ci37224796,2019-07-06 04:34:01,3.22,"20km ESE of Little Lake, CA",,0,160,-117.7021667,35.8741667,6.32
ci37224772,2019-07-06 04:33:50,3.61,"23km N of Ridgecrest, CA",,0,200,-117.6625,35.8285,2.97
ci37263684,2019-07-06 04:33:40,3.05,"19km ESE of Little Lake, CA",,0,143,-117.703,35.8786667,6.57
ci38457935,2019-07-06 04:33:24,3.34,"17km E of Little Lake, CA",0,0,172,-117.714,35.9205,2.58
ci37263548,2019-07-06 04:32:12,3.17,"18km W of Searles Valley, CA",,0,155,-117.605,35.7818333,4.56
ci37263532,2019-07-06 04:31:42,3.28,"16km ESE of Little Lake, CA",,0,166,-117.7336667,35.8936667,6.66
ci37224764,2019-07-06 04:31:38,3.41,"17km ESE of Little Lake, CA",1,0,179,-117.7261667,35.8988333,5.82
ci37224756,2019-07-06 04:31:19,3.75,"22km S of Trona, CA",,0,216,-117.3958333,35.5656667,3.36
ci38457927,2019-07-06 04:31:05,3.54,"24km N of Ridgecrest, CA",0,0,193,-117.6601667,35.8408333,4.81
ci37224748,2019-07-06 04:30:46,3.49,"14km SW of Searles Valley, CA",,0,187,-117.5111667,35.6833333,10.89
ci38457919,2019-07-06 04:30:44,3.04,"22km ESE of Little Lake, CA",,0,142,-117.6735,35.8723333,8.26
ci37263644,2019-07-06 04:30:09,3,"19km ESE of Little Lake, CA",,0,138,-117.6998333,35.894,0.8
ci37224788,2019-07-06 04:30:03,3.23,"19km ESE of Little Lake, CA",,0,161,-117.6965,35.8991667,2.48
ci37263516,2019-07-06 04:29:21,3.08,"21km ESE of Little Lake, CA",,0,146,-117.6895,35.8655,9.06
ci38457911,2019-07-06 04:29:02,3.6,"20km NNE of Ridgecrest, CA",0,0,199,-117.6306667,35.7955,2.82
ci37222164,2019-07-06 04:28:38,3.16,"16km ESE of Little Lake, CA",,0,154,-117.731,35.8953333,6.95
ci37222156,2019-07-06 04:28:09,3.51,"17km ESE of Little Lake, CA",,0,190,-117.7261667,35.8821667,3.78
ci38457903,2019-07-06 04:27:10,3.59,"18km ESE of Little Lake, CA",0,0,198,-117.7131667,35.8871667,5.98
ci37222140,2019-07-06 04:26:37,3.23,"18km ESE of Little Lake, CA",,0,161,-117.7136667,35.9016667,10.01
ci37222092,2019-07-06 04:24:43,3.67,"13km ENE of Ridgecrest, CA",,0,207,-117.549,35.6741667,7.96
ci38457895,2019-07-06 04:24:40,3.65,"19km ESE of Little Lake, CA",0,0,205,-117.6995,35.8976667,7.41
ci38457879,2019-07-06 04:24:14,3.26,"15km S of Searles Valley, CA",1,0,164,-117.429,35.6356667,5.65
ci37263508,2019-07-06 04:23:52,3.09,"20km ESE of Little Lake, CA",,0,147,-117.6963333,35.8926667,9.72
ci37222060,2019-07-06 04:23:29,3.34,"18km ESE of Little Lake, CA",,0,172,-117.7186667,35.8885,4.63
ci37222052,2019-07-06 04:23:29,3.37,"15km SSW of Searles Valley, CA",,0,175,-117.488,35.6506667,1.08
ci37222044,2019-07-06 04:22:39,3.09,"15km E of Little Lake, CA",,0,147,-117.7446667,35.913,6.21
ci37222036,2019-07-06 04:22:16,3.64,"21km ESE of Little Lake, CA",,0,204,-117.6911667,35.8611667,7.72
ci37222028,2019-07-06 04:21:53,3.62,"15km WSW of Searles Valley, CA",,0,202,-117.5548333,35.7166667,6.81
ci38457871,2019-07-06 04:21:35,4.17,"18km NNE of Ridgecrest, CA",,0,268,-117.6121667,35.7786667,2.59
ci37263500,2019-07-06 04:21:00,3.53,"20km NNE of Ridgecrest, CA",,0,192,-117.6243333,35.7971667,8.47
ci37221948,2019-07-06 04:20:46,3.6,"20km ESE of Little Lake, CA",,0,199,-117.7,35.8735,3.16
ci37221940,2019-07-06 04:20:28,3.68,"18km E of Little Lake, CA",,0,208,-117.7088333,35.9246667,2.76
ci37263484,2019-07-06 04:20:22,3.36,"18km ESE of Little Lake, CA",,0,174,-117.7265,35.8773333,4.23
ci37263396,2019-07-06 04:20:06,3.53,"18km ESE of Little Lake, CA",,0,192,-117.71,35.8981667,10.24
ci38457863,2019-07-06 04:19:56,4.01,"20km S of Trona, CA",1,0,248,-117.4041667,35.5808333,5.18
ci38457855,2019-07-06 04:19:54,3.83,"18km ESE of Little Lake, CA",1,0,226,-117.717,35.885,4.9
ci37263380,2019-07-06 04:19:40,3.37,"17km ESE of Little Lake, CA",,0,175,-117.7245,35.889,1.31
ci37221932,2019-07-06 04:19:15,4.29,"19km NNE of Ridgecrest, CA",,0,283,-117.6175,35.785,10.63
ci38457847,2019-07-06 04:18:55,5.44,"20km E of Little Lake, CA",33,0,473,-117.6848333,35.9101667,7.41
ci37221916,2019-07-06 04:18:36,3.63,"15km SW of Searles Valley, CA",,0,203,-117.5381667,35.694,8.39
ci37221924,2019-07-06 04:18:32,3.16,"17km ESE of Little Lake, CA",,0,154,-117.7268333,35.8975,8.21
ci38457839,2019-07-06 04:18:07,3.39,"13km SSW of Searles Valley, CA",0,0,177,-117.4823333,35.6658333,4.15
ci37221884,2019-07-06 04:16:48,3.58,"23km N of Ridgecrest, CA",,0,197,-117.66,35.824,5.81
ci37221892,2019-07-06 04:16:36,3.14,"21km WNW of Searles Valley, CA",,0,152,-117.6263333,35.8115,7.49
ci38457831,2019-07-06 04:16:17,3.52,"23km N of Ridgecrest, CA",0,0,191,-117.6715,35.8248333,8.56
ci37221876,2019-07-06 04:16:01,3.13,"20km ESE of Little Lake, CA",,0,151,-117.689,35.887,9.01
ci37221716,2019-07-06 04:14:59,3.04,"17km ESE of Little Lake, CA",,0,142,-117.7271667,35.903,4.42
ci37263348,2019-07-06 04:14:55,3.02,"11km SW of Searles Valley, CA",,0,140,-117.5066667,35.7095,7.01
ci37221708,2019-07-06 04:14:31,3.74,"12km SW of Searles Valley, CA",,0,215,-117.4906667,35.6795,0.91
ci37221644,2019-07-06 04:14:20,3.84,"18km S of Trona, CA",,0,227,-117.4026667,35.6041667,6.72
ci37221636,2019-07-06 04:13:55,3.43,"21km E of Little Lake, CA",,0,181,-117.6808333,35.9041667,9.43
ci37263340,2019-07-06 04:13:30,3.52,"17km ESE of Little Lake, CA",,0,191,-117.7268333,35.891,10.01
ci38457815,2019-07-06 04:13:07,4.8,"7km SE of Ridgecrest, CA",2,0,355,-117.6145,35.5846667,9.73
ci37220324,2019-07-06 04:13:06,3.63,"20km E of Little Lake, CA",,0,203,-117.6893333,35.9091667,8.39
ci37221628,2019-07-06 04:12:44,3.57,"23km WNW of Searles Valley, CA",,0,196,-117.6408333,35.841,10.1
ci37221620,2019-07-06 04:12:18,3.87,"17km ESE of Little Lake, CA",,0,230,-117.7228333,35.8873333,9.17
ci38457807,2019-07-06 04:12:13,3.86,"14km SSW of Searles Valley, CA",0,0,229,-117.4798333,35.659,6.97
ci37263332,2019-07-06 04:12:02,3.09,"13km SW of Searles Valley, CA",,0,147,-117.49,35.6775,1.26
ci37221604,2019-07-06 04:11:53,3.08,"16km E of Little Lake, CA",,0,146,-117.7258333,35.9116667,6.76
ci37221596,2019-07-06 04:11:23,3.25,"20km ESE of Little Lake, CA",,0,162,-117.6923333,35.8793333,11.35
ci37258068,2019-07-06 04:11:08,3.49,"18km E of Little Lake, CA",,0,187,-117.7086667,35.9213333,9.03
ci37221588,2019-07-06 04:11:02,3.83,"20km ESE of Little Lake, CA",,0,226,-117.6926667,35.9,6.48
ci37263324,2019-07-06 04:10:58,3.57,"19km ESE of Little Lake, CA",,0,196,-117.7138333,35.8768333,9.75
ci37221612,2019-07-06 04:10:52,3.4,"19km E of Little Lake, CA",,0,178,-117.6946667,35.925,3.18
ci37221580,2019-07-06 04:10:49,3.69,"16km W of Searles Valley, CA",,0,209,-117.5806667,35.7778333,10.58
ci38457799,2019-07-06 04:10:37,3.45,"24km ESE of Little Lake, CA",0,0,183,-117.675,35.835,9.07
ci37221564,2019-07-06 04:10:06,3.26,"22km N of Ridgecrest, CA",,0,164,-117.6493333,35.8218333,6.35
ci37221556,2019-07-06 04:10:05,3.38,"14km S of Trona, CA",,0,176,-117.3996667,35.6353333,3.04
ci37221548,2019-07-06 04:09:50,3.45,"13km SW of Searles Valley, CA",,0,183,-117.5116667,35.6916667,8.69
ci37221460,2019-07-06 04:09:31,3.37,"13km ENE of Ridgecrest, CA",,0,175,-117.5466667,35.6781667,11.16
ci37263260,2019-07-06 04:08:55,3,"20km ESE of Little Lake, CA",,0,138,-117.687,35.8868333,8.18
ci37221444,2019-07-06 04:08:45,3.44,"21km ESE of Little Lake, CA",,0,182,-117.6833333,35.8875,8.77
ci38457791,2019-07-06 04:08:35,3.41,"23km ESE of Little Lake, CA",0,0,179,-117.6666667,35.8688333,6.45
ci37263252,2019-07-06 04:08:07,3.13,"16km NNE of Ridgecrest, CA",,0,151,-117.5806667,35.7398333,11.65
ci37221436,2019-07-06 04:07:52,3.03,"19km ESE of Little Lake, CA",,0,141,-117.7023333,35.896,7.88
ci37221428,2019-07-06 04:07:37,3.62,"17km E of Little Lake, CA",,0,202,-117.7176667,35.9103333,4.05
ci37263244,2019-07-06 04:07:15,3.74,"21km ESE of Little Lake, CA",,0,215,-117.6946667,35.8646667,2.73
ci38457775,2019-07-06 04:07:04,4.68,"16km ESE of Ridgecrest, CA",2,0,338,-117.5215,35.5551667,5.5
ci37221212,2019-07-06 04:06:50,3.18,"17km SSW of Searles Valley, CA",,0,156,-117.4608333,35.6196667,10.76
ci37221204,2019-07-06 04:06:31,3.21,"19km S of Trona, CA",,0,159,-117.3588333,35.598,5.81
ci38457887,2019-07-06 04:06:14,3.79,"21km S of Trona, CA",,0,221,-117.3738333,35.578,5.91
ci37221196,2019-07-06 04:06:10,3.13,"17km ESE of Little Lake, CA",,0,151,-117.738,35.8736667,-0.41
ci37221188,2019-07-06 04:05:49,3.9,"18km E of Little Lake, CA",,0,234,-117.7088333,35.917,2.34
ci37263236,2019-07-06 04:05:40,3.05,"23km N of Ridgecrest, CA",,0,143,-117.657,35.8291667,6.3
ci37221404,2019-07-06 04:05:27,3.55,"14km SSW of Searles Valley, CA",,0,194,-117.4866667,35.6578333,1.93
ci37221388,2019-07-06 04:04:53,3.08,"17km ESE of Little Lake, CA",,0,146,-117.7288333,35.8926667,6.47
ci37221236,2019-07-06 04:04:09,3.11,"21km S of Trona, CA",,0,149,-117.3451667,35.5761667,4.14
ci37263228,2019-07-06 04:03:06,3.11,"18km E of Little Lake, CA",,0,149,-117.7105,35.917,6.17
ci37221220,2019-07-06 04:02:59,3.48,"18km ESE of Little Lake, CA",,0,186,-117.7163333,35.8821667,4.85
ci38457767,2019-07-06 04:02:42,3.28,"14km SW of Searles Valley, CA",,0,166,-117.524,35.6935,7.47
ci37221164,2019-07-06 04:02:14,3,"21km ESE of Little Lake, CA",,0,138,-117.683,35.8911667,2.23
ci37221156,2019-07-06 04:01:05,3.24,"24km N of Ridgecrest, CA",,0,162,-117.6685,35.8373333,10.82
ci37221180,2019-07-06 04:00:58,3.2,"24km S of Trona, CA",,0,158,-117.3796667,35.55,2.29
ci37263220,2019-07-06 04:00:46,3.01,"17km ESE of Little Lake, CA",,0,139,-117.7318333,35.8815,2.65
ci37221148,2019-07-06 04:00:36,3.2,"18km E of Little Lake, CA",,0,158,-117.7018333,35.9475,4.68
ci37221140,2019-07-06 04:00:10,3.04,"16km ESE of Little Lake, CA",,0,142,-117.7386667,35.8936667,6.94
ci38457759,2019-07-06 03:59:48,3.53,"19km ESE of Little Lake, CA",0,0,192,-117.7141667,35.8751667,4.37
ci37221132,2019-07-06 03:59:24,3.47,"17km ESE of Little Lake, CA",,0,185,-117.7238333,35.8928333,8.02
ci37263212,2019-07-06 03:59:10,3.03,"21km ESE of Little Lake, CA",,0,141,-117.6878333,35.873,4.52
ci37263020,2019-07-06 03:58:57,3.39,"20km E of Little Lake, CA",,0,177,-117.6836667,35.91,2.3
ci37263204,2019-07-06 03:58:57,3.15,"19km W of Searles Valley, CA",,0,153,-117.6118333,35.7838333,7.39
ci37262956,2019-07-06 03:58:47,3.22,"16km SSW of Searles Valley, CA",,0,160,-117.4765,35.637,5.27
ci37221124,2019-07-06 03:58:25,3.49,"13km SSW of Searles Valley, CA",,0,187,-117.4605,35.6591667,9.41
ci37262924,2019-07-06 03:58:11,3.44,"20km ESE of Little Lake, CA",,0,182,-117.6908333,35.8846667,9.69
ci37421229,2019-07-06 03:57:50,4.31,"23km ESE of Little Lake, CA",,0,286,-117.6613333,35.869,7.21
ci37221116,2019-07-06 03:57:37,3.59,"19km ESE of Little Lake, CA",,0,198,-117.6995,35.8908333,4.57
ci37262916,2019-07-06 03:57:12,3.01,"16km ESE of Little Lake, CA",,0,139,-117.74,35.8958333,7.23
ci37262892,2019-07-06 03:56:45,3.24,"17km E of Little Lake, CA",,0,162,-117.7153333,35.9136667,6.04
ci37221108,2019-07-06 03:56:33,3.53,"16km E of Little Lake, CA",,0,192,-117.7361667,35.918,6.52
ci37262884,2019-07-06 03:56:25,3.09,"19km ESE of Little Lake, CA",,0,147,-117.7083333,35.87,5.44
ci37262860,2019-07-06 03:56:10,3.35,"16km ESE of Little Lake, CA",,0,173,-117.7306667,35.8981667,6.58
ci37262684,2019-07-06 03:56:02,3.07,"13km SSW of Searles Valley, CA",,0,145,-117.4813333,35.6693333,3.23
ci37221100,2019-07-06 03:56:01,3.48,"22km ESE of Little Lake, CA",,0,186,-117.674,35.8818333,4.37
ci37262524,2019-07-06 03:55:48,3.15,"23km ESE of Little Lake, CA",,0,153,-117.6805,35.8348333,9.05
ci38457735,2019-07-06 03:55:20,4.06,"20km E of Little Lake, CA",0,0,254,-117.6875,35.9055,8.43
ci37221092,2019-07-06 03:55:03,3.14,"16km SSW of Searles Valley, CA",,0,152,-117.4376667,35.63,4.24
ci38457727,2019-07-06 03:54:46,3.5,"16km W of Searles Valley, CA",0,0,188,-117.5856667,35.78,10.44
ci37261988,2019-07-06 03:54:15,3.37,"16km E of Little Lake, CA",,0,175,-117.7255,35.9173333,9.54
ci37261980,2019-07-06 03:54:09,3.24,"15km ESE of Little Lake, CA",,0,162,-117.744,35.9,6.99
ci37221076,2019-07-06 03:53:57,3.67,"21km E of Little Lake, CA",,0,207,-117.6808333,35.9025,8.09
ci37221068,2019-07-06 03:53:40,3.27,"13km WSW of Searles Valley, CA",,0,165,-117.5235,35.7051667,10.04
ci38457719,2019-07-06 03:53:40,3.68,"19km ESE of Little Lake, CA",0,0,208,-117.7106667,35.8696667,5.8
ci37220908,2019-07-06 03:53:20,3.47,"14km W of Searles Valley, CA",,0,185,-117.5638333,35.775,11.75
ci37220748,2019-07-06 03:52:59,3.69,"15km E of Little Lake, CA",,0,209,-117.7415,35.9273333,6.24
ci37220612,2019-07-06 03:52:54,3.6,"21km S of Trona, CA",,0,199,-117.4073333,35.5768333,3.6
ci37220604,2019-07-06 03:52:23,3.35,"16km NNE of Ridgecrest, CA",,0,173,-117.6025,35.7508333,6.81
ci37220596,2019-07-06 03:52:03,3.57,"19km ESE of Little Lake, CA",,0,196,-117.6963333,35.8996667,9.69
ci37261964,2019-07-06 03:51:53,3.08,"21km ESE of Little Lake, CA",,0,146,-117.6785,35.8895,8.96
ci37261948,2019-07-06 03:51:46,3.23,"20km E of Little Lake, CA",,0,161,-117.6881667,35.911,8.23
ci37261900,2019-07-06 03:51:38,3.44,"18km ESE of Little Lake, CA",,0,182,-117.707,35.8958333,6.16
ci37261844,2019-07-06 03:51:20,3.76,"21km E of Little Lake, CA",,0,218,-117.6741667,35.9373333,9.87
ci38457703,2019-07-06 03:50:59,4.97,"19km E of Little Lake, CA",2,0,380,-117.7001667,35.9035,8.26
ci37220316,2019-07-06 03:50:49,3.79,"15km E of Little Lake, CA",,0,221,-117.739,35.9101667,10.71
ci37220588,2019-07-06 03:50:34,3.45,"16km ESE of Little Lake, CA",,0,183,-117.7383333,35.894,8.37
ci37421773,2019-07-06 03:50:11,3.79,"17km ESE of Little Lake, CA",,0,221,-117.7248333,35.9036667,6.5
ci37261788,2019-07-06 03:50:04,3.67,"17km SSW of Searles Valley, CA",,0,207,-117.4436667,35.6163333,7.26
ci38457695,2019-07-06 03:49:52,3.83,"23km N of Ridgecrest, CA",0,0,226,-117.6841667,35.8261667,7.08
ci37220308,2019-07-06 03:49:24,3.78,"23km S of Trona, CA",,0,220,-117.3851667,35.5571667,3.51
ci37261620,2019-07-06 03:48:57,3.68,"17km ESE of Little Lake, CA",,0,208,-117.7236667,35.9058333,6.2
ci37261628,2019-07-06 03:48:54,3.53,"18km ENE of Little Lake, CA",,0,192,-117.7223333,35.9998333,9.53
ci37261564,2019-07-06 03:48:36,3.55,"16km E of Little Lake, CA",,0,194,-117.7353333,35.9108333,7.04
ci37220300,2019-07-06 03:48:24,3.98,"20km E of Little Lake, CA",,0,244,-117.69,35.9025,0.5
ci37261556,2019-07-06 03:48:14,3.8,"15km ESE of Little Lake, CA",,0,222,-117.7486667,35.9013333,7.58
ci38457687,2019-07-06 03:47:53,5.5,"15km ESE of Little Lake, CA",32,0,488,-117.7495,35.9011667,5.04
ci37261540,2019-07-06 03:47:08,3.32,"18km ESE of Little Lake, CA",,0,170,-117.7173333,35.8868333,7.32
ci37220292,2019-07-06 03:47:00,3.57,"15km ESE of Little Lake, CA",,0,196,-117.7436667,35.902,8.46
ci37261516,2019-07-06 03:46:57,3.34,"18km ESE of Little Lake, CA",,0,172,-117.7171667,35.8941667,5.11
ci37220284,2019-07-06 03:46:38,3.72,"13km SSW of Searles Valley, CA",,0,213,-117.45,35.6573333,2.12
ci38457679,2019-07-06 03:46:26,4.26,"11km SSW of Searles Valley, CA",1,0,279,-117.4703333,35.6805,6.85
ci37261500,2019-07-06 03:46:19,3.16,"17km E of Little Lake, CA",,0,154,-117.7205,35.9111667,7.5
ci37220276,2019-07-06 03:45:54,3.52,"12km SW of Searles Valley, CA",,0,191,-117.5063333,35.7036667,11.11
ci37220268,2019-07-06 03:45:29,3.46,"17km ESE of Little Lake, CA",,0,184,-117.7276667,35.8835,7.51
ci37220108,2019-07-06 03:45:13,3.49,"15km ESE of Little Lake, CA",,0,187,-117.7426667,35.9026667,8.47
ci38457671,2019-07-06 03:45:09,3.47,"17km E of Little Lake, CA",0,0,185,-117.7188333,35.9186667,3.32
ci37219948,2019-07-06 03:44:50,3.29,"16km ESE of Little Lake, CA",,0,167,-117.7305,35.8971667,9.84
ci37219924,2019-07-06 03:44:17,3.96,"19km E of Little Lake, CA",,0,241,-117.6941667,35.9058333,6.12
ci37261484,2019-07-06 03:44:10,3.6,"17km W of Searles Valley, CA",,0,199,-117.5935,35.7821667,11.22
ci38457663,2019-07-06 03:44:01,3.86,"16km E of Little Lake, CA",1,0,229,-117.7276667,35.9135,6.96
ci37261468,2019-07-06 03:43:32,3.15,"18km ESE of Little Lake, CA",,0,153,-117.7276667,35.8685,6.05
ci37219900,2019-07-06 03:43:09,3.85,"20km ESE of Little Lake, CA",,0,228,-117.6938333,35.8865,9.46
ci38457655,2019-07-06 03:42:52,3.86,"20km ESE of Little Lake, CA",0,0,229,-117.7016667,35.878,4.58
ci37219908,2019-07-06 03:42:45,3.57,"22km ESE of Little Lake, CA",,0,196,-117.6848333,35.866,4.95
ci37261436,2019-07-06 03:42:37,3.46,"22km S of Trona, CA",,0,184,-117.3843333,35.5688333,7.95
ci37219884,2019-07-06 03:42:25,3.3,"14km W of Searles Valley, CA",,0,168,-117.5613333,35.758,7.57
ci37261284,2019-07-06 03:42:09,3.57,"17km ESE of Little Lake, CA",,0,196,-117.73,35.8751667,6.96
ci37261276,2019-07-06 03:42:04,3.2,"18km E of Little Lake, CA",,0,158,-117.7048333,35.9073333,7.09
ci37261268,2019-07-06 03:41:46,3.46,"16km ESE of Little Lake, CA",,0,184,-117.727,35.9065,6
ci38457639,2019-07-06 03:41:38,3.98,"17km ESE of Little Lake, CA",0,0,244,-117.722,35.8923333,7.87
ci37261260,2019-07-06 03:41:27,3.18,"21km ESE of Little Lake, CA",,0,156,-117.6816667,35.8903333,8.24
ci37219876,2019-07-06 03:41:14,3.14,"14km SSW of Searles Valley, CA",,0,152,-117.4363333,35.6398333,3.31
ci37219868,2019-07-06 03:40:51,3.49,"18km NNE of Ridgecrest, CA",,0,187,-117.6118333,35.7741667,9.88
ci37261244,2019-07-06 03:40:43,3.36,"22km ESE of Little Lake, CA",,0,174,-117.6725,35.8776667,7.56
ci37219860,2019-07-06 03:40:32,3.42,"18km NNE of Ridgecrest, CA",,0,180,-117.6281667,35.7801667,5.74
ci38457631,2019-07-06 03:40:04,3.65,"18km E of Little Lake, CA",0,0,205,-117.703,35.9133333,7.04
ci37219852,2019-07-06 03:39:41,3.24,"17km ESE of Little Lake, CA",,0,162,-117.7208333,35.9028333,8.24
ci37421237,2019-07-06 03:39:34,3.74,"15km ESE of Little Lake, CA",,0,215,-117.7426667,35.9021667,8.81
ci37421221,2019-07-06 03:39:14,3.84,"17km S of Searles Valley, CA",,0,227,-117.433,35.6136667,9.8
ci37219844,2019-07-06 03:39:02,3.69,"14km WSW of Searles Valley, CA",,0,209,-117.5515,35.7166667,10.52
ci38457623,2019-07-06 03:38:56,3.45,"14km SSW of Searles Valley, CA",0,0,183,-117.4673333,35.6483333,4.21
ci37261204,2019-07-06 03:38:41,3.26,"18km W of Searles Valley, CA",,0,164,-117.605,35.785,9.3
ci37219836,2019-07-06 03:38:22,3.79,"18km E of Little Lake, CA",,0,221,-117.7123333,35.9128333,6.7
ci37260924,2019-07-06 03:37:44,3.47,"15km SW of Searles Valley, CA",,0,185,-117.5008333,35.6591667,4.84
ci37219828,2019-07-06 03:37:25,3.53,"20km ESE of Little Lake, CA",,0,192,-117.7013333,35.8718333,6.12
ci37219820,2019-07-06 03:37:05,3.63,"12km WSW of Searles Valley, CA",,0,203,-117.5268333,35.7326667,2.63
ci37260892,2019-07-06 03:36:54,3.22,"16km ESE of Little Lake, CA",,0,160,-117.7371667,35.903,9.16
ci37219812,2019-07-06 03:36:28,3.85,"13km ENE of Ridgecrest, CA",,0,228,-117.5445,35.6625,3.18
ci38457615,2019-07-06 03:36:16,4.35,"16km ESE of Little Lake, CA",0,0,291,-117.7338333,35.9028333,7.27
ci37260884,2019-07-06 03:35:58,3.49,"15km WSW of Searles Valley, CA",,0,187,-117.5576667,35.7175,10.29
ci37260876,2019-07-06 03:35:49,3.35,"20km ESE of Little Lake, CA",,0,173,-117.69,35.8838333,7.5
ci37219804,2019-07-06 03:35:44,3.39,"18km SSW of Searles Valley, CA",,0,177,-117.4453333,35.614,5.9
ci37219796,2019-07-06 03:35:30,3.67,"14km ENE of Little Lake, CA",,0,207,-117.7576667,35.979,6.52
ci37260868,2019-07-06 03:35:24,3.42,"14km NE of Ridgecrest, CA",,0,180,-117.5565,35.7051667,9.09
ci38457607,2019-07-06 03:35:05,4.09,"14km SSW of Searles Valley, CA",1,0,257,-117.4668333,35.6521667,1.97
ci37219788,2019-07-06 03:34:55,3.52,"20km S of Trona, CA",,0,191,-117.3961667,35.5806667,13.22
ci37219740,2019-07-06 03:34:42,3.74,"23km E of Little Lake, CA",,0,215,-117.6573333,35.9058333,9.5
ci37261164,2019-07-06 03:34:36,3.29,"17km ESE of Little Lake, CA",,0,167,-117.7253333,35.893,6.89
ci37260860,2019-07-06 03:34:27,3.43,"19km E of Little Lake, CA",,0,181,-117.7033333,35.904,8.1
ci37219732,2019-07-06 03:34:21,3.63,"17km W of Searles Valley, CA",,0,203,-117.5875,35.7661667,1.82
ci37260828,2019-07-06 03:33:55,3.51,"20km ESE of Little Lake, CA",,0,190,-117.699,35.8723333,11.58
ci37261156,2019-07-06 03:33:48,3.19,"12km S of Searles Valley, CA",,0,157,-117.424,35.665,0.78
ci37219708,2019-07-06 03:33:39,4.01,"15km WSW of Searles Valley, CA",,0,247,-117.5613333,35.726,11.09
ci37219716,2019-07-06 03:33:39,3.8,"17km ESE of Little Lake, CA",,0,222,-117.7238333,35.8933333,9.89
ci37219700,2019-07-06 03:33:20,4.08,"17km E of Ridgecrest, CA",,0,256,-117.4861667,35.624,10.99
ci37219684,2019-07-06 03:33:03,3.9,"18km ESE of Little Lake, CA",,0,234,-117.7163333,35.9025,8.47
ci38457599,2019-07-06 03:32:46,4.17,"17km ESE of Little Lake, CA",0,0,268,-117.7303333,35.8903333,6.15
ci37219676,2019-07-06 03:32:29,3.68,"19km S of Trona, CA",,0,208,-117.4145,35.5985,6.69
ci37219668,2019-07-06 03:32:25,3.61,"17km ESE of Little Lake, CA",,0,200,-117.7263333,35.8981667,10.82
ci37260804,2019-07-06 03:32:13,3.32,"24km ESE of Little Lake, CA",,0,170,-117.6531667,35.8708333,8.18
ci37219660,2019-07-06 03:31:58,3.86,"18km ESE of Little Lake, CA",,0,229,-117.7121667,35.8901667,6.29
ci37219652,2019-07-06 03:31:48,3.97,"20km ESE of Little Lake, CA",,0,242,-117.6978333,35.8883333,8.93
ci37260788,2019-07-06 03:31:33,3.45,"13km WSW of Searles Valley, CA",,0,183,-117.5488333,35.7393333,2.39
ci37219644,2019-07-06 03:31:24,3.62,"14km SSW of Searles Valley, CA",,0,202,-117.4853333,35.6596667,5.2
ci37219636,2019-07-06 03:31:10,3.55,"17km ESE of Little Lake, CA",,0,194,-117.7216667,35.8936667,9.39
ci37219628,2019-07-06 03:30:59,3.9,"19km E of Little Lake, CA",,0,234,-117.704,35.9068333,8.84
ci37219620,2019-07-06 03:30:43,3.53,"18km ESE of Little Lake, CA",,0,192,-117.7223333,35.8671667,8.26
ci38457591,2019-07-06 03:30:25,4.49,"23km S of Trona, CA",0,0,310,-117.3581667,35.5566667,8.71
ci37260620,2019-07-06 03:30:00,3.56,"19km ESE of Little Lake, CA",,0,195,-117.7018333,35.8845,6.05
ci37260612,2019-07-06 03:29:50,3.57,"22km ESE of Little Lake, CA",,0,196,-117.6818333,35.8705,5.35
ci37219612,2019-07-06 03:29:47,3.57,"19km ESE of Little Lake, CA",,0,196,-117.704,35.9016667,7.8
ci38457583,2019-07-06 03:29:32,4.51,"18km ESE of Little Lake, CA",2,0,313,-117.7115,35.9028333,3.18
ci37219604,2019-07-06 03:29:28,4.07,"10km WSW of Searles Valley, CA",,0,255,-117.5088333,35.7325,7.03
ci38457575,2019-07-06 03:29:15,4.01,"24km ESE of Little Lake, CA",,0,247,-117.6526667,35.8656667,15.11
ci37219596,2019-07-06 03:29:10,4.02,"13km SSW of Searles Valley, CA",,0,249,-117.4465,35.6566667,2.23
ci38457559,2019-07-06 03:28:46,4.19,"17km ESE of Little Lake, CA",1,0,270,-117.7221667,35.9025,4.76
ci37219588,2019-07-06 03:28:25,3.98,"21km ESE of Little Lake, CA",,0,244,-117.6906667,35.8695,2.66
ci37219580,2019-07-06 03:28:12,4.09,"24km WNW of Searles Valley, CA",,0,257,-117.6598333,35.8411667,11.45
ci38457551,2019-07-06 03:28:00,4.09,"16km E of Little Lake, CA",0,0,257,-117.7316667,35.9106667,8.16
ci37219572,2019-07-06 03:27:36,4.03,"20km ESE of Little Lake, CA",,0,250,-117.6975,35.8895,7.85
ci37260500,2019-07-06 03:27:25,3.92,"14km SSW of Searles Valley, CA",,0,236,-117.4866667,35.665,5.51
ci37260492,2019-07-06 03:27:18,3.91,"24km ESE of Little Lake, CA",,0,235,-117.6578333,35.8733333,6.73
ci37219564,2019-07-06 03:27:11,4.57,"24km ESE of Ridgecrest, CA",,0,321,-117.4313333,35.5303333,3.83
ci37219180,2019-07-06 03:27:07,4.5,"16km E of Little Lake, CA",1,0,312,-117.7258333,35.9138333,8
ci37260484,2019-07-06 03:27:04,3.84,"17km SSW of Trona, CA",,0,227,-117.4176667,35.6105,5.77
ci37219556,2019-07-06 03:26:51,4.09,"24km ESE of Little Lake, CA",,0,257,-117.6495,35.8875,10.86
ci37219548,2019-07-06 03:26:40,3.57,"20km ESE of Little Lake, CA",,0,196,-117.6955,35.8998333,6.89
ci37260476,2019-07-06 03:26:27,3.76,"17km S of Searles Valley, CA",,0,218,-117.4368333,35.6135,6.11
ci37219540,2019-07-06 03:26:04,4.02,"23km WNW of Searles Valley, CA",,0,249,-117.6451667,35.8331667,8.1
ci37260460,2019-07-06 03:25:49,3.98,"14km SSW of Searles Valley, CA",,0,244,-117.478,35.6543333,1.75
ci37260468,2019-07-06 03:25:42,3.67,"23km ESE of Little Lake, CA",,0,207,-117.6655,35.8708333,8.06
ci37219172,2019-07-06 03:25:27,4.61,"23km ESE of Little Lake, CA",4,0,328,-117.6708333,35.8606667,10.32
ci37219524,2019-07-06 03:25:19,3.91,"20km E of Little Lake, CA",,0,235,-117.6911667,35.903,7.01
ci37260452,2019-07-06 03:24:56,3.92,"19km NW of Searles Valley, CA",,0,236,-117.5695,35.87,10.81
ci37219516,2019-07-06 03:24:33,4.07,"21km ESE of Little Lake, CA",,0,255,-117.6755,35.8911667,7.42
ci38457535,2019-07-06 03:24:22,4.19,"17km ESE of Little Lake, CA",0,0,270,-117.7273333,35.9018333,5.3
ci37260444,2019-07-06 03:24:15,3.52,"18km ESE of Little Lake, CA",,0,191,-117.7075,35.9013333,7.11
ci37219508,2019-07-06 03:24:07,3.91,"18km ESE of Little Lake, CA",,0,235,-117.7201667,35.8876667,7.95
ci37219164,2019-07-06 03:23:50,4.84,"20km WNW of Searles Valley, CA",23,0,370,-117.6178333,35.8031667,11.44
ci37219476,2019-07-06 03:23:34,4.22,"16km ESE of Ridgecrest, CA",,0,274,-117.5165,35.5685,10.82
ci37260316,2019-07-06 03:23:29,4,"18km ESE of Little Lake, CA",,0,246,-117.724,35.8778333,6.14
ci37219468,2019-07-06 03:23:19,4.52,"22km ESE of Little Lake, CA",,0,314,-117.6778333,35.861,6.82
ci37260308,2019-07-06 03:23:07,3.78,"23km WNW of Searles Valley, CA",,0,220,-117.6406667,35.8378333,9.75
ci37219156,2019-07-06 03:22:48,4.64,"16km ESE of Little Lake, CA",4,0,332,-117.7365,35.891,9.1
ci37219500,2019-07-06 03:22:35,4.73,"17km S of Searles Valley, CA",,0,344,-117.4301667,35.6166667,9.35
ci37219492,2019-07-06 03:22:27,4.46,"17km S of Searles Valley, CA",,0,306,-117.4275,35.6171667,8.45
ci37219484,2019-07-06 03:22:17,4.55,"13km W of Searles Valley, CA",,0,318,-117.5456667,35.748,3.9
ci38457519,2019-07-06 03:22:03,4.64,"16km E of Little Lake, CA",7,0,334,-117.729,35.9216667,8.17
ci37260300,2019-07-06 03:21:19,4.15,"18km ESE of Ridgecrest, CA",,0,265,-117.5053333,35.5423333,5.6
ci37222204,2019-07-06 03:21:10,4.33,"23km N of Ridgecrest, CA",,0,288,-117.6601667,35.8306667,5.86
ci37222196,2019-07-06 03:20:41,4.81,"15km E of Little Lake, CA",,0,356,-117.7376667,35.9496667,9.28
ci37222188,2019-07-06 03:20:36,4.33,"9km NNE of Little Lake, CA",,0,288,-117.8525,36.0068333,13.93
ci38457511,2019-07-06 03:19:53,7.1,Ridgecrest Earthquake Sequence,39877,0,1646,-117.5993333,35.7695,8
ci37257780,2019-07-06 03:17:13,4.14,"14km W of Searles Valley, CA",,0,264,-117.5608333,35.7453333,6.5
ci38457487,2019-07-06 03:16:32,4.97,"14km WSW of Searles Valley, CA",63,0,412,-117.5535,35.7253333,0.88
us70004bl6,2019-07-06 01:17:54,3.3,"11 km E of Soda Springs, Idaho",4,0,169,-111.4643,42.6622,1.93
ci38456615,2019-07-06 00:51:25,3.67,"16km W of Searles Valley, CA",3,0,208,-117.5841667,35.7501667,6.6
ci38456351,2019-07-06 00:13:02,3.5,"15km WSW of Searles Valley, CA",1,0,189,-117.5618333,35.7281667,3.13
ci38455679,2019-07-05 22:38:23,3.07,"18km W of Searles Valley, CA",2,0,145,-117.6036667,35.7755,2.5
ci38453719,2019-07-05 17:59:56,3.41,"19km W of Searles Valley, CA",4,0,180,-117.615,35.793,4.01
ci38453279,2019-07-05 17:02:36,3.84,"9km E of Ridgecrest, CA",30,0,240,-117.5796667,35.6175,10.83
ci38452607,2019-07-05 15:46:03,3,"10km SW of Searles Valley, CA",3,0,139,-117.4841667,35.6995,1.41
ci38452095,2019-07-05 14:39:33,3.94,"15km W of Searles Valley, CA",21,0,247,-117.5666667,35.7421667,2.89
ci38451239,2019-07-05 12:55:04,3.65,"15km W of Searles Valley, CA",8,0,208,-117.5643333,35.7515,7.35
ci37260292,2019-07-05 12:39:06,3.11,"15km SW of Searles Valley, CA",,0,149,-117.5208333,35.6728333,4.58
ci38451079,2019-07-05 12:38:30,4.09,"15km W of Searles Valley, CA",24,0,266,-117.5706667,35.7716667,6.82
ci38450935,2019-07-05 12:23:57,3.35,"12km WSW of Searles Valley, CA",,0,173,-117.5303333,35.7238333,2.98
ci38450511,2019-07-05 11:36:03,3.19,"16km W of Searles Valley, CA",32,0,172,-117.5838333,35.7631667,7.91
ci38450415,2019-07-05 11:29:14,3.03,"15km W of Searles Valley, CA",31,0,155,-117.57,35.7723333,7.3
nc73207501,2019-07-05 11:12:33,3.28,"7km E of Round Valley, CA",8,0,169,-118.5236667,37.4035,9.29
ci38450271,2019-07-05 11:10:09,3.03,"16km W of Searles Valley, CA",104,0,184,-117.5836667,35.755,7
ci37260284,2019-07-05 11:08:40,3.75,"15km W of Searles Valley, CA",,0,216,-117.5715,35.7575,7.02
ci38450263,2019-07-05 11:07:53,5.37,"16km W of Searles Valley, CA",3019,1,1054,-117.575,35.7603333,6.95
ci38450223,2019-07-05 10:59:38,3.54,"8km ESE of Ridgecrest, CA",23,0,202,-117.5901667,35.602,2.82
ci38449919,2019-07-05 10:16:34,3.1,"15km SW of Searles Valley, CA",0,0,148,-117.5026667,35.6636667,6.92
ci38449719,2019-07-05 09:46:29,3.62,"12km ENE of Ridgecrest, CA",8,0,205,-117.5481667,35.6496667,2.3
us70004avj,2019-07-05 09:40:50,3.1,Kansas,9,0,151,-99.4312,39.2748,4.3
ci38449351,2019-07-05 08:54:02,3.48,"11km SW of Searles Valley, CA",2,0,187,-117.502,35.704,8.66
ci38449191,2019-07-05 08:21:04,3.47,"7km ESE of Ridgecrest, CA",3,0,186,-117.6041667,35.6023333,4.46
ci38448863,2019-07-05 07:39:13,3.46,"11km SW of Searles Valley, CA",0,0,184,-117.4785,35.688,10.6
ci38448791,2019-07-05 07:27:37,3.72,"14km W of Searles Valley, CA",20,0,221,-117.5631667,35.7503333,6.89
ci38448631,2019-07-05 07:02:22,3.23,"15km WSW of Searles Valley, CA",2,0,161,-117.5646667,35.7253333,2.67
ci38448487,2019-07-05 06:40:42,3.22,"12km SW of Searles Valley, CA",2,0,160,-117.5081667,35.701,6.63
ci38448295,2019-07-05 06:09:23,3.65,"9km E of Ridgecrest, CA",6,0,207,-117.5716667,35.6228333,7.25
ci38448031,2019-07-05 05:18:25,3.45,"17km NNE of Ridgecrest, CA",3,0,184,-117.614,35.769,2.55
ci38447999,2019-07-05 05:10:37,3.2,"10km SW of Searles Valley, CA",3,0,159,-117.4781667,35.7058333,2.42
ci38447623,2019-07-05 04:14:45,3.56,"10km SW of Searles Valley, CA",4,0,196,-117.481,35.6993333,1.16
ci38447591,2019-07-05 04:11:38,3.53,"14km WSW of Searles Valley, CA",4,0,193,-117.5545,35.722,2.02
ci38447391,2019-07-05 03:46:54,3.14,"13km SW of Searles Valley, CA",,0,152,-117.5013333,35.6811667,1.39
ci38447191,2019-07-05 03:19:53,3.41,"14km ENE of Ridgecrest, CA",2,0,179,-117.5221667,35.655,1.51
ci38447143,2019-07-05 03:15:18,3.24,"10km E of Ridgecrest, CA",2,0,162,-117.5661667,35.6298333,4.66
ci38446807,2019-07-05 02:19:41,3.26,"18km NNE of Ridgecrest, CA",,0,164,-117.619,35.7726667,2.83
ci38446671,2019-07-05 02:05:19,3.4,"14km ENE of Ridgecrest, CA",3,0,179,-117.5226667,35.6555,1.93
ci38446647,2019-07-05 02:01:59,3.98,"12km E of Ridgecrest, CA",7,0,246,-117.5461667,35.6401667,11.3
ci38446639,2019-07-05 02:01:41,3.25,"18km NNE of Ridgecrest, CA",,0,162,-117.6165,35.7741667,2.84
ci38446623,2019-07-05 01:58:08,3.36,"72km E of Maneadero, B.C., MX",,0,174,-115.8145,31.8341667,14.71
ci38446391,2019-07-05 01:18:13,3.21,"14km ENE of Ridgecrest, CA",3,0,159,-117.5228333,35.6583333,1.85
ci38446343,2019-07-05 01:08:53,3.11,"14km WSW of Searles Valley, CA",,0,149,-117.548,35.7245,1.89
ci38446159,2019-07-05 00:45:39,3.85,"12km SW of Searles Valley, CA",7,0,231,-117.5083333,35.6946667,6.22
ci38446071,2019-07-05 00:32:06,4.02,"10km SW of Searles Valley, CA",4,0,249,-117.4828333,35.7033333,1
ci38445975,2019-07-05 00:18:01,4.04,"18km NNE of Ridgecrest, CA",5,0,253,-117.6178333,35.7718333,2.59
ci38445839,2019-07-04 23:54:36,3.39,"14km ENE of Ridgecrest, CA",,0,177,-117.5233333,35.656,1.71
ci38445751,2019-07-04 23:42:33,3.72,"15km W of Searles Valley, CA",3,0,214,-117.5678333,35.7478333,4.36
ci38445703,2019-07-04 23:34:02,4.04,"6km ESE of Ridgecrest, CA",12,0,256,-117.6106667,35.6011667,4.75
ci37420973,2019-07-04 23:34:00,3.82,"14km ENE of Ridgecrest, CA",,0,224,-117.5245,35.6623333,2.61
ci38445503,2019-07-04 23:13:05,3.04,"16km W of Searles Valley, CA",2,0,143,-117.5775,35.7461667,4.4
ci38445495,2019-07-04 23:12:40,3.53,"12km SSW of Searles Valley, CA",6,0,194,-117.4713333,35.6731667,9.01
ci38445295,2019-07-04 22:42:21,3.23,"12km WSW of Searles Valley, CA",3,0,161,-117.5235,35.7221667,4.41
us70004adw,2019-07-04 22:39:58,3,"7 km SSE of Colstrip, Montana",,0,138,-106.6,45.8193,0
ci38445087,2019-07-04 22:12:08,4.43,"15km W of Searles Valley, CA",28,0,315,-117.5636667,35.7463333,5.76
ci37225444,2019-07-04 22:05:22,3.56,"9km SW of Searles Valley, CA",,0,195,-117.477,35.7115,1.32
ci38445015,2019-07-04 22:02:35,3.44,"14km SW of Searles Valley, CA",2,0,183,-117.5128333,35.6768333,2.88
ci38444903,2019-07-04 21:47:04,3.25,"6km ENE of Ridgecrest, CA",4,0,164,-117.606,35.6335,9.67
ci38444823,2019-07-04 21:40:33,3.44,"15km SW of Searles Valley, CA",10,0,186,-117.5181667,35.6701667,1.78
ci38444791,2019-07-04 21:33:34,3.15,"8km E of Ridgecrest, CA",8,0,156,-117.5898333,35.617,7.45
ci38444543,2019-07-04 21:02:55,3.47,"11km SW of Searles Valley, CA",4,0,187,-117.4831667,35.69,7.89
ci38444487,2019-07-04 20:55:25,3.4,"9km SW of Searles Valley, CA",7,0,181,-117.4808333,35.7116667,2.39
ci38444407,2019-07-04 20:45:26,3.1,"10km SW of Searles Valley, CA",5,0,151,-117.4775,35.7028333,1.31
ci38444263,2019-07-04 20:23:09,3.43,"7km ENE of Ridgecrest, CA",8,0,184,-117.5973333,35.6408333,10.39
ci38444231,2019-07-04 20:17:36,3.09,"10km SW of Searles Valley, CA",1,0,147,-117.4836667,35.7,1.25
ci38444215,2019-07-04 20:14:50,3.99,"12km SW of Searles Valley, CA",0,0,245,-117.5125,35.6991667,5.75
ci38444159,2019-07-04 20:06:08,3.39,"11km SW of Searles Valley, CA",6,0,179,-117.4891667,35.6991667,10.27
us70004a7f,2019-07-04 20:05:08,3.7,"12 km E of Wright, Wyoming",,0,211,-105.3391,43.7434,0
ci37260124,2019-07-04 19:56:25,3.27,"15km ENE of Ridgecrest, CA",,0,165,-117.5225,35.6636667,2.15
ci38444111,2019-07-04 19:56:08,3.44,"5km SSW of Alberto Oviedo Mota, B.C., MX",3,0,183,-115.1805,32.1866667,23.42
ci38444103,2019-07-04 19:56:00,4.16,"14km ENE of Ridgecrest, CA",36,0,290,-117.524,35.6623333,1.49
ci38444063,2019-07-04 19:51:16,3.35,"15km NE of Ridgecrest, CA",5,0,175,-117.5561667,35.71,2.09
ci38444047,2019-07-04 19:49:04,3.26,"12km SW of Searles Valley, CA",2,0,164,-117.4895,35.683,1.04
ci38443871,2019-07-04 19:21:32,4.5,"13km SSW of Searles Valley, CA",124,0,374,-117.4788333,35.6715,5.16
ci37224620,2019-07-04 19:17:58,3.26,"7km E of Ridgecrest, CA",,0,164,-117.601,35.6268333,10.4
ci38443831,2019-07-04 19:14:59,3,"13km ENE of Ridgecrest, CA",7,0,141,-117.5388333,35.6548333,2.42
ci38443823,2019-07-04 19:10:19,3.29,"11km SW of Searles Valley, CA",73,0,210,-117.4901667,35.694,1.58
ci38443759,2019-07-04 19:01:10,3.03,"14km NE of Ridgecrest, CA",0,0,141,-117.5565,35.7086667,2.15
ci37231484,2019-07-04 19:00:14,3.14,"13km ENE of Ridgecrest, CA",,0,152,-117.5523333,35.6773333,5.01
ci38443751,2019-07-04 19:00:09,3.22,"15km WSW of Searles Valley, CA",2,0,160,-117.5513333,35.7111667,1.99
ci37230948,2019-07-04 18:57:15,3.22,"14km SW of Searles Valley, CA",,0,160,-117.5293333,35.6888333,5.72
ci37420717,2019-07-04 18:56:22,4.21,"15km NE of Ridgecrest, CA",2,0,273,-117.5541667,35.7086667,1.16
ci38443719,2019-07-04 18:56:06,4.58,"15km NE of Ridgecrest, CA",248,0,506,-117.56,35.716,1.92
ci38443711,2019-07-04 18:55:27,3.03,"12km SSW of Searles Valley, CA",1,0,141,-117.4795,35.6753333,10.71
ci38443703,2019-07-04 18:54:13,4.07,"7km ESE of Ridgecrest, CA",76,0,292,-117.5996667,35.5975,5.33
ci38443695,2019-07-04 18:53:27,3.36,"15km WSW of Searles Valley, CA",3,0,175,-117.5605,35.7285,7.87
ci37230836,2019-07-04 18:53:03,3.08,"13km ENE of Ridgecrest, CA",,0,146,-117.547,35.6703333,4.9
ci38443671,2019-07-04 18:50:15,3.7,"13km SW of Searles Valley, CA",3,0,211,-117.4961667,35.682,1.26
ci37230564,2019-07-04 18:47:59,3.22,"12km SSW of Searles Valley, CA",,0,160,-117.4686667,35.6708333,10.52
ci37230556,2019-07-04 18:47:44,3.33,"13km SW of Searles Valley, CA",,0,171,-117.5146667,35.6876667,7.87
ci37421213,2019-07-04 18:47:22,4.02,"12km SSW of Searles Valley, CA",,0,249,-117.472,35.6755,10.27
ci38443647,2019-07-04 18:47:06,4.34,"13km SW of Searles Valley, CA",59,0,329,-117.4853333,35.6758333,8.53
ci38443631,2019-07-04 18:44:25,3.09,"15km WSW of Searles Valley, CA",0,0,147,-117.5586667,35.719,2.06
ci38443615,2019-07-04 18:41:14,3.07,"14km SW of Searles Valley, CA",2,0,146,-117.5115,35.6763333,2.13
ci37224612,2019-07-04 18:40:56,3.05,"13km ENE of Ridgecrest, CA",,0,143,-117.5368333,35.652,2.03
ci38443607,2019-07-04 18:39:44,4.59,"7km ESE of Ridgecrest, CA",603,0,662,-117.597,35.6013333,2.81
ci38443543,2019-07-04 18:28:43,3.75,"11km ENE of Ridgecrest, CA",7,0,219,-117.5656667,35.6661667,7.14
ci38443535,2019-07-04 18:27:59,4.23,"14km W of Searles Valley, CA",5,0,277,-117.5521667,35.745,6.64
ci38443527,2019-07-04 18:27:26,3.29,"14km SW of Searles Valley, CA",0,0,167,-117.5143333,35.6748333,2.68
ci38443519,2019-07-04 18:26:03,3.13,"14km ENE of Ridgecrest, CA",32,0,164,-117.5245,35.6638333,2.53
ci38443487,2019-07-04 18:18:45,3.38,"6km ENE of Ridgecrest, CA",1,0,176,-117.611,35.638,9.43
ci37420701,2019-07-04 18:15:12,3.23,"15km ENE of Ridgecrest, CA",,0,161,-117.5203333,35.6691667,1.84
ci38443439,2019-07-04 18:13:51,3.5,"10km SW of Searles Valley, CA",4,0,190,-117.485,35.7081667,6.44
ci38443431,2019-07-04 18:12:52,3.44,"12km ENE of Ridgecrest, CA",0,0,182,-117.5605,35.6703333,6.91
ci38443415,2019-07-04 18:10:32,3.46,"14km ENE of Ridgecrest, CA",1,0,185,-117.5348333,35.6598333,10.25
ci37223308,2019-07-04 18:08:45,3.55,"9km SW of Searles Valley, CA",,0,194,-117.4768333,35.7108333,1.17
ci38443407,2019-07-04 18:08:33,3.38,"14km SW of Searles Valley, CA",3,0,177,-117.5061667,35.6678333,2.27
ci37259964,2019-07-04 18:07:20,3.02,"7km SSE of Ridgecrest, CA",,0,140,-117.6365,35.5688333,6.67
ci37223244,2019-07-04 18:07:10,3.49,"12km ENE of Ridgecrest, CA",,0,187,-117.542,35.6508333,2.77
ci38443391,2019-07-04 18:07:09,3.51,"6km ESE of Ridgecrest, CA",2,0,190,-117.6101667,35.5991667,2.12
ci38443383,2019-07-04 18:06:16,3.79,"14km ENE of Ridgecrest, CA",0,0,221,-117.523,35.6606667,2.14
ci37223156,2019-07-04 18:01:31,3.42,"8km ESE of Ridgecrest, CA",,0,180,-117.5905,35.5978333,6.79
ci37422005,2019-07-04 18:01:23,3.53,"13km SW of Searles Valley, CA",30,0,204,-117.5085,35.6876667,1.26
ci38443319,2019-07-04 17:58:02,3.33,"12km SW of Searles Valley, CA",1,0,171,-117.5083333,35.702,4.77
ci38443287,2019-07-04 17:51:46,3.46,"15km ENE of Ridgecrest, CA",3,0,185,-117.5235,35.674,5.3
ci37222572,2019-07-04 17:48:15,3.11,"13km WSW of Searles Valley, CA",,0,149,-117.5245,35.7053333,5.52
ci37222564,2019-07-04 17:48:03,3.27,"11km E of Ridgecrest, CA",,0,165,-117.5518333,35.6365,6.62
ci37222556,2019-07-04 17:47:54,3.4,"15km WSW of Searles Valley, CA",,0,178,-117.5606667,35.7286667,5.25
ci37222548,2019-07-04 17:47:40,3.11,"15km WSW of Searles Valley, CA",,0,149,-117.5585,35.726,3.58
ci38443279,2019-07-04 17:47:17,3.5,"13km W of Searles Valley, CA",1,0,189,-117.5465,35.7455,7.11
ci38443271,2019-07-04 17:46:49,3.07,"6km ENE of Ridgecrest, CA",14,0,151,-117.6108333,35.6385,10.97
ci37222524,2019-07-04 17:45:28,3.21,"12km WSW of Searles Valley, CA",,0,159,-117.5368333,35.7348333,10.34
ci37421989,2019-07-04 17:45:23,3.03,"14km WSW of Searles Valley, CA",,0,141,-117.5473333,35.7151667,7.21
ci37421997,2019-07-04 17:45:05,3.03,"11km SW of Searles Valley, CA",,0,141,-117.4865,35.6976667,2.24
ci38443255,2019-07-04 17:44:32,3.86,"13km SW of Searles Valley, CA",4,0,231,-117.5071667,35.6875,1.54
us70004a0z,2019-07-04 17:43:29,3.6,"12 km ENE of Ridgecrest, California",9,0,203,-117.5488,35.6783,5.15
ci38443239,2019-07-04 17:42:54,3.22,"15km WSW of Searles Valley, CA",0,0,160,-117.5586667,35.7301667,7.84
ci37421957,2019-07-04 17:41:20,3.3,"12km WSW of Searles Valley, CA",,0,168,-117.5288333,35.7266667,1.97
ci37259692,2019-07-04 17:40:51,3.13,"12km SSW of Searles Valley, CA",,0,151,-117.4743333,35.6805,7.09
ci37222516,2019-07-04 17:40:46,3.42,"14km WSW of Searles Valley, CA",,0,180,-117.5548333,35.7298333,7.72
ci37222508,2019-07-04 17:40:34,3.54,"12km SW of Searles Valley, CA",,0,193,-117.5018333,35.6948333,2.04
ci38443231,2019-07-04 17:40:18,4.13,"12km SW of Searles Valley, CA",189,0,349,-117.5101667,35.707,8.66
ci38443223,2019-07-04 17:40:02,3.8,"15km NE of Ridgecrest, CA",29,0,235,-117.5708333,35.7253333,6.63
ci37259660,2019-07-04 17:39:51,3.11,"13km ENE of Ridgecrest, CA",,0,149,-117.5453333,35.6715,2.27
ci38443215,2019-07-04 17:39:35,3.69,"12km SW of Searles Valley, CA",39,0,225,-117.4931667,35.6876667,10.96
ci37222404,2019-07-04 17:39:33,3.11,"6km SE of Ridgecrest, CA",,0,149,-117.6366667,35.5743333,6.85
ci37259588,2019-07-04 17:39:05,3.25,"11km N of Ridgecrest, CA",,0,162,-117.6661667,35.7168333,5.17
ci37256196,2019-07-04 17:38:57,3.43,"14km ENE of Ridgecrest, CA",,0,181,-117.5295,35.6698333,1.87
ci37222396,2019-07-04 17:38:47,3.5,"7km E of Ridgecrest, CA",,0,188,-117.596,35.6235,8.55
us70004a0n,2019-07-04 17:38:47,3.5,"8 km E of Ridgecrest, California",35,0,203,-117.5782,35.6215,9.7
ci37421941,2019-07-04 17:38:21,3.73,"9km SW of Searles Valley, CA",,0,214,-117.476,35.714,1.74
ci38443199,2019-07-04 17:37:55,3.86,"14km W of Searles Valley, CA",29,0,241,-117.5516667,35.7456667,8.29
ci37259580,2019-07-04 17:37:46,3.24,"15km SW of Searles Valley, CA",,0,162,-117.5261667,35.6811667,6.83
ci37218996,2019-07-04 17:37:25,4.01,"11km SSW of Searles Valley, CA",2,0,248,-117.4575,35.6758333,15.82
ci37222364,2019-07-04 17:37:14,3.97,"15km SW of Searles Valley, CA",,0,242,-117.516,35.6655,1.64
ci37222372,2019-07-04 17:37:01,3.66,"9km SW of Searles Valley, CA",,0,206,-117.4773333,35.7105,1.57
ci37222380,2019-07-04 17:36:58,3.41,"15km WSW of Searles Valley, CA",,0,179,-117.5593333,35.7258333,5.3
ci37255980,2019-07-04 17:36:04,3.94,"16km NE of Ridgecrest, CA",,0,239,-117.5741667,35.7341667,6.41
ci37218988,2019-07-04 17:35:52,4.28,"13km SW of Searles Valley, CA",,0,282,-117.5061667,35.687,1.6
ci37222356,2019-07-04 17:35:46,3.63,"9km SSW of Searles Valley, CA",,0,203,-117.437,35.6936667,7.65
ci37255940,2019-07-04 17:35:17,3.93,"11km SW of Searles Valley, CA",,0,238,-117.474,35.6886667,6.48
ci38443191,2019-07-04 17:35:01,4.49,"10km ENE of Ridgecrest, CA",29,0,325,-117.5671667,35.644,4.64
ci38443183,2019-07-04 17:33:49,6.4,Ridgecrest Earthquake Sequence,27543,1,1440,-117.5038333,35.7053333,10.5
ci38443095,2019-07-04 17:02:55,3.98,"11km SW of Searles Valley, CA",405,0,418,-117.5036667,35.7081667,10.6
nc73205136,2019-07-03 03:04:05,3.18,"9km WNW of Cobb, CA",24,0,165,-122.8228333,38.8395,2.22
ci38441215,2019-07-02 22:40:56,3.44,"12km N of Grapevine, CA",19,0,190,-118.936,35.0503333,8.74
ci38441151,2019-07-02 22:21:08,3.35,"12km N of Grapevine, CA",6,0,175,-118.9368333,35.0513333,7.73
us700048tq,2019-07-02 18:30:32,3.3,"18 km S of Wright, Wyoming",,0,168,-105.5158,43.5823,0
nn00689012,2019-07-02 12:57:13,3,"57 km NE of Valmy, Nevada",,0,138,-116.6104,41.136,6
nn00688850,2019-06-30 23:43:36,4.2,"6 km E of Panaca, Nevada",71,0,305,-114.3137,37.7874,3.1
us700047hy,2019-06-29 22:32:15,3.1,Wyoming,,0,148,-105.1986,43.6018,0
us7000478b,2019-06-29 09:07:46,3.5,"49 km NNE of Meadview, Arizona",1,0,189,-113.787,36.3837,13.69
us7000477q,2019-06-29 07:58:58,3.8,"47 km SSE of Scenic, Arizona",8,0,224,-113.8241,36.3905,6.39
ci38433919,2019-06-27 20:50:46,3.02,"6km NW of Mira Loma, CA",94,0,180,-117.5683333,34.0268333,11.43
ci38432527,2019-06-27 06:21:20,3.24,"8km NW of Alberto Oviedo Mota, B.C., MX",2,0,162,-115.2263333,32.2795,27.03
nc73201431,2019-06-23 22:39:10,3.87,"49km W of Petrolia, CA",50,0,253,-124.8655,40.3198333,12.3
nc73201181,2019-06-23 03:53:02,5.58,"6km SSW of Petrolia, CA",1778,1,1139,-124.3003333,40.2735,9.44
nc73200946,2019-06-22 13:29:23,3.01,"3km ESE of Aromas, CA",173,0,198,-121.617,36.8773333,8.23
us600044l0,2019-06-22 08:50:24,4.6,"2 km SSE of Zurich, Kansas",1219,0,846,-99.4259,39.216,3
us600044fv,2019-06-21 20:22:13,3.3,"16 km ESE of Wright, Wyoming",,0,168,-105.3,43.7101,0
ok2019lzmb,2019-06-20 11:23:03,3.02,"5 km WNW of Lucien, Oklahoma",7,0,143,-97.51083333,36.28916667,7.26
ci38422639,2019-06-19 23:57:44,3.15,"37km SE of Fort Irwin, CA",3,0,153,-116.459,34.9896667,1.57
nc73199916,2019-06-19 14:36:17,3.16,"13km W of Lakeport, CA",84,0,182,-123.0653333,39.0338333,4.15
us600042ut,2019-06-19 05:47:21,3.2,"62 km SSW of Whites City, New Mexico",,0,158,-104.5787,31.639,5
nc73199616,2019-06-18 20:56:28,3.26,"16km SE of Pinnacles, CA",5,0,165,-121.0148333,36.4383333,9.24
us600042lp,2019-06-18 18:04:33,3.6,"16 km E of Wright, Wyoming",,0,199,-105.2871,43.7562,0
us600042gr,2019-06-18 10:53:00,3.1,"2 km WNW of Manhattan, Montana",12,0,151,-111.3647,45.8621,6.49
us6000426y,2019-06-18 01:48:16,3.6,"13 km ESE of Redford, Texas",2,0,200,-104.0529,29.4205,5
us600045s5,2019-06-17 20:09:08,3,"11 km ESE of Wright, Wyoming",,0,138,-105.36,43.7234,0
ci38646288,2019-06-17 00:12:01,3.02,"5km NNW of Glen Avon, CA",107,0,181,-117.505,34.0505,4.62
uw61528556,2019-06-16 16:12:49,3.25,"11 km SW of Royal City, Washington",13,0,168,-119.73666666666666,46.82983333333333,2.13
ci38644688,2019-06-16 01:48:53,3.26,"26km ENE of Coso Junction, CA",5,0,165,-117.673,36.1141667,2.44
us60004195,2019-06-16 01:07:18,3.6,"5 km SE of Falls City, Texas",31,0,211,-97.9834,28.9484,5
us6000416n,2019-06-15 20:02:01,3.1,"13 km ESE of Wright, Wyoming",,0,148,-105.3276,43.7249,0
us6000449j,2019-06-15 17:19:09,3.2,"35 km S of Wright, Wyoming",,0,158,-105.437,43.4343,0
us600040p8,2019-06-14 12:14:45,3.2,"24 km ENE of Soda Springs, Idaho",2,0,158,-111.3173,42.6979,5
ok2019lnwy,2019-06-14 03:15:21,3.44,"5 km N of Stroud, Oklahoma",41,0,202,-96.6555,35.79883333,7.09
us600040h9,2019-06-13 20:52:42,4.4,"70 km ESE of San Felipe, Mexico",1,0,298,-114.1365,30.8316,10
ci38639944,2019-06-13 12:38:30,3.03,"11km ENE of Cabazon, CA",62,0,160,-116.6745,33.9396667,17.3
ld60171121,2019-06-13 00:30:57,3.44,"9 km N of Blain, Pennsylvania",1452,0,632,-77.5056667,40.4218333,26.71
ci38639240,2019-06-13 00:07:33,3.74,"16km S of Camarillo, CA",1294,0,595,-119.0398333,34.0736667,18.46
us6000407a,2019-06-12 20:03:59,3.3,"22 km ENE of Wright, Wyoming",,0,168,-105.2307,43.8181,0
nc73196616,2019-06-12 18:16:20,3.36,"20km NNE of Deep Springs, CA",5,0,175,-117.9318333,37.55,0.37
us70003yk8,2019-06-12 18:11:39,3.2,"23 km SSE of Wright, Wyoming",,0,158,-105.3632,43.5611,0
nc73195396,2019-06-11 07:46:25,4.07,"7km NW of The Geysers, CA",83,0,287,-122.8233333,38.8136667,1.97
nc73195356,2019-06-11 07:31:36,3.09,"13km NNE of Tres Pinos, CA",24,0,155,-121.2425,36.8913333,8.47
nn00687315,2019-06-11 07:24:20,4.1,"54 km ESE of Goldfield, Nevada",6,0,261,-116.6956,37.4696,15.9
us70003xny,2019-06-10 14:50:45,4,"1 km NW of Timberlake, Ohio",5918,0,746,-81.4564,41.6797,2
ci38633112,2019-06-10 02:41:11,3.46,"16km E of Oildale, CA",338,0,296,-118.845,35.4061667,13.1
us70003xbl,2019-06-08 19:21:49,3.2,"21 km E of Wright, Wyoming",,0,158,-105.2285,43.7574,0
ci38630176,2019-06-07 20:59:45,3.12,"55km E of Maneadero, B.C., MX",3,0,150,-115.9958333,31.6256667,9.96
nn00687042,2019-06-07 04:49:46,3.7,"8 km SW of Virginia City, Nevada",1271,0,611,-119.7235,39.2579,10.9
ci38626504,2019-06-06 11:25:36,3.49,"12km W of San Clemente Is. (SE tip), CA",11,0,191,-118.4753333,32.8391667,7.56
ci38625712,2019-06-06 00:20:57,3.16,"4km NNW of Glen Avon, CA",289,0,252,-117.5055,34.0475,4.62
ci38625600,2019-06-05 22:33:24,3.26,"14km W of San Clemente Is. (SE tip), CA",15,0,168,-118.4885,32.8061667,6.07
ci38624424,2019-06-05 14:32:09,4.3,"15km W of San Clemente Is. (SE tip), CA",623,1,527,-118.5031667,32.8376667,8.4
ci38624056,2019-06-05 10:47:18,4.28,"13km W of San Clemente Is. (SE tip), CA",1145,1,842,-118.4828333,32.8228333,8.38
ci38621152,2019-06-04 04:34:02,3.2,"5km NW of Cabazon, CA",346,0,275,-116.8233333,33.9556667,15.6
nc73192136,2019-06-04 01:44:21,3.88,"7km WNW of Cobb, CA",82,0,281,-122.7973333,38.8336667,2.86
us70003ut2,2019-06-03 16:19:09,3,"15 km E of Soda Springs, Idaho",1,0,139,-111.4174,42.6316,5
us70003up5,2019-06-03 09:02:17,4.1,"134 km SSE of San Felipe, Mexico",,0,259,-114.3095,29.8985,10
us70003um0,2019-06-03 05:38:08,4.2,"109 km SSE of San Felipe, Mexico",,0,271,-114.2268,30.187,10
ci38618040,2019-06-02 23:36:36,3.21,"5km NNW of Glen Avon, CA",338,0,317,-117.5011667,34.0525,3.41
ci38617824,2019-06-02 20:04:55,3.06,"6km NE of Nuevo, CA",242,0,224,-117.0968333,33.8401667,10.84
ci38616248,2019-06-02 02:19:48,3.1,"4km NNW of Glen Avon, CA",201,0,220,-117.5041667,34.0483333,4.16
nn00686517,2019-06-02 01:52:35,3.5,"21 km SE of Alamo, Nevada",1,0,189,-115.0111,37.2167,2.2
us70003u8q,2019-06-01 21:22:51,4.2,North Atlantic Ocean,,0,271,-66.6189,26.1818,10
nn00686459,2019-06-01 20:26:08,3,"18 km SE of Alamo, Nevada",,0,138,-115.0299,37.2365,7.6
us70003tzp,2019-05-31 23:44:49,3.5,"2 km SSE of Zurich, Kansas",17,0,197,-99.4316,39.2155,5
us70003txy,2019-05-31 21:18:31,3.5,"24 km SE of Wright, Wyoming",,0,188,-105.2934,43.5879,0
nc73190231,2019-05-31 00:17:24,3.03,"6km NNW of The Geysers, CA",6,0,143,-122.7943333,38.8221667,3.01
us70003syh,2019-05-29 22:49:38,3.2,Wyoming,,0,158,-105.272,43.6559,0
us70003sxt,2019-05-29 21:55:19,3.6,"12 km ESE of Wright, Wyoming",,0,199,-105.3449,43.7135,0
us60003sf2,2019-05-26 12:54:07,3.1,"8 km ESE of Jefferson, Oklahoma",3,0,149,-97.6962,36.7,5
us60003s4p,2019-05-25 17:27:56,3.4,"23 km SSE of Wright, Wyoming",,0,178,-105.4074,43.5471,0
nn00685593,2019-05-23 09:53:48,4.2,"63 km NE of Tonopah, Nevada",7,0,274,-116.6339,38.396,14.8
us60003qxm,2019-05-22 21:10:28,3.1,"19 km ESE of Wright, Wyoming",,0,148,-105.2678,43.6767,0
ci38601472,2019-05-22 06:53:56,3.32,"26km ENE of Coso Junction, CA",,0,170,-117.6705,36.1191667,2.14
nc73185161,2019-05-22 06:51:21,3.03,"6km WNW of The Geysers, CA",6,0,143,-122.816,38.808,1.54
us60003qh8,2019-05-22 03:55:39,3.1,"15 km SSE of Stonewall Gap, Colorado",,0,148,-104.9819,37.0181,5
nc73184841,2019-05-21 17:19:52,3.78,"16km ESE of Pine Hills, CA",475,0,424,-123.9636667,40.6948333,21.45
ci38600992,2019-05-21 15:47:00,3.66,"84km SE of Maneadero, B.C., MX",10,0,210,-115.9038333,31.2125,8.96
uw61523611,2019-05-21 11:11:28,3.38,"6 km E of Copalis Beach, Washington",39,0,191,-124.083666666667,47.1138333333333,34.03
us60003t5s,2019-05-20 18:21:45,3.4,"17 km E of Wright, Wyoming",,0,178,-105.2707,43.7739,0
us70003nmd,2019-05-20 17:32:29,3,"9 km NE of Point of Rocks, Wyoming",,0,138,-108.7226,41.7481,0
uw61523381,2019-05-19 16:23:41,3.57,"3 km ESE of Rose Lodge, Oregon",67,0,219,-123.841333333333,44.9975,44.02
nc73183846,2019-05-19 10:49:11,3.1,"4km NNW of Cantua Creek, CA",16,0,154,-120.3351667,36.538,7.15
us70003n7x,2019-05-19 10:43:18,3.8,"15 km SSE of Stonewall Gap, Colorado",6,0,225,-104.9908,37.0193,5.06
us70003n3v,2019-05-18 22:24:10,3.2,"15 km SE of Wright, Wyoming",,0,158,-105.3455,43.6602,0
us70003mzp,2019-05-18 09:55:36,3.3,"9 km W of Lamont, Oklahoma",16,0,173,-97.6626,36.7037,5
usd000a245,2019-05-17 20:33:15,4.4,"8 km E of Pond Creek, Oklahoma",3012,0,888,-97.7055,36.6697,5
us70003mq5,2019-05-17 20:03:55,3.7,"14 km ENE of Wright, Wyoming",,0,211,-105.3227,43.7873,0
us70003mbj,2019-05-16 22:53:43,3.1,"2 km WSW of Cushing, Oklahoma",20,0,155,-96.7982,35.98,5
us70003m5w,2019-05-16 18:19:46,3.3,"3 km W of Horntown, Oklahoma",35,0,181,-96.29,35.0879,5
us70003m2f,2019-05-16 15:53:12,3,"11 km NW of Challis, Idaho",,0,138,-114.3114,44.5896,5
us70003l6h,2019-05-14 20:16:59,3.3,"19 km SSE of Wright, Wyoming",,0,168,-105.4122,43.5858,0
us70003l2w,2019-05-14 17:00:01,3.2,"6 km N of Keewatin, Minnesota",,0,158,-93.075,47.4575,0
us70003kxh,2019-05-14 10:52:21,3.1,"1 km SSE of Smiley, Texas",16,0,153,-97.629,29.2563,5
us70003kv3,2019-05-14 07:46:20,3,"8 km SSW of Lincoln, Montana",,0,138,-112.7051,46.8796,12.6
ci38592680,2019-05-13 20:45:26,3.08,"26km ENE of Coso Junction, CA",4,0,147,-117.6701667,36.1205,2.15
us70003k1t,2019-05-12 14:37:23,3.1,"18 km N of Yorktown, Texas",7,0,150,-97.4706,29.1439,5
us70003jt2,2019-05-11 14:06:48,3,"5 km NNW of Zurich, Kansas",4,0,140,-99.4739,39.2781,5
us70003jpu,2019-05-11 06:32:40,3.5,"19 km SSW of Golfo de Santa Clara, Mexico",,0,188,-114.5462,31.5158,10
ci38587880,2019-05-10 17:21:10,3.39,"88km SSE of Estacion Coahuila, B.C., MX",,0,177,-114.502,31.521,5.96
us70003jcu,2019-05-10 17:05:43,4.1,"17 km S of Golfo de Santa Clara, Mexico",4,0,259,-114.4669,31.5275,10
us70003jcb,2019-05-10 16:49:30,3,"13 km SSE of Stockdale, Texas",2,0,139,-97.8985,29.1258,5
nn00684475,2019-05-10 12:58:56,3.6,"7 km WSW of Mina, Nevada",3,0,200,-118.1793,38.3584,11.1
us70003iqi,2019-05-09 06:14:46,3.8,"22 km WSW of San Vicente, Mexico",7,0,225,-116.4595,31.241,7.9
ci38351319,2019-05-08 16:14:59,3.48,"10km NE of Ocotillo Wells, CA",14,0,191,-116.0665,33.2133333,10.63
us70003iaa,2019-05-08 12:25:14,3,"3 km WNW of Manhattan, Montana",12,0,142,-111.3716,45.8665,5
nn00684210,2019-05-07 04:58:38,3.9,"48 km NW of Austin, Nevada",4,0,235,-117.4933,39.7889,5.2
nn00684070,2019-05-05 11:01:27,3.1,"44 km NW of Austin, Nevada",,0,148,-117.4412,39.7787,0
us70003gq4,2019-05-04 19:19:59,3.2,"35 km SE of Wright, Wyoming",,0,158,-105.1253,43.5723,0
us70003ght,2019-05-03 23:40:06,3,"22 km SW of Coyanosa, Texas",1,0,139,-103.2475,31.1092,5.29
us70003ggq,2019-05-03 21:30:09,3.7,"26 km NNE of Gillette, Wyoming",,0,211,-105.367,44.5073,0
us70003gbt,2019-05-03 16:30:53,3,"6 km NE of Virginia, Minnesota",,0,138,-92.4873,47.573,0
nc73176070,2019-05-03 05:22:38,3.32,"9km W of Templeton, CA",627,0,376,-120.808,35.5496667,4.55
ci38343375,2019-05-03 04:11:18,3.03,"31km SE of Santa Cruz Is. (E end), CA",13,0,147,-119.3038333,33.8195,5.89
us70003fuc,2019-05-02 17:00:04,3.1,"2 km SW of Keewatin, Minnesota",,0,148,-93.0927,47.384,0
nc73175485,2019-05-02 05:17:54,3.2,"4km SSW of Calistoga, CA",496,0,361,-122.5951667,38.5431667,10.86
us70003jb6,2019-05-01 20:23:45,3.1,"21 km ESE of Wright, Wyoming",,0,148,-105.2661,43.6509,0
nn00683728,2019-05-01 19:30:20,3.9,"20 km NNE of Benton, California",2,0,234,-118.4123,37.9968,10.6
nn00683673,2019-05-01 00:14:08,3.1,"47 km NW of Austin, Nevada",,0,148,-117.4575,39.7993,4.5
ci37418485,2019-04-30 20:32:28,3.32,"10km SW of Estacion Coahuila, B.C., MX",1,0,170,-115.0708333,32.1195,18.83
ci38339119,2019-04-30 20:31:24,3.29,"10km SSW of Estacion Coahuila, B.C., MX",,0,167,-115.0548333,32.113,19.26
nc73174665,2019-04-30 17:10:49,3.44,"25km NW of San Simeon, CA",4,0,183,-121.3973333,35.7973333,7.46
ci38338823,2019-04-30 16:46:06,3.29,"10km SSW of Estacion Coahuila, B.C., MX",,0,167,-115.0556667,32.1121667,19.63
nn00683614,2019-04-30 10:11:02,3.1,"48 km NW of Austin, Nevada",,0,148,-117.448,39.8116,3.5
nn00683604,2019-04-30 06:02:56,3.5,"41 km NW of Austin, Nevada",,0,188,-117.4548,39.7127,6.4
us70003ef7,2019-04-30 04:51:25,3.1,"9 km ESE of Jefferson, Oklahoma",7,0,151,-97.6852,36.6971,2.95
nc73174010,2019-04-29 17:37:01,3.8,"6km NE of Dixon Lane-Meadow Creek, CA",91,0,253,-118.3635,37.4186667,7.25
us70003e28,2019-04-29 16:12:10,3.5,"4 km E of Wright, Wyoming",,0,188,-105.4367,43.7546,0
nc73173775,2019-04-29 07:16:08,4.32,"9km NNW of Redwood Valley, CA",586,1,527,-123.238,39.3456667,6.25
nn00683481,2019-04-29 03:16:36,3.1,"46 km NW of Austin, Nevada",,0,148,-117.4407,39.801,3.1
ci38337167,2019-04-29 00:13:14,3.31,"8km NNW of Borrego Springs, CA",45,0,183,-116.4198333,33.315,8.21
nn00683467,2019-04-28 21:56:49,4.1,Nevada,,0,259,-117.4778,39.7909,3.8
nn00683456,2019-04-28 20:13:45,3.3,"48 km NW of Austin, Nevada",,0,168,-117.4714,39.8022,2.8
nn00683441,2019-04-28 17:10:40,3.5,"47 km NW of Austin, Nevada",,0,188,-117.4572,39.7957,4.8
nn00683435,2019-04-28 17:03:16,4,"49 km NW of Austin, Nevada",,0,246,-117.4942,39.7969,4
us70003d12,2019-04-27 17:23:18,3.4,"12 km SSE of Wright, Wyoming",,0,178,-105.4487,43.642,0
us70003d0h,2019-04-27 17:01:04,3.4,"2 km WSW of Franklin, Arizona",16,0,185,-109.0994,32.6665,10
nc73172850,2019-04-27 09:36:35,3.37,"2km NE of Pacheco, CA",823,0,487,-122.0605,37.9951667,17.42
nc73172710,2019-04-27 02:38:37,3.07,"28km W of Petrolia, CA",,0,145,-124.6136667,40.3303333,20.68
us70003ble,2019-04-24 20:11:45,3.5,"22 km E of Wright, Wyoming",,0,188,-105.2072,43.7601,0
us70003bfm,2019-04-24 16:35:17,3,"6 km NW of Mountain Iron, Minnesota",,0,138,-92.6855,47.5747,0
nm60268341,2019-04-24 10:56:54,3.69,"12 km NNW of Dyersburg, Tennessee",1017,0,669,-89.4398333,36.1358333,14.16
us70003ftk,2019-04-23 19:16:42,3.3,"31 km SE of Wright, Wyoming",,0,168,-105.2605,43.5203,0
ci38327303,2019-04-23 03:24:03,3.73,"8km NE of Imperial, CA",128,0,264,-115.5113333,32.9038333,17.01
ci38326967,2019-04-22 22:19:19,3.39,"47km SW of Primo Tapia, B.C., MX",5,0,179,-117.2398333,31.902,5.67
ci38555640,2019-04-22 08:12:50,3.3,"22km SSW of Bodfish, CA",9,0,171,-118.5448333,35.391,3.97
nc73170140,2019-04-22 05:45:09,3.59,"10km NW of Pinnacles, CA",114,0,252,-121.2125,36.6018333,8.62
us700039zh,2019-04-21 13:47:30,3.1,"31 km NNW of Grand Canyon, Arizona",2,0,148,-112.2296,36.325,10
us700039mz,2019-04-20 14:41:49,4.5,"53 km E of San Vicente, Mexico",42,0,326,-115.6838,31.3428,10
us700038qc,2019-04-18 17:00:02,3,"5 km NW of Hibbing, Minnesota",,0,138,-92.9888,47.4575,0
us7000381j,2019-04-17 19:50:58,3.4,"35 km SSE of Wright, Wyoming",,0,178,-105.2927,43.4702,0
us700037fw,2019-04-16 21:48:36,3.3,"10 km ESE of Wright, Wyoming",,0,168,-105.3795,43.7084,0
nc73166830,2019-04-15 17:55:57,3.88,"6km SE of Round Valley, CA",122,0,272,-118.5381667,37.3823333,9.35
nc73166680,2019-04-15 15:58:47,3.29,"6km SE of Round Valley, CA",18,0,173,-118.5385,37.3823333,9.04
nc73166265,2019-04-15 11:54:03,4.12,"6km NW of The Geysers, CA",83,0,298,-122.7991667,38.8148333,1.24
uu60018844,2019-04-14 04:01:39,3.14,"29 km WSW of Kanosh, Utah",,0,152,-112.7708333,38.738,-0.97
uu60320932,2019-04-14 03:59:54,4.06,"28 km W of Kanosh, Utah",3,0,255,-112.7648333,38.7718333,1.11
ci38544608,2019-04-13 00:39:16,3.08,"8km WSW of Alberto Oviedo Mota, B.C., MX",1,0,146,-115.255,32.2036667,19.65
nc73164840,2019-04-12 21:58:03,3.08,"7km NW of The Geysers, CA",19,0,152,-122.8201667,38.8111667,1.71
us700034xm,2019-04-12 11:40:54,3,"11 km NE of Lima, Montana",,0,138,-112.513,44.7192,11.59
us700034x2,2019-04-12 10:43:33,3.4,"9 km NNW of Challis, Idaho",10,0,181,-114.2882,44.5771,5
us700034pm,2019-04-11 20:11:00,3.1,"6 km NNW of Pollard, Alabama",2,0,148,-87.1989,31.0832,9.54
nc73164200,2019-04-11 20:10:59,3.12,"11km ENE of San Martin, CA",32,0,160,-121.4916667,37.1043333,-0.3
ci38542824,2019-04-11 13:05:29,3.4,"3km SW of San Bernardino, CA",623,0,433,-117.3161667,34.1106667,16.15
us700033i4,2019-04-10 06:22:53,3,"10 km NE of Lima, Montana",1,0,139,-112.4959,44.7065,10
uu60320462,2019-04-10 04:32:11,3.17,"14 km SE of Clawson, Utah",17,0,160,-110.9623333,39.0555,17.46
us600032ge,2019-04-09 18:11:13,3.3,"8 km NE of Lima, Montana",22,0,177,-112.5231,44.6939,10
us600032fs,2019-04-09 18:08:46,4.6,"9 km NE of Lima, Montana",73,0,353,-112.5078,44.6972,14.45
ld60168101,2019-04-09 11:22:43,3.04,"63 km SSE of Sagaponack, New York",188,0,206,-71.9855,40.398,7.06
ci37610730,2019-04-09 09:34:14,3.15,"90km SE of Maneadero, B.C., MX",,0,153,-115.8911667,31.147,0.39
us700036fs,2019-04-07 18:52:00,3.3,"21 km SSW of Wright, Wyoming",,0,168,-105.6125,43.5802,0
us2000kbgw,2019-04-06 21:01:41,5.2,"71 km SW of Puerto Peñasco, Mexico",14,0,420,-114.0297,30.8278,10
ci37608658,2019-04-06 19:47:05,3.17,"127km SSE of Estacion Coahuila, B.C., MX",,0,155,-114.2978333,31.2183333,5.94
nn00681685,2019-04-06 17:59:41,3.2,"81 km N of Rachel, Nevada",3,0,158,-115.8204,38.3738,6.2
us2000kb8g,2019-04-06 08:45:12,4.1,"75 km ESE of San Felipe, Mexico",1,0,259,-114.0946,30.7874,10
us2000kb0d,2019-04-05 21:11:38,3.7,"16 km SE of Wright, Wyoming",,0,211,-105.3564,43.6352,0
nc73161470,2019-04-05 17:52:32,3.5,"4km SSE of Parkfield, CA",79,0,218,-120.4126667,35.861,8.41
us2000ka5x,2019-04-04 10:34:20,3.3,"8 km ENE of Soda Springs, Idaho",9,0,171,-111.5016,42.6815,5
us2000ka4i,2019-04-04 09:45:53,3.2,"10 km ENE of Soda Springs, Idaho",4,0,159,-111.4839,42.6743,5
ci37603458,2019-04-03 12:06:22,3.61,"8km ESE of Yorba Linda, CA",2926,0,680,-117.7276667,33.866,4.75
us2000k8td,2019-04-01 20:04:39,3.4,"28 km E of Wright, Wyoming",,0,178,-105.1357,43.7171,0
nn00681228,2019-04-01 14:43:27,3.6,"12 km NW of Schurz, Nevada",5,0,201,-118.9044,39.0343,5.9
us2000kaue,2019-03-30 20:18:08,3.2,"19 km E of Wright, Wyoming",,0,158,-105.2484,43.7479,0
us2000k7rn,2019-03-30 19:15:30,3.1,"24 km ESE of Wright, Wyoming",,0,148,-105.1966,43.6937,0
us2000katv,2019-03-29 17:27:58,3.3,"17 km SSE of Wright, Wyoming",,0,168,-105.4249,43.604,0
us2000k78r,2019-03-29 17:21:40,3,"26 km WNW of Colstrip, Montana",,0,138,-106.9364,45.97,0
nc73157855,2019-03-29 04:55:25,4.19,"19km NW of Petrolia, CA",713,1,541,-124.4655,40.4288333,27.8
us2000k5z7,2019-03-27 18:04:28,3.5,"18 km ENE of Wright, Wyoming",,0,188,-105.28,43.8029,0
us2000ka5f,2019-03-27 18:00:54,3.1,"16 km NNE of Vernal, Utah",,0,148,-109.4717,40.5939,0
us2000k96w,2019-03-25 18:57:54,3.2,"23 km ESE of Wright, Wyoming",,0,158,-105.2248,43.6635,0
us1000jkyq,2019-03-24 11:53:15,3.2,"2 km NNW of Ovando, Montana",4,0,159,-113.1483,47.0383,20.75
us1000jksa,2019-03-23 20:05:54,3.1,"23 km SSE of Wright, Wyoming",,0,148,-105.3433,43.5642,0
nc73155340,2019-03-23 18:20:07,3.04,"12km W of Petrolia, CA",10,0,146,-124.4301667,40.3411667,18.02
nn00680709,2019-03-23 07:34:18,3.3,"50 km SSW of Goldfield, Nevada",,0,168,-117.4893,37.3043,7.4
ok2019frwz,2019-03-22 22:36:19,3.19,"9 km ESE of Jefferson, Oklahoma",11,0,160,-97.68716667,36.69566667,7.44
us1000jkf0,2019-03-22 18:32:47,3.3,"10 km SSW of Wright, Wyoming",,0,168,-105.5532,43.6637,0
us1000jk8t,2019-03-22 12:44:38,3,"57 km S of Whites City, New Mexico",,0,138,-104.3401,31.6566,6.16
us1000jju7,2019-03-21 16:16:23,3,"56 km S of Whites City, New Mexico",,0,138,-104.3569,31.6625,5
us1000jjts,2019-03-21 15:32:04,3.1,"15 km SSW of Ovando, Montana",,0,148,-113.1785,46.8802,14.2
us1000jjpx,2019-03-21 10:53:16,3.1,"23 km SW of Coyanosa, Texas",,0,148,-103.2471,31.1035,5
us1000jjh5,2019-03-20 20:22:46,3.1,"23 km SW of Coyanosa, Texas",,0,148,-103.2443,31.0967,5
us1000jjfy,2019-03-20 19:18:25,3.2,"26 km SE of Wright, Wyoming",,0,158,-105.2898,43.5663,0
nn00680466,2019-03-20 14:51:55,3.5,"33 km S of Golconda, Nevada",1,0,189,-117.5608,40.6533,7.7
ci38277999,2019-03-20 12:06:02,3.2,"24km E of Coso Junction, CA",4,0,159,-117.6853333,36.068,0.19
us2000k60q,2019-03-19 21:02:55,3,"25 km SSE of Sleepy Hollow, Wyoming",,0,138,-105.2738,44.0377,0
us1000jis8,2019-03-19 20:17:57,3.2,"34 km NNE of Ranchester, Wyoming",,0,158,-106.9218,45.1664,0
ci38273775,2019-03-18 08:55:42,3.11,"10km ESE of Anza, CA",19,0,155,-116.5723333,33.5206667,2.04
us1000jhky,2019-03-17 19:18:59,3.2,"32 km ESE of Wright, Wyoming",,0,158,-105.1571,43.5907,0
us1000jgrr,2019-03-15 20:09:37,3.4,"17 km ESE of Wright, Wyoming",,0,178,-105.2924,43.6926,0
us1000jkcm,2019-03-15 19:58:43,3,"33 km SW of Antelope Valley-Crestview, Wyoming",,0,138,-105.7694,44.0093,0
us1000jgqy,2019-03-15 19:43:47,3.3,Wyoming,,0,168,-105.2806,43.6843,0
us1000jjcz,2019-03-11 20:13:36,3,"13 km NE of Ranchester, Wyoming",,0,138,-107.0264,44.9867,0
us1000jdt6,2019-03-11 18:36:21,3.1,"4 km N of Flomaton, Alabama",18,0,155,-87.2687,31.0414,5
us1000jdp8,2019-03-11 18:03:38,3.4,"26 km NE of Wright, Wyoming",,0,178,-105.2466,43.9053,0
us1000jjcy,2019-03-11 16:52:36,3.5,"10 km WSW of Upton, Wyoming",,0,188,-104.7602,44.0777,0
us1000jdjl,2019-03-11 11:44:15,3.1,"12 km SSW of Segundo, Colorado",2,0,148,-104.7961,37.0182,5
us1000jczy,2019-03-09 18:45:50,3,"24 km SSW of Antelope Valley-Crestview, Wyoming",,0,138,-105.6315,44.0382,0
ci38261727,2019-03-09 15:50:32,3,"12km E of Ocotillo Wells, CA",8,0,141,-115.9986667,33.126,10.87
nn00679555,2019-03-08 19:04:51,3,"53 km S of Denio, Nevada",,0,138,-118.7516,41.5183,0
nn00679548,2019-03-08 18:55:38,3.3,Nevada,,0,168,-118.8219,41.5681,0
us1000jbzq,2019-03-07 19:02:38,3.6,"11 km E of Wright, Wyoming",,0,199,-105.3519,43.7539,0
uu60315627,2019-03-07 15:35:11,3,"18 km SE of Minersville, Utah",7,0,140,-112.7745,38.0921667,6.23
us1000jgca,2019-03-06 20:36:31,3.2,"21 km ESE of Wright, Wyoming",,0,158,-105.246,43.6748,0
se60233907,2019-03-05 20:56:02,3.37,"7 km NE of Maynardville, Tennessee",1709,0,675,-83.7356667,36.2955,17.07
us1000jagx,2019-03-04 20:26:11,3.3,"30 km SE of Wright, Wyoming",,0,168,-105.184,43.5938,0
us1000jaf7,2019-03-04 19:16:13,3,"11 km SE of Cuero, Texas",,0,138,-97.2069,29.0257,5
uu60315157,2019-03-04 17:22:51,4.49,"29 km E of La Sal, Utah",695,0,672,-108.911,38.2803333,0.76
uu60315147,2019-03-04 17:16:43,3.32,"35 km SSW of Silver Gate, Montana",,0,170,-110.0821667,44.6931667,6.01
nc73147611,2019-03-03 15:04:08,3.09,"6km WSW of Lower Lake, CA",236,0,241,-122.6801667,38.8951667,3.43
us1000j9ut,2019-03-02 11:42:36,4.2,"98 km SE of San Felipe, Mexico",2,0,272,-114.1033,30.4041,10
nc73147131,2019-03-02 05:55:56,3.79,"21km W of Petrolia, CA",43,0,235,-124.5286667,40.2985,19.5
us1000jcil,2019-03-01 20:12:00,3.2,"16 km SE of Wright, Wyoming",,0,158,-105.3743,43.6283,0
us1000j91d,2019-03-01 00:15:23,3.1,"11 km NW of Edmond, Oklahoma",144,0,203,-97.566,35.7312,5
us1000j8pv,2019-02-28 15:33:54,3.3,"22 km N of Blanca, Colorado",22,0,177,-105.4965,37.6432,5.72
nn00678983,2019-02-28 11:07:23,3.1,"51 km SSW of Goldfield, Nevada",,0,148,-117.485,37.2918,5
us1000j8fs,2019-02-28 03:38:55,3.4,"22 km NNW of Blanca, Colorado",57,0,202,-105.5672,37.633,5
us1000j8f8,2019-02-28 02:13:48,3.2,"3 km W of Lucien, Oklahoma",20,0,166,-97.4989,36.2719,5
us2000jpj2,2019-02-27 13:01:06,3.2,"0 km SE of Wakita, Oklahoma",4,0,158,-97.9145,36.8786,6.76
us2000jpam,2019-02-26 23:50:24,3.8,"0 km SW of Wakita, Oklahoma",77,0,251,-97.9301,36.878,5
us2000jp98,2019-02-26 22:33:13,3.1,"14 km ESE of Wright, Wyoming",,0,148,-105.3156,43.7183,0
us2000jp5u,2019-02-26 20:23:08,3.3,"12 km ESE of Wright, Wyoming",,0,168,-105.3631,43.6927,0
ci38475096,2019-02-26 19:31:33,3.01,"34km NE of Ensenada, B.C., MX",9,0,143,-116.3485,32.0751667,16.46
ci38474552,2019-02-26 13:58:15,3.26,"2km SE of Lake Henshaw, CA",175,0,242,-116.7473333,33.2258333,10.23
ci38474368,2019-02-26 09:51:34,3.14,"2km SSW of Norwalk, CA",1449,0,622,-118.0883333,33.893,12.06
nc73145656,2019-02-25 18:31:35,3.04,"22km ENE of San Lucas, CA",5,0,143,-120.8115,36.2368333,6.78
us2000jmya,2019-02-25 18:27:10,4.2,"92 km SSE of San Felipe, Mexico",,0,271,-114.3118,30.3278,10
nn00678738,2019-02-24 18:12:16,3,"79 km N of Rachel, Nevada",2,0,139,-115.808,38.3635,5.1
us2000jm60,2019-02-23 21:06:18,3.2,"15 km SE of Wright, Wyoming",,0,158,-105.3337,43.6716,0
us2000jm1x,2019-02-23 14:23:51,3.2,"43 km WSW of Salmon, Idaho",2,0,158,-114.4034,45.0286,10
uu60314012,2019-02-23 09:31:10,3.1,"1 km SSW of Bluffdale, Utah",3638,0,488,-111.9496667,40.4743333,8.55
us1000jai4,2019-02-22 20:24:10,3.4,"18 km SW of Wright, Wyoming",,0,178,-105.6306,43.6208,0
uu60313962,2019-02-22 19:53:47,3.01,"18 km NNE of Little America, Wyoming",,0,139,-109.754,41.687,-3.34
uw61512381,2019-02-22 19:04:50,3,"4 km SE of Rose Lodge, Oregon",41,0,152,-123.8375,44.9888333333333,43.99
us2000jldk,2019-02-22 06:44:20,3.7,"4 km N of Manhattan, Montana",570,0,439,-111.3412,45.9007,6.03
nn00678610,2019-02-22 03:50:37,3,"53 km SSE of Eureka, Nevada",4,0,139,-115.6724,39.0876,0
us1000j9e1,2019-02-20 20:30:18,3.4,"18 km SE of Wright, Wyoming",,0,178,-105.3138,43.643,0
us2000jklt,2019-02-20 11:51:00,3.2,"58 km S of Whites City, New Mexico",,0,158,-104.3558,31.6494,5
uu60313397,2019-02-20 07:05:35,4.04,"8 km SW of Kanosh, Utah",85,0,288,-112.4965,38.7375,8.22
us2000jk3v,2019-02-19 18:08:10,3,"6 km SSE of Amber, Oklahoma",44,0,160,-97.8624,35.1046,5
us2000jjq2,2019-02-18 21:30:48,3.5,"10 km SE of Wright, Wyoming",,0,188,-105.4117,43.6714,0
ci37533186,2019-02-17 11:36:47,3.43,"19km NNW of Tehachapi, CA",125,0,235,-118.5346667,35.2863333,6.86
nc73143141,2019-02-17 09:55:24,3.7,"6km SSW of Yountville, CA",3571,0,621,-122.3983333,38.3515,7.99
uu60312977,2019-02-16 22:05:30,3.28,"9 km SSW of Kanosh, Utah",19,0,172,-112.4938333,38.732,8.06
uu60312957,2019-02-16 21:22:50,3.09,"23 km SSE of West Yellowstone, Montana",6,0,149,-111.0071667,44.465,8.19
us2000jixz,2019-02-16 20:08:37,3.1,"25 km SE of Wright, Wyoming",,0,148,-105.2922,43.5703,0
us2000jiv9,2019-02-16 13:58:58,3,"57 km S of Whites City, New Mexico",,0,138,-104.3298,31.6567,5
us2000jikw,2019-02-15 22:10:59,3.5,"32 km SSE of Wright, Wyoming",,0,188,-105.3317,43.4799,0
uu60312667,2019-02-15 12:09:51,3.7,"3 km SSW of Bluffdale, Utah",8867,0,691,-111.948,40.4631667,8.59
uu60312662,2019-02-15 12:02:50,3.18,"2 km S of Bluffdale, Utah",534,0,375,-111.9443333,40.4641667,8.76
us2000ji58,2019-02-14 21:02:52,3.6,"14 km SE of Wright, Wyoming",,0,199,-105.3535,43.6698,0
ci37530890,2019-02-14 10:07:08,3.07,"70km ENE of Maneadero, B.C., MX",,0,145,-115.8555,31.8955,9.38
usd0009e9u,2019-02-14 00:48:30,3.2,"10 km NW of Pawnee, Oklahoma",21,0,165,-96.8711,36.4105,5
us2000jh8n,2019-02-13 16:39:49,3.4,"8 km NNE of Harrah, Oklahoma",79,0,221,-97.1129,35.5582,5
ci37530082,2019-02-13 07:38:43,3,"8km NE of Aguanga, CA",129,0,185,-116.8013333,33.4888333,6.18
us2000jnk8,2019-02-12 21:05:54,3,"35 km NNE of Ranchester, Wyoming",,0,138,-106.9401,45.1855,0
us2000jgqz,2019-02-12 17:30:41,3.2,"26 km NNE of Wright, Wyoming",,0,158,-105.339,43.9593,0
nc73141190,2019-02-12 17:27:23,3.16,"20km SW of New Idria, CA",11,0,157,-120.8381667,36.2935,11.06
us2000jgek,2019-02-11 21:00:23,3.2,"22 km SSE of Wright, Wyoming",,0,158,-105.3429,43.5818,0
ci37527826,2019-02-10 17:12:23,3.39,"8km SE of Valle Vista, CA",695,0,497,-116.8305,33.705,16.78
us2000jfrs,2019-02-09 22:02:23,3.3,"12 km ENE of Wright, Wyoming",,0,168,-105.3492,43.7913,0
us2000jfee,2019-02-08 17:26:32,3,"33 km NNE of Sheridan, Wyoming",,0,138,-106.7519,45.0643,0
us2000jf93,2019-02-08 07:23:37,3.1,"7 km SW of Azilda, Canada",1,0,148,-81.1683,46.5065,2.2
us2000jnda,2019-02-07 23:03:13,3.1,"52 km SSE of Wright, Wyoming",,0,148,-105.3309,43.292,0
us2000jezs,2019-02-07 21:00:09,3.3,"11 km ESE of Wright, Wyoming",,0,168,-105.3708,43.705,0
ci37523530,2019-02-07 16:41:24,3.97,"12km W of Ludlow, CA",28,0,251,-116.2861667,34.704,1.56
ci37523410,2019-02-07 16:14:55,3.46,"12km W of Ludlow, CA",,0,184,-116.2861667,34.7075,2.2
ci37523026,2019-02-07 08:24:37,3.17,"11km W of Ludlow, CA",5,0,156,-116.283,34.7096667,1.74
us2000jel4,2019-02-06 22:06:20,3,"1 km WNW of Manhattan, Montana",27,0,148,-111.3487,45.8631,5
ci37522578,2019-02-06 21:07:52,3.33,"2km SSE of Guadalupe Victoria, B.C., MX",2,0,171,-115.0993333,32.2676667,24.8
nc73138600,2019-02-06 18:23:01,4.39,"13km ESE of Blue Lake, CA",656,1,533,-123.8395,40.8465,25.83
us2000jn9q,2019-02-04 21:02:08,3.3,"14 km E of Wright, Wyoming",,0,168,-105.3175,43.7662,0
nc73139526,2019-02-04 18:19:20,3.05,"5km E of Pine Hills, CA",73,0,173,-124.089,40.7311667,7.9
nc73139386,2019-02-04 02:01:28,3,"14km NW of Toms Place, CA",2,0,139,-118.8115,37.6358333,3.12
nc73139371,2019-02-04 00:05:06,3.46,"18km W of Petrolia, CA",5,0,185,-124.4968333,40.3031667,7.64
nc73139366,2019-02-03 23:43:21,4.19,"18km W of Petrolia, CA",63,1,297,-124.4965,40.307,7.66
nc73139351,2019-02-03 23:13:21,3.11,"18km W of Petrolia, CA",2,0,149,-124.4956667,40.3031667,7.36
nc73139336,2019-02-03 22:18:12,4.48,"16km WSW of Petrolia, CA",409,1,505,-124.4741667,40.2893333,7.33
us2000jctf,2019-02-03 17:19:00,3.4,"16 km SSE of Lincoln, Montana",,0,178,-112.6216,46.8102,5
us2000jcta,2019-02-03 17:11:17,3.7,"9 km S of Lincoln, Montana",55,0,234,-112.6746,46.8676,5
us2000jcm8,2019-02-03 05:00:59,3,"13 km ESE of Smiley, Texas",3,0,139,-97.5113,29.2203,5
nc73139181,2019-02-03 01:38:24,3.64,"15km WSW of Petrolia, CA",2,0,204,-124.462,40.2955,6.62
nc73139166,2019-02-03 00:36:50,3.13,"16km W of Petrolia, CA",,0,151,-124.4745,40.3076667,7
ci38216855,2019-02-02 20:19:17,3.4,"6km S of San Clemente Is. (SE tip), CA",17,0,183,-118.3463333,32.7708333,1.77
nc73139116,2019-02-02 11:18:26,3.05,"16km W of Petrolia, CA",6,0,144,-124.469,40.305,7.38
nc73139111,2019-02-02 10:52:21,4.3,"18km W of Petrolia, CA",163,1,340,-124.4946667,40.3006667,6.44
nn00676619,2019-02-02 02:27:29,3.3,"15 km SE of Carlin, Nevada",,0,168,-115.9894,40.6105,1.3
us2000jbqr,2019-02-01 08:58:32,3.1,"3 km NW of Glenwood Springs, Colorado",86,0,177,-107.3522,39.5735,1.72
us2000jhfz,2019-01-31 20:58:37,3,"12 km SSE of Wright, Wyoming",,0,138,-105.4441,43.6432,0
ci38213159,2019-01-31 03:13:36,3.17,"21km W of Johannesburg, CA",11,0,157,-117.8708333,35.365,2.65
ci38211423,2019-01-30 08:00:48,3.2,"4km SE of Loma Linda, CA",713,0,414,-117.2295,34.0281667,16.5
ci38211175,2019-01-30 02:40:12,3.56,"8km ESE of Lucerne Valley, CA",129,0,257,-116.8918333,34.4076667,1.86
us2000jhdr,2019-01-29 20:11:33,3.2,"17 km E of Wright, Wyoming",,0,158,-105.2797,43.7589,0
us2000jhcr,2019-01-28 21:14:27,3.5,"5 km E of Wright, Wyoming",,0,188,-105.4196,43.7455,0
us2000j9ss,2019-01-28 19:05:24,3.3,"14 km NE of Wright, Wyoming",,0,168,-105.3584,43.8394,0
ci38207119,2019-01-27 11:10:49,3.05,"15km SSW of Carpinteria, CA",7,0,146,-119.582,34.2715,0.74
ci38206711,2019-01-27 01:03:14,3.49,"17km W of Imperial, CA",11,0,193,-115.7531667,32.875,11.72
nn00675571,2019-01-25 20:31:58,3.8,"82 km N of Rachel, Nevada",4,0,223,-115.8295,38.3846,4.7
tx2019btgw,2019-01-25 18:35:06,3.1,"13 km N of Three Rivers, Texas",,0,148,-98.164,28.581,6.3
us2000j8x4,2019-01-25 18:32:40,3.3,"3 km ENE of South Haven, Kansas",8,0,170,-97.3647,37.06,4.29
us2000j7za,2019-01-23 20:23:09,3.1,"16 km SE of Wright, Wyoming",,0,148,-105.3206,43.6677,0
us2000je5q,2019-01-23 18:09:41,3.4,"28 km SSE of Wright, Wyoming",,0,178,-105.3235,43.5281,0
us2000je3f,2019-01-22 21:52:20,3,"26 km ESE of Wright, Wyoming",,0,138,-105.2184,43.6232,0
ci38199831,2019-01-22 08:24:44,3.58,"4km SSE of Brawley, CA",59,0,220,-115.5156667,32.9485,14.1
ci38199599,2019-01-22 01:50:34,3.11,"4km SSE of Brawley, CA",19,0,155,-115.5203333,32.9478333,10.73
nc73134921,2019-01-21 18:22:36,3.19,"15km E of Mammoth Lakes, CA",3,0,157,-118.8135,37.6401667,2.16
us2000j6rp,2019-01-21 05:27:36,3.3,"4 km ESE of Meno, Oklahoma",8,0,169,-98.1353,36.3725,5
nc73134661,2019-01-21 04:11:01,3.37,"5km WNW of Hamilton Branch, CA",68,0,198,-121.1503333,40.292,8.07
nc73134576,2019-01-21 00:17:13,3.05,"42km W of Petrolia, CA",,0,143,-124.7736667,40.3555,21.02
us2000j6m0,2019-01-20 11:32:03,3.3,"7 km SSW of San Augustine, Texas",2,0,168,-94.1354,31.4703,5
us2000j6g9,2019-01-19 21:35:21,3.4,"9 km E of Wright, Wyoming",,0,178,-105.377,43.7513,0
us2000j5ye,2019-01-18 18:11:58,3.3,"5 km SSE of Sleepy Hollow, Wyoming",,0,168,-105.3851,44.1956,0
ci38196351,2019-01-18 08:19:15,3.39,"10km WNW of Calipatria, CA",14,0,181,-115.6186667,33.1483333,11.06
nc73133716,2019-01-17 14:11:07,3.39,"3km NNW of Piedmont, CA",5055,0,557,-122.2383333,37.8485,10.52
ci38195471,2019-01-17 13:38:40,3.08,"13km WNW of Calipatria, CA",7,0,147,-115.6445,33.1631667,2.89
us2000j517,2019-01-17 12:56:37,5.3,"138 km NNW of San Luis, Mexico",,0,432,-114.1301,29.6356,10
us2000j4w7,2019-01-17 03:55:06,3.1,"8 km W of Bluff City, Kansas",5,0,149,-97.975,37.0741,10
ci38194983,2019-01-17 02:53:47,3.12,"10km SW of Niland, CA",4,0,151,-115.6043333,33.1803333,2.9
ci38194967,2019-01-17 02:41:34,3.9,"10km SW of Niland, CA",36,0,246,-115.6076667,33.1818333,2.85
uu60309847,2019-01-16 22:00:01,3.82,"14 km SW of Enterprise, Utah",220,0,312,-113.8491667,37.4946667,8.89
us2000j4mv,2019-01-16 20:05:24,3.3,"36 km SE of Wright, Wyoming",,0,168,-105.1723,43.5223,0
us2000j4ls,2019-01-16 19:08:28,4.3,"135 km W of La Libertad, Mexico",,0,284,-114.0912,29.8671,10
nc73133456,2019-01-16 12:42:09,3.43,"3km NNW of Piedmont, CA",7505,0,591,-122.248,37.846,10.18
us2000j4df,2019-01-16 03:34:30,4,"4 km ENE of South Haven, Kansas",474,0,512,-97.3543,37.0649,5
us2000j4bf,2019-01-15 23:30:48,4.6,"220 km SE of Ocean City, Maryland",482,0,721,-73.0097,37.2318,10
us2000j490,2019-01-15 21:06:29,3.5,"12 km ESE of Wright, Wyoming",,0,188,-105.3453,43.7096,0
us2000j48b,2019-01-15 20:45:14,3,"32 km NE of Ranchester, Wyoming",,0,138,-106.9032,45.1387,0
nc73133251,2019-01-15 20:21:36,3.81,"13km W of Petrolia, CA",4,0,224,-124.4338333,40.322,1.85
nc73133256,2019-01-15 20:20:20,4.08,"16km W of Petrolia, CA",27,0,264,-124.4723333,40.3216667,7.09
us2000j439,2019-01-15 13:28:02,3.9,"8 km NE of Marshall, Oklahoma",66,0,259,-97.5715,36.2129,5
us2000j3nw,2019-01-14 08:20:07,3.6,"4 km ENE of Douglas, Oklahoma",154,0,263,-97.624,36.2715,5
us2000j5ls,2019-01-13 19:25:15,3,"32 km ESE of Wright, Wyoming",,0,138,-105.0958,43.6833,0
nc73132126,2019-01-12 04:14:42,3.3,"16km SW of Toms Place, CA",14,0,172,-118.8186667,37.4743333,3.09
ci38422336,2019-01-11 21:19:05,3.14,"3km NNE of Yorba Linda, CA",426,0,297,-117.7991667,33.9161667,15.46
us2000j2q8,2019-01-10 20:35:25,3.2,"25 km ESE of Wright, Wyoming",,0,158,-105.2112,43.6448,0
us2000j2is,2019-01-10 13:49:00,3.4,"22 km NW of Saint John, Canada",45,0,190,-66.2921,45.3837,5
nn00673828,2019-01-09 11:00:55,3.1,"82 km N of Rachel, Nevada",4,0,149,-115.8292,38.3833,4.7
ci38420072,2019-01-09 06:04:52,3.04,"7km ESE of Ocotillo Wells, CA",5,0,144,-116.0593333,33.1211667,3.7
ci38420064,2019-01-09 05:51:36,3.17,"61km SSE of Maneadero, B.C., MX",6,0,157,-116.4256667,31.185,4.51
uu60017014,2019-01-09 02:06:45,3.02,"18 km SSE of Saint George, Utah",1,0,141,-113.5286667,36.9396667,5.8
uu60017009,2019-01-09 01:46:08,3.12,"19 km SSE of Saint George, Utah",12,0,152,-113.516,36.9383333,4.77
nm60224502,2019-01-08 22:26:33,3.7,"8 km WNW of Hollandale, Mississippi",246,0,405,-90.9341667,33.1981667,16.35
us2000j0sk,2019-01-06 10:38:29,3,"4 km ESE of Meno, Oklahoma",6,0,140,-98.1346,36.372,5
us2000j7r8,2019-01-05 19:28:16,3.1,Wyoming,,0,148,-105.2615,43.6333,0
ci38417624,2019-01-05 17:30:22,3.15,"34km SE of San Clemente Is. (SE tip), CA",4,0,153,-118.0498333,32.6413333,5.84
us2000j0h7,2019-01-05 09:36:58,4.5,"70 km ENE of Loreto, Mexico",2,0,312,-110.6621,26.1622,10
us2000j09h,2019-01-04 12:33:05,4.9,"72 km ENE of Loreto, Mexico",5,0,370,-110.7377,26.3588,10
ci38414776,2019-01-03 03:32:13,3.1,"8km NE of Aguanga, CA",43,0,162,-116.8078333,33.4996667,2.57
nc73129211,2019-01-01 22:59:54,3.26,"14km ESE of Willow Creek, CA",16,0,168,-123.4776667,40.887,22.66
us2000izqm,2019-01-01 22:39:20,4.1,"74 km ENE of Loreto, Mexico",,0,259,-110.6612,26.2671,10
